season_start,team,player,player_key,position,minutes,goals,assists,market_value_eur,importance
2012,Arsenal,Santi Cazorla,santi cazorla,Midfield,3307,12,12,25000000.0,0.981
2012,Arsenal,Per Mertesacker,per mertesacker,Defender,3028,3,0,16000000.0,0.873
2012,Arsenal,Theo Walcott,theo walcott,Attack,2285,14,12,25000000.0,0.858
2012,Arsenal,Lukas Podolski,lukas podolski,Attack,1998,11,10,23000000.0,0.809
2012,Arsenal,Mikel Arteta,mikel arteta,Midfield,2985,6,4,11000000.0,0.806
2012,Arsenal,Jack Wilshere,jack wilshere,Midfield,1697,0,5,28000000.0,0.805
2012,Arsenal,Thomas Vermaelen,thomas vermaelen,Defender,2237,0,0,18000000.0,0.797
2012,Arsenal,Olivier Giroud,olivier giroud,Attack,2327,11,5,15000000.0,0.778
2012,Arsenal,Wojciech Szczesny,wojciech szczesny,Goalkeeper,2250,0,0,15000000.0,0.769
2012,Arsenal,Bacary Sagna,bacary sagna,Defender,2240,0,0,14500000.0,0.762
2012,Arsenal,Laurent Koscielny,laurent koscielny,Defender,1674,2,1,15000000.0,0.699
2012,Arsenal,Aaron Ramsey,aaron ramsey,Midfield,2086,1,4,10000000.0,0.682
2012,Arsenal,Kieran Gibbs,kieran gibbs,Defender,2102,0,5,8000000.0,0.647
2012,Arsenal,Alex Oxlade-Chamberlain,alex oxlade chamberlain,Midfield,1062,1,5,15000000.0,0.625
2012,Arsenal,Gervinho,gervinho,Attack,1016,5,3,10500000.0,0.56
2012,Arsenal,Carl Jenkinson,carl jenkinson,Defender,1188,0,0,4500000.0,0.441
2012,Arsenal,Andrey Arshavin,andrey arshavin,Attack,80,0,1,9000000.0,0.422
2012,Arsenal,Abou Diaby,abou diaby,Midfield,713,0,0,4000000.0,0.364
2012,Arsenal,André Santos,andre santos,Defender,395,0,0,4500000.0,0.345
2012,Arsenal,Francis Coquelin,francis coquelin,Midfield,226,0,0,4000000.0,0.305
2012,Arsenal,Tomas Rosicky,tomas rosicky,Midfield,612,2,1,2000000.0,0.237
2012,Arsenal,Lukasz Fabianski,lukasz fabianski,Goalkeeper,360,0,0,1500000.0,0.158
2012,Arsenal,Vito Mannone,vito mannone,Goalkeeper,810,0,0,750000.0,0.098
2012,Aston Villa,Christian Benteke,christian benteke,Attack,2821,19,4,12000000.0,0.928
2012,Aston Villa,Gabriel Agbonlahor,gabriel agbonlahor,Attack,2190,9,5,9000000.0,0.807
2012,Aston Villa,Matthew Lowton,matthew lowton,Defender,3267,2,3,3500000.0,0.797
2012,Aston Villa,Brad Guzan,brad guzan,Goalkeeper,3240,0,0,3500000.0,0.794
2012,Aston Villa,Ron Vlaar,ron vlaar,Defender,2391,2,0,6500000.0,0.783
2012,Aston Villa,Ciaran Clark,ciaran clark,Defender,2498,1,1,5000000.0,0.756
2012,Aston Villa,Darren Bent,darren bent,Attack,808,3,1,13500000.0,0.699
2012,Aston Villa,Ashley Westwood,ashley westwood,Midfield,2460,0,7,3500000.0,0.698
2012,Aston Villa,Barry Bannan,barry bannan,Midfield,1628,0,2,5500000.0,0.664
2012,Aston Villa,Andreas Weimann,andreas weimann,Attack,2253,7,4,3000000.0,0.65
2012,Aston Villa,Brett Holman,brett holman,Midfield,1427,1,2,4500000.0,0.609
2012,Aston Villa,Charles N'Zogbia,charles n zogbia,Attack,994,2,6,5500000.0,0.587
2012,Aston Villa,Fabian Delph,fabian delph,Midfield,1703,0,0,3000000.0,0.582
2012,Aston Villa,Joe Bennett,joe bennett,Defender,1841,0,4,2500000.0,0.572
2012,Aston Villa,Stephen Ireland,stephen ireland,Midfield,780,0,1,5500000.0,0.56
2012,Aston Villa,Nathan Baker,nathan baker,Defender,2012,0,0,2000000.0,0.559
2012,Aston Villa,Karim El Ahmadi,karim el ahmadi,Midfield,1172,1,0,3000000.0,0.517
2012,Aston Villa,Marc Albrighton,marc albrighton,Midfield,429,0,0,5000000.0,0.503
2012,Aston Villa,Eric Lichaj,eric lichaj,Defender,1136,0,1,2000000.0,0.452
2012,Aston Villa,Chris Herd,chris herd,Midfield,754,0,0,2500000.0,0.439
2012,Aston Villa,Yacouba Sylla,yacouba sylla,Midfield,595,0,2,2500000.0,0.419
2012,Aston Villa,Shay Given,shay given,Goalkeeper,180,0,0,3000000.0,0.396
2012,Aston Villa,Nathan Delfouneso,nathan delfouneso,Attack,45,0,0,2500000.0,0.352
2012,Aston Villa,Gary Gardner,gary gardner,Midfield,19,0,0,1500000.0,0.272
2012,Aston Villa,Simon Dawkins,simon dawkins,Attack,71,0,0,1000000.0,0.217
2012,Aston Villa,Jordan Bowery,jordan bowery,Attack,297,0,0,500000.0,0.141
2012,Aston Villa,Enda Stevens,enda stevens,Defender,471,0,0,250000.0,0.058
2012,Chelsea,Juan Mata,juan mata,Midfield,2741,12,16,42000000.0,0.943
2012,Chelsea,Eden Hazard,eden hazard,Attack,2638,9,14,40000000.0,0.923
2012,Chelsea,Petr Cech,petr cech,Goalkeeper,3195,0,0,25000000.0,0.923
2012,Chelsea,Branislav Ivanovic,branislav ivanovic,Defender,2946,5,1,24000000.0,0.885
2012,Chelsea,Fernando Torres,fernando torres,Attack,2571,8,9,28000000.0,0.861
2012,Chelsea,David Luiz,david luiz,Defender,2634,2,2,25000000.0,0.852
2012,Chelsea,Ramires,ramires,Midfield,2521,5,4,27000000.0,0.85
2012,Chelsea,Oscar,oscar,Midfield,2293,4,8,32000000.0,0.847
2012,Chelsea,Gary Cahill,gary cahill,Defender,2218,2,2,19000000.0,0.759
2012,Chelsea,Mikel John Obi,mikel john obi,Midfield,1627,0,0,23000000.0,0.714
2012,Chelsea,César Azpilicueta,cesar azpilicueta,Defender,2197,0,6,14000000.0,0.711
2012,Chelsea,Ashley Cole,ashley cole,Defender,2790,1,2,8000000.0,0.702
2012,Chelsea,Victor Moses,victor moses,Midfield,1211,1,1,15000000.0,0.598
2012,Chelsea,John Terry,john terry,Defender,949,4,0,12000000.0,0.532
2012,Chelsea,Frank Lampard,frank lampard,Midfield,1903,15,1,4000000.0,0.488
2012,Chelsea,Raúl Meireles,raul meireles,Midfield,100,0,0,15000000.0,0.459
2012,Chelsea,Ryan Bertrand,ryan bertrand,Defender,1283,0,0,5000000.0,0.443
2012,Chelsea,Oriol Romeu,oriol romeu,Midfield,235,0,0,8000000.0,0.382
2012,Chelsea,Marko Marin,marko marin,Midfield,143,1,1,7000000.0,0.351
2012,Chelsea,Lucas Piazón,lucas piazon,Midfield,16,0,1,7500000.0,0.345
2012,Chelsea,Ross Turnbull,ross turnbull,Goalkeeper,225,0,0,1500000.0,0.131
2012,Chelsea,Paulo Ferreira,paulo ferreira,Defender,9,0,0,750000.0,0.001
2012,Everton,Leighton Baines,leighton baines,Defender,3420,5,7,22000000.0,0.96
2012,Everton,Marouane Fellaini,marouane fellaini,Midfield,2786,11,6,28000000.0,0.926
2012,Everton,Phil Jagielka,phil jagielka,Defender,3155,2,2,11000000.0,0.814
2012,Everton,Nikica Jelavic,nikica jelavic,Attack,2432,7,1,9000000.0,0.696
2012,Everton,Steven Pienaar,steven pienaar,Midfield,3064,6,8,5500000.0,0.689
2012,Everton,Leon Osman,leon osman,Midfield,3182,5,2,4500000.0,0.669
2012,Everton,Kevin Mirallas,kevin mirallas,Midfield,1836,6,6,10000000.0,0.644
2012,Everton,Tim Howard,tim howard,Goalkeeper,3240,0,0,3500000.0,0.634
2012,Everton,Johnny Heitinga,johnny heitinga,Defender,1603,0,0,7000000.0,0.558
2012,Everton,Séamus Coleman,seamus coleman,Defender,2164,0,5,4000000.0,0.531
2012,Everton,Darron Gibson,darron gibson,Midfield,1807,1,2,3500000.0,0.467
2012,Everton,Steven Naismith,steven naismith,Attack,1281,4,1,5000000.0,0.464
2012,Everton,Victor Anichebe,victor anichebe,Attack,1717,6,6,3500000.0,0.456
2012,Everton,Sylvain Distin,sylvain distin,Defender,2837,0,2,1000000.0,0.379
2012,Everton,Bryan Oviedo,bryan oviedo,Defender,228,0,1,4500000.0,0.324
2012,Everton,Ross Barkley,ross barkley,Midfield,206,0,0,4500000.0,0.321
2012,Everton,Phil Neville,phil neville,Defender,1551,0,1,1000000.0,0.229
2012,Everton,Magaye Gueye,magaye gueye,Attack,49,0,0,2500000.0,0.205
2012,Everton,Apostolos Vellios,apostolos vellios,Attack,56,0,1,2000000.0,0.169
2012,Everton,Tony Hibbert,tony hibbert,Defender,431,0,0,1500000.0,0.165
2012,Everton,Jan Mucha,jan mucha,Goalkeeper,180,0,0,1500000.0,0.136
2012,Everton,Thomas Hitzlsperger,thomas hitzlsperger,Midfield,350,0,0,1000000.0,0.089
2012,Everton,Shane Duffy,shane duffy,Defender,1,0,0,750000.0,0.0
2012,Fulham,Bryan Ruiz,bryan ruiz,Midfield,2384,5,9,13000000.0,0.894
2012,Fulham,Dimitar Berbatov,dimitar berbatov,Attack,2849,15,4,7000000.0,0.807
2012,Fulham,Brede Hangeland,brede hangeland,Defender,3045,0,0,5000000.0,0.752
2012,Fulham,Sascha Riether,sascha riether,Defender,3044,1,6,3000000.0,0.633
2012,Fulham,Urby Emanuelson,urby emanuelson,Midfield,644,1,0,8800000.0,0.588
2012,Fulham,John Arne Riise,john arne riise,Defender,2530,0,5,3000000.0,0.569
2012,Fulham,Hugo Rodallega,hugo rodallega,Attack,1509,3,3,4000000.0,0.511
2012,Fulham,Steve Sidwell,steve sidwell,Midfield,2104,4,2,2500000.0,0.474
2012,Fulham,Ashkan Dejagah,ashkan dejagah,Attack,1195,0,4,3500000.0,0.441
2012,Fulham,Kieran Richardson,kieran richardson,Defender,915,1,0,3500000.0,0.406
2012,Fulham,Mark Schwarzer,mark schwarzer,Goalkeeper,3240,0,0,1000000.0,0.4
2012,Fulham,Damien Duff,damien duff,Midfield,2337,3,7,1500000.0,0.383
2012,Fulham,Philippe Senderos,philippe senderos,Defender,1681,0,0,2000000.0,0.37
2012,Fulham,Mladen Petric,mladen petric,Attack,877,5,2,3000000.0,0.365
2012,Fulham,Aaron Hughes,aaron hughes,Defender,2115,0,0,1500000.0,0.356
2012,Fulham,Chris Baird,chris baird,Midfield,1316,2,0,2000000.0,0.325
2012,Fulham,Alexander Kacaniklic,alexander kacaniklic,Attack,1263,4,4,2000000.0,0.318
2012,Fulham,David Stockdale,david stockdale,Goalkeeper,180,0,0,3500000.0,0.315
2012,Fulham,Stanislav Manolev,stanislav manolev,Defender,431,0,0,3000000.0,0.31
2012,Fulham,Mahamadou Diarra,mahamadou diarra,Midfield,607,0,0,2500000.0,0.289
2012,Fulham,Kerim Frei,kerim frei,Attack,231,0,0,3000000.0,0.286
2012,Fulham,Eyong Enoh,eyong enoh,Midfield,692,0,0,2000000.0,0.248
2012,Fulham,Pajtim Kasami,pajtim kasami,Midfield,22,0,0,2500000.0,0.217
2012,Fulham,Georgios Karagounis,georgios karagounis,Midfield,1552,1,0,1000000.0,0.192
2012,Fulham,Matthew Briggs,matthew briggs,Defender,295,0,1,1500000.0,0.131
2012,Fulham,Emmanuel Frimpong,emmanuel frimpong,Midfield,222,0,1,1500000.0,0.122
2012,Liverpool,Luis Suárez,luis suarez,Attack,2955,23,11,36000000.0,0.966
2012,Liverpool,Daniel Agger,daniel agger,Defender,3100,3,0,19000000.0,0.877
2012,Liverpool,Glen Johnson,glen johnson,Defender,3227,1,5,12000000.0,0.816
2012,Liverpool,Steven Gerrard,steven gerrard,Midfield,3222,10,9,11500000.0,0.808
2012,Liverpool,Pepe Reina,pepe reina,Goalkeeper,2790,0,0,10000000.0,0.731
2012,Liverpool,José Enrique,jose enrique,Defender,2257,2,5,14000000.0,0.722
2012,Liverpool,Martin Skrtel,martin skrtel,Defender,2079,2,0,15000000.0,0.711
2012,Liverpool,Lucas Leiva,lucas leiva,Midfield,1951,0,1,15000000.0,0.695
2012,Liverpool,Joe Allen,joe allen,Midfield,1919,0,0,15000000.0,0.691
2012,Liverpool,Stewart Downing,stewart downing,Attack,2195,3,5,8500000.0,0.63
2012,Liverpool,Raheem Sterling,raheem sterling,Attack,1748,2,6,11500000.0,0.626
2012,Liverpool,Daniel Sturridge,daniel sturridge,Attack,1252,11,5,15000000.0,0.609
2012,Liverpool,Jordan Henderson,jordan henderson,Midfield,1530,5,4,10500000.0,0.583
2012,Liverpool,Nuri Sahin,nuri sahin,Midfield,454,1,2,15000000.0,0.51
2012,Liverpool,Philippe Coutinho,philippe coutinho,Midfield,930,3,7,10000000.0,0.501
2012,Liverpool,Fabio Borini,fabio borini,Attack,508,1,0,12000000.0,0.479
2012,Liverpool,Jonjo Shelvey,jonjo shelvey,Midfield,918,1,0,5500000.0,0.399
2012,Liverpool,Martin Kelly,martin kelly,Defender,336,0,0,5000000.0,0.311
2012,Liverpool,Sebastián Coates,sebastian coates,Defender,234,0,0,4500000.0,0.281
2012,Liverpool,Oussama Assaidi,oussama assaidi,Attack,73,0,0,5000000.0,0.279
2012,Liverpool,Suso,suso,Midfield,602,0,0,3000000.0,0.259
2012,Liverpool,Jamie Carragher,jamie carragher,Defender,1525,0,1,1000000.0,0.189
2012,Liverpool,Brad Jones,brad jones,Goalkeeper,630,0,0,1500000.0,0.146
2012,Liverpool,Andre Wisdom,andre wisdom,Defender,1015,0,1,1000000.0,0.126
2012,Manchester City,David Silva,david silva,Midfield,2522,4,10,44000000.0,0.889
2012,Manchester City,Yaya Touré,yaya toure,Midfield,2829,6,6,36000000.0,0.87
2012,Manchester City,Joe Hart,joe hart,Goalkeeper,3420,0,0,24000000.0,0.828
2012,Manchester City,Sergio Agüero,sergio aguero,Attack,1946,12,3,45000000.0,0.828
2012,Manchester City,Vincent Kompany,vincent kompany,Defender,2239,1,0,35000000.0,0.793
2012,Manchester City,Carlos Tevez,carlos tevez,Attack,2407,11,12,27000000.0,0.742
2012,Manchester City,Edin Dzeko,edin dzeko,Attack,1815,14,5,27000000.0,0.673
2012,Manchester City,Pablo Zabaleta,pablo zabaleta,Defender,2651,2,2,16000000.0,0.628
2012,Manchester City,Samir Nasri,samir nasri,Midfield,1802,2,7,21000000.0,0.603
2012,Manchester City,Mario Balotelli,mario balotelli,Attack,589,1,1,32000000.0,0.576
2012,Manchester City,Gaël Clichy,gael clichy,Defender,2310,0,3,15000000.0,0.57
2012,Manchester City,Matija Nastasić,matija nastasic,Defender,1822,0,0,17000000.0,0.547
2012,Manchester City,James Milner,james milner,Midfield,1722,4,4,17000000.0,0.536
2012,Manchester City,Javi García,javi garcia,Midfield,1495,2,0,17000000.0,0.509
2012,Manchester City,Gareth Barry,gareth barry,Midfield,2400,1,4,8500000.0,0.426
2012,Manchester City,Joleon Lescott,joleon lescott,Defender,1569,1,0,11500000.0,0.411
2012,Manchester City,Micah Richards,micah richards,Defender,618,0,0,16000000.0,0.39
2012,Manchester City,Aleksandar Kolarov,aleksandar kolarov,Defender,1051,1,2,12500000.0,0.373
2012,Manchester City,Jack Rodwell,jack rodwell,Midfield,499,2,0,15000000.0,0.358
2012,Manchester City,Nigel de Jong,nigel de jong,Midfield,90,0,0,13000000.0,0.271
2012,Manchester City,Kolo Touré,kolo toure,Defender,916,0,0,6000000.0,0.157
2012,Manchester City,Scott Sinclair,scott sinclair,Attack,204,1,0,7500000.0,0.135
2012,Manchester City,Maicon,maicon,Defender,516,0,0,5000000.0,0.06
2012,Manchester United,Robin van Persie,robin van persie,Attack,3124,26,15,45000000.0,0.947
2012,Manchester United,Wayne Rooney,wayne rooney,Attack,2019,12,10,65000000.0,0.859
2012,Manchester United,Patrice Evra,patrice evra,Defender,3060,4,6,13000000.0,0.76
2012,Manchester United,Antonio Valencia,antonio valencia,Defender,2208,1,7,24000000.0,0.74
2012,Manchester United,Michael Carrick,michael carrick,Midfield,3043,1,4,11000000.0,0.734
2012,Manchester United,David de Gea,david de gea,Goalkeeper,2520,0,0,17000000.0,0.73
2012,Manchester United,Rafael,rafael,Defender,2316,3,4,14500000.0,0.681
2012,Manchester United,Nemanja Vidic‎,nemanja vidic,Defender,1618,1,0,21000000.0,0.645
2012,Manchester United,Ashley Young,ashley young,Defender,1372,0,5,25000000.0,0.638
2012,Manchester United,Jonny Evans,jonny evans,Defender,1903,3,2,13000000.0,0.612
2012,Manchester United,Shinji Kagawa,shinji kagawa,Midfield,1324,6,4,21000000.0,0.607
2012,Manchester United,Danny Welbeck,danny welbeck,Attack,1293,1,4,17000000.0,0.573
2012,Manchester United,Chicharito,chicharito,Attack,947,10,5,22000000.0,0.566
2012,Manchester United,Phil Jones,phil jones,Defender,1206,0,2,17000000.0,0.562
2012,Manchester United,Nani,nani,Attack,629,1,3,27000000.0,0.554
2012,Manchester United,Tom Cleverley,tom cleverley,Midfield,1454,2,3,12500000.0,0.549
2012,Manchester United,Chris Smalling,chris smalling,Defender,1016,0,0,14000000.0,0.509
2012,Manchester United,Rio Ferdinand,rio ferdinand,Defender,2323,1,2,3500000.0,0.478
2012,Manchester United,Anderson,anderson,Midfield,824,1,1,12000000.0,0.463
2012,Manchester United,Anders Lindegaard,anders lindegaard,Goalkeeper,900,0,0,6500000.0,0.384
2012,Manchester United,Darren Fletcher,darren fletcher,Midfield,181,1,0,10000000.0,0.354
2012,Manchester United,Alexander Büttner,alexander buttner,Defender,382,2,1,5000000.0,0.28
2012,Manchester United,Nick Powell,nick powell,Midfield,30,1,0,3000000.0,0.162
2012,Manchester United,Ryan Giggs,ryan giggs,Midfield,1167,2,3,1000000.0,0.149
2012,Manchester United,Paul Scholes,paul scholes,Midfield,763,1,1,1000000.0,0.098
2012,Newcastle United,Papiss Cissé,papiss cisse,Attack,3002,8,4,15500000.0,0.963
2012,Newcastle United,Demba Ba,demba ba,Attack,2541,15,4,22000000.0,0.939
2012,Newcastle United,Davide Santon,davide santon,Defender,2643,1,4,10000000.0,0.869
2012,Newcastle United,Yohan Cabaye,yohan cabaye,Midfield,2123,6,2,16500000.0,0.852
2012,Newcastle United,Jonás Gutiérrez,jonas gutierrez,Midfield,2896,1,2,6000000.0,0.849
2012,Newcastle United,Tim Krul,tim krul,Goalkeeper,2127,0,1,8500000.0,0.783
2012,Newcastle United,Cheik Tioté,cheik tiote,Midfield,1758,0,1,10500000.0,0.756
2012,Newcastle United,Fabricio Coloccini,fabricio coloccini,Defender,1918,0,1,8000000.0,0.749
2012,Newcastle United,Hatem Ben Arfa,hatem ben arfa,Midfield,1461,4,2,13500000.0,0.743
2012,Newcastle United,Steven Taylor,steven taylor,Defender,2137,0,0,5000000.0,0.728
2012,Newcastle United,Vurnon Anita,vurnon anita,Midfield,1731,0,1,8000000.0,0.724
2012,Newcastle United,Mathieu Debuchy,mathieu debuchy,Defender,1168,0,0,11500000.0,0.687
2012,Newcastle United,James Perch,james perch,Midfield,1819,1,0,4000000.0,0.662
2012,Newcastle United,Moussa Sissoko,moussa sissoko,Midfield,1069,3,1,10000000.0,0.659
2012,Newcastle United,Mike Williamson,mike williamson,Defender,1710,0,0,4000000.0,0.648
2012,Newcastle United,Mapou Yanga-Mbiwa,mapou yanga mbiwa,Defender,1037,0,0,9000000.0,0.644
2012,Newcastle United,Yoan Gouffran,yoan gouffran,Attack,1055,3,2,7500000.0,0.627
2012,Newcastle United,Danny Simpson,danny simpson,Defender,1525,0,2,4000000.0,0.623
2012,Newcastle United,Sylvain Marveaux,sylvain marveaux,Midfield,998,1,5,3500000.0,0.539
2012,Newcastle United,Gabriel Obertan,gabriel obertan,Attack,409,0,2,3000000.0,0.444
2012,Newcastle United,Gaël Bigirimana,gael bigirimana,Midfield,408,1,0,3000000.0,0.444
2012,Newcastle United,Shola Ameobi,shola ameobi,Attack,679,1,2,2000000.0,0.437
2012,Newcastle United,Ryan Taylor,ryan taylor,Defender,26,0,0,4500000.0,0.436
2012,Newcastle United,Massadio Haïdara,massadio haidara,Defender,199,0,0,2500000.0,0.397
2012,Newcastle United,Sammy Ameobi,sammy ameobi,Attack,222,0,1,2000000.0,0.376
2012,Newcastle United,Dan Gosling,dan gosling,Midfield,42,0,0,1500000.0,0.322
2012,Newcastle United,Shane Ferguson,shane ferguson,Midfield,342,0,1,1000000.0,0.319
2012,Newcastle United,Nile Ranger,nile ranger,Attack,6,0,0,1000000.0,0.274
2012,Newcastle United,Steve Harper,steve harper,Goalkeeper,458,0,0,500000.0,0.261
2012,Newcastle United,Rob Elliot,rob elliot,Goalkeeper,834,0,1,250000.0,0.238
2012,Newcastle United,James Tavernier,james tavernier,Defender,36,0,0,75000.0,0.005
2012,Norwich City,Robert Snodgrass,robert snodgrass,Attack,3062,6,8,6000000.0,0.98
2012,Norwich City,Sébastien Bassong,sebastien bassong,Defender,2962,3,2,4500000.0,0.898
2012,Norwich City,Grant Holt,grant holt,Attack,2572,8,4,4000000.0,0.821
2012,Norwich City,Anthony Pilkington,anthony pilkington,Attack,2156,5,3,4500000.0,0.798
2012,Norwich City,Bradley Johnson,bradley johnson,Midfield,3227,1,3,2500000.0,0.789
2012,Norwich City,Russell Martin,russell martin,Defender,2690,3,2,3000000.0,0.766
2012,Norwich City,John Ruddy,john ruddy,Goalkeeper,1342,0,0,5000000.0,0.722
2012,Norwich City,Javier Garrido,javier garrido,Defender,3039,0,2,2000000.0,0.711
2012,Norwich City,Michael Turner,michael turner,Defender,2224,3,0,3000000.0,0.708
2012,Norwich City,Alexander Tettey,alexander tettey,Midfield,1901,0,2,3500000.0,0.705
2012,Norwich City,Jonathan Howson,jonathan howson,Midfield,2042,2,1,3000000.0,0.686
2012,Norwich City,Wes Hoolahan,wes hoolahan,Midfield,2431,3,5,2000000.0,0.636
2012,Norwich City,Ryan Bennett,ryan bennett,Defender,1066,1,0,3500000.0,0.602
2012,Norwich City,Mark Bunn,mark bunn,Goalkeeper,1853,0,0,1500000.0,0.495
2012,Norwich City,Steve Morison,steve morison,Attack,469,1,0,3000000.0,0.491
2012,Norwich City,Steven Whittaker,steven whittaker,Defender,1047,1,0,2000000.0,0.465
2012,Norwich City,Leon Barnett,leon barnett,Defender,562,0,0,2500000.0,0.458
2012,Norwich City,Elliott Bennett,elliott bennett,Midfield,940,1,2,2000000.0,0.451
2012,Norwich City,Andrew Surman,andrew surman,Midfield,272,0,0,2500000.0,0.422
2012,Norwich City,Luciano Becchio,luciano becchio,Attack,167,0,1,2500000.0,0.409
2012,Norwich City,Simeon Jackson,simeon jackson,Attack,403,1,1,1500000.0,0.315
2012,Norwich City,Lee Camp,lee camp,Goalkeeper,224,0,0,1250000.0,0.249
2012,Norwich City,Marc Tierney,marc tierney,Defender,90,0,0,1000000.0,0.179
2012,Norwich City,David Fox,david fox,Midfield,35,0,0,1000000.0,0.172
2012,Norwich City,Harry Kane,harry kane,Attack,140,0,0,500000.0,0.017
2012,Norwich City,Chris Martin,chris martin,Attack,3,0,0,500000.0,0.0
2012,Queens Park Rangers,Stéphane Mbia,stephane mbia,Midfield,2418,0,3,10000000.0,0.896
2012,Queens Park Rangers,Adel Taarabt,adel taarabt,Midfield,2245,5,5,10000000.0,0.87
2012,Queens Park Rangers,Christopher Samba,christopher samba,Defender,900,0,0,15000000.0,0.737
2012,Queens Park Rangers,Esteban Granero,esteban granero,Midfield,1663,1,1,7500000.0,0.731
2012,Queens Park Rangers,Loïc Rémy,loic remy,Attack,1142,6,0,10000000.0,0.702
2012,Queens Park Rangers,Junior Hoilett,junior hoilett,Attack,1449,2,3,7000000.0,0.686
2012,Queens Park Rangers,Júlio César,julio cesar,Goalkeeper,2098,0,1,4000000.0,0.686
2012,Queens Park Rangers,Armand Traoré,armand traore,Defender,2095,0,0,3500000.0,0.662
2012,Queens Park Rangers,Fábio,fabio,Defender,1136,0,0,7000000.0,0.638
2012,Queens Park Rangers,Djibril Cissé,djibril cisse,Attack,1109,3,1,6000000.0,0.607
2012,Queens Park Rangers,Jamie Mackie,jamie mackie,Attack,1704,2,0,3500000.0,0.603
2012,Queens Park Rangers,Bosingwa,bosingwa,Defender,1828,0,1,3000000.0,0.594
2012,Queens Park Rangers,Nedum Onuoha,nedum onuoha,Defender,1613,0,0,3000000.0,0.561
2012,Queens Park Rangers,Ji-sung Park,ji sung park,Midfield,1343,0,3,3500000.0,0.548
2012,Queens Park Rangers,Bobby Zamora,bobby zamora,Attack,1311,4,2,3500000.0,0.543
2012,Queens Park Rangers,Alejandro Faurlín,alejandro faurlin,Midfield,782,0,2,4000000.0,0.486
2012,Queens Park Rangers,Anton Ferdinand,anton ferdinand,Defender,914,0,0,3500000.0,0.482
2012,Queens Park Rangers,Shaun Wright-Phillips,shaun wright phillips,Attack,1249,1,1,2500000.0,0.474
2012,Queens Park Rangers,Clint Hill,clint hill,Defender,2629,0,1,750000.0,0.472
2012,Queens Park Rangers,Jermaine Jenas,jermaine jenas,Midfield,825,2,0,3500000.0,0.469
2012,Queens Park Rangers,Samba Diakité,samba diakite,Midfield,940,0,1,3000000.0,0.459
2012,Queens Park Rangers,Rob Green,rob green,Goalkeeper,1322,0,0,2000000.0,0.446
2012,Queens Park Rangers,Ryan Nelsen,ryan nelsen,Defender,1883,1,0,750000.0,0.358
2012,Queens Park Rangers,Andy Johnson,andy johnson,Attack,134,0,1,2500000.0,0.304
2012,Queens Park Rangers,Shaun Derry,shaun derry,Midfield,1080,0,0,500000.0,0.164
2012,Queens Park Rangers,Andros Townsend,andros townsend,Attack,1047,2,2,500000.0,0.159
2012,Queens Park Rangers,Jay Bothroyd,jay bothroyd,Attack,236,1,0,1000000.0,0.158
2012,Queens Park Rangers,Tal Ben Haim,tal ben haim,Defender,196,0,0,1000000.0,0.152
2012,Queens Park Rangers,Kieron Dyer,kieron dyer,Midfield,196,0,1,500000.0,0.03
2012,Reading,Pavel Pogrebnyak,pavel pogrebnyak,Attack,2030,5,0,4500000.0,0.848
2012,Reading,Adrian Mariappa,adrian mariappa,Defender,2610,1,0,3000000.0,0.835
2012,Reading,Jobi McAnuff,jobi mcanuff,Attack,3274,0,9,1500000.0,0.772
2012,Reading,Chris Gunter,chris gunter,Defender,1790,0,0,3000000.0,0.735
2012,Reading,Danny Guthrie,danny guthrie,Midfield,1618,1,1,3000000.0,0.714
2012,Reading,Adam Federici,adam federici,Goalkeeper,1890,0,0,2000000.0,0.663
2012,Reading,Adam Le Fondre,adam le fondre,Attack,1495,12,2,2500000.0,0.661
2012,Reading,Mikele Leigertwood,mikele leigertwood,Midfield,2646,1,0,1250000.0,0.657
2012,Reading,Alex Pearce,alex pearce,Defender,1645,0,1,2000000.0,0.633
2012,Reading,Nicky Shorey,nicky shorey,Defender,1444,0,4,2000000.0,0.608
2012,Reading,Jimmy Kébé,jimmy kebe,Attack,1337,5,2,2000000.0,0.595
2012,Reading,Daniel Carriço,daniel carrico,Defender,87,0,0,4000000.0,0.586
2012,Reading,Stephen Kelly,stephen kelly,Defender,1530,0,0,1500000.0,0.559
2012,Reading,Hal Robson-Kanu,hal robson kanu,Attack,1275,7,2,1500000.0,0.528
2012,Reading,Jem Karacan,jem karacan,Midfield,1604,1,1,1000000.0,0.484
2012,Reading,Garath McCleary,garath mccleary,Attack,1571,3,3,1000000.0,0.48
2012,Reading,Sean Morrison,sean morrison,Defender,1327,2,1,1000000.0,0.45
2012,Reading,Kaspars Gorkss,kaspars gorkss,Defender,1260,1,0,1000000.0,0.442
2012,Reading,Nick Blackman,nick blackman,Attack,389,0,1,1500000.0,0.419
2012,Reading,Jay Tabb,jay tabb,Midfield,1020,0,1,1000000.0,0.412
2012,Reading,Noel Hunt,noel hunt,Attack,954,2,1,1000000.0,0.404
2012,Reading,Shaun Cummings,shaun cummings,Defender,810,0,0,750000.0,0.327
2012,Reading,Alex McCarthy,alex mccarthy,Goalkeeper,1170,0,0,500000.0,0.287
2012,Reading,Stuart Taylor,stuart taylor,Goalkeeper,360,0,0,750000.0,0.272
2012,Reading,Hope Akpan,hope akpan,Midfield,469,0,4,500000.0,0.201
2012,Reading,Ian Harte,ian harte,Defender,1360,0,4,250000.0,0.166
2012,Reading,Jason Roberts,jason roberts,Attack,708,0,1,250000.0,0.086
2012,Southampton,Nathaniel Clyne,nathaniel clyne,Defender,3021,1,3,5000000.0,0.848
2012,Southampton,Rickie Lambert,rickie lambert,Attack,3131,15,7,3500000.0,0.814
2012,Southampton,Maya Yoshida,maya yoshida,Defender,2852,0,0,4500000.0,0.813
2012,Southampton,Gastón Ramírez,gaston ramirez,Midfield,1687,5,3,13000000.0,0.81
2012,Southampton,Morgan Schneiderlin,morgan schneiderlin,Midfield,3209,5,1,3000000.0,0.803
2012,Southampton,Jay Rodríguez,jay rodriguez,Attack,2181,6,8,6500000.0,0.779
2012,Southampton,Adam Lallana,adam lallana,Midfield,2239,3,6,5500000.0,0.763
2012,Southampton,Luke Shaw,luke shaw,Defender,1951,0,0,4500000.0,0.701
2012,Southampton,Steven Davis,steven davis,Midfield,2073,2,2,4000000.0,0.7
2012,Southampton,Jack Cork,jack cork,Midfield,2430,0,1,2500000.0,0.681
2012,Southampton,José Fonte,jose fonte,Defender,2314,2,1,2500000.0,0.667
2012,Southampton,Jason Puncheon,jason puncheon,Midfield,2066,5,6,2000000.0,0.606
2012,Southampton,Jos Hooiveld,jos hooiveld,Defender,2032,0,0,1750000.0,0.584
2012,Southampton,Danny Fox,danny fox,Defender,1216,1,1,2500000.0,0.53
2012,Southampton,Artur Boruc,artur boruc,Goalkeeper,1755,0,0,1500000.0,0.528
2012,Southampton,Paulo Gazzaniga,paulo gazzaniga,Goalkeeper,810,0,0,3000000.0,0.504
2012,Southampton,Billy Sharp,billy sharp,Attack,18,0,0,4500000.0,0.46
2012,Southampton,Emmanuel Mayuka,emmanuel mayuka,Attack,223,0,1,3000000.0,0.431
2012,Southampton,Guly,guly,Midfield,758,0,2,1500000.0,0.404
2012,Southampton,James Ward-Prowse,james ward prowse,Midfield,483,0,1,1000000.0,0.315
2012,Southampton,Richard Chaplow,richard chaplow,Midfield,52,0,0,750000.0,0.223
2012,Southampton,Steve De Ridder,steve de ridder,Midfield,49,0,0,750000.0,0.223
2012,Southampton,Frazer Richardson,frazer richardson,Defender,167,0,0,500000.0,0.183
2012,Southampton,Kelvin Davis,kelvin davis,Goalkeeper,855,0,0,250000.0,0.175
2012,Southampton,Ben Reeves,ben reeves,Midfield,25,0,0,150000.0,0.003
2012,Stoke City,Ryan Shawcross,ryan shawcross,Defender,3330,1,4,10000000.0,0.989
2012,Stoke City,Robert Huth,robert huth,Defender,3150,1,0,8500000.0,0.936
2012,Stoke City,Steven Nzonzi,steven nzonzi,Midfield,3109,1,1,7000000.0,0.892
2012,Stoke City,Jonathan Walters,jonathan walters,Attack,3310,8,3,5500000.0,0.867
2012,Stoke City,Asmir Begovic,asmir begovic,Goalkeeper,3420,0,0,5000000.0,0.861
2012,Stoke City,Geoff Cameron,geoff cameron,Defender,2637,0,2,5000000.0,0.77
2012,Stoke City,Glenn Whelan,glenn whelan,Midfield,2591,0,4,5000000.0,0.764
2012,Stoke City,Peter Crouch,peter crouch,Attack,2333,7,6,5000000.0,0.734
2012,Stoke City,Charlie Adam,charlie adam,Midfield,1770,3,6,5000000.0,0.668
2012,Stoke City,Marc Wilson,marc wilson,Defender,1491,0,0,5000000.0,0.636
2012,Stoke City,Andy Wilkinson,andy wilkinson,Defender,1730,0,0,3500000.0,0.592
2012,Stoke City,Kenwyne Jones,kenwyne jones,Attack,1041,3,2,5000000.0,0.583
2012,Stoke City,Michael Kightly,michael kightly,Attack,1194,3,0,4500000.0,0.58
2012,Stoke City,Ryan Shotton,ryan shotton,Defender,1821,0,1,2500000.0,0.535
2012,Stoke City,Matthew Etherington,matthew etherington,Midfield,1726,0,0,2500000.0,0.524
2012,Stoke City,Wilson Palacios,wilson palacios,Midfield,46,0,0,5500000.0,0.486
2012,Stoke City,Dean Whitehead,dean whitehead,Midfield,1393,1,0,2500000.0,0.485
2012,Stoke City,Cameron Jerome,cameron jerome,Attack,1108,3,3,2500000.0,0.452
2012,Stoke City,Jermaine Pennant,jermaine pennant,Attack,65,0,0,3500000.0,0.397
2012,Stoke City,Brek Shea,brek shea,Midfield,90,0,0,3000000.0,0.369
2012,Stoke City,Maurice Edu,maurice edu,Midfield,10,0,0,1500000.0,0.221
2012,Stoke City,Matthew Upson,matthew upson,Defender,90,1,0,1250000.0,0.194
2012,Stoke City,Michael Owen,michael owen,Attack,94,1,0,1000000.0,0.15
2012,Stoke City,Rory Delap,rory delap,Midfield,10,0,0,500000.0,0.001
2012,Sunderland,Adam Johnson,adam johnson,Attack,2939,5,9,15000000.0,0.944
2012,Sunderland,Steven Fletcher,steven fletcher,Attack,2370,11,3,15000000.0,0.877
2012,Sunderland,Stéphane Sessègnon,stephane sessegnon,Midfield,2897,7,6,10000000.0,0.858
2012,Sunderland,Simon Mignolet,simon mignolet,Goalkeeper,3420,0,0,5500000.0,0.799
2012,Sunderland,Sebastian Larsson,sebastian larsson,Midfield,2995,1,5,7000000.0,0.798
2012,Sunderland,Craig Gardner,craig gardner,Midfield,2832,6,2,7500000.0,0.792
2012,Sunderland,Jack Colback,jack colback,Midfield,2814,0,0,6000000.0,0.746
2012,Sunderland,James McClean,james mcclean,Midfield,2333,2,4,6000000.0,0.689
2012,Sunderland,Danny Rose,danny rose,Defender,2221,1,1,5000000.0,0.64
2012,Sunderland,John O'Shea,john o shea,Defender,2993,2,3,3000000.0,0.628
2012,Sunderland,Danny Graham,danny graham,Attack,1851,3,4,4000000.0,0.552
2012,Sunderland,Carlos Cuéllar,carlos cuellar,Defender,2258,1,1,3000000.0,0.542
2012,Sunderland,Alfred N'Diaye,alfred n diaye,Midfield,1297,0,1,4500000.0,0.511
2012,Sunderland,Lee Cattermole,lee cattermole,Midfield,664,0,0,5500000.0,0.477
2012,Sunderland,Phil Bardsley,phil bardsley,Defender,984,1,0,4000000.0,0.45
2012,Sunderland,Connor Wickham,connor wickham,Attack,439,0,0,5000000.0,0.431
2012,Sunderland,Fraizer Campbell,fraizer campbell,Attack,256,1,0,3500000.0,0.338
2012,Sunderland,Titus Bramble,titus bramble,Defender,1181,0,0,2000000.0,0.335
2012,Sunderland,David Vaughan,david vaughan,Midfield,721,1,0,2500000.0,0.325
2012,Sunderland,Ahmed Elmohamady,ahmed elmohamady,Defender,22,0,0,3000000.0,0.28
2012,Sunderland,Kader Mangane,kader mangane,Defender,19,0,0,3000000.0,0.28
2012,Sunderland,Matthew Kilgallon,matthew kilgallon,Defender,512,0,0,1500000.0,0.199
2012,Sunderland,James McFadden,james mcfadden,Attack,35,0,0,1500000.0,0.143
2012,Sunderland,Louis Saha,louis saha,Attack,184,0,0,1250000.0,0.124
2012,Sunderland,David Meyler,david meyler,Midfield,64,0,0,750000.0,0.007
2012,Swansea City,Michu,michu,Attack,3012,18,3,13000000.0,0.962
2012,Swansea City,Ashley Williams,ashley williams,Defender,3330,0,0,6000000.0,0.858
2012,Swansea City,Jonathan de Guzmán,jonathan de guzman,Midfield,2855,5,6,8000000.0,0.854
2012,Swansea City,Michel Vorm,michel vorm,Goalkeeper,2311,0,0,8500000.0,0.799
2012,Swansea City,Pablo Hernández,pablo hernandez,Midfield,2200,3,8,8000000.0,0.775
2012,Swansea City,Sung-yueng Ki,sung yueng ki,Midfield,2041,0,3,7000000.0,0.731
2012,Swansea City,Leon Britton,leon britton,Midfield,2532,0,0,4500000.0,0.709
2012,Swansea City,Wayne Routledge,wayne routledge,Attack,2524,5,7,4500000.0,0.708
2012,Swansea City,Chico Flores,chico flores,Defender,2240,0,0,5000000.0,0.693
2012,Swansea City,Nathan Dyer,nathan dyer,Attack,2307,3,5,4500000.0,0.682
2012,Swansea City,Ángel Rangel,angel rangel,Defender,2750,3,1,3000000.0,0.66
2012,Swansea City,Ben Davies,ben davies,Defender,3049,1,2,1500000.0,0.569
2012,Swansea City,Neil Taylor,neil taylor,Defender,278,0,0,3000000.0,0.363
2012,Swansea City,Roland Lamah,roland lamah,Attack,152,0,0,2500000.0,0.315
2012,Swansea City,Itay Shechter,itay shechter,Attack,623,1,1,1500000.0,0.277
2012,Swansea City,Kemy Agustien,kemy agustien,Midfield,566,0,1,1500000.0,0.27
2012,Swansea City,Dwight Tiendalli,dwight tiendalli,Defender,1013,1,0,1000000.0,0.249
2012,Swansea City,Gerhard Tremmel,gerhard tremmel,Goalkeeper,1109,0,0,750000.0,0.208
2012,Swansea City,Luke Moore,luke moore,Attack,513,3,2,1000000.0,0.189
2012,Swansea City,Kyle Bartley,kyle bartley,Defender,147,0,0,1000000.0,0.145
2012,Swansea City,Garry Monk,garry monk,Defender,939,0,0,500000.0,0.113
2012,Swansea City,Alan Tate,alan tate,Defender,162,0,0,500000.0,0.019
2012,Swansea City,Mark Gower,mark gower,Midfield,6,0,0,500000.0,0.001
2012,Tottenham Hotspur,Gareth Bale,gareth bale,Attack,2925,21,8,42000000.0,0.97
2012,Tottenham Hotspur,Jan Vertonghen,jan vertonghen,Defender,3060,5,3,19000000.0,0.86
2012,Tottenham Hotspur,Kyle Walker,kyle walker,Defender,3160,0,5,16000000.0,0.845
2012,Tottenham Hotspur,Aaron Lennon,aaron lennon,Attack,2837,4,8,16000000.0,0.804
2012,Tottenham Hotspur,Mousa Dembélé,mousa dembele,Midfield,2386,1,3,21000000.0,0.791
2012,Tottenham Hotspur,Hugo Lloris,hugo lloris,Goalkeeper,2430,0,0,15000000.0,0.742
2012,Tottenham Hotspur,Jermain Defoe,jermain defoe,Attack,2412,11,4,10000000.0,0.675
2012,Tottenham Hotspur,Clint Dempsey,clint dempsey,Attack,1999,7,4,11500000.0,0.645
2012,Tottenham Hotspur,Sandro,sandro,Midfield,1777,1,2,11500000.0,0.617
2012,Tottenham Hotspur,Emmanuel Adebayor,emmanuel adebayor,Attack,1598,5,2,13000000.0,0.614
2012,Tottenham Hotspur,Michael Dawson,michael dawson,Defender,2011,1,1,9000000.0,0.607
2012,Tottenham Hotspur,Benoît Assou-Ekotto,benoit assou ekotto,Defender,1140,1,0,12500000.0,0.55
2012,Tottenham Hotspur,Rafael van der Vaart,rafael van der vaart,Midfield,84,0,0,24500000.0,0.524
2012,Tottenham Hotspur,Scott Parker,scott parker,Midfield,1366,0,3,8000000.0,0.507
2012,Tottenham Hotspur,Steven Caulker,steven caulker,Defender,1575,2,2,6500000.0,0.5
2012,Tottenham Hotspur,Gylfi Sigurdsson,gylfi sigurdsson,Midfield,1223,3,4,8000000.0,0.489
2012,Tottenham Hotspur,Lewis Holtby,lewis holtby,Midfield,508,0,2,11000000.0,0.449
2012,Tottenham Hotspur,Younès Kaboul,younes kaboul,Defender,90,0,0,15000000.0,0.446
2012,Tottenham Hotspur,Tom Huddlestone,tom huddlestone,Midfield,1032,0,4,5500000.0,0.404
2012,Tottenham Hotspur,Kyle Naughton,kyle naughton,Defender,1061,0,1,5000000.0,0.393
2012,Tottenham Hotspur,Jake Livermore,jake livermore,Midfield,416,0,0,2500000.0,0.2
2012,Tottenham Hotspur,William Gallas,william gallas,Defender,1526,1,0,1000000.0,0.193
2012,Tottenham Hotspur,Brad Friedel,brad friedel,Goalkeeper,990,0,0,1000000.0,0.125
2012,Tottenham Hotspur,Tom Carroll,tom carroll,Midfield,75,0,1,1000000.0,0.009
2012,West Bromwich Albion,Romelu Lukaku,romelu lukaku,Attack,2004,17,7,19000000.0,0.847
2012,West Bromwich Albion,Jonas Olsson,jonas olsson,Defender,3240,0,1,5000000.0,0.78
2012,West Bromwich Albion,James Morrison,james morrison,Midfield,2846,5,7,6500000.0,0.774
2012,West Bromwich Albion,Youssouf Mulumbu,youssouf mulumbu,Midfield,2516,2,2,6000000.0,0.72
2012,West Bromwich Albion,Ben Foster,ben foster,Goalkeeper,2700,0,0,5000000.0,0.713
2012,West Bromwich Albion,Chris Brunt,chris brunt,Midfield,2181,2,7,6000000.0,0.679
2012,West Bromwich Albion,Shane Long,shane long,Attack,2158,8,5,6000000.0,0.676
2012,West Bromwich Albion,Claudio Yacob,claudio yacob,Midfield,2480,0,0,4500000.0,0.669
2012,West Bromwich Albion,Gareth McAuley,gareth mcauley,Defender,3240,3,3,1500000.0,0.581
2012,West Bromwich Albion,Liam Ridgewell,liam ridgewell,Defender,2484,0,2,2500000.0,0.572
2012,West Bromwich Albion,Billy Jones,billy jones,Defender,2210,1,3,2500000.0,0.538
2012,West Bromwich Albion,Peter Odemwingie,peter odemwingie,Attack,1274,5,3,5000000.0,0.537
2012,West Bromwich Albion,Graham Dorrans,graham dorrans,Midfield,1760,1,3,2000000.0,0.446
2012,West Bromwich Albion,Goran Popov,goran popov,Defender,888,0,1,3000000.0,0.405
2012,West Bromwich Albion,Markus Rosenberg,markus rosenberg,Attack,546,0,2,2500000.0,0.333
2012,West Bromwich Albion,Boaz Myhill,boaz myhill,Goalkeeper,720,0,0,2000000.0,0.318
2012,West Bromwich Albion,Gabriel Tamas,gabriel tamas,Defender,632,0,0,2000000.0,0.307
2012,West Bromwich Albion,Jerome Thomas,jerome thomas,Attack,404,0,0,2000000.0,0.279
2012,West Bromwich Albion,Zoltán Gera,zoltan gera,Midfield,1127,4,1,1000000.0,0.253
2012,West Bromwich Albion,Steven Reid,steven reid,Defender,907,0,0,1000000.0,0.226
2012,West Bromwich Albion,Marc-Antoine Fortuné,marc antoine fortune,Attack,823,2,2,1000000.0,0.216
2012,West Bromwich Albion,Gonzalo Jara,gonzalo jara,Defender,45,0,1,1750000.0,0.212
2012,West Bromwich Albion,Craig Dawson,craig dawson,Defender,90,0,0,1500000.0,0.192
2012,West Bromwich Albion,George Thorne,george thorne,Midfield,230,0,0,500000.0,0.028
2012,West Ham United,Winston Reid,winston reid,Defender,3145,1,1,6000000.0,0.872
2012,West Ham United,Kevin Nolan,kevin nolan,Midfield,2987,10,2,6000000.0,0.853
2012,West Ham United,Matt Jarvis,matt jarvis,Attack,2565,2,2,8000000.0,0.85
2012,West Ham United,Mohamed Diamé,mohamed diame,Midfield,2606,3,0,7500000.0,0.844
2012,West Ham United,Andy Carroll,andy carroll,Attack,1954,7,4,11000000.0,0.829
2012,West Ham United,Mark Noble,mark noble,Midfield,2286,4,4,8000000.0,0.817
2012,West Ham United,James Collins,james collins,Defender,2494,0,2,3500000.0,0.71
2012,West Ham United,James Tomkins,james tomkins,Defender,1732,1,1,5500000.0,0.693
2012,West Ham United,Joey O'Brien,joey o brien,Defender,2723,2,3,2500000.0,0.684
2012,West Ham United,Jussi Jääskeläinen,jussi jaaskelainen,Goalkeeper,3420,0,0,1000000.0,0.62
2012,West Ham United,Ricardo Vaz Tê,ricardo vaz te,Attack,1608,3,4,3000000.0,0.582
2012,West Ham United,Carlton Cole,carlton cole,Attack,1364,2,2,3500000.0,0.578
2012,West Ham United,Matthew Taylor,matthew taylor,Midfield,1372,1,5,3000000.0,0.554
2012,West Ham United,Gary O'Neil,gary o neil,Midfield,1441,1,3,2500000.0,0.534
2012,West Ham United,Joe Cole,joe cole,Midfield,786,3,1,4000000.0,0.532
2012,West Ham United,Guy Demel,guy demel,Defender,2477,0,2,1000000.0,0.51
2012,West Ham United,Modibo Maïga,modibo maiga,Attack,409,2,2,4500000.0,0.506
2012,West Ham United,Jack Collison,jack collison,Midfield,629,2,0,3500000.0,0.492
2012,West Ham United,Marouane Chamakh,marouane chamakh,Attack,152,0,0,3500000.0,0.436
2012,West Ham United,Yossi Benayoun,yossi benayoun,Attack,367,0,1,2500000.0,0.408
2012,West Ham United,George McCartney,george mccartney,Defender,879,0,2,1500000.0,0.387
2012,West Ham United,Emanuel Pogatetz,emanuel pogatetz,Defender,149,0,0,2500000.0,0.383
2012,West Ham United,Alou Diarra,alou diarra,Midfield,139,0,0,2500000.0,0.381
2012,West Ham United,Jordan Spence,jordan spence,Defender,22,0,0,500000.0,0.112
2012,West Ham United,Dan Potts,dan potts,Defender,111,0,0,250000.0,0.013
2012,West Ham United,Rob Hall,rob hall,Attack,12,0,0,250000.0,0.001
2012,Wigan Athletic,James McCarthy,james mccarthy,Midfield,3375,3,2,6500000.0,1.0
2012,Wigan Athletic,Arouna Koné,arouna kone,Attack,2931,11,5,5000000.0,0.899
2012,Wigan Athletic,Jean Beausejour,jean beausejour,Defender,2784,1,9,5500000.0,0.899
2012,Wigan Athletic,Maynor Figueroa,maynor figueroa,Defender,2815,1,1,4500000.0,0.866
2012,Wigan Athletic,Ali Al-Habsi,ali al habsi,Goalkeeper,2610,0,0,5000000.0,0.861
2012,Wigan Athletic,Shaun Maloney,shaun maloney,Midfield,2946,6,9,3000000.0,0.807
2012,Wigan Athletic,Iván Ramis,ivan ramis,Defender,1399,2,0,6000000.0,0.751
2012,Wigan Athletic,James McArthur,james mcarthur,Midfield,2408,3,2,3000000.0,0.743
2012,Wigan Athletic,Franco Di Santo,franco di santo,Attack,2133,5,5,3500000.0,0.739
2012,Wigan Athletic,Gary Caldwell,gary caldwell,Defender,2085,1,1,3000000.0,0.705
2012,Wigan Athletic,Jordi Gómez,jordi gomez,Midfield,1518,3,1,3500000.0,0.666
2012,Wigan Athletic,Emmerson Boyce,emmerson boyce,Defender,3145,4,0,1000000.0,0.628
2012,Wigan Athletic,Ángelo Henríquez,angelo henriquez,Attack,46,1,0,4000000.0,0.516
2012,Wigan Athletic,Antolín Alcaraz,antolin alcaraz,Defender,690,0,0,2500000.0,0.506
2012,Wigan Athletic,Ronnie Stam,ronnie stam,Defender,1012,0,1,2000000.0,0.503
2012,Wigan Athletic,Mauro Boselli,mauro boselli,Attack,131,0,0,3500000.0,0.502
2012,Wigan Athletic,Joel Robles,joel robles,Goalkeeper,810,0,0,2000000.0,0.479
2012,Wigan Athletic,Paul Scharner,paul scharner,Midfield,1260,0,1,1500000.0,0.479
2012,Wigan Athletic,Ryo Miyaichi,ryo miyaichi,Attack,50,0,0,3000000.0,0.464
2012,Wigan Athletic,Ben Watson,ben watson,Midfield,623,1,2,2000000.0,0.457
2012,Wigan Athletic,David Jones,david jones,Midfield,808,0,0,1500000.0,0.426
2012,Wigan Athletic,Callum McManaman,callum mcmanaman,Attack,636,2,2,1500000.0,0.405
2012,Wigan Athletic,Róger Espinoza,roger espinoza,Midfield,608,1,2,1000000.0,0.327
2012,Wigan Athletic,Fraser Fyvie,fraser fyvie,Midfield,21,0,0,1000000.0,0.258
2012,Wigan Athletic,Adrián López,adrian lopez,Defender,356,0,0,500000.0,0.17
2012,Wigan Athletic,Román Golobart,roman golobart,Defender,213,0,0,250000.0,0.025
2013,Arsenal,Olivier Giroud,olivier giroud,Attack,3083,16,9,20000000.0,0.867
2013,Arsenal,Wojciech Szczesny,wojciech szczesny,Goalkeeper,3330,0,0,15000000.0,0.864
2013,Arsenal,Per Mertesacker,per mertesacker,Defender,3150,2,1,18000000.0,0.863
2013,Arsenal,Mesut Özil,mesut ozil,Midfield,2149,5,10,50000000.0,0.858
2013,Arsenal,Santi Cazorla,santi cazorla,Midfield,2597,4,8,30000000.0,0.854
2013,Arsenal,Laurent Koscielny,laurent koscielny,Defender,2741,2,0,18000000.0,0.814
2013,Arsenal,Bacary Sagna,bacary sagna,Defender,3061,1,4,12000000.0,0.806
2013,Arsenal,Jack Wilshere,jack wilshere,Midfield,1720,3,5,33000000.0,0.76
2013,Arsenal,Aaron Ramsey,aaron ramsey,Midfield,1764,10,9,20000000.0,0.708
2013,Arsenal,Kieran Gibbs,kieran gibbs,Defender,2054,0,1,13000000.0,0.694
2013,Arsenal,Mikel Arteta,mikel arteta,Midfield,2407,2,0,8000000.0,0.682
2013,Arsenal,Lukas Podolski,lukas podolski,Attack,1172,8,4,23000000.0,0.653
2013,Arsenal,Theo Walcott,theo walcott,Attack,859,5,5,27000000.0,0.633
2013,Arsenal,Mathieu Flamini,mathieu flamini,Midfield,1606,2,0,9000000.0,0.599
2013,Arsenal,Nacho Monreal,nacho monreal,Defender,1179,0,1,11000000.0,0.57
2013,Arsenal,Thomas Vermaelen,thomas vermaelen,Defender,782,0,1,14000000.0,0.55
2013,Arsenal,Alex Oxlade-Chamberlain,alex oxlade chamberlain,Midfield,523,2,3,17000000.0,0.541
2013,Arsenal,Carl Jenkinson,carl jenkinson,Defender,801,1,2,6000000.0,0.456
2013,Arsenal,Tomas Rosicky,tomas rosicky,Midfield,1572,2,1,2000000.0,0.424
2013,Arsenal,Serge Gnabry,serge gnabry,Attack,464,1,1,4000000.0,0.37
2013,Arsenal,Nicklas Bendtner,nicklas bendtner,Attack,157,2,0,4000000.0,0.333
2013,Arsenal,Kim Källström,kim kallstrom,Midfield,128,0,0,2500000.0,0.276
2013,Arsenal,Lukasz Fabianski,lukasz fabianski,Goalkeeper,90,0,0,2000000.0,0.246
2013,Arsenal,Yaya Sanogo,yaya sanogo,Attack,71,0,0,2000000.0,0.244
2013,Arsenal,Ryo Miyaichi,ryo miyaichi,Attack,17,0,0,2000000.0,0.238
2013,Arsenal,Abou Diaby,abou diaby,Midfield,16,0,0,2000000.0,0.237
2013,Arsenal,Chuba Akpom,chuba akpom,Attack,1,0,0,250000.0,0.0
2013,Aston Villa,Christian Benteke,christian benteke,Attack,2128,10,2,18000000.0,0.849
2013,Aston Villa,Brad Guzan,brad guzan,Goalkeeper,3420,0,1,5000000.0,0.82
2013,Aston Villa,Fabian Delph,fabian delph,Midfield,3003,3,3,5000000.0,0.772
2013,Aston Villa,Ron Vlaar,ron vlaar,Defender,2805,0,1,5000000.0,0.748
2013,Aston Villa,Gabriel Agbonlahor,gabriel agbonlahor,Attack,2446,4,6,6500000.0,0.743
2013,Aston Villa,Ashley Westwood,ashley westwood,Midfield,3081,3,2,3500000.0,0.731
2013,Aston Villa,Andreas Weimann,andreas weimann,Attack,2660,5,4,4000000.0,0.7
2013,Aston Villa,Ciaran Clark,ciaran clark,Defender,2202,0,0,4000000.0,0.647
2013,Aston Villa,Leandro Bacuna,leandro bacuna,Midfield,2594,5,1,2500000.0,0.626
2013,Aston Villa,Ryan Bertrand,ryan bertrand,Defender,1455,0,0,6000000.0,0.616
2013,Aston Villa,Nathan Baker,nathan baker,Defender,2478,0,0,2500000.0,0.613
2013,Aston Villa,Karim El Ahmadi,karim el ahmadi,Midfield,2187,2,1,2500000.0,0.579
2013,Aston Villa,Matthew Lowton,matthew lowton,Defender,1663,0,3,3000000.0,0.543
2013,Aston Villa,Libor Kozak,libor kozak,Attack,781,4,0,6000000.0,0.537
2013,Aston Villa,Antonio Luna,antonio luna,Defender,1381,1,0,2000000.0,0.453
2013,Aston Villa,Marc Albrighton,marc albrighton,Midfield,967,0,4,2500000.0,0.436
2013,Aston Villa,Jores Okore,jores okore,Defender,167,0,0,4000000.0,0.409
2013,Aston Villa,Aleksandar Tonev,aleksandar tonev,Attack,597,0,0,2000000.0,0.362
2013,Aston Villa,Yacouba Sylla,yacouba sylla,Midfield,548,0,0,2000000.0,0.356
2013,Aston Villa,Grant Holt,grant holt,Attack,376,1,0,2000000.0,0.336
2013,Aston Villa,Chris Herd,chris herd,Midfield,171,0,0,2000000.0,0.312
2013,Aston Villa,Nicklas Helenius,nicklas helenius,Attack,50,0,0,2000000.0,0.298
2013,Aston Villa,Joe Bennett,joe bennett,Defender,243,0,0,1500000.0,0.28
2013,Aston Villa,Jordan Bowery,jordan bowery,Attack,234,0,1,1000000.0,0.222
2013,Aston Villa,Callum Robinson,callum robinson,Attack,46,0,0,250000.0,0.005
2013,Aston Villa,Jack Grealish,jack grealish,Attack,2,0,0,250000.0,0.0
2013,Cardiff City,Steven Caulker,steven caulker,Defender,3420,5,0,7500000.0,0.939
2013,Cardiff City,Gary Medel,gary medel,Midfield,2873,0,1,11000000.0,0.936
2013,Cardiff City,Fraizer Campbell,fraizer campbell,Attack,2775,6,5,4000000.0,0.764
2013,Cardiff City,David Marshall,david marshall,Goalkeeper,3330,0,0,2500000.0,0.755
2013,Cardiff City,Kévin Théophile-Catherine,kevin theophile catherine,Defender,2356,0,0,3500000.0,0.694
2013,Cardiff City,Peter Whittingham,peter whittingham,Midfield,2661,3,6,2500000.0,0.676
2013,Cardiff City,Jordon Mutch,jordon mutch,Midfield,2264,7,6,3000000.0,0.659
2013,Cardiff City,Ben Turner,ben turner,Defender,2721,0,1,2000000.0,0.648
2013,Cardiff City,Wilfried Zaha,wilfried zaha,Attack,611,0,1,8000000.0,0.621
2013,Cardiff City,Aron Gunnarsson,aron gunnarsson,Midfield,1540,1,2,3000000.0,0.574
2013,Cardiff City,Andreas Cornelius,andreas cornelius,Attack,107,0,0,8500000.0,0.572
2013,Cardiff City,Fábio,fabio,Defender,1092,0,0,4000000.0,0.567
2013,Cardiff City,Bo-kyung Kim,bo kyung kim,Midfield,1675,1,0,2000000.0,0.526
2013,Cardiff City,Andrew Taylor,andrew taylor,Defender,1573,0,0,2000000.0,0.514
2013,Cardiff City,Kenwyne Jones,kenwyne jones,Attack,964,1,1,3000000.0,0.507
2013,Cardiff City,Craig Noone,craig noone,Attack,1225,1,2,2000000.0,0.473
2013,Cardiff City,Magnus Wolff Eikrem,magnus wolff eikrem,Attack,198,0,1,2500000.0,0.388
2013,Cardiff City,Nicky Maynard,nicky maynard,Attack,121,0,0,2500000.0,0.379
2013,Cardiff City,Craig Bellamy,craig bellamy,Attack,1252,2,1,1000000.0,0.366
2013,Cardiff City,Matthew Connolly,matthew connolly,Defender,270,0,0,2000000.0,0.361
2013,Cardiff City,Mats Møller Dæhli,mats m ller d hli,Midfield,626,1,0,1500000.0,0.357
2013,Cardiff City,Don Cowie,don cowie,Midfield,964,0,2,1000000.0,0.333
2013,Cardiff City,Jo Inge Berget,jo inge berget,Midfield,11,0,0,2000000.0,0.331
2013,Cardiff City,Juan Cala,juan cala,Defender,585,2,0,1000000.0,0.288
2013,Cardiff City,Declan John,declan john,Defender,1487,0,0,500000.0,0.284
2013,Cardiff City,Kevin McNaughton,kevin mcnaughton,Defender,281,0,0,1000000.0,0.253
2013,Cardiff City,Rudy Gestede,rudy gestede,Attack,49,0,0,1000000.0,0.226
2013,Cardiff City,Mark Hudson,mark hudson,Defender,147,0,0,500000.0,0.127
2013,Cardiff City,Joe Lewis,joe lewis,Goalkeeper,90,0,0,250000.0,0.011
2013,Chelsea,Eden Hazard,eden hazard,Attack,2898,14,9,45000000.0,0.965
2013,Chelsea,Branislav Ivanovic,branislav ivanovic,Defender,3180,3,1,19000000.0,0.9
2013,Chelsea,Petr Cech,petr cech,Goalkeeper,3060,0,0,20000000.0,0.891
2013,Chelsea,Ramires,ramires,Midfield,2609,1,4,30000000.0,0.881
2013,Chelsea,Oscar,oscar,Midfield,2143,8,5,34000000.0,0.837
2013,Chelsea,Gary Cahill,gary cahill,Defender,2623,1,2,19000000.0,0.83
2013,Chelsea,César Azpilicueta,cesar azpilicueta,Defender,2325,0,1,18000000.0,0.787
2013,Chelsea,John Terry,john terry,Defender,3060,2,1,7500000.0,0.778
2013,Chelsea,Willian,willian,Attack,1679,4,3,30000000.0,0.764
2013,Chelsea,David Luiz,david luiz,Defender,1358,0,1,26000000.0,0.707
2013,Chelsea,Nemanja Matić,nemanja matic,Midfield,1364,0,4,25000000.0,0.704
2013,Chelsea,Fernando Torres,fernando torres,Attack,1571,5,5,19000000.0,0.698
2013,Chelsea,André Schürrle,andre schurrle,Attack,1326,8,2,20000000.0,0.673
2013,Chelsea,Mikel John Obi,mikel john obi,Midfield,1065,1,1,20000000.0,0.64
2013,Chelsea,Samuel Eto'o,samuel eto o,Attack,1306,9,5,9000000.0,0.578
2013,Chelsea,Ashley Cole,ashley cole,Defender,1385,0,2,5000000.0,0.52
2013,Chelsea,Demba Ba,demba ba,Attack,661,5,3,11000000.0,0.52
2013,Chelsea,Mohamed Salah,mohamed salah,Attack,500,2,1,13000000.0,0.519
2013,Chelsea,Kevin De Bruyne,kevin de bruyne,Midfield,132,0,1,17000000.0,0.504
2013,Chelsea,Frank Lampard,frank lampard,Midfield,1701,6,3,2000000.0,0.454
2013,Chelsea,Michael Essien,michael essien,Midfield,147,0,0,10000000.0,0.445
2013,Chelsea,Marco van Ginkel,marco van ginkel,Midfield,11,0,0,8000000.0,0.402
2013,Chelsea,Tomas Kalas,tomas kalas,Defender,180,0,0,6000000.0,0.39
2013,Chelsea,Nathan Aké,nathan ake,Defender,11,0,0,1500000.0,0.208
2013,Chelsea,Mark Schwarzer,mark schwarzer,Goalkeeper,360,0,0,1000000.0,0.205
2013,Chelsea,John Swift,john swift,Midfield,1,0,0,250000.0,0.0
2013,Crystal Palace,Mile Jedinak,mile jedinak,Midfield,3354,1,2,2500000.0,0.799
2013,Crystal Palace,Joel Ward,joel ward,Defender,3240,0,3,2000000.0,0.746
2013,Crystal Palace,Jason Puncheon,jason puncheon,Midfield,2517,7,4,3000000.0,0.73
2013,Crystal Palace,Marouane Chamakh,marouane chamakh,Attack,2306,5,3,2500000.0,0.674
2013,Crystal Palace,Adrian Mariappa,adrian mariappa,Defender,2113,1,1,2500000.0,0.651
2013,Crystal Palace,Tom Ince,tom ince,Attack,411,1,1,8000000.0,0.649
2013,Crystal Palace,Damien Delaney,damien delaney,Defender,3285,1,1,1000000.0,0.632
2013,Crystal Palace,Joe Ledley,joe ledley,Midfield,1249,2,1,3500000.0,0.606
2013,Crystal Palace,Yannick Bolasie,yannick bolasie,Attack,2039,0,4,2000000.0,0.603
2013,Crystal Palace,Kagisho Dikgacoi,kagisho dikgacoi,Midfield,1956,0,0,2000000.0,0.593
2013,Crystal Palace,Dwight Gayle,dwight gayle,Attack,881,7,0,4000000.0,0.585
2013,Crystal Palace,Scott Dann,scott dann,Defender,1260,1,0,3000000.0,0.58
2013,Crystal Palace,Cameron Jerome,cameron jerome,Attack,1793,2,2,2000000.0,0.574
2013,Crystal Palace,Barry Bannan,barry bannan,Midfield,1005,1,1,3000000.0,0.55
2013,Crystal Palace,Julián Speroni,julian speroni,Goalkeeper,3330,0,0,500000.0,0.517
2013,Crystal Palace,Glenn Murray,glenn murray,Attack,395,1,1,3500000.0,0.504
2013,Crystal Palace,Wayne Hennessey,wayne hennessey,Goalkeeper,90,0,0,3000000.0,0.441
2013,Crystal Palace,Adlène Guédioura,adlene guedioura,Midfield,317,0,0,2500000.0,0.436
2013,Crystal Palace,José Campaña,jose campana,Midfield,310,0,2,2500000.0,0.436
2013,Crystal Palace,Dean Moxey,dean moxey,Defender,1518,0,1,1000000.0,0.421
2013,Crystal Palace,Jonathan Williams,jonathan williams,Midfield,179,0,0,2500000.0,0.42
2013,Crystal Palace,Jonathan Parr,jonathan parr,Defender,756,0,0,1500000.0,0.4
2013,Crystal Palace,Jimmy Kébé,jimmy kebe,Attack,190,0,0,2000000.0,0.383
2013,Crystal Palace,Owen Garvan,owen garvan,Midfield,93,0,0,2000000.0,0.371
2013,Crystal Palace,Danny Gabbidon,danny gabbidon,Defender,1974,1,0,500000.0,0.355
2013,Crystal Palace,Jerome Thomas,jerome thomas,Attack,368,0,0,1500000.0,0.354
2013,Crystal Palace,Stephen Dobbie,stephen dobbie,Attack,66,0,0,1000000.0,0.248
2013,Crystal Palace,Patrick McCarthy,patrick mccarthy,Defender,26,0,0,1000000.0,0.243
2013,Crystal Palace,Stuart O'Keefe,stuart o keefe,Midfield,390,1,0,500000.0,0.167
2013,Crystal Palace,Aaron Wilbraham,aaron wilbraham,Attack,81,0,0,250000.0,0.01
2013,Crystal Palace,Kevin Phillips,kevin phillips,Attack,76,0,0,250000.0,0.009
2013,Everton,Leighton Baines,leighton baines,Defender,2840,5,4,20000000.0,0.919
2013,Everton,Romelu Lukaku,romelu lukaku,Attack,2604,15,8,25000000.0,0.919
2013,Everton,Séamus Coleman,seamus coleman,Defender,3229,6,2,10000000.0,0.876
2013,Everton,James McCarthy,james mccarthy,Midfield,2856,1,3,12000000.0,0.854
2013,Everton,Kevin Mirallas,kevin mirallas,Midfield,2334,8,9,12000000.0,0.79
2013,Everton,Ross Barkley,ross barkley,Midfield,2288,6,2,11000000.0,0.774
2013,Everton,Gareth Barry,gareth barry,Midfield,2849,3,4,5000000.0,0.74
2013,Everton,Phil Jagielka,phil jagielka,Defender,2316,0,1,7500000.0,0.727
2013,Everton,Tim Howard,tim howard,Goalkeeper,3263,0,1,2000000.0,0.671
2013,Everton,Gerard Deulofeu,gerard deulofeu,Attack,893,3,4,12000000.0,0.614
2013,Everton,Leon Osman,leon osman,Midfield,2173,3,5,3500000.0,0.61
2013,Everton,Steven Pienaar,steven pienaar,Midfield,1632,1,3,4000000.0,0.561
2013,Everton,Sylvain Distin,sylvain distin,Defender,2925,0,0,1000000.0,0.539
2013,Everton,John Stones,john stones,Defender,1369,0,0,4000000.0,0.529
2013,Everton,Steven Naismith,steven naismith,Attack,1412,5,3,3500000.0,0.517
2013,Everton,Lacina Traore,lacina traore,Attack,1,0,0,11000000.0,0.493
2013,Everton,Aiden McGeady,aiden mcgeady,Attack,470,0,1,6000000.0,0.472
2013,Everton,Bryan Oviedo,bryan oviedo,Defender,718,2,1,4500000.0,0.465
2013,Everton,Arouna Koné,arouna kone,Attack,79,0,0,5000000.0,0.4
2013,Everton,Joel Robles,joel robles,Goalkeeper,156,0,0,4000000.0,0.38
2013,Everton,Darron Gibson,darron gibson,Midfield,27,0,0,4000000.0,0.365
2013,Everton,Antolín Alcaraz,antolin alcaraz,Defender,495,0,0,2500000.0,0.361
2013,Everton,Tony Hibbert,tony hibbert,Defender,3,0,0,750000.0,0.144
2013,Everton,Luke Garbutt,luke garbutt,Defender,1,0,0,250000.0,0.0
2013,Fulham,Steve Sidwell,steve sidwell,Midfield,3232,7,2,2500000.0,0.757
2013,Fulham,Fernando Amorebieta,fernando amorebieta,Defender,1846,1,0,6000000.0,0.721
2013,Fulham,Scott Parker,scott parker,Midfield,2318,2,1,4000000.0,0.717
2013,Fulham,Sascha Riether,sascha riether,Defender,2648,0,3,3000000.0,0.713
2013,Fulham,Lewis Holtby,lewis holtby,Midfield,1489,2,3,7500000.0,0.711
2013,Fulham,Bryan Ruiz,bryan ruiz,Midfield,773,1,3,12000000.0,0.696
2013,Fulham,Maarten Stekelenburg,maarten stekelenburg,Goalkeeper,1682,0,0,5000000.0,0.672
2013,Fulham,Kieran Richardson,kieran richardson,Defender,2380,4,5,2500000.0,0.651
2013,Fulham,Pajtim Kasami,pajtim kasami,Midfield,1805,3,0,3500000.0,0.632
2013,Fulham,Adel Taarabt,adel taarabt,Midfield,593,0,1,9000000.0,0.629
2013,Fulham,Brede Hangeland,brede hangeland,Defender,1905,0,0,3000000.0,0.621
2013,Fulham,Konstantinos Mitroglou,konstantinos mitroglou,Attack,151,0,0,12000000.0,0.619
2013,Fulham,Darren Bent,darren bent,Attack,1241,3,2,5000000.0,0.618
2013,Fulham,Dimitar Berbatov,dimitar berbatov,Attack,1569,4,2,3500000.0,0.603
2013,Fulham,Alexander Kacaniklic,alexander kacaniklic,Attack,1300,1,2,3500000.0,0.57
2013,Fulham,Johnny Heitinga,johnny heitinga,Defender,1250,1,1,3500000.0,0.564
2013,Fulham,Clint Dempsey,clint dempsey,Attack,355,0,0,7000000.0,0.56
2013,Fulham,Ashkan Dejagah,ashkan dejagah,Attack,1303,5,2,3000000.0,0.546
2013,Fulham,David Stockdale,david stockdale,Goalkeeper,1738,0,0,2000000.0,0.537
2013,Fulham,William Kvist,william kvist,Midfield,592,0,0,4500000.0,0.521
2013,Fulham,Philippe Senderos,philippe senderos,Defender,1027,1,1,2500000.0,0.484
2013,Fulham,Hugo Rodallega,hugo rodallega,Attack,624,2,2,2500000.0,0.434
2013,Fulham,John Arne Riise,john arne riise,Defender,1486,0,0,1000000.0,0.399
2013,Fulham,Aaron Hughes,aaron hughes,Defender,1064,0,0,1000000.0,0.347
2013,Fulham,Derek Boateng,derek boateng,Midfield,155,0,0,2000000.0,0.341
2013,Fulham,Damien Duff,damien duff,Midfield,694,0,3,1000000.0,0.301
2013,Fulham,Georgios Karagounis,georgios karagounis,Midfield,655,0,0,1000000.0,0.296
2013,Fulham,Matthew Briggs,matthew briggs,Defender,87,0,0,1500000.0,0.288
2013,Fulham,Elsad Zverotic,elsad zverotic,Defender,403,0,0,1000000.0,0.265
2013,Fulham,Ryan Tunnicliffe,ryan tunnicliffe,Midfield,167,0,1,1000000.0,0.236
2013,Fulham,Mahamadou Diarra,mahamadou diarra,Midfield,338,0,0,750000.0,0.212
2013,Fulham,Dan Burn,dan burn,Defender,607,0,0,500000.0,0.183
2013,Fulham,Larnell Cole,larnell cole,Midfield,10,0,0,250000.0,0.001
2013,Hull City,Tom Huddlestone,tom huddlestone,Midfield,3145,2,5,6000000.0,0.95
2013,Hull City,Curtis Davies,curtis davies,Defender,3326,2,1,4000000.0,0.899
2013,Hull City,Ahmed Elmohamady,ahmed elmohamady,Defender,3329,2,2,3500000.0,0.875
2013,Hull City,Shane Long,shane long,Attack,2242,7,2,7000000.0,0.869
2013,Hull City,Maynor Figueroa,maynor figueroa,Defender,2715,0,1,4000000.0,0.825
2013,Hull City,Nikica Jelavic,nikica jelavic,Attack,1697,5,3,6500000.0,0.791
2013,Hull City,Jake Livermore,jake livermore,Midfield,3054,3,4,2500000.0,0.782
2013,Hull City,David Meyler,david meyler,Midfield,2135,2,1,3000000.0,0.704
2013,Hull City,Allan McGregor,allan mcgregor,Goalkeeper,2228,0,0,2000000.0,0.642
2013,Hull City,James Chester,james chester,Defender,1868,1,0,2500000.0,0.639
2013,Hull City,Danny Graham,danny graham,Attack,1001,1,2,3500000.0,0.595
2013,Hull City,Yannick Sagbo,yannick sagbo,Attack,1502,2,2,2500000.0,0.595
2013,Hull City,Sone Aluko,sone aluko,Attack,936,1,4,3500000.0,0.588
2013,Hull City,Liam Rosenior,liam rosenior,Defender,1986,1,4,1500000.0,0.561
2013,Hull City,Robbie Brady,robbie brady,Midfield,889,3,1,3000000.0,0.554
2013,Hull City,George Boyd,george boyd,Attack,1199,2,2,1500000.0,0.467
2013,Hull City,Alex Bruce,alex bruce,Defender,1594,0,1,1000000.0,0.441
2013,Hull City,Stephen Quinn,stephen quinn,Midfield,504,0,0,2000000.0,0.435
2013,Hull City,Paul McShane,paul mcshane,Defender,686,0,0,1500000.0,0.405
2013,Hull City,Robert Koren,robert koren,Midfield,1135,2,0,1000000.0,0.386
2013,Hull City,Gedo,gedo,Attack,29,0,0,2000000.0,0.378
2013,Hull City,Matty Fryatt,matty fryatt,Attack,218,2,0,1500000.0,0.349
2013,Hull City,Nick Proschwitz,nick proschwitz,Attack,23,0,0,1500000.0,0.325
2013,Hull City,Abdoulaye Faye,abdoulaye faye,Defender,270,0,0,500000.0,0.157
2013,Hull City,Eldin Jakupovic,eldin jakupovic,Goalkeeper,90,0,0,500000.0,0.136
2013,Hull City,Steve Harper,steve harper,Goalkeeper,1100,0,0,250000.0,0.132
2013,Hull City,Aaron McLean,aaron mclean,Attack,6,0,0,500000.0,0.126
2013,Liverpool,Luis Suárez,luis suarez,Attack,2965,31,17,52000000.0,0.947
2013,Liverpool,Simon Mignolet,simon mignolet,Goalkeeper,3420,0,0,12000000.0,0.811
2013,Liverpool,Martin Skrtel,martin skrtel,Defender,3222,7,1,14000000.0,0.807
2013,Liverpool,Jordan Henderson,jordan henderson,Midfield,3130,4,7,15000000.0,0.805
2013,Liverpool,Daniel Sturridge,daniel sturridge,Attack,2277,22,9,20000000.0,0.743
2013,Liverpool,Philippe Coutinho,philippe coutinho,Midfield,2334,5,7,16000000.0,0.721
2013,Liverpool,Glen Johnson,glen johnson,Defender,2520,0,2,12000000.0,0.705
2013,Liverpool,Steven Gerrard,steven gerrard,Midfield,2900,13,15,7500000.0,0.689
2013,Liverpool,Raheem Sterling,raheem sterling,Attack,2221,9,7,13000000.0,0.681
2013,Liverpool,Lucas Leiva,lucas leiva,Midfield,1872,0,0,17000000.0,0.675
2013,Liverpool,Mamadou Sakho,mamadou sakho,Defender,1481,1,0,19000000.0,0.643
2013,Liverpool,Daniel Agger,daniel agger,Defender,1420,2,1,17000000.0,0.622
2013,Liverpool,Joe Allen,joe allen,Midfield,1438,1,1,14000000.0,0.599
2013,Liverpool,José Enrique,jose enrique,Defender,602,0,2,14000000.0,0.501
2013,Liverpool,Victor Moses,victor moses,Midfield,643,1,0,11000000.0,0.475
2013,Liverpool,Aly Cissokho,aly cissokho,Defender,1090,0,2,6000000.0,0.449
2013,Liverpool,Kolo Touré,kolo toure,Defender,1439,0,3,4000000.0,0.437
2013,Liverpool,Iago Aspas,iago aspas,Attack,380,0,1,7000000.0,0.385
2013,Liverpool,Luis Alberto,luis alberto,Midfield,135,0,1,6000000.0,0.337
2013,Liverpool,Jon Flanagan,jon flanagan,Defender,1897,1,2,1000000.0,0.311
2013,Liverpool,Martin Kelly,martin kelly,Defender,108,0,0,5000000.0,0.31
2013,Liverpool,Andre Wisdom,andre wisdom,Defender,81,0,0,2500000.0,0.217
2013,Liverpool,Jordon Ibe,jordon ibe,Attack,14,0,0,500000.0,0.002
2013,Manchester City,Yaya Touré,yaya toure,Midfield,2927,20,9,30000000.0,0.905
2013,Manchester City,Fernandinho,fernandinho,Midfield,2608,5,3,32000000.0,0.876
2013,Manchester City,David Silva,david silva,Midfield,2174,7,11,40000000.0,0.861
2013,Manchester City,Vincent Kompany,vincent kompany,Defender,2365,4,1,35000000.0,0.861
2013,Manchester City,Pablo Zabaleta,pablo zabaleta,Defender,3079,1,7,19000000.0,0.841
2013,Manchester City,Sergio Agüero,sergio aguero,Attack,1538,17,10,45000000.0,0.8
2013,Manchester City,Samir Nasri,samir nasri,Midfield,2499,7,9,22000000.0,0.792
2013,Manchester City,Joe Hart,joe hart,Goalkeeper,2790,0,0,16000000.0,0.771
2013,Manchester City,Edin Dzeko,edin dzeko,Attack,1990,16,8,24000000.0,0.742
2013,Manchester City,Álvaro Negredo,alvaro negredo,Attack,1727,9,5,27000000.0,0.73
2013,Manchester City,Jesús Navas,jesus navas,Midfield,1775,4,7,20000000.0,0.681
2013,Manchester City,Aleksandar Kolarov,aleksandar kolarov,Defender,1970,1,8,12000000.0,0.612
2013,Manchester City,Javi García,javi garcia,Midfield,1526,0,0,16000000.0,0.607
2013,Manchester City,Matija Nastasić,matija nastasic,Defender,1027,0,1,21000000.0,0.593
2013,Manchester City,Gaël Clichy,gael clichy,Defender,1660,0,0,13000000.0,0.586
2013,Manchester City,James Milner,james milner,Midfield,1359,1,7,15000000.0,0.574
2013,Manchester City,Stevan Jovetić,stevan jovetic,Attack,360,3,2,26000000.0,0.545
2013,Manchester City,Micah Richards,micah richards,Defender,161,0,0,16000000.0,0.43
2013,Manchester City,Martín Demichelis,martin demichelis,Defender,2430,2,2,2500000.0,0.382
2013,Manchester City,Jack Rodwell,jack rodwell,Midfield,109,0,0,12000000.0,0.37
2013,Manchester City,Joleon Lescott,joleon lescott,Defender,784,0,0,7000000.0,0.358
2013,Manchester City,Costel Pantilimon,costel pantilimon,Goalkeeper,630,0,0,2500000.0,0.148
2013,Manchester City,Dedryck Boyata,dedryck boyata,Defender,55,0,0,1750000.0,0.007
2013,Manchester United,Wayne Rooney,wayne rooney,Attack,2448,17,12,45000000.0,0.894
2013,Manchester United,David de Gea,david de gea,Goalkeeper,3330,0,0,17000000.0,0.847
2013,Manchester United,Juan Mata,juan mata,Midfield,2064,6,7,40000000.0,0.829
2013,Manchester United,Robin van Persie,robin van persie,Attack,1583,12,3,40000000.0,0.772
2013,Manchester United,Phil Jones,phil jones,Defender,2174,1,2,18000000.0,0.717
2013,Manchester United,Antonio Valencia,antonio valencia,Defender,1942,2,4,16000000.0,0.67
2013,Manchester United,Patrice Evra,patrice evra,Defender,2884,1,5,7500000.0,0.664
2013,Manchester United,Marouane Fellaini,marouane fellaini,Midfield,1376,0,3,23000000.0,0.659
2013,Manchester United,Michael Carrick,michael carrick,Midfield,2413,1,0,8500000.0,0.627
2013,Manchester United,Chris Smalling,chris smalling,Defender,1938,1,0,12000000.0,0.624
2013,Manchester United,Danny Welbeck,danny welbeck,Attack,1459,9,4,17000000.0,0.622
2013,Manchester United,Nemanja Vidic‎,nemanja vidic,Defender,2083,0,0,10000000.0,0.613
2013,Manchester United,Tom Cleverley,tom cleverley,Midfield,1576,1,0,14000000.0,0.605
2013,Manchester United,Rafael,rafael,Defender,1418,0,1,15000000.0,0.597
2013,Manchester United,Shinji Kagawa,shinji kagawa,Midfield,1170,0,4,17000000.0,0.587
2013,Manchester United,Jonny Evans,jonny evans,Defender,1377,0,0,13000000.0,0.57
2013,Manchester United,Ashley Young,ashley young,Defender,1031,2,4,14000000.0,0.54
2013,Manchester United,Chicharito,chicharito,Attack,840,4,3,16000000.0,0.538
2013,Manchester United,Nani,nani,Attack,560,0,0,16000000.0,0.504
2013,Manchester United,Adnan Januzaj,adnan januzaj,Attack,1641,4,4,6000000.0,0.48
2013,Manchester United,Anderson,anderson,Midfield,155,0,0,9000000.0,0.365
2013,Manchester United,Darren Fletcher,darren fletcher,Midfield,779,0,0,4000000.0,0.312
2013,Manchester United,Alexander Büttner,alexander buttner,Defender,497,0,0,3500000.0,0.257
2013,Manchester United,Rio Ferdinand,rio ferdinand,Defender,1128,0,0,1500000.0,0.199
2013,Manchester United,Anders Lindegaard,anders lindegaard,Goalkeeper,90,0,0,2500000.0,0.155
2013,Manchester United,Ryan Giggs,ryan giggs,Midfield,503,0,2,1000000.0,0.06
2013,Newcastle United,Moussa Sissoko,moussa sissoko,Midfield,3035,3,6,11000000.0,0.865
2013,Newcastle United,Tim Krul,tim krul,Goalkeeper,3240,0,0,9000000.0,0.854
2013,Newcastle United,Cheik Tioté,cheik tiote,Midfield,2764,0,2,10000000.0,0.815
2013,Newcastle United,Yohan Cabaye,yohan cabaye,Midfield,1508,7,3,20000000.0,0.786
2013,Newcastle United,Mathieu Debuchy,mathieu debuchy,Defender,2495,1,4,10000000.0,0.781
2013,Newcastle United,Yoan Gouffran,yoan gouffran,Attack,2622,6,5,9000000.0,0.778
2013,Newcastle United,Loïc Rémy,loic remy,Attack,2103,14,3,12000000.0,0.766
2013,Newcastle United,Davide Santon,davide santon,Defender,2223,0,0,10000000.0,0.748
2013,Newcastle United,Vurnon Anita,vurnon anita,Midfield,2461,1,1,6000000.0,0.684
2013,Newcastle United,Hatem Ben Arfa,hatem ben arfa,Midfield,1303,3,4,12000000.0,0.668
2013,Newcastle United,Papiss Cissé,papiss cisse,Attack,1383,2,3,10000000.0,0.644
2013,Newcastle United,Mike Williamson,mike williamson,Defender,2912,0,0,3500000.0,0.641
2013,Newcastle United,Fabricio Coloccini,fabricio coloccini,Defender,2405,0,0,4500000.0,0.624
2013,Newcastle United,Mapou Yanga-Mbiwa,mapou yanga mbiwa,Defender,1497,0,0,7000000.0,0.593
2013,Newcastle United,Luuk de Jong,luuk de jong,Attack,671,0,1,7500000.0,0.504
2013,Newcastle United,Steven Taylor,steven taylor,Defender,730,1,0,3500000.0,0.372
2013,Newcastle United,Massadio Haïdara,massadio haidara,Defender,426,0,0,3000000.0,0.306
2013,Newcastle United,Shola Ameobi,shola ameobi,Attack,1284,2,2,1500000.0,0.285
2013,Newcastle United,Sammy Ameobi,sammy ameobi,Attack,372,0,0,2500000.0,0.266
2013,Newcastle United,Sylvain Marveaux,sylvain marveaux,Midfield,224,0,0,2500000.0,0.248
2013,Newcastle United,Gabriel Obertan,gabriel obertan,Attack,33,0,0,2500000.0,0.224
2013,Newcastle United,Dan Gosling,dan gosling,Midfield,361,0,0,1500000.0,0.171
2013,Newcastle United,Paul Dummett,paul dummett,Defender,1139,1,1,750000.0,0.141
2013,Newcastle United,Rob Elliot,rob elliot,Goalkeeper,180,0,0,1000000.0,0.075
2013,Norwich City,Leroy Fer,leroy fer,Midfield,2465,3,2,8500000.0,0.888
2013,Norwich City,John Ruddy,john ruddy,Goalkeeper,3420,0,0,4500000.0,0.822
2013,Norwich City,Gary Hooper,gary hooper,Attack,2020,6,2,7000000.0,0.782
2013,Norwich City,Robert Snodgrass,robert snodgrass,Attack,2572,6,2,5500000.0,0.779
2013,Norwich City,Martin Olsson,martin olsson,Defender,2965,0,1,4000000.0,0.735
2013,Norwich City,Ricky van Wolfswinkel,ricky van wolfswinkel,Attack,1394,1,2,7500000.0,0.728
2013,Norwich City,Sébastien Bassong,sebastien bassong,Defender,2378,0,0,4500000.0,0.7
2013,Norwich City,Russell Martin,russell martin,Defender,2616,0,0,3000000.0,0.614
2013,Norwich City,Nathan Redmond,nathan redmond,Attack,2158,1,4,3500000.0,0.604
2013,Norwich City,Bradley Johnson,bradley johnson,Midfield,2462,3,1,3000000.0,0.596
2013,Norwich City,Jonathan Howson,jonathan howson,Midfield,2084,2,0,3500000.0,0.595
2013,Norwich City,Michael Turner,michael turner,Defender,1944,0,0,3000000.0,0.535
2013,Norwich City,Alexander Tettey,alexander tettey,Midfield,1488,1,0,3500000.0,0.525
2013,Norwich City,Anthony Pilkington,anthony pilkington,Attack,832,1,1,4500000.0,0.519
2013,Norwich City,Johan Elmander,johan elmander,Attack,1486,1,4,2500000.0,0.431
2013,Norwich City,Ryan Bennett,ryan bennett,Defender,1348,1,0,2500000.0,0.415
2013,Norwich City,Steven Whittaker,steven whittaker,Defender,1422,1,1,2000000.0,0.361
2013,Norwich City,Jonás Gutiérrez,jonas gutierrez,Midfield,260,0,0,3000000.0,0.338
2013,Norwich City,Javier Garrido,javier garrido,Defender,516,0,0,2500000.0,0.317
2013,Norwich City,Wes Hoolahan,wes hoolahan,Midfield,800,1,1,2000000.0,0.288
2013,Norwich City,Joseph Yobo,joseph yobo,Defender,720,0,0,2000000.0,0.279
2013,Norwich City,Elliott Bennett,elliott bennett,Midfield,104,0,0,1500000.0,0.126
2013,Norwich City,Luciano Becchio,luciano becchio,Attack,54,0,0,1500000.0,0.12
2013,Norwich City,Josh Murphy,josh murphy,Attack,131,0,0,1000000.0,0.015
2013,Southampton,Luke Shaw,luke shaw,Defender,2992,0,2,13000000.0,0.955
2013,Southampton,Dejan Lovren,dejan lovren,Defender,2788,2,1,12000000.0,0.918
2013,Southampton,Adam Lallana,adam lallana,Midfield,3101,9,8,7500000.0,0.888
2013,Southampton,Morgan Schneiderlin,morgan schneiderlin,Midfield,2766,2,1,8500000.0,0.865
2013,Southampton,Jay Rodríguez,jay rodriguez,Attack,2570,15,3,7500000.0,0.822
2013,Southampton,Victor Wanyama,victor wanyama,Midfield,1659,0,0,14000000.0,0.799
2013,Southampton,Rickie Lambert,rickie lambert,Attack,2818,13,11,5000000.0,0.793
2013,Southampton,José Fonte,jose fonte,Defender,3181,3,0,3500000.0,0.787
2013,Southampton,Steven Davis,steven davis,Midfield,2500,2,7,5500000.0,0.767
2013,Southampton,Nathaniel Clyne,nathaniel clyne,Defender,1861,0,5,7000000.0,0.722
2013,Southampton,Daniel Osvaldo,daniel osvaldo,Attack,855,3,0,15000000.0,0.708
2013,Southampton,Jack Cork,jack cork,Midfield,1736,0,2,3500000.0,0.605
2013,Southampton,James Ward-Prowse,james ward prowse,Midfield,1604,0,2,3500000.0,0.588
2013,Southampton,Artur Boruc,artur boruc,Goalkeeper,2578,0,1,1500000.0,0.587
2013,Southampton,Gastón Ramírez,gaston ramirez,Midfield,511,1,3,7500000.0,0.563
2013,Southampton,Calum Chambers,calum chambers,Defender,1641,0,0,2000000.0,0.511
2013,Southampton,Maya Yoshida,maya yoshida,Defender,632,1,0,4500000.0,0.503
2013,Southampton,Paulo Gazzaniga,paulo gazzaniga,Goalkeeper,662,0,0,2000000.0,0.388
2013,Southampton,Danny Fox,danny fox,Defender,258,0,1,2500000.0,0.37
2013,Southampton,Jos Hooiveld,jos hooiveld,Defender,270,0,0,2000000.0,0.339
2013,Southampton,Guly,guly,Midfield,77,0,0,1000000.0,0.213
2013,Southampton,Sam Gallagher,sam gallagher,Attack,383,1,0,500000.0,0.15
2013,Southampton,Kelvin Davis,kelvin davis,Goalkeeper,180,0,0,250000.0,0.023
2013,Stoke City,Ryan Shawcross,ryan shawcross,Defender,3292,1,0,9000000.0,0.973
2013,Stoke City,Asmir Begovic,asmir begovic,Goalkeeper,2880,1,0,10000000.0,0.95
2013,Stoke City,Steven Nzonzi,steven nzonzi,Midfield,3041,2,1,6000000.0,0.836
2013,Stoke City,Geoff Cameron,geoff cameron,Defender,3285,2,2,4500000.0,0.791
2013,Stoke City,Marc Wilson,marc wilson,Defender,2691,0,0,4000000.0,0.688
2013,Stoke City,Erik Pieters,erik pieters,Defender,2902,1,2,3500000.0,0.679
2013,Stoke City,Robert Huth,robert huth,Defender,1067,0,1,8000000.0,0.672
2013,Stoke City,Marko Arnautovic,marko arnautovic,Attack,2256,4,10,4500000.0,0.666
2013,Stoke City,Charlie Adam,charlie adam,Midfield,1759,8,4,5000000.0,0.633
2013,Stoke City,Jonathan Walters,jonathan walters,Attack,2240,5,2,4000000.0,0.633
2013,Stoke City,Glenn Whelan,glenn whelan,Midfield,2361,0,1,3500000.0,0.613
2013,Stoke City,Peter Crouch,peter crouch,Attack,2643,7,6,2500000.0,0.56
2013,Stoke City,Oussama Assaidi,oussama assaidi,Attack,1111,4,0,4500000.0,0.527
2013,Stoke City,Peter Odemwingie,peter odemwingie,Attack,2091,7,3,2500000.0,0.493
2013,Stoke City,Stephen Ireland,stephen ireland,Midfield,1388,2,3,3000000.0,0.455
2013,Stoke City,Jack Butland,jack butland,Goalkeeper,225,0,0,5000000.0,0.447
2013,Stoke City,John Guidetti,john guidetti,Attack,60,0,1,4500000.0,0.399
2013,Stoke City,Marc Muniesa,marc muniesa,Defender,827,0,0,2000000.0,0.281
2013,Stoke City,Jermaine Pennant,jermaine pennant,Attack,179,1,0,2500000.0,0.261
2013,Stoke City,Andy Wilkinson,andy wilkinson,Defender,274,0,0,2000000.0,0.214
2013,Stoke City,Wilson Palacios,wilson palacios,Midfield,513,0,0,1500000.0,0.168
2013,Stoke City,Matthew Etherington,matthew etherington,Midfield,420,0,0,1500000.0,0.157
2013,Stoke City,Brek Shea,brek shea,Midfield,31,0,0,1500000.0,0.109
2013,Stoke City,Thomas Sörensen,thomas sorensen,Goalkeeper,315,0,0,1000000.0,0.038
2013,Sunderland,Adam Johnson,adam johnson,Attack,2445,8,6,7500000.0,0.891
2013,Sunderland,Fabio Borini,fabio borini,Attack,2143,7,3,8500000.0,0.88
2013,Sunderland,Sung-yueng Ki,sung yueng ki,Midfield,2198,3,2,6500000.0,0.822
2013,Sunderland,Emanuele Giaccherini,emanuele giaccherini,Midfield,1355,4,4,8500000.0,0.772
2013,Sunderland,Steven Fletcher,steven fletcher,Attack,1239,3,0,9000000.0,0.77
2013,Sunderland,Jack Colback,jack colback,Midfield,2425,3,3,4500000.0,0.765
2013,Sunderland,Sebastian Larsson,sebastian larsson,Midfield,2218,1,3,5000000.0,0.762
2013,Sunderland,Jozy Altidore,jozy altidore,Attack,1776,1,3,6000000.0,0.745
2013,Sunderland,Vito Mannone,vito mannone,Goalkeeper,2567,0,0,3000000.0,0.686
2013,Sunderland,Phil Bardsley,phil bardsley,Defender,2246,2,1,3000000.0,0.642
2013,Sunderland,John O'Shea,john o shea,Defender,2922,1,0,2000000.0,0.637
2013,Sunderland,Lee Cattermole,lee cattermole,Midfield,1757,1,0,3500000.0,0.612
2013,Sunderland,Connor Wickham,connor wickham,Attack,848,5,2,5000000.0,0.574
2013,Sunderland,Liam Bridcutt,liam bridcutt,Midfield,847,0,0,4500000.0,0.549
2013,Sunderland,Craig Gardner,craig gardner,Midfield,765,2,2,4500000.0,0.537
2013,Sunderland,Ondrej Celustka,ondrej celustka,Defender,1333,0,1,2500000.0,0.473
2013,Sunderland,Modibo Diakité,modibo diakite,Defender,630,0,0,3500000.0,0.458
2013,Sunderland,Ignacio Scocco,ignacio scocco,Attack,93,0,0,4500000.0,0.445
2013,Sunderland,Marcos Alonso,marcos alonso,Defender,1440,0,2,2000000.0,0.434
2013,Sunderland,Valentin Roberge,valentin roberge,Defender,668,0,1,2500000.0,0.382
2013,Sunderland,Charalampos Mavrias,charalampos mavrias,Defender,150,0,0,3000000.0,0.355
2013,Sunderland,Keiren Westwood,keiren westwood,Goalkeeper,853,0,0,2000000.0,0.354
2013,Sunderland,Dong-won Ji,dong won ji,Attack,201,0,0,2500000.0,0.318
2013,Sunderland,David Vaughan,david vaughan,Midfield,172,0,0,2500000.0,0.314
2013,Sunderland,Wes Brown,wes brown,Defender,2065,0,2,750000.0,0.283
2013,Sunderland,Andrea Dossena,andrea dossena,Midfield,491,0,0,1500000.0,0.235
2013,Sunderland,Carlos Cuéllar,carlos cuellar,Defender,342,0,0,1500000.0,0.214
2013,Sunderland,Santiago Vergini,santiago vergini,Defender,978,0,0,1000000.0,0.203
2013,Sunderland,Cabral,cabral,Midfield,90,0,0,1000000.0,0.082
2013,Swansea City,Wilfried Bony,wilfried bony,Attack,2472,17,4,15000000.0,0.925
2013,Swansea City,Ashley Williams,ashley williams,Defender,3040,1,1,8000000.0,0.913
2013,Swansea City,Ben Davies,ben davies,Defender,2873,2,1,5500000.0,0.839
2013,Swansea City,Jonathan de Guzmán,jonathan de guzman,Midfield,2356,4,5,9000000.0,0.839
2013,Swansea City,Chico Flores,chico flores,Defender,2690,3,1,6500000.0,0.838
2013,Swansea City,Jonjo Shelvey,jonjo shelvey,Midfield,2475,6,7,7500000.0,0.829
2013,Swansea City,Michel Vorm,michel vorm,Goalkeeper,2340,0,0,7000000.0,0.802
2013,Swansea City,Wayne Routledge,wayne routledge,Attack,2707,2,4,4500000.0,0.789
2013,Swansea City,Michu,michu,Attack,1289,2,2,12000000.0,0.739
2013,Swansea City,Ángel Rangel,angel rangel,Defender,2632,0,2,3000000.0,0.723
2013,Swansea City,Pablo Hernández,pablo hernandez,Midfield,1431,2,7,8000000.0,0.701
2013,Swansea City,José Alberto Cañas,jose alberto canas,Midfield,1669,0,0,5000000.0,0.667
2013,Swansea City,Nathan Dyer,nathan dyer,Attack,1750,6,2,4500000.0,0.663
2013,Swansea City,Leon Britton,leon britton,Midfield,2022,0,2,3000000.0,0.642
2013,Swansea City,Jordi Amat,jordi amat,Defender,1246,0,0,3000000.0,0.54
2013,Swansea City,Neil Taylor,neil taylor,Defender,590,0,1,3500000.0,0.475
2013,Swansea City,Alejandro Pozuelo,alejandro pozuelo,Midfield,869,0,3,2000000.0,0.434
2013,Swansea City,Álvaro Vázquez,alvaro vazquez,Attack,409,0,1,3000000.0,0.43
2013,Swansea City,Dwight Tiendalli,dwight tiendalli,Defender,751,0,1,2000000.0,0.419
2013,Swansea City,Roland Lamah,roland lamah,Attack,455,2,2,2500000.0,0.411
2013,Swansea City,Gerhard Tremmel,gerhard tremmel,Goalkeeper,1080,0,0,1000000.0,0.366
2013,Swansea City,Marvin Emnes,marvin emnes,Attack,135,1,2,1500000.0,0.298
2013,Swansea City,David N'Gog,david n gog,Attack,42,0,0,1500000.0,0.286
2013,Swansea City,Kyle Bartley,kyle bartley,Defender,91,0,0,1000000.0,0.236
2013,Swansea City,Leroy Lita,leroy lita,Attack,34,0,0,750000.0,0.188
2013,Swansea City,Jay Fulton,jay fulton,Midfield,80,0,0,200000.0,0.011
2013,Tottenham Hotspur,Hugo Lloris,hugo lloris,Goalkeeper,3330,0,0,16000000.0,0.929
2013,Tottenham Hotspur,Kyle Walker,kyle walker,Defender,2298,1,3,19000000.0,0.824
2013,Tottenham Hotspur,Paulinho,paulinho,Midfield,2381,6,2,16000000.0,0.815
2013,Tottenham Hotspur,Roberto Soldado,roberto soldado,Attack,1933,6,5,25000000.0,0.812
2013,Tottenham Hotspur,Jan Vertonghen,jan vertonghen,Defender,2004,0,0,22000000.0,0.806
2013,Tottenham Hotspur,Michael Dawson,michael dawson,Defender,2838,0,0,8000000.0,0.791
2013,Tottenham Hotspur,Aaron Lennon,aaron lennon,Attack,2187,1,5,15000000.0,0.784
2013,Tottenham Hotspur,Christian Eriksen,christian eriksen,Midfield,1982,7,9,18000000.0,0.78
2013,Tottenham Hotspur,Mousa Dembélé,mousa dembele,Midfield,1819,1,2,20000000.0,0.773
2013,Tottenham Hotspur,Emmanuel Adebayor,emmanuel adebayor,Attack,1809,11,5,8000000.0,0.668
2013,Tottenham Hotspur,Vlad Chiricheș,vlad chiriches,Midfield,1412,1,0,11000000.0,0.656
2013,Tottenham Hotspur,Danny Rose,danny rose,Defender,1902,1,4,6000000.0,0.646
2013,Tottenham Hotspur,Erik Lamela,erik lamela,Attack,327,0,1,30000000.0,0.639
2013,Tottenham Hotspur,Nacer Chadli,nacer chadli,Attack,1452,1,3,8000000.0,0.625
2013,Tottenham Hotspur,Sandro,sandro,Midfield,827,1,0,14000000.0,0.613
2013,Tottenham Hotspur,Gylfi Sigurdsson,gylfi sigurdsson,Midfield,1277,5,0,8000000.0,0.604
2013,Tottenham Hotspur,Andros Townsend,andros townsend,Attack,1225,1,2,7000000.0,0.582
2013,Tottenham Hotspur,Kyle Naughton,kyle naughton,Defender,1743,0,1,4000000.0,0.581
2013,Tottenham Hotspur,Younès Kaboul,younes kaboul,Defender,943,1,1,8000000.0,0.564
2013,Tottenham Hotspur,Étienne Capoue,etienne capoue,Midfield,686,1,0,9000000.0,0.546
2013,Tottenham Hotspur,Jermain Defoe,jermain defoe,Attack,423,1,0,6000000.0,0.469
2013,Tottenham Hotspur,Zeki Fryers,zeki fryers,Defender,399,0,0,2500000.0,0.367
2013,Tottenham Hotspur,Nabil Bentaleb,nabil bentaleb,Midfield,1068,0,2,500000.0,0.265
2013,Tottenham Hotspur,Brad Friedel,brad friedel,Goalkeeper,90,0,0,1000000.0,0.226
2013,Tottenham Hotspur,Alex Pritchard,alex pritchard,Midfield,7,0,0,150000.0,0.001
2013,West Bromwich Albion,Youssouf Mulumbu,youssouf mulumbu,Midfield,3080,2,2,5000000.0,0.939
2013,West Bromwich Albion,Stéphane Sessègnon,stephane sessegnon,Midfield,2079,5,1,7000000.0,0.87
2013,West Bromwich Albion,Jonas Olsson,jonas olsson,Defender,2819,1,1,4000000.0,0.865
2013,West Bromwich Albion,James Morrison,james morrison,Midfield,2207,1,3,6000000.0,0.859
2013,West Bromwich Albion,Chris Brunt,chris brunt,Midfield,2243,3,5,5000000.0,0.831
2013,West Bromwich Albion,Liam Ridgewell,liam ridgewell,Defender,2869,1,2,3000000.0,0.82
2013,West Bromwich Albion,Morgan Amalfitano,morgan amalfitano,Midfield,2152,4,4,5000000.0,0.819
2013,West Bromwich Albion,Claudio Yacob,claudio yacob,Midfield,1843,1,0,6000000.0,0.812
2013,West Bromwich Albion,Ben Foster,ben foster,Goalkeeper,2148,0,0,4000000.0,0.778
2013,West Bromwich Albion,Victor Anichebe,victor anichebe,Attack,1218,3,3,5000000.0,0.698
2013,West Bromwich Albion,Billy Jones,billy jones,Defender,1740,0,1,2500000.0,0.641
2013,West Bromwich Albion,Saido Berahino,saido berahino,Attack,1405,5,2,3000000.0,0.63
2013,West Bromwich Albion,Matej Vydra,matej vydra,Attack,669,3,4,5000000.0,0.626
2013,West Bromwich Albion,Gareth McAuley,gareth mcauley,Defender,2860,2,1,1000000.0,0.621
2013,West Bromwich Albion,Scott Sinclair,scott sinclair,Attack,301,0,1,6000000.0,0.611
2013,West Bromwich Albion,Boaz Myhill,boaz myhill,Goalkeeper,1260,0,0,2000000.0,0.538
2013,West Bromwich Albion,Thievy Bifouma,thievy bifouma,Attack,252,2,0,3000000.0,0.48
2013,West Bromwich Albion,Graham Dorrans,graham dorrans,Midfield,1106,2,0,1500000.0,0.466
2013,West Bromwich Albion,Craig Dawson,craig dawson,Defender,950,0,2,1500000.0,0.446
2013,West Bromwich Albion,Goran Popov,goran popov,Defender,83,0,0,2500000.0,0.425
2013,West Bromwich Albion,Steven Reid,steven reid,Defender,1308,0,1,1000000.0,0.419
2013,West Bromwich Albion,Markus Rosenberg,markus rosenberg,Attack,89,0,0,2000000.0,0.386
2013,West Bromwich Albion,Nicolas Anelka,nicolas anelka,Attack,856,2,0,1000000.0,0.361
2013,West Bromwich Albion,Diego Lugano,diego lugano,Defender,658,1,0,1000000.0,0.335
2013,West Bromwich Albion,Zoltán Gera,zoltan gera,Midfield,483,0,1,1000000.0,0.312
2013,West Bromwich Albion,Luke Daniels,luke daniels,Goalkeeper,12,0,0,250000.0,0.002
2013,West Ham United,Mark Noble,mark noble,Midfield,3345,3,6,7000000.0,0.821
2013,West Ham United,Andy Carroll,andy carroll,Attack,1093,2,5,16000000.0,0.731
2013,West Ham United,Mohamed Diamé,mohamed diame,Midfield,2485,4,3,7000000.0,0.718
2013,West Ham United,Kevin Nolan,kevin nolan,Midfield,2694,7,7,5000000.0,0.67
2013,West Ham United,James Tomkins,james tomkins,Defender,2601,0,0,5000000.0,0.659
2013,West Ham United,Stewart Downing,stewart downing,Attack,2510,1,2,5000000.0,0.648
2013,West Ham United,Matt Jarvis,matt jarvis,Attack,1949,2,3,5500000.0,0.602
2013,West Ham United,Winston Reid,winston reid,Defender,1674,1,0,6000000.0,0.588
2013,West Ham United,James Collins,james collins,Defender,1899,1,0,3000000.0,0.465
2013,West Ham United,Pablo Armero,pablo armero,Defender,322,0,0,7000000.0,0.46
2013,West Ham United,Ravel Morrison,ravel morrison,Midfield,1154,3,2,4000000.0,0.438
2013,West Ham United,Guy Demel,guy demel,Defender,2637,1,1,1500000.0,0.403
2013,West Ham United,Joey O'Brien,joey o brien,Defender,1236,0,0,3000000.0,0.386
2013,West Ham United,Adrián San Miguel,adrian san miguel,Goalkeeper,1800,0,0,2000000.0,0.365
2013,West Ham United,Modibo Maïga,modibo maiga,Attack,1006,1,2,3000000.0,0.358
2013,West Ham United,Antonio Nocerino,antonio nocerino,Midfield,254,0,1,4500000.0,0.356
2013,West Ham United,Marco Borriello,marco borriello,Attack,90,0,0,4500000.0,0.336
2013,West Ham United,Joe Cole,joe cole,Midfield,741,3,0,2500000.0,0.287
2013,West Ham United,Matthew Taylor,matthew taylor,Midfield,1412,0,0,1500000.0,0.257
2013,West Ham United,Ricardo Vaz Tê,ricardo vaz te,Attack,258,2,0,2500000.0,0.229
2013,West Ham United,Razvan Rat,razvan rat,Defender,1132,0,0,1500000.0,0.223
2013,West Ham United,George McCartney,george mccartney,Defender,1840,0,0,1000000.0,0.22
2013,West Ham United,Jack Collison,jack collison,Midfield,462,0,0,2000000.0,0.205
2013,West Ham United,Jussi Jääskeläinen,jussi jaaskelainen,Goalkeeper,1620,0,1,1000000.0,0.194
2013,West Ham United,Carlton Cole,carlton cole,Attack,846,5,2,1500000.0,0.189
2013,West Ham United,Mladen Petric,mladen petric,Attack,65,0,0,2000000.0,0.158
2013,West Ham United,Roger Johnson,roger johnson,Defender,272,0,0,1500000.0,0.12
2013,West Ham United,Alou Diarra,alou diarra,Midfield,113,0,0,1000000.0,0.014
2014,Arsenal,Alexis Sánchez,alexis sanchez,Attack,2952,16,8,45000000.0,0.975
2014,Arsenal,Santi Cazorla,santi cazorla,Midfield,2992,7,11,26000000.0,0.914
2014,Arsenal,Per Mertesacker,per mertesacker,Defender,3150,0,1,19000000.0,0.897
2014,Arsenal,Mesut Özil,mesut ozil,Midfield,1860,4,6,40000000.0,0.822
2014,Arsenal,Laurent Koscielny,laurent koscielny,Defender,2288,3,0,19000000.0,0.787
2014,Arsenal,Aaron Ramsey,aaron ramsey,Midfield,2009,6,6,25000000.0,0.785
2014,Arsenal,Olivier Giroud,olivier giroud,Attack,1866,14,3,20000000.0,0.74
2014,Arsenal,Nacho Monreal,nacho monreal,Defender,2311,0,2,10000000.0,0.713
2014,Arsenal,Danny Welbeck,danny welbeck,Attack,1711,4,5,18000000.0,0.708
2014,Arsenal,Alex Oxlade-Chamberlain,alex oxlade chamberlain,Midfield,1495,1,1,18000000.0,0.68
2014,Arsenal,Kieran Gibbs,kieran gibbs,Defender,1658,0,4,14000000.0,0.671
2014,Arsenal,Wojciech Szczesny,wojciech szczesny,Goalkeeper,1499,0,0,16000000.0,0.667
2014,Arsenal,Calum Chambers,calum chambers,Defender,1571,1,1,12000000.0,0.641
2014,Arsenal,Jack Wilshere,jack wilshere,Midfield,732,2,1,25000000.0,0.623
2014,Arsenal,Theo Walcott,theo walcott,Attack,442,5,1,28000000.0,0.599
2014,Arsenal,David Ospina,david ospina,Goalkeeper,1620,0,0,7000000.0,0.583
2014,Arsenal,Mathieu Debuchy,mathieu debuchy,Defender,808,1,0,13000000.0,0.554
2014,Arsenal,Mathieu Flamini,mathieu flamini,Midfield,1456,1,2,6000000.0,0.544
2014,Arsenal,Francis Coquelin,francis coquelin,Midfield,1663,0,0,4500000.0,0.535
2014,Arsenal,Lukas Podolski,lukas podolski,Attack,99,0,0,20000000.0,0.515
2014,Arsenal,Gabriel Paulista,gabriel paulista,Defender,349,0,1,12000000.0,0.486
2014,Arsenal,Mikel Arteta,mikel arteta,Midfield,450,0,1,6000000.0,0.416
2014,Arsenal,Héctor Bellerín,hector bellerin,Defender,1561,2,1,1500000.0,0.391
2014,Arsenal,Joel Campbell,joel campbell,Attack,39,0,0,7500000.0,0.39
2014,Arsenal,Tomas Rosicky,tomas rosicky,Midfield,576,2,1,2000000.0,0.3
2014,Arsenal,Emiliano Martínez,emiliano martinez,Goalkeeper,301,0,0,300000.0,0.038
2014,Aston Villa,Christian Benteke,christian benteke,Attack,2380,13,2,14000000.0,0.911
2014,Aston Villa,Tom Cleverley,tom cleverley,Midfield,2610,3,0,9000000.0,0.851
2014,Aston Villa,Fabian Delph,fabian delph,Midfield,2434,0,4,8000000.0,0.803
2014,Aston Villa,Brad Guzan,brad guzan,Goalkeeper,3060,0,0,5000000.0,0.789
2014,Aston Villa,Gabriel Agbonlahor,gabriel agbonlahor,Attack,2696,6,1,4000000.0,0.696
2014,Aston Villa,Carlos Sánchez,carlos sanchez,Midfield,1986,1,0,6000000.0,0.686
2014,Aston Villa,Jores Okore,jores okore,Defender,2009,1,0,5500000.0,0.671
2014,Aston Villa,Aly Cissokho,aly cissokho,Defender,2132,0,0,4500000.0,0.646
2014,Aston Villa,Ron Vlaar,ron vlaar,Defender,1647,0,1,6000000.0,0.642
2014,Aston Villa,Ashley Westwood,ashley westwood,Midfield,2152,0,1,4000000.0,0.624
2014,Aston Villa,Andreas Weimann,andreas weimann,Attack,1777,3,2,4500000.0,0.6
2014,Aston Villa,Ciaran Clark,ciaran clark,Defender,1993,1,2,3000000.0,0.545
2014,Aston Villa,Alan Hutton,alan hutton,Defender,2416,1,0,2000000.0,0.517
2014,Aston Villa,Carles Gil,carles gil,Midfield,359,0,1,5000000.0,0.436
2014,Aston Villa,Charles N'Zogbia,charles n zogbia,Attack,1429,0,2,2500000.0,0.434
2014,Aston Villa,Kieran Richardson,kieran richardson,Defender,1345,0,1,2000000.0,0.377
2014,Aston Villa,Leandro Bacuna,leandro bacuna,Midfield,982,0,5,2500000.0,0.375
2014,Aston Villa,Nathan Baker,nathan baker,Defender,763,0,0,2500000.0,0.347
2014,Aston Villa,Scott Sinclair,scott sinclair,Attack,464,1,0,3000000.0,0.345
2014,Aston Villa,Darren Bent,darren bent,Attack,78,0,0,3500000.0,0.326
2014,Aston Villa,Matthew Lowton,matthew lowton,Defender,754,0,1,2000000.0,0.3
2014,Aston Villa,Philippe Senderos,philippe senderos,Defender,632,0,0,2000000.0,0.284
2014,Aston Villa,Jack Grealish,jack grealish,Attack,816,0,1,1000000.0,0.166
2014,Aston Villa,Joe Cole,joe cole,Midfield,279,1,1,1000000.0,0.095
2014,Aston Villa,Shay Given,shay given,Goalkeeper,270,0,0,750000.0,0.035
2014,Aston Villa,Jed Steer,jed steer,Goalkeeper,90,0,0,750000.0,0.012
2014,Burnley,George Boyd,george boyd,Attack,3022,5,2,3500000.0,0.884
2014,Burnley,Nathaniel Chalobah,nathaniel chalobah,Midfield,66,0,0,4000000.0,0.609
2014,Burnley,Michael Keane,michael keane,Defender,1641,0,1,2000000.0,0.217
2014,Chelsea,Eden Hazard,eden hazard,Attack,3379,14,10,60000000.0,0.995
2014,Chelsea,Cesc Fàbregas,cesc fabregas,Midfield,2890,3,19,50000000.0,0.915
2014,Chelsea,Nemanja Matić,nemanja matic,Midfield,3123,1,3,34000000.0,0.894
2014,Chelsea,Branislav Ivanovic,branislav ivanovic,Defender,3420,4,6,17000000.0,0.842
2014,Chelsea,Thibaut Courtois,thibaut courtois,Goalkeeper,2814,0,0,30000000.0,0.842
2014,Chelsea,Diego Costa,diego costa,Attack,2084,20,3,50000000.0,0.821
2014,Chelsea,Gary Cahill,gary cahill,Defender,2984,1,0,20000000.0,0.811
2014,Chelsea,Willian,willian,Attack,2418,2,3,30000000.0,0.796
2014,Chelsea,Oscar,oscar,Midfield,2035,6,8,40000000.0,0.787
2014,Chelsea,César Azpilicueta,cesar azpilicueta,Defender,2484,0,3,21000000.0,0.759
2014,Chelsea,John Terry,john terry,Defender,3420,5,0,5000000.0,0.689
2014,Chelsea,Ramires,ramires,Midfield,1102,2,4,25000000.0,0.619
2014,Chelsea,Filipe Luís,filipe luis,Defender,939,0,0,18000000.0,0.559
2014,Chelsea,Juan Cuadrado,juan cuadrado,Midfield,312,0,1,32000000.0,0.558
2014,Chelsea,André Schürrle,andre schurrle,Attack,431,3,0,23000000.0,0.53
2014,Chelsea,Loïc Rémy,loic remy,Attack,845,7,0,12000000.0,0.497
2014,Chelsea,Mikel John Obi,mikel john obi,Midfield,696,0,1,13000000.0,0.49
2014,Chelsea,Petr Cech,petr cech,Goalkeeper,606,0,0,12000000.0,0.469
2014,Chelsea,Kurt Zouma,kurt zouma,Defender,645,0,0,10000000.0,0.451
2014,Chelsea,Mohamed Salah,mohamed salah,Attack,30,0,0,13000000.0,0.412
2014,Chelsea,Didier Drogba,didier drogba,Attack,856,4,1,1000000.0,0.187
2014,Chelsea,Nathan Aké,nathan ake,Defender,17,0,0,1500000.0,0.14
2014,Chelsea,Andreas Christensen,andreas christensen,Defender,12,0,0,750000.0,0.052
2014,Chelsea,Ruben Loftus-Cheek,ruben loftus cheek,Midfield,134,0,0,500000.0,0.016
2014,Chelsea,Izzy Brown,izzy brown,Attack,11,0,0,500000.0,0.001
2014,Crystal Palace,James McArthur,james mcarthur,Midfield,2607,2,1,7000000.0,0.913
2014,Crystal Palace,Yannick Bolasie,yannick bolasie,Attack,2777,4,11,6000000.0,0.899
2014,Crystal Palace,Joel Ward,joel ward,Defender,3330,1,0,4000000.0,0.873
2014,Crystal Palace,Jason Puncheon,jason puncheon,Midfield,2824,6,7,5000000.0,0.863
2014,Crystal Palace,Joe Ledley,joe ledley,Midfield,2573,2,1,5000000.0,0.833
2014,Crystal Palace,Mile Jedinak,mile jedinak,Midfield,2080,5,2,6000000.0,0.815
2014,Crystal Palace,Wilfried Zaha,wilfried zaha,Attack,1982,4,2,6000000.0,0.803
2014,Crystal Palace,Martin Kelly,martin kelly,Defender,2498,0,1,4000000.0,0.773
2014,Crystal Palace,Scott Dann,scott dann,Defender,2922,2,3,3000000.0,0.758
2014,Crystal Palace,Dwight Gayle,dwight gayle,Attack,1089,5,1,4000000.0,0.604
2014,Crystal Palace,Pape Souaré,pape souare,Defender,606,0,0,5000000.0,0.596
2014,Crystal Palace,Fraizer Campbell,fraizer campbell,Attack,1177,4,0,3500000.0,0.584
2014,Crystal Palace,Marouane Chamakh,marouane chamakh,Attack,1156,2,1,2500000.0,0.505
2014,Crystal Palace,Glenn Murray,glenn murray,Attack,868,7,3,2500000.0,0.47
2014,Crystal Palace,Damien Delaney,damien delaney,Defender,2434,0,0,1000000.0,0.45
2014,Crystal Palace,Barry Bannan,barry bannan,Midfield,136,0,0,3000000.0,0.424
2014,Crystal Palace,Chung-yong Lee,chung yong lee,Attack,91,0,0,3000000.0,0.418
2014,Crystal Palace,Adrian Mariappa,adrian mariappa,Defender,840,0,0,2000000.0,0.416
2014,Crystal Palace,Julián Speroni,julian speroni,Goalkeeper,3205,0,0,500000.0,0.385
2014,Crystal Palace,Zeki Fryers,zeki fryers,Defender,3,0,0,2500000.0,0.366
2014,Crystal Palace,Wayne Hennessey,wayne hennessey,Goalkeeper,215,0,0,2000000.0,0.341
2014,Crystal Palace,Yaya Sanogo,yaya sanogo,Attack,458,0,0,1500000.0,0.305
2014,Crystal Palace,Brede Hangeland,brede hangeland,Defender,1173,2,1,1000000.0,0.298
2014,Crystal Palace,Adlène Guédioura,adlene guedioura,Midfield,122,0,0,1500000.0,0.264
2014,Crystal Palace,Jonathan Williams,jonathan williams,Midfield,34,0,0,1500000.0,0.254
2014,Crystal Palace,Kevin Doyle,kevin doyle,Attack,34,0,0,1500000.0,0.254
2014,Crystal Palace,Stuart O'Keefe,stuart o keefe,Midfield,84,0,0,1000000.0,0.168
2014,Crystal Palace,Shola Ameobi,shola ameobi,Attack,38,0,0,1000000.0,0.162
2014,Crystal Palace,Jerome Thomas,jerome thomas,Attack,6,0,0,1000000.0,0.158
2014,Everton,Romelu Lukaku,romelu lukaku,Attack,2877,10,5,30000000.0,0.95
2014,Everton,Séamus Coleman,seamus coleman,Defender,3065,3,3,18000000.0,0.909
2014,Everton,Leighton Baines,leighton baines,Defender,2774,2,9,18000000.0,0.874
2014,Everton,James McCarthy,james mccarthy,Midfield,2403,2,3,17000000.0,0.821
2014,Everton,Phil Jagielka,phil jagielka,Defender,3285,4,0,4500000.0,0.762
2014,Everton,Ross Barkley,ross barkley,Midfield,1963,2,2,16000000.0,0.76
2014,Everton,John Stones,john stones,Defender,2044,1,0,10000000.0,0.711
2014,Everton,Kevin Mirallas,kevin mirallas,Midfield,1422,7,1,15000000.0,0.686
2014,Everton,Gareth Barry,gareth barry,Midfield,2827,0,2,3000000.0,0.656
2014,Everton,Steven Naismith,steven naismith,Attack,2056,7,1,5000000.0,0.626
2014,Everton,Aaron Lennon,aaron lennon,Attack,1347,2,3,9000000.0,0.613
2014,Everton,Tim Howard,tim howard,Goalkeeper,2835,0,0,2000000.0,0.606
2014,Everton,Muhamed Besic,muhamed besic,Midfield,1284,0,0,5000000.0,0.532
2014,Everton,Samuel Eto'o,samuel eto o,Attack,782,3,1,7000000.0,0.513
2014,Everton,Aiden McGeady,aiden mcgeady,Attack,887,1,3,4500000.0,0.47
2014,Everton,Bryan Oviedo,bryan oviedo,Defender,318,0,0,4500000.0,0.401
2014,Everton,Christian Atsu,christian atsu,Attack,110,0,2,5000000.0,0.389
2014,Everton,Joel Robles,joel robles,Goalkeeper,585,0,0,3000000.0,0.383
2014,Everton,Darron Gibson,darron gibson,Midfield,411,0,0,3000000.0,0.361
2014,Everton,Leon Osman,leon osman,Midfield,1274,2,2,1000000.0,0.329
2014,Everton,Steven Pienaar,steven pienaar,Midfield,314,0,2,2500000.0,0.327
2014,Everton,Arouna Koné,arouna kone,Attack,603,1,0,1500000.0,0.298
2014,Everton,Antolín Alcaraz,antolin alcaraz,Defender,527,0,0,1500000.0,0.289
2014,Everton,Sylvain Distin,sylvain distin,Defender,1080,0,0,750000.0,0.269
2014,Everton,Tony Hibbert,tony hibbert,Defender,331,0,0,750000.0,0.178
2014,Everton,Brendan Galloway,brendan galloway,Defender,174,0,0,250000.0,0.021
2014,Hull City,Jake Livermore,jake livermore,Midfield,3032,1,1,7000000.0,0.913
2014,Hull City,Ahmed Elmohamady,ahmed elmohamady,Defender,3420,2,5,4000000.0,0.864
2014,Hull City,Tom Huddlestone,tom huddlestone,Midfield,2545,0,2,6000000.0,0.83
2014,Hull City,Nikica Jelavic,nikica jelavic,Attack,1810,8,1,6500000.0,0.757
2014,Hull City,Michael Dawson,michael dawson,Defender,2434,1,0,4000000.0,0.749
2014,Hull City,Abel Hernández,abel hernandez,Attack,1313,4,1,7500000.0,0.723
2014,Hull City,Dame N'Doye,dame n doye,Attack,1195,5,1,7000000.0,0.698
2014,Hull City,Andrew Robertson,andrew robertson,Defender,1526,0,2,5000000.0,0.68
2014,Hull City,Curtis Davies,curtis davies,Defender,1814,0,0,4000000.0,0.676
2014,Hull City,Gastón Ramírez,gaston ramirez,Midfield,1008,1,3,6000000.0,0.65
2014,Hull City,Hatem Ben Arfa,hatem ben arfa,Midfield,384,0,0,9000000.0,0.645
2014,Hull City,Mohamed Diamé,mohamed diame,Midfield,934,4,0,6000000.0,0.641
2014,Hull City,David Meyler,david meyler,Midfield,1729,1,1,3000000.0,0.618
2014,Hull City,Tom Ince,tom ince,Attack,300,0,0,8000000.0,0.615
2014,Hull City,Allan McGregor,allan mcgregor,Goalkeeper,2340,0,0,1500000.0,0.574
2014,Hull City,James Chester,james chester,Defender,1872,2,0,2000000.0,0.567
2014,Hull City,Robert Snodgrass,robert snodgrass,Attack,40,0,0,7000000.0,0.563
2014,Hull City,Robbie Brady,robbie brady,Midfield,1758,0,2,2000000.0,0.554
2014,Hull City,Sone Aluko,sone aluko,Attack,1243,1,0,2500000.0,0.531
2014,Hull City,Stephen Quinn,stephen quinn,Midfield,1635,1,3,1500000.0,0.491
2014,Hull City,Paul McShane,paul mcshane,Defender,1696,1,0,1000000.0,0.43
2014,Hull City,Harry Maguire,harry maguire,Defender,92,0,0,3000000.0,0.427
2014,Hull City,Alex Bruce,alex bruce,Defender,1448,0,1,1000000.0,0.401
2014,Hull City,Maynor Figueroa,maynor figueroa,Defender,213,0,0,2000000.0,0.373
2014,Hull City,Yannick Sagbo,yannick sagbo,Attack,55,0,0,1500000.0,0.306
2014,Hull City,Liam Rosenior,liam rosenior,Defender,577,0,2,1000000.0,0.3
2014,Hull City,Eldin Jakupovic,eldin jakupovic,Goalkeeper,227,0,0,500000.0,0.143
2014,Hull City,Steve Harper,steve harper,Goalkeeper,853,0,0,250000.0,0.1
2014,Leicester City,Leonardo Ulloa,leonardo ulloa,Attack,2406,11,4,8500000.0,0.895
2014,Leicester City,Wes Morgan,wes morgan,Defender,3263,2,2,2000000.0,0.694
2014,Leicester City,Jeffrey Schlupp,jeffrey schlupp,Midfield,2539,3,2,3000000.0,0.691
2014,Leicester City,Kasper Schmeichel,kasper schmeichel,Goalkeeper,2160,0,0,3500000.0,0.677
2014,Leicester City,Andrej Kramaric,andrej kramaric,Attack,574,2,0,8000000.0,0.658
2014,Leicester City,Riyad Mahrez,riyad mahrez,Attack,2082,4,3,3000000.0,0.635
2014,Leicester City,Robert Huth,robert huth,Defender,1182,1,0,5000000.0,0.633
2014,Leicester City,Esteban Cambiasso,esteban cambiasso,Midfield,2423,5,1,2000000.0,0.591
2014,Leicester City,Jamie Vardy,jamie vardy,Attack,2270,5,10,2000000.0,0.572
2014,Leicester City,Ritchie De Laet,ritchie de laet,Defender,1884,0,1,2500000.0,0.572
2014,Leicester City,Danny Drinkwater,danny drinkwater,Midfield,1488,0,0,3000000.0,0.562
2014,Leicester City,Matty James,matty james,Midfield,1891,0,1,2000000.0,0.525
2014,Leicester City,Andy King,andy king,Midfield,1370,2,0,2500000.0,0.509
2014,Leicester City,David Nugent,david nugent,Attack,1704,5,2,2000000.0,0.502
2014,Leicester City,Liam Moore,liam moore,Defender,936,0,0,2500000.0,0.456
2014,Leicester City,Danny Simpson,danny simpson,Defender,1253,0,0,2000000.0,0.447
2014,Leicester City,Nick Powell,nick powell,Midfield,40,0,0,4000000.0,0.445
2014,Leicester City,Anthony Knockaert,anthony knockaert,Attack,330,0,0,3000000.0,0.42
2014,Leicester City,Marc Albrighton,marc albrighton,Midfield,1027,2,3,1500000.0,0.359
2014,Leicester City,Paul Konchesky,paul konchesky,Defender,2250,1,1,500000.0,0.276
2014,Leicester City,Marcin Wasilewski,marcin wasilewski,Defender,1989,1,2,500000.0,0.244
2014,Leicester City,Chris Wood,chris wood,Attack,107,1,0,1250000.0,0.207
2014,Leicester City,Tom Lawrence,tom lawrence,Midfield,51,0,0,1000000.0,0.153
2014,Leicester City,Dean Hammond,dean hammond,Midfield,782,0,0,500000.0,0.096
2014,Leicester City,Ben Hamer,ben hamer,Goalkeeper,720,0,0,500000.0,0.088
2014,Leicester City,Mark Schwarzer,mark schwarzer,Goalkeeper,540,0,0,500000.0,0.066
2014,Leicester City,Matthew Upson,matthew upson,Defender,374,0,0,500000.0,0.046
2014,Leicester City,Gary Taylor-Fletcher,gary taylor fletcher,Attack,17,0,0,500000.0,0.002
2014,Liverpool,Raheem Sterling,raheem sterling,Attack,3053,7,8,30000000.0,0.975
2014,Liverpool,Jordan Henderson,jordan henderson,Midfield,3255,6,10,23000000.0,0.972
2014,Liverpool,Philippe Coutinho,philippe coutinho,Midfield,2800,5,5,25000000.0,0.925
2014,Liverpool,Simon Mignolet,simon mignolet,Goalkeeper,3224,0,0,12000000.0,0.9
2014,Liverpool,Martin Skrtel,martin skrtel,Defender,2970,1,0,13000000.0,0.877
2014,Liverpool,Alberto Moreno,alberto moreno,Defender,2262,2,0,15000000.0,0.805
2014,Liverpool,Adam Lallana,adam lallana,Midfield,1789,5,3,22000000.0,0.787
2014,Liverpool,Dejan Lovren,dejan lovren,Defender,2036,0,0,15000000.0,0.777
2014,Liverpool,Emre Can,emre can,Defender,2065,1,0,12000000.0,0.757
2014,Liverpool,Mamadou Sakho,mamadou sakho,Defender,1418,0,0,18000000.0,0.721
2014,Liverpool,Daniel Sturridge,daniel sturridge,Attack,750,4,2,25000000.0,0.673
2014,Liverpool,Joe Allen,joe allen,Midfield,1471,1,1,10000000.0,0.665
2014,Liverpool,Lucas Leiva,lucas leiva,Midfield,1313,0,0,12000000.0,0.665
2014,Liverpool,Steven Gerrard,steven gerrard,Midfield,2236,9,1,4000000.0,0.663
2014,Liverpool,Lazar Markovic,lazar markovic,Attack,932,2,1,17000000.0,0.655
2014,Liverpool,Mario Balotelli,mario balotelli,Attack,940,1,0,15000000.0,0.643
2014,Liverpool,Glen Johnson,glen johnson,Defender,1326,1,0,7000000.0,0.61
2014,Liverpool,Javier Manquillo,javier manquillo,Defender,761,0,0,6000000.0,0.524
2014,Liverpool,José Enrique,jose enrique,Defender,203,0,0,9000000.0,0.498
2014,Liverpool,Fabio Borini,fabio borini,Attack,393,1,1,7000000.0,0.495
2014,Liverpool,Rickie Lambert,rickie lambert,Attack,824,2,2,4000000.0,0.489
2014,Liverpool,Kolo Touré,kolo toure,Defender,710,0,0,2500000.0,0.426
2014,Liverpool,Jordon Ibe,jordon ibe,Attack,618,0,0,2000000.0,0.391
2014,Liverpool,Brad Jones,brad jones,Goalkeeper,196,0,0,1000000.0,0.266
2014,Liverpool,Jerome Sinclair,jerome sinclair,Attack,25,0,0,100000.0,0.003
2014,Manchester City,Sergio Agüero,sergio aguero,Attack,2540,26,8,50000000.0,0.914
2014,Manchester City,David Silva,david silva,Midfield,2661,12,11,38000000.0,0.893
2014,Manchester City,Joe Hart,joe hart,Goalkeeper,3240,0,0,16000000.0,0.852
2014,Manchester City,Yaya Touré,yaya toure,Midfield,2355,10,1,28000000.0,0.815
2014,Manchester City,Fernandinho,fernandinho,Midfield,2273,3,4,28000000.0,0.805
2014,Manchester City,Eliaquim Mangala,eliaquim mangala,Defender,2189,0,2,30000000.0,0.804
2014,Manchester City,Vincent Kompany,vincent kompany,Defender,2033,0,0,33000000.0,0.797
2014,Manchester City,Pablo Zabaleta,pablo zabaleta,Defender,2586,1,4,18000000.0,0.786
2014,Manchester City,Jesús Navas,jesus navas,Midfield,2248,0,9,20000000.0,0.758
2014,Manchester City,Fernando,fernando,Midfield,1880,2,2,16000000.0,0.684
2014,Manchester City,Samir Nasri,samir nasri,Midfield,1579,2,6,21000000.0,0.682
2014,Manchester City,James Milner,james milner,Midfield,1742,5,8,14000000.0,0.649
2014,Manchester City,Gaël Clichy,gael clichy,Defender,2058,1,3,10000000.0,0.644
2014,Manchester City,Edin Dzeko,edin dzeko,Attack,932,4,3,24000000.0,0.619
2014,Manchester City,Aleksandar Kolarov,aleksandar kolarov,Defender,1486,2,3,11000000.0,0.586
2014,Manchester City,Stevan Jovetić,stevan jovetic,Attack,787,5,3,20000000.0,0.578
2014,Manchester City,Martín Demichelis,martin demichelis,Defender,2559,1,0,2000000.0,0.497
2014,Manchester City,Bacary Sagna,bacary sagna,Defender,740,0,0,7000000.0,0.435
2014,Manchester City,Willy Caballero,willy caballero,Goalkeeper,180,0,0,5000000.0,0.322
2014,Manchester City,Frank Lampard,frank lampard,Midfield,989,6,2,1000000.0,0.212
2014,Manchester City,Dedryck Boyata,dedryck boyata,Defender,91,0,0,1000000.0,0.102
2014,Manchester City,José Pozo,jose pozo,Midfield,137,0,0,500000.0,0.017
2014,Manchester United,Wayne Rooney,wayne rooney,Attack,2876,12,5,45000000.0,0.894
2014,Manchester United,David de Gea,david de gea,Goalkeeper,3314,0,0,25000000.0,0.863
2014,Manchester United,Ángel Di María,angel di maria,Attack,1644,3,11,65000000.0,0.798
2014,Manchester United,Juan Mata,juan mata,Midfield,2308,9,4,34000000.0,0.785
2014,Manchester United,Robin van Persie,robin van persie,Attack,2114,10,2,25000000.0,0.718
2014,Manchester United,Radamel Falcao,radamel falcao,Attack,1288,4,5,45000000.0,0.703
2014,Manchester United,Ander Herrera,ander herrera,Midfield,1868,6,4,25000000.0,0.688
2014,Manchester United,Daley Blind,daley blind,Defender,2172,2,3,15000000.0,0.651
2014,Manchester United,Antonio Valencia,antonio valencia,Defender,2583,0,3,10000000.0,0.643
2014,Manchester United,Marouane Fellaini,marouane fellaini,Midfield,1830,6,0,16000000.0,0.619
2014,Manchester United,Marcos Rojo,marcos rojo,Defender,1764,0,0,16000000.0,0.611
2014,Manchester United,Phil Jones,phil jones,Defender,1879,0,1,14000000.0,0.606
2014,Manchester United,Luke Shaw,luke shaw,Defender,1127,0,0,21000000.0,0.574
2014,Manchester United,Chris Smalling,chris smalling,Defender,1879,4,0,11000000.0,0.571
2014,Manchester United,Ashley Young,ashley young,Defender,2068,2,5,9000000.0,0.565
2014,Manchester United,Rafael,rafael,Defender,590,0,1,13000000.0,0.44
2014,Manchester United,Adnan Januzaj,adnan januzaj,Attack,850,0,0,10000000.0,0.434
2014,Manchester United,Jonny Evans,jonny evans,Defender,1091,0,0,8000000.0,0.431
2014,Manchester United,Michael Carrick,michael carrick,Midfield,1457,1,2,5000000.0,0.407
2014,Manchester United,Chicharito,chicharito,Attack,45,0,0,14000000.0,0.385
2014,Manchester United,Nani,nani,Attack,45,0,0,12000000.0,0.363
2014,Manchester United,Víctor Valdés,victor valdes,Goalkeeper,106,0,0,5000000.0,0.244
2014,Manchester United,Anderson,anderson,Midfield,20,0,0,5000000.0,0.234
2014,Manchester United,Paddy McNair,paddy mcnair,Defender,1026,0,0,1500000.0,0.182
2014,Manchester United,James Wilson,james wilson,Attack,348,1,0,1500000.0,0.1
2014,Manchester United,Tyler Blackett,tyler blackett,Defender,650,0,0,1000000.0,0.078
2014,Manchester United,Jesse Lingard,jesse lingard,Midfield,24,0,0,1000000.0,0.003
2014,Newcastle United,Moussa Sissoko,moussa sissoko,Midfield,3033,4,2,15000000.0,0.973
2014,Newcastle United,Daryl Janmaat,daryl janmaat,Defender,3255,1,6,6500000.0,0.877
2014,Newcastle United,Tim Krul,tim krul,Goalkeeper,2700,0,1,9000000.0,0.857
2014,Newcastle United,Jack Colback,jack colback,Midfield,3129,4,7,6000000.0,0.85
2014,Newcastle United,Rémy Cabella,remy cabella,Midfield,1947,1,2,10000000.0,0.78
2014,Newcastle United,Ayoze Pérez,ayoze perez,Attack,2371,7,0,5500000.0,0.744
2014,Newcastle United,Yoan Gouffran,yoan gouffran,Attack,1972,2,1,7000000.0,0.731
2014,Newcastle United,Fabricio Coloccini,fabricio coloccini,Defender,2837,1,0,2500000.0,0.686
2014,Newcastle United,Papiss Cissé,papiss cisse,Attack,1153,11,1,8000000.0,0.65
2014,Newcastle United,Mike Williamson,mike williamson,Defender,2416,1,1,2500000.0,0.634
2014,Newcastle United,Cheik Tioté,cheik tiote,Midfield,898,0,2,8000000.0,0.618
2014,Newcastle United,Emmanuel Rivière,emmanuel riviere,Attack,1212,1,1,6000000.0,0.615
2014,Newcastle United,Sammy Ameobi,sammy ameobi,Attack,1423,2,2,5000000.0,0.614
2014,Newcastle United,Paul Dummett,paul dummett,Defender,2109,0,0,2500000.0,0.597
2014,Newcastle United,Vurnon Anita,vurnon anita,Midfield,1273,0,0,4000000.0,0.563
2014,Newcastle United,Siem de Jong,siem de jong,Midfield,148,1,0,9000000.0,0.543
2014,Newcastle United,Steven Taylor,steven taylor,Defender,653,1,0,3000000.0,0.444
2014,Newcastle United,Massadio Haïdara,massadio haidara,Defender,1099,0,1,2000000.0,0.44
2014,Newcastle United,Jonás Gutiérrez,jonas gutierrez,Midfield,634,1,1,1500000.0,0.34
2014,Newcastle United,Ryan Taylor,ryan taylor,Defender,906,0,1,1000000.0,0.314
2014,Newcastle United,Mehdi Abeid,mehdi abeid,Midfield,662,0,0,1000000.0,0.285
2014,Newcastle United,Gabriel Obertan,gabriel obertan,Attack,651,1,1,1000000.0,0.283
2014,Newcastle United,Rob Elliot,rob elliot,Goalkeeper,225,0,0,1000000.0,0.231
2014,Newcastle United,Haris Vuckic,haris vuckic,Attack,8,0,0,1000000.0,0.204
2014,Newcastle United,Rolando Aarons,rolando aarons,Attack,128,1,1,500000.0,0.117
2014,Newcastle United,Adam Armstrong,adam armstrong,Attack,202,0,1,250000.0,0.025
2014,Queens Park Rangers,Charlie Austin,charlie austin,Attack,3069,18,7,9000000.0,0.986
2014,Queens Park Rangers,Steven Caulker,steven caulker,Defender,3015,1,1,7500000.0,0.941
2014,Queens Park Rangers,Leroy Fer,leroy fer,Midfield,2368,6,4,8500000.0,0.886
2014,Queens Park Rangers,Mauricio Isla,mauricio isla,Defender,2132,0,2,9000000.0,0.868
2014,Queens Park Rangers,Sandro,sandro,Midfield,1220,1,0,9000000.0,0.753
2014,Queens Park Rangers,Eduardo Vargas,eduardo vargas,Attack,1385,3,2,6000000.0,0.69
2014,Queens Park Rangers,Joey Barton,joey barton,Midfield,2351,1,3,2500000.0,0.629
2014,Queens Park Rangers,Jordon Mutch,jordon mutch,Midfield,850,0,1,6000000.0,0.623
2014,Queens Park Rangers,Matt Phillips,matt phillips,Attack,1822,3,8,3000000.0,0.601
2014,Queens Park Rangers,Junior Hoilett,junior hoilett,Attack,879,0,1,5000000.0,0.588
2014,Queens Park Rangers,Adel Taarabt,adel taarabt,Midfield,295,0,0,6000000.0,0.553
2014,Queens Park Rangers,Rob Green,rob green,Goalkeeper,3184,0,0,1000000.0,0.544
2014,Queens Park Rangers,Karl Henry,karl henry,Midfield,2504,0,0,1500000.0,0.543
2014,Queens Park Rangers,Nedum Onuoha,nedum onuoha,Defender,1927,0,0,2000000.0,0.53
2014,Queens Park Rangers,Niko Kranjcar,niko kranjcar,Midfield,1114,2,1,2500000.0,0.474
2014,Queens Park Rangers,Seok-yeong Yun,seok yeong yun,Defender,1725,0,0,1500000.0,0.445
2014,Queens Park Rangers,Armand Traoré,armand traore,Defender,780,0,0,2000000.0,0.386
2014,Queens Park Rangers,Bobby Zamora,bobby zamora,Attack,1781,3,4,1000000.0,0.368
2014,Queens Park Rangers,Alex McCarthy,alex mccarthy,Goalkeeper,236,0,0,2500000.0,0.364
2014,Queens Park Rangers,Alejandro Faurlín,alejandro faurlin,Midfield,91,0,0,2500000.0,0.346
2014,Queens Park Rangers,Rio Ferdinand,rio ferdinand,Defender,990,0,0,1000000.0,0.268
2014,Queens Park Rangers,Richard Dunne,richard dunne,Defender,1872,0,0,500000.0,0.235
2014,Queens Park Rangers,Clint Hill,clint hill,Defender,1407,1,0,500000.0,0.177
2014,Queens Park Rangers,Shaun Wright-Phillips,shaun wright phillips,Attack,128,0,0,500000.0,0.016
2014,Southampton,Graziano Pellè,graziano pelle,Attack,3254,12,2,11000000.0,0.884
2014,Southampton,Nathaniel Clyne,nathaniel clyne,Defender,3147,2,0,12000000.0,0.882
2014,Southampton,Morgan Schneiderlin,morgan schneiderlin,Midfield,2187,4,1,25000000.0,0.863
2014,Southampton,Ryan Bertrand,ryan bertrand,Defender,3055,2,3,10000000.0,0.848
2014,Southampton,Fraser Forster,fraser forster,Goalkeeper,2624,0,0,12000000.0,0.82
2014,Southampton,Victor Wanyama,victor wanyama,Midfield,2360,3,1,15000000.0,0.817
2014,Southampton,Dušan Tadić,dusan tadic,Attack,2091,4,8,15000000.0,0.785
2014,Southampton,Sadio Mané,sadio mane,Attack,2135,10,4,14000000.0,0.781
2014,Southampton,José Fonte,jose fonte,Defender,3330,0,1,4500000.0,0.777
2014,Southampton,Toby Alderweireld,toby alderweireld,Defender,2263,1,0,11000000.0,0.765
2014,Southampton,Steven Davis,steven davis,Midfield,2648,0,2,5500000.0,0.721
2014,Southampton,Shane Long,shane long,Attack,1539,5,7,9000000.0,0.652
2014,Southampton,James Ward-Prowse,james ward prowse,Midfield,1477,1,7,8000000.0,0.629
2014,Southampton,Maya Yoshida,maya yoshida,Defender,1690,1,1,5000000.0,0.593
2014,Southampton,Florin Gardos,florin gardos,Defender,574,0,0,6000000.0,0.483
2014,Southampton,Eljero Elia,eljero elia,Attack,789,2,0,3500000.0,0.439
2014,Southampton,Filip Djuricic,filip djuricic,Midfield,327,0,0,5000000.0,0.43
2014,Southampton,Emmanuel Mayuka,emmanuel mayuka,Attack,49,0,0,2000000.0,0.277
2014,Southampton,Paulo Gazzaniga,paulo gazzaniga,Goalkeeper,180,0,0,1500000.0,0.255
2014,Southampton,Harrison Reed,harrison reed,Midfield,460,0,0,750000.0,0.198
2014,Southampton,Matt Targett,matt targett,Defender,225,0,0,750000.0,0.17
2014,Southampton,Kelvin Davis,kelvin davis,Goalkeeper,616,0,0,250000.0,0.074
2014,Stoke City,Asmir Begovic,asmir begovic,Goalkeeper,3150,0,0,13000000.0,0.973
2014,Stoke City,Steven Nzonzi,steven nzonzi,Midfield,3375,3,1,6500000.0,0.872
2014,Stoke City,Ryan Shawcross,ryan shawcross,Defender,2832,2,1,9000000.0,0.868
2014,Stoke City,Mame Diouf,mame diouf,Attack,2437,11,3,9000000.0,0.821
2014,Stoke City,Victor Moses,victor moses,Midfield,1455,3,4,7500000.0,0.671
2014,Stoke City,Marc Wilson,marc wilson,Defender,2124,0,0,4500000.0,0.656
2014,Stoke City,Marko Arnautovic,marko arnautovic,Attack,1918,1,6,5000000.0,0.651
2014,Stoke City,Jonathan Walters,jonathan walters,Attack,2423,8,4,3500000.0,0.646
2014,Stoke City,Erik Pieters,erik pieters,Defender,2562,0,2,3000000.0,0.634
2014,Stoke City,Geoff Cameron,geoff cameron,Defender,2135,0,1,3500000.0,0.611
2014,Stoke City,Bojan Krkic,bojan krkic,Attack,1209,4,1,5000000.0,0.567
2014,Stoke City,Charlie Adam,charlie adam,Midfield,1506,7,1,4000000.0,0.561
2014,Stoke City,Phil Bardsley,phil bardsley,Defender,2082,0,1,2500000.0,0.543
2014,Stoke City,Glenn Whelan,glenn whelan,Midfield,2264,0,0,2000000.0,0.524
2014,Stoke City,Philipp Wollscheid,philipp wollscheid,Defender,1007,0,0,4000000.0,0.502
2014,Stoke City,Marc Muniesa,marc muniesa,Defender,1387,0,0,3000000.0,0.494
2014,Stoke City,Peter Crouch,peter crouch,Attack,1676,8,2,2000000.0,0.454
2014,Stoke City,Oussama Assaidi,oussama assaidi,Attack,224,0,1,5000000.0,0.451
2014,Stoke City,Jack Butland,jack butland,Goalkeeper,270,0,0,3500000.0,0.39
2014,Stoke City,Stephen Ireland,stephen ireland,Midfield,935,0,3,2000000.0,0.366
2014,Stoke City,Steve Sidwell,steve sidwell,Midfield,447,0,0,2000000.0,0.308
2014,Stoke City,Peter Odemwingie,peter odemwingie,Attack,190,0,0,1500000.0,0.225
2014,Stoke City,Dionatan Teixeira,dionatan teixeira,Defender,4,0,0,500000.0,0.0
2014,Sunderland,Connor Wickham,connor wickham,Attack,2773,5,1,5000000.0,0.786
2014,Sunderland,Adam Johnson,adam johnson,Attack,2082,4,2,7500000.0,0.78
2014,Sunderland,Sebastian Larsson,sebastian larsson,Midfield,3061,3,3,4000000.0,0.778
2014,Sunderland,Jack Rodwell,jack rodwell,Midfield,1486,3,0,10000000.0,0.763
2014,Sunderland,Costel Pantilimon,costel pantilimon,Goalkeeper,2520,0,0,5000000.0,0.755
2014,Sunderland,Lee Cattermole,lee cattermole,Midfield,2358,1,0,3500000.0,0.666
2014,Sunderland,Jermain Defoe,jermain defoe,Attack,1457,4,1,6000000.0,0.661
2014,Sunderland,Ricardo Álvarez,ricardo alvarez,Midfield,494,0,0,11000000.0,0.66
2014,Sunderland,Steven Fletcher,steven fletcher,Attack,1783,5,2,4500000.0,0.645
2014,Sunderland,Patrick van Aanholt,patrick van aanholt,Defender,2306,0,5,3000000.0,0.63
2014,Sunderland,Santiago Vergini,santiago vergini,Defender,2623,0,0,2000000.0,0.59
2014,Sunderland,Jordi Gómez,jordi gomez,Midfield,1941,4,3,3000000.0,0.585
2014,Sunderland,John O'Shea,john o shea,Defender,3271,0,0,1000000.0,0.535
2014,Sunderland,Emanuele Giaccherini,emanuele giaccherini,Midfield,304,0,0,5000000.0,0.484
2014,Sunderland,Liam Bridcutt,liam bridcutt,Midfield,907,0,2,3000000.0,0.459
2014,Sunderland,Vito Mannone,vito mannone,Goalkeeper,900,0,0,3000000.0,0.458
2014,Sunderland,Will Buckley,will buckley,Attack,868,0,2,3000000.0,0.454
2014,Sunderland,Jozy Altidore,jozy altidore,Attack,304,0,0,3500000.0,0.415
2014,Sunderland,Billy Jones,billy jones,Defender,1255,0,1,1500000.0,0.367
2014,Sunderland,Sebastián Coates,sebastian coates,Defender,822,0,0,1500000.0,0.314
2014,Sunderland,Wes Brown,wes brown,Defender,1993,0,0,500000.0,0.244
2014,Sunderland,Valentin Roberge,valentin roberge,Defender,90,0,0,1500000.0,0.224
2014,Sunderland,Danny Graham,danny graham,Attack,626,1,1,1000000.0,0.211
2014,Sunderland,Anthony Réveillère,anthony reveillere,Defender,1328,0,1,500000.0,0.162
2014,Swansea City,Gylfi Sigurdsson,gylfi sigurdsson,Midfield,2697,7,10,11000000.0,0.798
2014,Swansea City,Ashley Williams,ashley williams,Defender,3330,0,0,6500000.0,0.793
2014,Swansea City,Wilfried Bony,wilfried bony,Attack,1598,11,3,25000000.0,0.792
2014,Swansea City,Jonjo Shelvey,jonjo shelvey,Midfield,2456,3,5,11000000.0,0.769
2014,Swansea City,Sung-yueng Ki,sung yueng ki,Midfield,2690,8,1,8000000.0,0.748
2014,Swansea City,Federico Fernández,federico fernandez,Defender,2475,0,0,9000000.0,0.741
2014,Swansea City,Lukasz Fabianski,lukasz fabianski,Goalkeeper,3308,0,0,4000000.0,0.716
2014,Swansea City,Neil Taylor,neil taylor,Defender,3000,0,3,3500000.0,0.659
2014,Swansea City,Bafétimbi Gomis,bafetimbi gomis,Attack,1642,7,1,8000000.0,0.622
2014,Swansea City,Nathan Dyer,nathan dyer,Attack,1868,3,2,4500000.0,0.561
2014,Swansea City,Wayne Routledge,wayne routledge,Attack,2318,3,1,3000000.0,0.553
2014,Swansea City,Jefferson Montero,jefferson montero,Attack,1570,1,7,5000000.0,0.542
2014,Swansea City,Jack Cork,jack cork,Midfield,1801,3,1,4000000.0,0.535
2014,Swansea City,Kyle Naughton,kyle naughton,Defender,1184,0,1,6000000.0,0.523
2014,Swansea City,Ángel Rangel,angel rangel,Defender,2036,0,0,2000000.0,0.457
2014,Swansea City,Nélson Oliveira,nelson oliveira,Attack,389,1,1,4000000.0,0.366
2014,Swansea City,Tom Carroll,tom carroll,Midfield,692,0,0,3000000.0,0.358
2014,Swansea City,Jordi Amat,jordi amat,Defender,588,0,0,2000000.0,0.283
2014,Swansea City,Leon Britton,leon britton,Midfield,537,0,0,1500000.0,0.233
2014,Swansea City,Marvin Emnes,marvin emnes,Attack,502,0,0,1500000.0,0.229
2014,Swansea City,Matt Grimes,matt grimes,Midfield,42,0,0,2000000.0,0.218
2014,Swansea City,Dwight Tiendalli,dwight tiendalli,Defender,128,0,0,1500000.0,0.184
2014,Swansea City,Kyle Bartley,kyle bartley,Defender,630,0,0,1000000.0,0.182
2014,Swansea City,Modou Barrow,modou barrow,Attack,278,0,1,1000000.0,0.14
2014,Swansea City,Gerhard Tremmel,gerhard tremmel,Goalkeeper,109,0,0,1000000.0,0.119
2014,Swansea City,Jazz Richards,jazz richards,Defender,634,0,1,500000.0,0.076
2014,Tottenham Hotspur,Christian Eriksen,christian eriksen,Midfield,3138,10,2,27000000.0,1.0
2014,Tottenham Hotspur,Hugo Lloris,hugo lloris,Goalkeeper,3064,0,0,20000000.0,0.928
2014,Tottenham Hotspur,Jan Vertonghen,jan vertonghen,Defender,2810,1,0,19000000.0,0.885
2014,Tottenham Hotspur,Erik Lamela,erik lamela,Attack,2301,2,7,22000000.0,0.851
2014,Tottenham Hotspur,Harry Kane,harry kane,Attack,2583,21,5,15000000.0,0.807
2014,Tottenham Hotspur,Nacer Chadli,nacer chadli,Attack,2416,11,5,10000000.0,0.702
2014,Tottenham Hotspur,Danny Rose,danny rose,Defender,2372,3,5,9000000.0,0.674
2014,Tottenham Hotspur,Kyle Walker,kyle walker,Defender,1307,0,0,17000000.0,0.671
2014,Tottenham Hotspur,Mousa Dembélé,mousa dembele,Midfield,1138,1,1,15000000.0,0.623
2014,Tottenham Hotspur,Eric Dier,eric dier,Defender,2290,2,2,7000000.0,0.612
2014,Tottenham Hotspur,Federico Fazio,federico fazio,Defender,1777,0,0,8000000.0,0.574
2014,Tottenham Hotspur,Nabil Bentaleb,nabil bentaleb,Midfield,2195,0,2,6000000.0,0.568
2014,Tottenham Hotspur,Roberto Soldado,roberto soldado,Attack,796,1,1,14000000.0,0.565
2014,Tottenham Hotspur,Ryan Mason,ryan mason,Midfield,2326,1,4,4500000.0,0.525
2014,Tottenham Hotspur,Paulinho,paulinho,Midfield,479,0,1,12000000.0,0.493
2014,Tottenham Hotspur,Étienne Capoue,etienne capoue,Midfield,901,0,0,9000000.0,0.487
2014,Tottenham Hotspur,Ben Davies,ben davies,Defender,891,0,1,9000000.0,0.486
2014,Tottenham Hotspur,Andros Townsend,andros townsend,Attack,751,2,2,8000000.0,0.443
2014,Tottenham Hotspur,Vlad Chiricheș,vlad chiriches,Midfield,709,0,0,8000000.0,0.438
2014,Tottenham Hotspur,Younès Kaboul,younes kaboul,Defender,990,0,0,6500000.0,0.431
2014,Tottenham Hotspur,Emmanuel Adebayor,emmanuel adebayor,Attack,813,2,1,7000000.0,0.423
2014,Tottenham Hotspur,Lewis Holtby,lewis holtby,Midfield,29,0,0,7500000.0,0.338
2014,Tottenham Hotspur,Benjamin Stambouli,benjamin stambouli,Midfield,453,0,0,5000000.0,0.308
2014,Tottenham Hotspur,Michel Vorm,michel vorm,Goalkeeper,356,0,0,5000000.0,0.295
2014,Tottenham Hotspur,DeAndre Yedlin,deandre yedlin,Defender,11,0,0,1500000.0,0.001
2014,West Bromwich Albion,Saido Berahino,saido berahino,Attack,2930,14,1,12000000.0,0.983
2014,West Bromwich Albion,Joleon Lescott,joleon lescott,Defender,3060,1,2,4000000.0,0.793
2014,West Bromwich Albion,Chris Brunt,chris brunt,Midfield,2895,2,10,4000000.0,0.771
2014,West Bromwich Albion,James Morrison,james morrison,Midfield,2559,2,1,5000000.0,0.769
2014,West Bromwich Albion,Andre Wisdom,andre wisdom,Defender,1971,0,1,6000000.0,0.727
2014,West Bromwich Albion,Ben Foster,ben foster,Goalkeeper,2485,0,0,4000000.0,0.717
2014,West Bromwich Albion,Brown Ideye,brown ideye,Attack,1296,4,2,8000000.0,0.693
2014,West Bromwich Albion,Craig Gardner,craig gardner,Midfield,2684,3,4,3000000.0,0.689
2014,West Bromwich Albion,Stéphane Sessègnon,stephane sessegnon,Midfield,1763,1,3,5000000.0,0.665
2014,West Bromwich Albion,Craig Dawson,craig dawson,Defender,2591,2,0,2000000.0,0.6
2014,West Bromwich Albion,Claudio Yacob,claudio yacob,Midfield,1390,0,0,4000000.0,0.574
2014,West Bromwich Albion,Silvestre Varela,silvestre varela,Attack,333,1,0,7500000.0,0.555
2014,West Bromwich Albion,Youssouf Mulumbu,youssouf mulumbu,Midfield,902,0,0,4000000.0,0.51
2014,West Bromwich Albion,Victor Anichebe,victor anichebe,Attack,1034,3,3,3500000.0,0.503
2014,West Bromwich Albion,Darren Fletcher,darren fletcher,Midfield,1714,1,0,2000000.0,0.486
2014,West Bromwich Albion,Callum McManaman,callum mcmanaman,Attack,347,0,1,5000000.0,0.48
2014,West Bromwich Albion,Sebastián Blanco,sebastian blanco,Midfield,36,0,0,6000000.0,0.474
2014,West Bromwich Albion,Graham Dorrans,graham dorrans,Midfield,1593,1,3,2000000.0,0.47
2014,West Bromwich Albion,Jonas Olsson,jonas olsson,Defender,823,1,0,2500000.0,0.411
2014,West Bromwich Albion,Sébastien Pocognoli,sebastien pocognoli,Defender,1216,0,0,1500000.0,0.366
2014,West Bromwich Albion,Georgios Samaras,georgios samaras,Attack,67,0,0,3000000.0,0.347
2014,West Bromwich Albion,Cristian Gamboa,cristian gamboa,Defender,236,0,1,2000000.0,0.293
2014,West Bromwich Albion,Gareth McAuley,gareth mcauley,Defender,2072,1,0,500000.0,0.271
2014,West Bromwich Albion,Boaz Myhill,boaz myhill,Goalkeeper,935,0,0,1000000.0,0.253
2014,West Bromwich Albion,Chris Baird,chris baird,Midfield,801,0,0,500000.0,0.105
2014,West Bromwich Albion,Jason Davidson,jason davidson,Defender,102,0,0,750000.0,0.09
2014,West Ham United,Aaron Cresswell,aaron cresswell,Defender,3420,2,4,7000000.0,0.866
2014,West Ham United,Alex Song,alex song,Midfield,2249,0,3,15000000.0,0.863
2014,West Ham United,Stewart Downing,stewart downing,Attack,3314,6,8,6000000.0,0.826
2014,West Ham United,Cheikhou Kouyaté,cheikhou kouyate,Midfield,2662,4,3,9000000.0,0.821
2014,West Ham United,Adrián San Miguel,adrian san miguel,Goalkeeper,3391,0,0,5000000.0,0.803
2014,West Ham United,Winston Reid,winston reid,Defender,2503,1,0,9000000.0,0.803
2014,West Ham United,Carl Jenkinson,carl jenkinson,Defender,2667,0,2,7000000.0,0.777
2014,West Ham United,Enner Valencia,enner valencia,Attack,2105,4,4,10000000.0,0.775
2014,West Ham United,Mark Noble,mark noble,Midfield,2308,2,3,7000000.0,0.735
2014,West Ham United,Diafra Sakho,diafra sakho,Attack,1761,10,2,8000000.0,0.695
2014,West Ham United,James Tomkins,james tomkins,Defender,1852,1,3,6000000.0,0.655
2014,West Ham United,Andy Carroll,andy carroll,Attack,1027,5,1,10000000.0,0.649
2014,West Ham United,Kevin Nolan,kevin nolan,Midfield,1745,1,1,4000000.0,0.571
2014,West Ham United,Morgan Amalfitano,morgan amalfitano,Midfield,1180,3,1,4750000.0,0.535
2014,West Ham United,James Collins,james collins,Defender,1878,0,0,2000000.0,0.464
2014,West Ham United,Mauro Zárate,mauro zarate,Attack,486,2,1,3500000.0,0.4
2014,West Ham United,Matt Jarvis,matt jarvis,Attack,413,0,0,3000000.0,0.364
2014,West Ham United,Ravel Morrison,ravel morrison,Midfield,33,0,0,3500000.0,0.347
2014,West Ham United,Ricardo Vaz Tê,ricardo vaz te,Attack,224,0,0,2500000.0,0.31
2014,West Ham United,Carlton Cole,carlton cole,Attack,907,2,0,1500000.0,0.3
2014,West Ham United,Joey O'Brien,joey o brien,Defender,526,0,0,1500000.0,0.255
2014,West Ham United,Guy Demel,guy demel,Defender,259,0,0,1000000.0,0.153
2014,West Ham United,Jussi Jääskeläinen,jussi jaaskelainen,Goalkeeper,27,0,0,1000000.0,0.125
2014,West Ham United,Diego Poyet,diego poyet,Midfield,90,0,0,500000.0,0.011
2015,AFC Bournemouth,Matt Ritchie,matt ritchie,Midfield,2977,4,6,6000000.0,0.814
2015,AFC Bournemouth,Steve Cook,steve cook,Defender,3195,4,1,3000000.0,0.738
2015,AFC Bournemouth,Simon Francis,simon francis,Defender,3387,0,4,2000000.0,0.701
2015,AFC Bournemouth,Charlie Daniels,charlie daniels,Defender,3285,3,5,2000000.0,0.689
2015,AFC Bournemouth,Andrew Surman,andrew surman,Midfield,3420,0,3,1500000.0,0.663
2015,AFC Bournemouth,Benik Afobe,benik afobe,Attack,938,4,0,9000000.0,0.635
2015,AFC Bournemouth,Max Gradel,max gradel,Attack,899,1,4,8000000.0,0.613
2015,AFC Bournemouth,Juan Iturbe,juan iturbe,Attack,55,0,0,15000000.0,0.606
2015,AFC Bournemouth,Dan Gosling,dan gosling,Midfield,2398,3,2,2000000.0,0.585
2015,AFC Bournemouth,Callum Wilson,callum wilson,Attack,771,5,0,7000000.0,0.578
2015,AFC Bournemouth,Junior Stanislas,junior stanislas,Attack,1441,3,2,4000000.0,0.575
2015,AFC Bournemouth,Artur Boruc,artur boruc,Goalkeeper,2880,0,0,1000000.0,0.54
2015,AFC Bournemouth,Joshua King,joshua king,Attack,1924,6,3,2000000.0,0.53
2015,AFC Bournemouth,Adam Smith,adam smith,Defender,2097,2,0,1500000.0,0.508
2015,AFC Bournemouth,Lewis Grabban,lewis grabban,Attack,819,1,0,4000000.0,0.502
2015,AFC Bournemouth,Glenn Murray,glenn murray,Attack,796,3,0,4000000.0,0.499
2015,AFC Bournemouth,Tyrone Mings,tyrone mings,Defender,12,0,0,6000000.0,0.467
2015,AFC Bournemouth,Marc Pugh,marc pugh,Attack,1334,3,3,2000000.0,0.461
2015,AFC Bournemouth,Harry Arter,harry arter,Midfield,1671,1,0,1500000.0,0.458
2015,AFC Bournemouth,Lee Tomlin,lee tomlin,Attack,289,0,0,3500000.0,0.421
2015,AFC Bournemouth,Tommy Elphick,tommy elphick,Defender,1012,1,0,1500000.0,0.381
2015,AFC Bournemouth,Eunan O'Kane,eunan o kane,Midfield,752,0,1,1500000.0,0.351
2015,AFC Bournemouth,Tokelo Rantie,tokelo rantie,Attack,38,0,0,1500000.0,0.267
2015,AFC Bournemouth,Adam Federici,adam federici,Goalkeeper,495,0,0,1000000.0,0.261
2015,AFC Bournemouth,Sylvain Distin,sylvain distin,Defender,842,0,0,750000.0,0.259
2015,AFC Bournemouth,Yann Kermorgant,yann kermorgant,Attack,169,0,0,750000.0,0.181
2015,AFC Bournemouth,Shaun MacDonald,shaun macdonald,Midfield,29,0,0,500000.0,0.105
2015,AFC Bournemouth,Ryan Allsop,ryan allsop,Goalkeeper,45,0,0,250000.0,0.005
2015,Arsenal,Mesut Özil,mesut ozil,Midfield,3048,6,19,50000000.0,0.961
2015,Arsenal,Alexis Sánchez,alexis sanchez,Attack,2445,13,5,55000000.0,0.901
2015,Arsenal,Aaron Ramsey,aaron ramsey,Midfield,2622,5,4,30000000.0,0.832
2015,Arsenal,Laurent Koscielny,laurent koscielny,Defender,2846,4,0,22000000.0,0.813
2015,Arsenal,Nacho Monreal,nacho monreal,Defender,3249,0,3,15000000.0,0.805
2015,Arsenal,Olivier Giroud,olivier giroud,Attack,2425,16,6,27000000.0,0.792
2015,Arsenal,Héctor Bellerín,hector bellerin,Defender,3240,1,5,13000000.0,0.783
2015,Arsenal,Petr Cech,petr cech,Goalkeeper,3060,0,0,12000000.0,0.749
2015,Arsenal,Theo Walcott,theo walcott,Attack,1374,5,3,25000000.0,0.651
2015,Arsenal,Per Mertesacker,per mertesacker,Defender,2049,0,0,13000000.0,0.636
2015,Arsenal,Santi Cazorla,santi cazorla,Midfield,1292,0,3,24000000.0,0.635
2015,Arsenal,Gabriel Paulista,gabriel paulista,Defender,1761,1,0,12000000.0,0.589
2015,Arsenal,Francis Coquelin,francis coquelin,Midfield,1646,0,0,12000000.0,0.575
2015,Arsenal,Alex Oxlade-Chamberlain,alex oxlade chamberlain,Midfield,924,1,1,20000000.0,0.562
2015,Arsenal,Jack Wilshere,jack wilshere,Midfield,141,0,0,25000000.0,0.499
2015,Arsenal,Danny Welbeck,danny welbeck,Attack,578,4,2,17000000.0,0.495
2015,Arsenal,Kieran Gibbs,kieran gibbs,Defender,381,1,0,13000000.0,0.431
2015,Arsenal,Joel Campbell,joel campbell,Attack,884,3,3,8000000.0,0.42
2015,Arsenal,Calum Chambers,calum chambers,Defender,315,0,0,12000000.0,0.411
2015,Arsenal,Mathieu Debuchy,mathieu debuchy,Defender,144,0,0,13000000.0,0.402
2015,Arsenal,Mohamed Elneny,mohamed elneny,Midfield,794,0,1,6000000.0,0.366
2015,Arsenal,David Ospina,david ospina,Goalkeeper,360,0,0,8000000.0,0.356
2015,Arsenal,Mathieu Flamini,mathieu flamini,Midfield,1090,0,0,4000000.0,0.342
2015,Arsenal,Mikel Arteta,mikel arteta,Midfield,162,0,1,2000000.0,0.124
2015,Arsenal,Alex Iwobi,alex iwobi,Attack,632,2,2,1000000.0,0.078
2015,Aston Villa,Idrissa Gueye,idrissa gueye,Midfield,3075,0,1,9000000.0,0.976
2015,Aston Villa,Jordan Ayew,jordan ayew,Attack,2353,7,0,7500000.0,0.839
2015,Aston Villa,Jordan Veretout,jordan veretout,Midfield,1824,0,5,8000000.0,0.786
2015,Aston Villa,Ashley Westwood,ashley westwood,Midfield,2719,2,2,4000000.0,0.741
2015,Aston Villa,Rudy Gestede,rudy gestede,Attack,1658,5,2,7000000.0,0.733
2015,Aston Villa,Jordan Amavi,jordan amavi,Defender,836,0,2,10000000.0,0.709
2015,Aston Villa,Micah Richards,micah richards,Defender,2045,1,1,5000000.0,0.705
2015,Aston Villa,Brad Guzan,brad guzan,Goalkeeper,2520,0,0,3000000.0,0.649
2015,Aston Villa,Leandro Bacuna,leandro bacuna,Midfield,2419,1,0,3000000.0,0.636
2015,Aston Villa,Carlos Sánchez,carlos sanchez,Midfield,1369,0,0,5000000.0,0.618
2015,Aston Villa,Ciaran Clark,ciaran clark,Defender,1442,1,0,4500000.0,0.603
2015,Aston Villa,Joleon Lescott,joleon lescott,Defender,2810,2,0,2000000.0,0.593
2015,Aston Villa,Jores Okore,jores okore,Defender,1080,0,0,5000000.0,0.58
2015,Aston Villa,Carles Gil,carles gil,Midfield,1440,2,1,4000000.0,0.575
2015,Aston Villa,Adama Traoré,adama traore,Attack,186,0,2,8000000.0,0.573
2015,Aston Villa,Scott Sinclair,scott sinclair,Attack,1596,2,0,3500000.0,0.564
2015,Aston Villa,Alan Hutton,alan hutton,Defender,2330,0,1,2000000.0,0.53
2015,Aston Villa,Jack Grealish,jack grealish,Attack,832,1,0,4500000.0,0.523
2015,Aston Villa,Gabriel Agbonlahor,gabriel agbonlahor,Attack,1036,1,2,3000000.0,0.456
2015,Aston Villa,Aly Cissokho,aly cissokho,Defender,1603,0,0,2000000.0,0.436
2015,Aston Villa,Libor Kozak,libor kozak,Attack,258,0,0,3500000.0,0.39
2015,Aston Villa,Kieran Richardson,kieran richardson,Defender,723,0,1,1500000.0,0.255
2015,Aston Villa,Charles N'Zogbia,charles n zogbia,Attack,41,0,0,2000000.0,0.233
2015,Aston Villa,Mark Bunn,mark bunn,Goalkeeper,900,0,0,750000.0,0.117
2015,Aston Villa,José Crespo,jose crespo,Defender,90,0,0,800000.0,0.027
2015,Chelsea,Cesc Fàbregas,cesc fabregas,Midfield,2897,5,7,45000000.0,0.882
2015,Chelsea,Eden Hazard,eden hazard,Attack,2192,4,4,70000000.0,0.874
2015,Chelsea,Diego Costa,diego costa,Attack,2378,12,7,45000000.0,0.818
2015,Chelsea,Willian,willian,Attack,2750,5,9,32000000.0,0.803
2015,Chelsea,Nemanja Matić,nemanja matic,Midfield,2420,2,3,38000000.0,0.792
2015,Chelsea,César Azpilicueta,cesar azpilicueta,Defender,3202,2,4,20000000.0,0.774
2015,Chelsea,Thibaut Courtois,thibaut courtois,Goalkeeper,2020,0,0,35000000.0,0.728
2015,Chelsea,Oscar,oscar,Midfield,1774,3,3,35000000.0,0.697
2015,Chelsea,Pedro,pedro,Attack,2043,7,3,23000000.0,0.655
2015,Chelsea,Branislav Ivanovic,branislav ivanovic,Defender,2918,2,2,11000000.0,0.631
2015,Chelsea,Gary Cahill,gary cahill,Defender,1955,2,0,17000000.0,0.589
2015,Chelsea,Kurt Zouma,kurt zouma,Defender,1918,1,0,12000000.0,0.522
2015,Chelsea,Ramires,ramires,Midfield,608,2,0,25000000.0,0.491
2015,Chelsea,Mikel John Obi,mikel john obi,Midfield,1783,0,1,10000000.0,0.472
2015,Chelsea,Asmir Begovic,asmir begovic,Goalkeeper,1397,0,0,12000000.0,0.457
2015,Chelsea,Juan Cuadrado,juan cuadrado,Midfield,26,0,0,30000000.0,0.451
2015,Chelsea,Radamel Falcao,radamel falcao,Attack,229,1,0,23000000.0,0.428
2015,Chelsea,Abdul Rahman Baba,abdul rahman baba,Defender,1016,0,1,13000000.0,0.424
2015,Chelsea,Loïc Rémy,loic remy,Attack,284,1,0,10000000.0,0.285
2015,Chelsea,Alexandre Pato,alexandre pato,Attack,131,1,0,11000000.0,0.283
2015,Chelsea,John Terry,john terry,Defender,1991,1,1,3000000.0,0.282
2015,Chelsea,Kenedy,kenedy,Attack,550,1,0,8000000.0,0.278
2015,Chelsea,Ruben Loftus-Cheek,ruben loftus cheek,Midfield,407,1,1,5000000.0,0.176
2015,Chelsea,Bertrand Traoré,bertrand traore,Attack,373,2,1,4000000.0,0.131
2015,Chelsea,Matt Miazga,matt miazga,Defender,135,0,0,2500000.0,0.017
2015,Crystal Palace,Yohan Cabaye,yohan cabaye,Midfield,2702,5,1,18000000.0,0.943
2015,Crystal Palace,Pape Souaré,pape souare,Defender,3015,0,1,6000000.0,0.856
2015,Crystal Palace,Scott Dann,scott dann,Defender,3150,5,1,5000000.0,0.852
2015,Crystal Palace,Wilfried Zaha,wilfried zaha,Attack,2492,2,5,8000000.0,0.823
2015,Crystal Palace,Yannick Bolasie,yannick bolasie,Attack,2077,5,4,12000000.0,0.817
2015,Crystal Palace,Joel Ward,joel ward,Defender,2692,2,1,5000000.0,0.794
2015,Crystal Palace,Jason Puncheon,jason puncheon,Midfield,2624,2,3,5000000.0,0.785
2015,Crystal Palace,James McArthur,james mcarthur,Midfield,2192,2,2,7000000.0,0.769
2015,Crystal Palace,Wayne Hennessey,wayne hennessey,Goalkeeper,2610,0,0,3000000.0,0.724
2015,Crystal Palace,Damien Delaney,damien delaney,Defender,2880,2,3,2000000.0,0.712
2015,Crystal Palace,Mile Jedinak,mile jedinak,Midfield,1531,0,0,6000000.0,0.667
2015,Crystal Palace,Bakary Sako,bakary sako,Attack,1071,2,1,8000000.0,0.642
2015,Crystal Palace,Connor Wickham,connor wickham,Attack,1326,5,3,6000000.0,0.641
2015,Crystal Palace,Martin Kelly,martin kelly,Defender,1043,0,0,4000000.0,0.559
2015,Crystal Palace,Joe Ledley,joe ledley,Midfield,980,1,0,4000000.0,0.551
2015,Crystal Palace,Jordon Mutch,jordon mutch,Midfield,796,0,0,4000000.0,0.527
2015,Crystal Palace,Dwight Gayle,dwight gayle,Attack,769,3,0,3000000.0,0.491
2015,Crystal Palace,Alex McCarthy,alex mccarthy,Goalkeeper,630,0,0,3000000.0,0.473
2015,Crystal Palace,Fraizer Campbell,fraizer campbell,Attack,358,0,0,3500000.0,0.456
2015,Crystal Palace,Emmanuel Adebayor,emmanuel adebayor,Attack,616,1,1,2500000.0,0.45
2015,Crystal Palace,Chung-yong Lee,chung yong lee,Attack,385,1,0,2000000.0,0.395
2015,Crystal Palace,Adrian Mariappa,adrian mariappa,Defender,256,0,0,2000000.0,0.379
2015,Crystal Palace,Marouane Chamakh,marouane chamakh,Attack,252,0,0,2000000.0,0.378
2015,Crystal Palace,Brede Hangeland,brede hangeland,Defender,630,0,0,1000000.0,0.346
2015,Crystal Palace,Jonathan Williams,jonathan williams,Midfield,10,0,0,1000000.0,0.267
2015,Crystal Palace,Julián Speroni,julian speroni,Goalkeeper,180,0,0,500000.0,0.209
2015,Crystal Palace,Sullay Kaikai,sullay kaikai,Attack,45,0,0,100000.0,0.006
2015,Everton,Romelu Lukaku,romelu lukaku,Attack,3174,18,7,35000000.0,1.0
2015,Everton,John Stones,john stones,Defender,2779,0,0,30000000.0,0.928
2015,Everton,Ross Barkley,ross barkley,Midfield,3086,8,8,21000000.0,0.917
2015,Everton,Séamus Coleman,seamus coleman,Defender,2386,1,3,19000000.0,0.814
2015,Everton,James McCarthy,james mccarthy,Midfield,2435,2,2,17000000.0,0.805
2015,Everton,Ramiro Funes Mori,ramiro funes mori,Defender,2191,4,1,10000000.0,0.699
2015,Everton,Leighton Baines,leighton baines,Defender,1477,2,2,17000000.0,0.684
2015,Everton,Tom Cleverley,tom cleverley,Midfield,1614,2,5,9000000.0,0.612
2015,Everton,Kevin Mirallas,kevin mirallas,Midfield,1005,4,2,13000000.0,0.587
2015,Everton,Gareth Barry,gareth barry,Midfield,2836,0,2,2500000.0,0.585
2015,Everton,Gerard Deulofeu,gerard deulofeu,Attack,1384,2,9,9000000.0,0.583
2015,Everton,Aaron Lennon,aaron lennon,Attack,1540,5,1,6000000.0,0.545
2015,Everton,Phil Jagielka,phil jagielka,Defender,1852,0,0,4500000.0,0.544
2015,Everton,Tim Howard,tim howard,Goalkeeper,2250,0,0,2000000.0,0.479
2015,Everton,Oumar Niasse,oumar niasse,Attack,142,0,0,13000000.0,0.478
2015,Everton,Muhamed Besic,muhamed besic,Midfield,556,0,0,6000000.0,0.421
2015,Everton,Arouna Koné,arouna kone,Attack,1459,5,3,2500000.0,0.411
2015,Everton,Joel Robles,joel robles,Goalkeeper,1170,0,0,3000000.0,0.4
2015,Everton,Bryan Oviedo,bryan oviedo,Defender,998,0,1,3000000.0,0.379
2015,Everton,Brendan Galloway,brendan galloway,Defender,1222,0,1,1500000.0,0.309
2015,Everton,Darron Gibson,darron gibson,Midfield,239,0,1,2500000.0,0.257
2015,Everton,Steven Pienaar,steven pienaar,Midfield,118,0,0,1500000.0,0.17
2015,Everton,Leon Osman,leon osman,Midfield,218,0,0,1000000.0,0.125
2015,Everton,Tony Hibbert,tony hibbert,Defender,45,0,0,500000.0,0.006
2015,Leicester City,Riyad Mahrez,riyad mahrez,Attack,3055,17,10,20000000.0,0.957
2015,Leicester City,Jamie Vardy,jamie vardy,Attack,3139,24,8,12000000.0,0.884
2015,Leicester City,N'Golo Kanté,n golo kante,Midfield,3020,1,4,10000000.0,0.84
2015,Leicester City,Kasper Schmeichel,kasper schmeichel,Goalkeeper,3420,0,0,5000000.0,0.775
2015,Leicester City,Robert Huth,robert huth,Defender,3150,3,0,6000000.0,0.773
2015,Leicester City,Danny Drinkwater,danny drinkwater,Midfield,3039,3,8,6000000.0,0.76
2015,Leicester City,Shinji Okazaki,shinji okazaki,Attack,2072,5,2,10000000.0,0.73
2015,Leicester City,Christian Fuchs,christian fuchs,Defender,2710,0,4,4500000.0,0.674
2015,Leicester City,Marc Albrighton,marc albrighton,Midfield,2767,2,7,4000000.0,0.662
2015,Leicester City,Wes Morgan,wes morgan,Defender,3420,2,0,2500000.0,0.662
2015,Leicester City,Danny Simpson,danny simpson,Defender,2613,0,0,3000000.0,0.597
2015,Leicester City,Jeffrey Schlupp,jeffrey schlupp,Midfield,1382,1,3,7000000.0,0.591
2015,Leicester City,Leonardo Ulloa,leonardo ulloa,Attack,968,6,3,8000000.0,0.564
2015,Leicester City,Gökhan Inler,gokhan inler,Midfield,195,0,0,7500000.0,0.463
2015,Leicester City,Andrej Kramaric,andrej kramaric,Attack,22,0,0,8000000.0,0.454
2015,Leicester City,Demarai Gray,demarai gray,Attack,177,0,1,6000000.0,0.425
2015,Leicester City,Andy King,andy king,Midfield,1049,2,2,3000000.0,0.414
2015,Leicester City,Daniel Amartey,daniel amartey,Defender,102,0,0,5000000.0,0.386
2015,Leicester City,Nathan Dyer,nathan dyer,Attack,232,1,1,4000000.0,0.365
2015,Leicester City,Ritchie De Laet,ritchie de laet,Defender,656,1,0,2500000.0,0.339
2015,Leicester City,Yohan Benalouane,yohan benalouane,Defender,65,0,0,1300000.0,0.163
2015,Leicester City,Marcin Wasilewski,marcin wasilewski,Defender,302,0,0,500000.0,0.035
2015,Liverpool,Nathaniel Clyne,nathaniel clyne,Defender,2970,1,0,20000000.0,0.931
2015,Liverpool,Simon Mignolet,simon mignolet,Goalkeeper,3060,0,0,12000000.0,0.89
2015,Liverpool,Roberto Firmino,roberto firmino,Attack,1983,10,8,35000000.0,0.859
2015,Liverpool,Philippe Coutinho,philippe coutinho,Midfield,2003,8,5,32000000.0,0.853
2015,Liverpool,Alberto Moreno,alberto moreno,Defender,2547,1,4,15000000.0,0.846
2015,Liverpool,Emre Can,emre can,Defender,2492,1,0,15000000.0,0.839
2015,Liverpool,James Milner,james milner,Midfield,2416,5,11,14000000.0,0.822
2015,Liverpool,Adam Lallana,adam lallana,Midfield,2114,4,6,18000000.0,0.808
2015,Liverpool,Christian Benteke,christian benteke,Attack,1520,9,3,30000000.0,0.783
2015,Liverpool,Mamadou Sakho,mamadou sakho,Defender,1855,1,0,18000000.0,0.774
2015,Liverpool,Dejan Lovren,dejan lovren,Defender,1897,0,0,13000000.0,0.747
2015,Liverpool,Jordan Henderson,jordan henderson,Midfield,1293,2,3,28000000.0,0.746
2015,Liverpool,Lucas Leiva,lucas leiva,Midfield,1954,0,1,12000000.0,0.746
2015,Liverpool,Martin Skrtel,martin skrtel,Defender,1886,1,0,13000000.0,0.745
2015,Liverpool,Daniel Sturridge,daniel sturridge,Attack,980,8,1,25000000.0,0.694
2015,Liverpool,Jordon Ibe,jordon ibe,Attack,1174,1,2,7000000.0,0.589
2015,Liverpool,Divock Origi,divock origi,Attack,664,5,1,9000000.0,0.548
2015,Liverpool,Joe Allen,joe allen,Midfield,729,2,1,8000000.0,0.544
2015,Liverpool,Danny Ings,danny ings,Attack,340,2,0,12000000.0,0.535
2015,Liverpool,Jon Flanagan,jon flanagan,Defender,421,0,1,7000000.0,0.49
2015,Liverpool,Kolo Touré,kolo toure,Defender,859,1,0,2000000.0,0.419
2015,Liverpool,Joe Gomez,joe gomez,Defender,438,0,1,2500000.0,0.387
2015,Liverpool,Ádám Bogdán,adam bogdan,Goalkeeper,180,0,0,2000000.0,0.33
2015,Liverpool,Danny Ward,danny ward,Goalkeeper,180,0,0,1000000.0,0.259
2015,Liverpool,Kevin Stewart,kevin stewart,Midfield,564,0,0,500000.0,0.239
2015,Liverpool,Sheyi Ojo,sheyi ojo,Attack,396,0,3,500000.0,0.217
2015,Liverpool,Sergi Canós,sergi canos,Attack,9,0,0,750000.0,0.208
2015,Liverpool,João Carlos Teixeira,joao carlos teixeira,Midfield,3,0,0,750000.0,0.207
2015,Liverpool,Connor Randall,connor randall,Defender,163,0,0,250000.0,0.115
2015,Liverpool,Pedro Chirivella,pedro chirivella,Midfield,45,0,0,100000.0,0.006
2015,Manchester City,Sergio Agüero,sergio aguero,Attack,2374,24,2,60000000.0,0.905
2015,Manchester City,Kevin De Bruyne,kevin de bruyne,Midfield,2003,7,9,60000000.0,0.858
2015,Manchester City,Nicolás Otamendi,nicolas otamendi,Defender,2672,1,0,32000000.0,0.833
2015,Manchester City,Fernandinho,fernandinho,Midfield,2732,2,3,28000000.0,0.817
2015,Manchester City,Raheem Sterling,raheem sterling,Attack,1924,6,2,50000000.0,0.815
2015,Manchester City,Joe Hart,joe hart,Goalkeeper,3110,0,0,16000000.0,0.767
2015,Manchester City,David Silva,david silva,Midfield,1801,2,11,38000000.0,0.751
2015,Manchester City,Eliaquim Mangala,eliaquim mangala,Defender,2010,0,0,26000000.0,0.711
2015,Manchester City,Yaya Touré,yaya toure,Midfield,2332,6,5,20000000.0,0.706
2015,Manchester City,Jesús Navas,jesus navas,Midfield,2279,0,7,20000000.0,0.699
2015,Manchester City,Vincent Kompany,vincent kompany,Defender,1179,2,0,30000000.0,0.629
2015,Manchester City,Aleksandar Kolarov,aleksandar kolarov,Defender,2281,3,4,11000000.0,0.594
2015,Manchester City,Wilfried Bony,wilfried bony,Attack,1223,4,3,23000000.0,0.588
2015,Manchester City,Fernando,fernando,Midfield,1697,2,0,16000000.0,0.585
2015,Manchester City,Bacary Sagna,bacary sagna,Defender,2448,0,3,7000000.0,0.536
2015,Manchester City,Samir Nasri,samir nasri,Midfield,536,2,3,21000000.0,0.484
2015,Manchester City,Pablo Zabaleta,pablo zabaleta,Defender,1062,0,1,14000000.0,0.48
2015,Manchester City,Gaël Clichy,gael clichy,Defender,1088,0,1,9000000.0,0.405
2015,Manchester City,Fabian Delph,fabian delph,Midfield,753,2,0,10000000.0,0.381
2015,Manchester City,Kelechi Iheanacho,kelechi iheanacho,Attack,753,8,2,5000000.0,0.258
2015,Manchester City,Martín Demichelis,martin demichelis,Defender,1015,0,0,2000000.0,0.131
2015,Manchester City,Willy Caballero,willy caballero,Goalkeeper,310,0,0,3000000.0,0.111
2015,Manchester City,Patrick Roberts,patrick roberts,Attack,4,0,0,2500000.0,0.04
2015,Manchester United,David de Gea,david de gea,Goalkeeper,3060,0,0,35000000.0,0.97
2015,Manchester United,Juan Mata,juan mata,Midfield,2899,6,7,34000000.0,0.946
2015,Manchester United,Wayne Rooney,wayne rooney,Attack,2410,8,6,40000000.0,0.906
2015,Manchester United,Chris Smalling,chris smalling,Defender,3150,0,0,19000000.0,0.898
2015,Manchester United,Anthony Martial,anthony martial,Attack,2632,11,4,30000000.0,0.895
2015,Manchester United,Daley Blind,daley blind,Defender,3116,1,1,19000000.0,0.894
2015,Manchester United,Morgan Schneiderlin,morgan schneiderlin,Midfield,2204,1,0,30000000.0,0.84
2015,Manchester United,Ander Herrera,ander herrera,Midfield,1533,3,2,28000000.0,0.746
2015,Manchester United,Memphis Depay,memphis depay,Attack,1475,2,1,25000000.0,0.723
2015,Manchester United,Matteo Darmian,matteo darmian,Defender,1929,1,0,15000000.0,0.711
2015,Manchester United,Marcos Rojo,marcos rojo,Defender,1252,0,1,18000000.0,0.65
2015,Manchester United,Marouane Fellaini,marouane fellaini,Midfield,1070,1,0,19000000.0,0.634
2015,Manchester United,Bastian Schweinsteiger,bastian schweinsteiger,Midfield,1201,1,1,15000000.0,0.618
2015,Manchester United,Luke Shaw,luke shaw,Defender,450,0,1,21000000.0,0.569
2015,Manchester United,Ashley Young,ashley young,Defender,1063,1,3,10000000.0,0.545
2015,Manchester United,Michael Carrick,michael carrick,Midfield,1975,0,0,4000000.0,0.536
2015,Manchester United,Phil Jones,phil jones,Defender,529,0,0,15000000.0,0.533
2015,Manchester United,Jesse Lingard,jesse lingard,Midfield,1635,4,1,5000000.0,0.523
2015,Manchester United,Antonio Valencia,antonio valencia,Defender,857,0,3,8000000.0,0.488
2015,Manchester United,Chicharito,chicharito,Attack,23,0,0,10000000.0,0.413
2015,Manchester United,Adnan Januzaj,adnan januzaj,Attack,144,1,0,7000000.0,0.38
2015,Manchester United,Sergio Romero,sergio romero,Goalkeeper,360,0,0,5000000.0,0.361
2015,Manchester United,Marcus Rashford,marcus rashford,Attack,861,5,2,3000000.0,0.355
2015,Manchester United,Paddy McNair,paddy mcnair,Defender,310,0,0,4500000.0,0.34
2015,Manchester United,Cameron Borthwick-Jackson,cameron borthwick jackson,Defender,692,0,1,1500000.0,0.238
2015,Manchester United,Nick Powell,nick powell,Midfield,16,0,0,2000000.0,0.192
2015,Manchester United,James Wilson,james wilson,Attack,8,0,0,2000000.0,0.191
2015,Manchester United,Will Keane,will keane,Attack,4,0,0,1000000.0,0.095
2015,Manchester United,Guillermo Varela,guillermo varela,Defender,315,0,0,500000.0,0.04
2015,Manchester United,Andreas Pereira,andreas pereira,Midfield,80,0,0,500000.0,0.01
2015,Newcastle United,Georginio Wijnaldum,georginio wijnaldum,Midfield,3168,11,5,20000000.0,0.993
2015,Newcastle United,Moussa Sissoko,moussa sissoko,Midfield,3222,1,8,15000000.0,0.953
2015,Newcastle United,Chancel Mbemba,chancel mbemba,Defender,2924,0,0,10000000.0,0.85
2015,Newcastle United,Aleksandar Mitrović,aleksandar mitrovic,Attack,2116,9,4,14000000.0,0.805
2015,Newcastle United,Daryl Janmaat,daryl janmaat,Defender,2755,2,4,7500000.0,0.782
2015,Newcastle United,Jack Colback,jack colback,Midfield,2397,1,1,7500000.0,0.738
2015,Newcastle United,Ayoze Pérez,ayoze perez,Attack,2047,6,2,8000000.0,0.705
2015,Newcastle United,Andros Townsend,andros townsend,Attack,1153,4,2,9000000.0,0.613
2015,Newcastle United,Vurnon Anita,vurnon anita,Midfield,2108,1,3,4000000.0,0.6
2015,Newcastle United,Florian Thauvin,florian thauvin,Attack,420,0,0,14000000.0,0.594
2015,Newcastle United,Papiss Cissé,papiss cisse,Attack,1069,3,0,7500000.0,0.573
2015,Newcastle United,Cheik Tioté,cheik tiote,Midfield,1225,0,0,6000000.0,0.556
2015,Newcastle United,Paul Dummett,paul dummett,Defender,1896,1,0,3500000.0,0.552
2015,Newcastle United,Tim Krul,tim krul,Goalkeeper,720,0,0,8000000.0,0.54
2015,Newcastle United,Seydou Doumbia,seydou doumbia,Attack,29,0,0,12000000.0,0.521
2015,Newcastle United,Fabricio Coloccini,fabricio coloccini,Defender,2293,1,0,2000000.0,0.51
2015,Newcastle United,Siem de Jong,siem de jong,Midfield,446,0,1,7000000.0,0.485
2015,Newcastle United,Jamaal Lascelles,jamaal lascelles,Defender,1149,2,0,3000000.0,0.434
2015,Newcastle United,Rob Elliot,rob elliot,Goalkeeper,1890,0,0,1500000.0,0.413
2015,Newcastle United,Emmanuel Rivière,emmanuel riviere,Attack,63,0,0,5000000.0,0.382
2015,Newcastle United,Yoan Gouffran,yoan gouffran,Attack,224,0,0,4000000.0,0.366
2015,Newcastle United,Karl Darlow,karl darlow,Goalkeeper,810,0,0,2500000.0,0.362
2015,Newcastle United,Massadio Haïdara,massadio haidara,Defender,555,0,1,2000000.0,0.294
2015,Newcastle United,Henri Saivet,henri saivet,Midfield,148,0,0,2500000.0,0.28
2015,Newcastle United,Steven Taylor,steven taylor,Defender,810,0,0,1500000.0,0.279
2015,Newcastle United,Rolando Aarons,rolando aarons,Attack,377,1,1,1000000.0,0.16
2015,Newcastle United,Gabriel Obertan,gabriel obertan,Attack,279,0,1,1000000.0,0.147
2015,Newcastle United,Ivan Toney,ivan toney,Attack,10,0,0,500000.0,0.001
2015,Norwich City,Robbie Brady,robbie brady,Midfield,2987,3,2,6000000.0,0.951
2015,Norwich City,Nathan Redmond,nathan redmond,Attack,2337,6,2,7500000.0,0.913
2015,Norwich City,Jonathan Howson,jonathan howson,Midfield,2953,3,4,4000000.0,0.856
2015,Norwich City,Dieumerci Mbokani,dieumerci mbokani,Attack,1588,7,1,7000000.0,0.797
2015,Norwich City,Sébastien Bassong,sebastien bassong,Defender,2789,1,0,3000000.0,0.77
2015,Norwich City,Russell Martin,russell martin,Defender,2698,3,0,3000000.0,0.758
2015,Norwich City,Steven Naismith,steven naismith,Attack,1331,4,2,6000000.0,0.729
2015,Norwich City,John Ruddy,john ruddy,Goalkeeper,2430,0,0,3000000.0,0.722
2015,Norwich City,Martin Olsson,martin olsson,Defender,1774,1,2,4000000.0,0.698
2015,Norwich City,Alexander Tettey,alexander tettey,Midfield,1952,2,0,3500000.0,0.693
2015,Norwich City,Cameron Jerome,cameron jerome,Attack,1776,3,2,3000000.0,0.635
2015,Norwich City,Timm Klose,timm klose,Defender,850,1,0,5000000.0,0.624
2015,Norwich City,Graham Dorrans,graham dorrans,Midfield,1287,0,1,3500000.0,0.603
2015,Norwich City,Wes Hoolahan,wes hoolahan,Midfield,2004,4,9,2000000.0,0.576
2015,Norwich City,Andre Wisdom,andre wisdom,Defender,823,0,0,4000000.0,0.571
2015,Norwich City,Ivo Pinto,ivo pinto,Defender,811,0,0,4000000.0,0.569
2015,Norwich City,Patrick Bamford,patrick bamford,Attack,355,0,0,5000000.0,0.558
2015,Norwich City,Ryan Bennett,ryan bennett,Defender,1838,0,0,2000000.0,0.553
2015,Norwich City,Matt Jarvis,matt jarvis,Attack,1094,1,1,3000000.0,0.543
2015,Norwich City,Vadis Odjidja-Ofoe,vadis odjidja ofoe,Midfield,275,0,2,4500000.0,0.524
2015,Norwich City,Bradley Johnson,bradley johnson,Midfield,151,0,0,4000000.0,0.481
2015,Norwich City,Youssouf Mulumbu,youssouf mulumbu,Midfield,371,0,0,3500000.0,0.481
2015,Norwich City,Gary Hooper,gary hooper,Attack,11,0,0,4000000.0,0.462
2015,Norwich City,Steven Whittaker,steven whittaker,Defender,660,1,0,2000000.0,0.396
2015,Norwich City,Gary O'Neil,gary o neil,Midfield,1750,0,0,1000000.0,0.388
2015,Norwich City,Kyle Lafferty,kyle lafferty,Attack,13,0,0,2250000.0,0.335
2015,Norwich City,Declan Rudd,declan rudd,Goalkeeper,990,0,0,500000.0,0.133
2015,Southampton,Sadio Mané,sadio mane,Attack,2607,11,7,20000000.0,0.929
2015,Southampton,Virgil van Dijk,virgil van dijk,Defender,3060,3,0,12000000.0,0.916
2015,Southampton,Ryan Bertrand,ryan bertrand,Defender,2880,1,4,12000000.0,0.894
2015,Southampton,Victor Wanyama,victor wanyama,Midfield,2500,1,1,15000000.0,0.876
2015,Southampton,Dušan Tadić,dusan tadic,Attack,2292,8,13,15000000.0,0.85
2015,Southampton,José Fonte,jose fonte,Defender,3168,2,1,5000000.0,0.81
2015,Southampton,Graziano Pellè,graziano pelle,Attack,2172,11,7,11000000.0,0.792
2015,Southampton,Shane Long,shane long,Attack,2111,10,4,10000000.0,0.772
2015,Southampton,Cédric Soares,cedric soares,Defender,1971,0,2,11000000.0,0.767
2015,Southampton,Steven Davis,steven davis,Midfield,2612,5,3,5500000.0,0.753
2015,Southampton,Fraser Forster,fraser forster,Goalkeeper,1620,0,0,12000000.0,0.735
2015,Southampton,Jordy Clasie,jordy clasie,Midfield,1551,0,0,11000000.0,0.714
2015,Southampton,James Ward-Prowse,james ward prowse,Midfield,1535,2,4,11000000.0,0.712
2015,Southampton,Oriol Romeu,oriol romeu,Midfield,1605,1,0,5000000.0,0.613
2015,Southampton,Jay Rodríguez,jay rodriguez,Attack,346,0,0,13000000.0,0.585
2015,Southampton,Charlie Austin,charlie austin,Attack,209,1,0,13000000.0,0.567
2015,Southampton,Maya Yoshida,maya yoshida,Defender,1015,1,0,4000000.0,0.508
2015,Southampton,Steven Caulker,steven caulker,Defender,149,0,0,7500000.0,0.485
2015,Southampton,Juanmi,juanmi,Attack,161,0,0,7000000.0,0.477
2015,Southampton,Matt Targett,matt targett,Defender,1068,0,2,3000000.0,0.475
2015,Southampton,Cuco Martina,cuco martina,Defender,1081,1,1,2000000.0,0.421
2015,Southampton,Gastón Ramírez,gaston ramirez,Midfield,28,0,1,5000000.0,0.414
2015,Southampton,Maarten Stekelenburg,maarten stekelenburg,Goalkeeper,1530,0,0,1000000.0,0.383
2015,Southampton,Harrison Reed,harrison reed,Midfield,10,0,0,1500000.0,0.247
2015,Southampton,Paulo Gazzaniga,paulo gazzaniga,Goalkeeper,180,0,0,1000000.0,0.213
2015,Southampton,Kelvin Davis,kelvin davis,Goalkeeper,90,0,0,250000.0,0.011
2015,Stoke City,Jack Butland,jack butland,Goalkeeper,2790,0,0,9000000.0,0.836
2015,Stoke City,Xherdan Shaqiri,xherdan shaqiri,Midfield,2029,3,6,16000000.0,0.836
2015,Stoke City,Marko Arnautovic,marko arnautovic,Attack,2819,11,6,8000000.0,0.82
2015,Stoke City,Erik Pieters,erik pieters,Defender,3097,0,1,5000000.0,0.776
2015,Stoke City,Philipp Wollscheid,philipp wollscheid,Defender,2685,0,0,6500000.0,0.768
2015,Stoke City,Giannelli Imbula,giannelli imbula,Midfield,1260,2,0,18000000.0,0.759
2015,Stoke City,Ryan Shawcross,ryan shawcross,Defender,1697,0,0,11000000.0,0.731
2015,Stoke City,Bojan Krkic,bojan krkic,Attack,1706,7,1,10000000.0,0.717
2015,Stoke City,Glen Johnson,glen johnson,Defender,2186,0,3,7000000.0,0.717
2015,Stoke City,Glenn Whelan,glenn whelan,Midfield,3173,0,1,3000000.0,0.7
2015,Stoke City,Ibrahim Afellay,ibrahim afellay,Midfield,2106,2,3,5000000.0,0.651
2015,Stoke City,Mame Diouf,mame diouf,Attack,1269,5,1,8000000.0,0.624
2015,Stoke City,Geoff Cameron,geoff cameron,Defender,2361,0,0,3000000.0,0.598
2015,Stoke City,Joselu,joselu,Attack,1091,4,2,6000000.0,0.554
2015,Stoke City,Marco van Ginkel,marco van ginkel,Midfield,753,0,0,7500000.0,0.548
2015,Stoke City,Jonathan Walters,jonathan walters,Attack,1725,5,3,3500000.0,0.543
2015,Stoke City,Charlie Adam,charlie adam,Midfield,1041,1,1,4500000.0,0.499
2015,Stoke City,Marc Muniesa,marc muniesa,Defender,1111,0,0,3000000.0,0.44
2015,Stoke City,Marc Wilson,marc wilson,Defender,258,0,0,4000000.0,0.381
2015,Stoke City,Peter Crouch,peter crouch,Attack,457,0,1,2000000.0,0.29
2015,Stoke City,Phil Bardsley,phil bardsley,Defender,816,0,2,1500000.0,0.287
2015,Stoke City,Stephen Ireland,stephen ireland,Midfield,232,0,1,1500000.0,0.213
2015,Stoke City,Peter Odemwingie,peter odemwingie,Attack,101,0,0,1500000.0,0.197
2015,Stoke City,Steve Sidwell,steve sidwell,Midfield,12,0,0,1500000.0,0.185
2015,Stoke City,Jakob Haugaard,jakob haugaard,Goalkeeper,405,0,0,750000.0,0.119
2015,Stoke City,Shay Given,shay given,Goalkeeper,225,0,0,500000.0,0.028
2015,Stoke City,Dionatan Teixeira,dionatan teixeira,Defender,45,0,0,500000.0,0.006
2015,Sunderland,Yann M'Vila,yann m vila,Midfield,3189,1,5,7000000.0,0.912
2015,Sunderland,Jermain Defoe,jermain defoe,Attack,2551,15,1,6000000.0,0.802
2015,Sunderland,Patrick van Aanholt,patrick van aanholt,Defender,2970,5,3,4500000.0,0.799
2015,Sunderland,Jeremain Lens,jeremain lens,Attack,1294,3,3,11000000.0,0.762
2015,Sunderland,Fabio Borini,fabio borini,Attack,1900,5,2,6000000.0,0.721
2015,Sunderland,Jack Rodwell,jack rodwell,Midfield,1158,1,0,8000000.0,0.683
2015,Sunderland,Costel Pantilimon,costel pantilimon,Goalkeeper,1530,0,0,6000000.0,0.674
2015,Sunderland,Wahbi Khazri,wahbi khazri,Attack,1077,2,1,8000000.0,0.673
2015,Sunderland,Adam Johnson,adam johnson,Attack,1141,2,5,7500000.0,0.669
2015,Sunderland,Lee Cattermole,lee cattermole,Midfield,2216,0,0,3500000.0,0.656
2015,Sunderland,Lamine Koné,lamine kone,Defender,1315,2,1,5000000.0,0.612
2015,Sunderland,Younès Kaboul,younes kaboul,Defender,2009,0,1,3000000.0,0.6
2015,Sunderland,Steven Fletcher,steven fletcher,Attack,1015,4,1,4500000.0,0.554
2015,Sunderland,Vito Mannone,vito mannone,Goalkeeper,1710,0,0,2500000.0,0.527
2015,Sunderland,Billy Jones,billy jones,Defender,2033,1,0,2000000.0,0.524
2015,Sunderland,Dame N'Doye,dame n doye,Attack,566,1,0,4000000.0,0.475
2015,Sunderland,Sebastián Coates,sebastian coates,Defender,1230,0,1,2500000.0,0.467
2015,Sunderland,Sebastian Larsson,sebastian larsson,Midfield,547,0,1,3500000.0,0.446
2015,Sunderland,DeAndre Yedlin,deandre yedlin,Defender,1812,0,1,1500000.0,0.441
2015,Sunderland,Ola Toivonen,ola toivonen,Midfield,663,0,2,3000000.0,0.431
2015,Sunderland,Jordi Gómez,jordi gomez,Midfield,355,0,0,3000000.0,0.392
2015,Sunderland,John O'Shea,john o shea,Defender,2008,0,0,1000000.0,0.386
2015,Sunderland,Jan Kirchhoff,jan kirchhoff,Defender,1084,0,0,1500000.0,0.349
2015,Sunderland,Duncan Watmore,duncan watmore,Attack,907,3,1,1500000.0,0.327
2015,Sunderland,Adam Matthews,adam matthews,Defender,36,0,0,2500000.0,0.317
2015,Sunderland,Danny Graham,danny graham,Attack,358,0,0,1500000.0,0.258
2015,Sunderland,Jordan Pickford,jordan pickford,Goalkeeper,180,0,0,1000000.0,0.157
2015,Sunderland,Wes Brown,wes brown,Defender,540,0,0,500000.0,0.068
2015,Swansea City,André Ayew,andre ayew,Attack,2940,12,5,15000000.0,0.953
2015,Swansea City,Gylfi Sigurdsson,gylfi sigurdsson,Midfield,2917,11,3,11000000.0,0.907
2015,Swansea City,Lukasz Fabianski,lukasz fabianski,Goalkeeper,3330,0,1,7000000.0,0.894
2015,Swansea City,Federico Fernández,federico fernandez,Defender,2880,1,1,9000000.0,0.875
2015,Swansea City,Ashley Williams,ashley williams,Defender,3240,2,1,6500000.0,0.873
2015,Swansea City,Jonjo Shelvey,jonjo shelvey,Midfield,2269,1,6,12000000.0,0.842
2015,Swansea City,Neil Taylor,neil taylor,Defender,2947,0,2,4500000.0,0.787
2015,Swansea City,Sung-yueng Ki,sung yueng ki,Midfield,1849,2,1,8000000.0,0.735
2015,Swansea City,Jack Cork,jack cork,Midfield,2544,1,2,4000000.0,0.722
2015,Swansea City,Bafétimbi Gomis,bafetimbi gomis,Attack,1696,6,0,8000000.0,0.716
2015,Swansea City,Kyle Naughton,kyle naughton,Defender,1765,0,3,5500000.0,0.673
2015,Swansea City,Jefferson Montero,jefferson montero,Attack,1357,0,2,5500000.0,0.624
2015,Swansea City,Leroy Fer,leroy fer,Midfield,757,0,2,8500000.0,0.612
2015,Swansea City,Wayne Routledge,wayne routledge,Attack,1680,2,1,3000000.0,0.578
2015,Swansea City,Alberto Paloschi,alberto paloschi,Attack,669,2,0,6000000.0,0.553
2015,Swansea City,Éder,eder,Attack,269,0,0,6000000.0,0.505
2015,Swansea City,Ángel Rangel,angel rangel,Defender,1820,0,0,1500000.0,0.499
2015,Swansea City,Leon Britton,leon britton,Midfield,1527,0,0,1500000.0,0.463
2015,Swansea City,Modou Barrow,modou barrow,Attack,782,1,2,2500000.0,0.445
2015,Swansea City,Jordi Amat,jordi amat,Defender,461,0,0,3000000.0,0.432
2015,Swansea City,Kristoffer Nordfeldt,kristoffer nordfeldt,Goalkeeper,90,0,0,2500000.0,0.362
2015,Swansea City,Matt Grimes,matt grimes,Midfield,90,0,0,2000000.0,0.331
2015,Swansea City,Kyle Bartley,kyle bartley,Defender,284,0,0,1000000.0,0.258
2015,Swansea City,Marvin Emnes,marvin emnes,Attack,66,0,0,1000000.0,0.232
2015,Swansea City,Stephen Kingsley,stephen kingsley,Defender,356,0,1,500000.0,0.17
2015,Swansea City,Jay Fulton,jay fulton,Midfield,20,0,0,200000.0,0.002
2015,Tottenham Hotspur,Harry Kane,harry kane,Attack,3370,25,1,30000000.0,0.994
2015,Tottenham Hotspur,Toby Alderweireld,toby alderweireld,Defender,3420,4,2,22000000.0,0.938
2015,Tottenham Hotspur,Christian Eriksen,christian eriksen,Midfield,2942,6,15,29000000.0,0.937
2015,Tottenham Hotspur,Hugo Lloris,hugo lloris,Goalkeeper,3330,0,0,22000000.0,0.927
2015,Tottenham Hotspur,Eric Dier,eric dier,Defender,3268,3,2,15000000.0,0.843
2015,Tottenham Hotspur,Erik Lamela,erik lamela,Attack,2385,5,9,24000000.0,0.834
2015,Tottenham Hotspur,Jan Vertonghen,jan vertonghen,Defender,2595,0,0,21000000.0,0.832
2015,Tottenham Hotspur,Kyle Walker,kyle walker,Defender,2943,1,3,13000000.0,0.777
2015,Tottenham Hotspur,Mousa Dembélé,mousa dembele,Midfield,2273,3,1,16000000.0,0.74
2015,Tottenham Hotspur,Dele Alli,dele alli,Midfield,2480,10,9,12000000.0,0.707
2015,Tottenham Hotspur,Heung-min Son,heung min son,Attack,1105,4,1,25000000.0,0.693
2015,Tottenham Hotspur,Danny Rose,danny rose,Defender,2132,1,4,11000000.0,0.648
2015,Tottenham Hotspur,Nacer Chadli,nacer chadli,Attack,938,3,2,13000000.0,0.542
2015,Tottenham Hotspur,Ben Davies,ben davies,Defender,1288,0,2,8000000.0,0.486
2015,Tottenham Hotspur,Ryan Mason,ryan mason,Midfield,799,1,0,7500000.0,0.416
2015,Tottenham Hotspur,Clinton N'Jie,clinton n jie,Attack,184,0,1,10000000.0,0.401
2015,Tottenham Hotspur,Nabil Bentaleb,nabil bentaleb,Midfield,167,0,0,10000000.0,0.399
2015,Tottenham Hotspur,Kevin Wimmer,kevin wimmer,Defender,812,0,0,6500000.0,0.389
2015,Tottenham Hotspur,Kieran Trippier,kieran trippier,Defender,458,1,1,6000000.0,0.331
2015,Tottenham Hotspur,Tom Carroll,tom carroll,Midfield,506,1,0,5000000.0,0.3
2015,Tottenham Hotspur,Michel Vorm,michel vorm,Goalkeeper,90,0,0,5000000.0,0.252
2015,Tottenham Hotspur,Josh Onomah,josh onomah,Midfield,78,0,0,1500000.0,0.009
2015,Watford,Odion Ighalo,odion ighalo,Attack,3152,16,5,12000000.0,0.971
2015,Watford,Troy Deeney,troy deeney,Attack,3292,13,8,9000000.0,0.918
2015,Watford,Étienne Capoue,etienne capoue,Midfield,2821,0,1,9000000.0,0.863
2015,Watford,José Manuel Jurado,jose manuel jurado,Midfield,2025,0,2,7000000.0,0.708
2015,Watford,Allan Nyom,allan nyom,Defender,2473,0,1,4000000.0,0.626
2015,Watford,Craig Cathcart,craig cathcart,Defender,3033,1,0,3000000.0,0.622
2015,Watford,Mario Suárez,mario suarez,Defender,745,0,0,8000000.0,0.59
2015,Watford,Nathan Aké,nathan ake,Defender,1875,1,0,4500000.0,0.584
2015,Watford,Miguel Britos,miguel britos,Defender,2076,0,0,3500000.0,0.547
2015,Watford,Sebastian Prödl,sebastian prodl,Defender,1776,2,0,4000000.0,0.544
2015,Watford,Almen Abdi,almen abdi,Midfield,1982,2,0,3500000.0,0.536
2015,Watford,Víctor Ibarbo,victor ibarbo,Attack,64,0,0,8000000.0,0.51
2015,Watford,Ikechi Anya,ikechi anya,Midfield,1680,0,1,3000000.0,0.463
2015,Watford,Nordin Amrabat,nordin amrabat,Attack,502,0,0,5000000.0,0.448
2015,Watford,Obbi Oulare,obbi oulare,Attack,5,0,0,6000000.0,0.433
2015,Watford,Ben Watson,ben watson,Midfield,2815,1,2,1500000.0,0.429
2015,Watford,Valon Behrami,valon behrami,Midfield,1282,0,1,3000000.0,0.416
2015,Watford,Heurelho Gomes,heurelho gomes,Goalkeeper,3397,0,0,1000000.0,0.4
2015,Watford,Steven Berghuis,steven berghuis,Attack,223,0,2,4000000.0,0.361
2015,Watford,Miguel Layún,miguel layun,Defender,132,1,0,3000000.0,0.281
2015,Watford,Jose Cholevas,jose cholevas,Defender,945,1,0,2000000.0,0.279
2015,Watford,Juan Carlos Paredes,juan carlos paredes,Defender,767,0,1,2000000.0,0.258
2015,Watford,Giedrius Arlauskis,giedrius arlauskis,Goalkeeper,23,0,0,2500000.0,0.224
2015,Watford,Alessandro Diamanti,alessandro diamanti,Midfield,66,0,0,2000000.0,0.175
2015,Watford,Adlène Guédioura,adlene guedioura,Midfield,421,0,2,1000000.0,0.05
2015,West Bromwich Albion,Salomón Rondón,salomon rondon,Attack,2567,9,3,15000000.0,0.903
2015,West Bromwich Albion,Craig Dawson,craig dawson,Defender,3385,4,0,5000000.0,0.806
2015,West Bromwich Albion,Saido Berahino,saido berahino,Attack,1742,4,0,15000000.0,0.806
2015,West Bromwich Albion,Jonny Evans,jonny evans,Defender,2593,1,1,6000000.0,0.745
2015,West Bromwich Albion,Claudio Yacob,claudio yacob,Midfield,2852,0,1,4000000.0,0.704
2015,West Bromwich Albion,Darren Fletcher,darren fletcher,Midfield,3375,1,3,2000000.0,0.643
2015,West Bromwich Albion,James McClean,james mcclean,Midfield,2413,2,4,3000000.0,0.601
2015,West Bromwich Albion,Chris Brunt,chris brunt,Midfield,1803,0,3,4000000.0,0.58
2015,West Bromwich Albion,James Morrison,james morrison,Midfield,1342,3,3,5000000.0,0.565
2015,West Bromwich Albion,Craig Gardner,craig gardner,Midfield,2035,3,3,3000000.0,0.557
2015,West Bromwich Albion,James Chester,james chester,Defender,962,0,0,6000000.0,0.552
2015,West Bromwich Albion,Ben Foster,ben foster,Goalkeeper,1350,0,0,4000000.0,0.526
2015,West Bromwich Albion,Stéphane Sessègnon,stephane sessegnon,Midfield,1760,2,2,3000000.0,0.524
2015,West Bromwich Albion,Boaz Myhill,boaz myhill,Goalkeeper,2070,0,0,2000000.0,0.489
2015,West Bromwich Albion,Sandro,sandro,Midfield,380,0,0,6000000.0,0.483
2015,West Bromwich Albion,Callum McManaman,callum mcmanaman,Attack,277,0,2,5000000.0,0.439
2015,West Bromwich Albion,Jonas Olsson,jonas olsson,Defender,2017,1,1,1500000.0,0.432
2015,West Bromwich Albion,Rickie Lambert,rickie lambert,Attack,618,1,1,3000000.0,0.389
2015,West Bromwich Albion,Gareth McAuley,gareth mcauley,Defender,3060,1,0,500000.0,0.362
2015,West Bromwich Albion,Serge Gnabry,serge gnabry,Attack,12,0,0,3500000.0,0.345
2015,West Bromwich Albion,Alex Pritchard,alex pritchard,Midfield,67,0,0,3000000.0,0.324
2015,West Bromwich Albion,Victor Anichebe,victor anichebe,Attack,365,0,0,2000000.0,0.288
2015,West Bromwich Albion,Cristian Gamboa,cristian gamboa,Defender,27,0,0,2000000.0,0.248
2015,West Bromwich Albion,Sébastien Pocognoli,sebastien pocognoli,Defender,35,0,1,1000000.0,0.126
2015,West Ham United,Dimitri Payet,dimitri payet,Midfield,2573,9,12,18000000.0,0.91
2015,West Ham United,Aaron Cresswell,aaron cresswell,Defender,3315,2,4,10000000.0,0.878
2015,West Ham United,Cheikhou Kouyaté,cheikhou kouyate,Midfield,3010,5,3,11000000.0,0.861
2015,West Ham United,Mark Noble,mark noble,Midfield,3205,7,4,7000000.0,0.791
2015,West Ham United,Adrián San Miguel,adrian san miguel,Goalkeeper,2880,0,0,7000000.0,0.751
2015,West Ham United,Angelo Ogbonna,angelo ogbonna,Defender,2328,0,0,9000000.0,0.737
2015,West Ham United,Winston Reid,winston reid,Defender,2136,1,2,9000000.0,0.714
2015,West Ham United,Manuel Lanzini,manuel lanzini,Midfield,1919,6,2,9000000.0,0.688
2015,West Ham United,Diafra Sakho,diafra sakho,Attack,1526,5,1,10000000.0,0.662
2015,West Ham United,Michail Antonio,michail antonio,Attack,2062,8,4,7000000.0,0.653
2015,West Ham United,Andy Carroll,andy carroll,Attack,1434,9,1,10000000.0,0.651
2015,West Ham United,Enner Valencia,enner valencia,Attack,1009,4,2,11000000.0,0.62
2015,West Ham United,James Tomkins,james tomkins,Defender,1963,0,0,6000000.0,0.609
2015,West Ham United,Carl Jenkinson,carl jenkinson,Defender,1225,2,0,8000000.0,0.579
2015,West Ham United,Pedro Obiang,pedro obiang,Midfield,1080,0,1,8000000.0,0.562
2015,West Ham United,Alex Song,alex song,Midfield,657,0,0,10000000.0,0.557
2015,West Ham United,Emmanuel Emenike,emmanuel emenike,Attack,509,0,0,10000000.0,0.539
2015,West Ham United,Victor Moses,victor moses,Midfield,980,1,2,7500000.0,0.537
2015,West Ham United,Nikica Jelavic,nikica jelavic,Attack,341,1,2,5000000.0,0.375
2015,West Ham United,Sam Byram,sam byram,Defender,286,0,0,4500000.0,0.347
2015,West Ham United,Mauro Zárate,mauro zarate,Attack,790,3,0,3000000.0,0.323
2015,West Ham United,James Collins,james collins,Defender,1440,0,0,2000000.0,0.318
2015,West Ham United,Kevin Nolan,kevin nolan,Midfield,56,0,0,2000000.0,0.151
2015,West Ham United,Modibo Maïga,modibo maiga,Attack,25,1,0,2000000.0,0.147
2015,West Ham United,Reece Oxford,reece oxford,Defender,210,0,0,1500000.0,0.11
2015,West Ham United,Darren Randolph,darren randolph,Goalkeeper,540,0,0,1000000.0,0.065
2016,AFC Bournemouth,Jack Wilshere,jack wilshere,Midfield,1950,0,2,20000000.0,0.828
2016,AFC Bournemouth,Steve Cook,steve cook,Defender,3420,2,1,5000000.0,0.81
2016,AFC Bournemouth,Joshua King,joshua king,Attack,2720,16,2,4500000.0,0.714
2016,AFC Bournemouth,Adam Smith,adam smith,Defender,3099,1,5,2500000.0,0.678
2016,AFC Bournemouth,Charlie Daniels,charlie daniels,Defender,3060,4,3,2500000.0,0.673
2016,AFC Bournemouth,Benik Afobe,benik afobe,Attack,1454,6,3,9000000.0,0.661
2016,AFC Bournemouth,Simon Francis,simon francis,Defender,2940,0,1,2500000.0,0.659
2016,AFC Bournemouth,Callum Wilson,callum wilson,Attack,1367,6,1,9000000.0,0.651
2016,AFC Bournemouth,Harry Arter,harry arter,Midfield,2960,1,4,2000000.0,0.631
2016,AFC Bournemouth,Jordon Ibe,jordon ibe,Attack,1058,0,0,8000000.0,0.598
2016,AFC Bournemouth,Nathan Aké,nathan ake,Defender,831,3,1,8000000.0,0.572
2016,AFC Bournemouth,Artur Boruc,artur boruc,Goalkeeper,3150,0,0,1000000.0,0.558
2016,AFC Bournemouth,Junior Stanislas,junior stanislas,Attack,1475,7,5,4000000.0,0.552
2016,AFC Bournemouth,Dan Gosling,dan gosling,Midfield,1357,2,0,3000000.0,0.499
2016,AFC Bournemouth,Andrew Surman,andrew surman,Midfield,1802,0,2,2000000.0,0.495
2016,AFC Bournemouth,Ryan Fraser,ryan fraser,Attack,1767,3,8,2000000.0,0.491
2016,AFC Bournemouth,Max Gradel,max gradel,Attack,125,0,0,7000000.0,0.471
2016,AFC Bournemouth,Tyrone Mings,tyrone mings,Defender,506,0,0,5000000.0,0.469
2016,AFC Bournemouth,Lewis Cook,lewis cook,Midfield,431,0,1,5000000.0,0.461
2016,AFC Bournemouth,Marc Pugh,marc pugh,Attack,1332,2,3,2000000.0,0.441
2016,AFC Bournemouth,Lys Mousset,lys mousset,Attack,265,0,0,4500000.0,0.427
2016,AFC Bournemouth,Lewis Grabban,lewis grabban,Attack,57,0,1,3000000.0,0.347
2016,AFC Bournemouth,Brad Smith,brad smith,Defender,272,0,0,2000000.0,0.317
2016,AFC Bournemouth,Adam Federici,adam federici,Goalkeeper,180,0,0,1000000.0,0.211
2016,AFC Bournemouth,Ryan Allsop,ryan allsop,Goalkeeper,90,0,0,250000.0,0.011
2016,AFC Bournemouth,Baily Cargill,baily cargill,Defender,12,0,0,250000.0,0.001
2016,Arsenal,Alexis Sánchez,alexis sanchez,Attack,3224,24,11,65000000.0,1.0
2016,Arsenal,Mesut Özil,mesut ozil,Midfield,2847,8,11,50000000.0,0.918
2016,Arsenal,Granit Xhaka,granit xhaka,Midfield,2486,2,2,35000000.0,0.825
2016,Arsenal,Laurent Koscielny,laurent koscielny,Defender,2823,2,1,22000000.0,0.805
2016,Arsenal,Nacho Monreal,nacho monreal,Defender,3153,0,2,15000000.0,0.794
2016,Arsenal,Héctor Bellerín,hector bellerin,Defender,2499,1,4,25000000.0,0.782
2016,Arsenal,Shkodran Mustafi,shkodran mustafi,Defender,2275,2,2,30000000.0,0.778
2016,Arsenal,Petr Cech,petr cech,Goalkeeper,3098,0,0,10000000.0,0.733
2016,Arsenal,Theo Walcott,theo walcott,Attack,1924,10,2,22000000.0,0.693
2016,Arsenal,Aaron Ramsey,aaron ramsey,Midfield,1229,1,5,35000000.0,0.669
2016,Arsenal,Alex Oxlade-Chamberlain,alex oxlade chamberlain,Midfield,1562,2,7,20000000.0,0.635
2016,Arsenal,Francis Coquelin,francis coquelin,Midfield,1785,0,0,15000000.0,0.624
2016,Arsenal,Olivier Giroud,olivier giroud,Attack,1194,12,4,25000000.0,0.62
2016,Arsenal,Gabriel Paulista,gabriel paulista,Defender,1516,0,0,12000000.0,0.561
2016,Arsenal,Alex Iwobi,alex iwobi,Attack,1462,3,3,10000000.0,0.53
2016,Arsenal,Santi Cazorla,santi cazorla,Midfield,619,2,2,20000000.0,0.518
2016,Arsenal,Danny Welbeck,danny welbeck,Attack,747,2,2,17000000.0,0.512
2016,Arsenal,Lucas Pérez,lucas perez,Attack,265,1,0,17000000.0,0.453
2016,Arsenal,Kieran Gibbs,kieran gibbs,Defender,703,0,1,10000000.0,0.436
2016,Arsenal,Mohamed Elneny,mohamed elneny,Midfield,694,0,1,8500000.0,0.413
2016,Arsenal,Carl Jenkinson,carl jenkinson,Defender,83,0,0,9000000.0,0.344
2016,Arsenal,Per Mertesacker,per mertesacker,Defender,37,0,0,8000000.0,0.323
2016,Arsenal,David Ospina,david ospina,Goalkeeper,142,0,0,7000000.0,0.318
2016,Arsenal,Mathieu Debuchy,mathieu debuchy,Defender,16,0,0,7500000.0,0.312
2016,Arsenal,Rob Holding,rob holding,Defender,810,0,0,2500000.0,0.262
2016,Arsenal,Emiliano Martínez,emiliano martinez,Goalkeeper,180,0,0,1000000.0,0.061
2016,Arsenal,Ainsley Maitland-Niles,ainsley maitland niles,Defender,1,0,0,750000.0,0.0
2016,Burnley,Michael Keane,michael keane,Defender,3150,2,1,12000000.0,0.989
2016,Burnley,Ben Mee,ben mee,Defender,3015,1,1,5000000.0,0.869
2016,Burnley,Andre Gray,andre gray,Attack,2268,9,3,10000000.0,0.858
2016,Burnley,Jeff Hendrick,jeff hendrick,Midfield,2695,2,1,6000000.0,0.851
2016,Burnley,Tom Heaton,tom heaton,Goalkeeper,3150,0,0,3500000.0,0.843
2016,Burnley,George Boyd,george boyd,Attack,2845,2,1,4000000.0,0.821
2016,Burnley,Matthew Lowton,matthew lowton,Defender,3240,0,2,2000000.0,0.788
2016,Burnley,Sam Vokes,sam vokes,Attack,2055,10,3,4000000.0,0.724
2016,Burnley,Stephen Ward,stephen ward,Defender,3232,1,1,1000000.0,0.705
2016,Burnley,Scott Arfield,scott arfield,Midfield,2107,1,1,3000000.0,0.696
2016,Burnley,Robbie Brady,robbie brady,Midfield,716,1,2,10000000.0,0.667
2016,Burnley,Steven Defour,steven defour,Midfield,1078,1,3,6000000.0,0.651
2016,Burnley,Ashley Barnes,ashley barnes,Attack,1777,6,3,2000000.0,0.608
2016,Burnley,Ashley Westwood,ashley westwood,Midfield,550,0,0,4000000.0,0.538
2016,Burnley,Jóhann Berg Gudmundsson,johann berg gudmundsson,Attack,995,1,2,2500000.0,0.537
2016,Burnley,Dean Marney,dean marney,Midfield,1770,1,2,1000000.0,0.525
2016,Burnley,Jon Flanagan,jon flanagan,Defender,359,0,0,3500000.0,0.499
2016,Burnley,Joey Barton,joey barton,Midfield,1104,1,0,1500000.0,0.49
2016,Burnley,James Tarkowski,james tarkowski,Defender,556,0,0,2000000.0,0.457
2016,Burnley,David Jones,david jones,Midfield,87,0,0,2000000.0,0.399
2016,Burnley,Michael Kightly,michael kightly,Attack,103,0,0,1500000.0,0.367
2016,Burnley,Lukas Jutkiewicz,lukas jutkiewicz,Attack,11,0,0,1000000.0,0.308
2016,Burnley,Kevin Long,kevin long,Defender,270,0,0,250000.0,0.176
2016,Burnley,Paul Robinson,paul robinson,Goalkeeper,270,0,0,250000.0,0.176
2016,Burnley,Dan Agyei,dan agyei,Attack,23,0,0,75000.0,0.003
2016,Chelsea,Eden Hazard,eden hazard,Attack,3005,16,5,70000000.0,0.951
2016,Chelsea,Diego Costa,diego costa,Attack,3090,20,8,50000000.0,0.914
2016,Chelsea,Thibaut Courtois,thibaut courtois,Goalkeeper,3240,0,0,40000000.0,0.9
2016,Chelsea,N'Golo Kanté,n golo kante,Midfield,3139,1,1,40000000.0,0.888
2016,Chelsea,César Azpilicueta,cesar azpilicueta,Defender,3420,1,5,25000000.0,0.855
2016,Chelsea,David Luiz,david luiz,Defender,2956,1,0,30000000.0,0.826
2016,Chelsea,Nemanja Matić,nemanja matic,Midfield,2697,1,7,35000000.0,0.818
2016,Chelsea,Gary Cahill,gary cahill,Defender,3298,6,0,16000000.0,0.777
2016,Chelsea,Marcos Alonso,marcos alonso,Defender,2694,6,3,20000000.0,0.738
2016,Chelsea,Pedro,pedro,Attack,2151,9,10,25000000.0,0.706
2016,Chelsea,Willian,willian,Attack,1530,8,2,32000000.0,0.668
2016,Chelsea,Cesc Fàbregas,cesc fabregas,Midfield,1328,5,12,35000000.0,0.657
2016,Chelsea,Victor Moses,victor moses,Midfield,2498,3,3,12000000.0,0.643
2016,Chelsea,Oscar,oscar,Midfield,457,0,1,35000000.0,0.556
2016,Chelsea,Michy Batshuayi,michy batshuayi,Attack,238,5,1,25000000.0,0.482
2016,Chelsea,Kurt Zouma,kurt zouma,Defender,246,0,1,17000000.0,0.429
2016,Chelsea,Branislav Ivanovic,branislav ivanovic,Defender,584,0,0,10000000.0,0.393
2016,Chelsea,Asmir Begovic,asmir begovic,Goalkeeper,180,0,0,8000000.0,0.315
2016,Chelsea,Kenedy,kenedy,Attack,90,0,0,8000000.0,0.304
2016,Chelsea,Ruben Loftus-Cheek,ruben loftus cheek,Midfield,32,0,0,5000000.0,0.231
2016,Chelsea,Nathaniel Chalobah,nathaniel chalobah,Midfield,159,0,1,4000000.0,0.214
2016,Chelsea,John Terry,john terry,Defender,492,1,0,1000000.0,0.058
2016,Chelsea,Ola Aina,ola aina,Defender,24,0,0,1000000.0,0.003
2016,Crystal Palace,Christian Benteke,christian benteke,Attack,3137,15,2,27000000.0,0.967
2016,Crystal Palace,Wilfried Zaha,wilfried zaha,Attack,3025,7,11,12000000.0,0.85
2016,Crystal Palace,Joel Ward,joel ward,Defender,3418,0,1,5000000.0,0.784
2016,Crystal Palace,Andros Townsend,andros townsend,Attack,2527,3,6,11000000.0,0.781
2016,Crystal Palace,Yohan Cabaye,yohan cabaye,Midfield,2133,4,3,15000000.0,0.774
2016,Crystal Palace,Jason Puncheon,jason puncheon,Midfield,3096,0,5,5000000.0,0.746
2016,Crystal Palace,James McArthur,james mcarthur,Midfield,2009,5,3,7000000.0,0.662
2016,Crystal Palace,Wayne Hennessey,wayne hennessey,Goalkeeper,2610,0,0,4000000.0,0.661
2016,Crystal Palace,James Tomkins,james tomkins,Defender,1976,3,0,7000000.0,0.658
2016,Crystal Palace,Luka Milivojevic,luka milivojevic,Midfield,1227,2,0,8000000.0,0.588
2016,Crystal Palace,Scott Dann,scott dann,Defender,1744,3,1,5000000.0,0.588
2016,Crystal Palace,Jeffrey Schlupp,jeffrey schlupp,Midfield,1137,0,1,8000000.0,0.577
2016,Crystal Palace,Martin Kelly,martin kelly,Defender,2129,0,2,3000000.0,0.568
2016,Crystal Palace,Steve Mandanda,steve mandanda,Goalkeeper,810,0,0,10000000.0,0.568
2016,Crystal Palace,Mamadou Sakho,mamadou sakho,Defender,687,0,0,10000000.0,0.553
2016,Crystal Palace,Joe Ledley,joe ledley,Midfield,1161,1,0,4000000.0,0.491
2016,Crystal Palace,Loïc Rémy,loic remy,Attack,131,0,0,9000000.0,0.475
2016,Crystal Palace,Damien Delaney,damien delaney,Defender,2007,0,2,1500000.0,0.464
2016,Crystal Palace,Connor Wickham,connor wickham,Attack,411,2,0,6000000.0,0.455
2016,Crystal Palace,Pape Souaré,pape souare,Defender,270,0,0,6500000.0,0.449
2016,Crystal Palace,Bakary Sako,bakary sako,Attack,136,0,0,6000000.0,0.423
2016,Crystal Palace,Mile Jedinak,mile jedinak,Midfield,90,0,0,5000000.0,0.394
2016,Crystal Palace,Jordon Mutch,jordon mutch,Midfield,50,0,0,4000000.0,0.361
2016,Crystal Palace,Zeki Fryers,zeki fryers,Defender,182,0,1,2500000.0,0.316
2016,Crystal Palace,Mathieu Flamini,mathieu flamini,Midfield,269,0,0,2000000.0,0.298
2016,Crystal Palace,Chung-yong Lee,chung yong lee,Attack,466,0,1,1500000.0,0.284
2016,Crystal Palace,Fraizer Campbell,fraizer campbell,Attack,154,1,0,2000000.0,0.284
2016,Crystal Palace,Jonathan Benteke,jonathan benteke,Attack,6,0,0,400000.0,0.061
2016,Crystal Palace,Sullay Kaikai,sullay kaikai,Attack,23,0,0,250000.0,0.003
2016,Everton,Romelu Lukaku,romelu lukaku,Attack,3267,25,6,50000000.0,1.0
2016,Everton,Ross Barkley,ross barkley,Midfield,2907,5,9,22000000.0,0.877
2016,Everton,Ashley Williams,ashley williams,Defender,3159,1,3,8000000.0,0.81
2016,Everton,Leighton Baines,leighton baines,Defender,2821,2,4,12000000.0,0.808
2016,Everton,Idrissa Gueye,idrissa gueye,Midfield,2686,1,2,12000000.0,0.791
2016,Everton,Séamus Coleman,seamus coleman,Defender,2317,4,4,17000000.0,0.78
2016,Everton,Kevin Mirallas,kevin mirallas,Midfield,2080,4,7,13000000.0,0.725
2016,Everton,Morgan Schneiderlin,morgan schneiderlin,Midfield,1070,1,0,22000000.0,0.652
2016,Everton,Ramiro Funes Mori,ramiro funes mori,Defender,1539,0,1,12000000.0,0.651
2016,Everton,Yannick Bolasie,yannick bolasie,Attack,1052,1,4,20000000.0,0.64
2016,Everton,Joel Robles,joel robles,Goalkeeper,1736,0,1,5000000.0,0.59
2016,Everton,Phil Jagielka,phil jagielka,Defender,2251,3,1,2500000.0,0.586
2016,Everton,James McCarthy,james mccarthy,Midfield,613,1,1,15000000.0,0.559
2016,Everton,Enner Valencia,enner valencia,Attack,921,3,2,10000000.0,0.557
2016,Everton,Gareth Barry,gareth barry,Midfield,2113,2,1,1500000.0,0.52
2016,Everton,Maarten Stekelenburg,maarten stekelenburg,Goalkeeper,1684,0,0,2000000.0,0.495
2016,Everton,Gerard Deulofeu,gerard deulofeu,Attack,457,0,0,9000000.0,0.49
2016,Everton,Mason Holgate,mason holgate,Defender,1371,0,1,2500000.0,0.479
2016,Everton,Aaron Lennon,aaron lennon,Attack,509,0,1,6000000.0,0.458
2016,Everton,Tom Davies,tom davies,Midfield,1543,2,3,1500000.0,0.45
2016,Everton,Ademola Lookman,ademola lookman,Attack,290,1,0,5000000.0,0.413
2016,Everton,Arouna Koné,arouna kone,Attack,72,0,0,1500000.0,0.27
2016,Everton,Dominic Calvert-Lewin,dominic calvert lewin,Attack,345,1,0,1000000.0,0.265
2016,Everton,Matthew Pennington,matthew pennington,Defender,180,1,0,100000.0,0.022
2016,Hull City,Jake Livermore,jake livermore,Midfield,2977,1,1,6000000.0,0.89
2016,Hull City,Andrew Robertson,andrew robertson,Defender,2736,1,2,7000000.0,0.885
2016,Hull City,Robert Snodgrass,robert snodgrass,Attack,2550,7,5,8000000.0,0.883
2016,Hull City,Sam Clucas,sam clucas,Midfield,3190,3,1,2500000.0,0.775
2016,Hull City,Ahmed Elmohamady,ahmed elmohamady,Defender,2519,0,2,4000000.0,0.767
2016,Hull City,Abel Hernández,abel hernandez,Attack,1428,4,3,8000000.0,0.743
2016,Hull City,Tom Huddlestone,tom huddlestone,Midfield,2024,1,1,5000000.0,0.741
2016,Hull City,Lazar Markovic,lazar markovic,Attack,1012,2,0,10000000.0,0.727
2016,Hull City,Oumar Niasse,oumar niasse,Attack,1095,4,1,9000000.0,0.72
2016,Hull City,Curtis Davies,curtis davies,Defender,2137,0,2,3500000.0,0.697
2016,Hull City,Ryan Mason,ryan mason,Midfield,928,1,0,8500000.0,0.69
2016,Hull City,Harry Maguire,harry maguire,Defender,2307,2,2,2500000.0,0.664
2016,Hull City,Kamil Grosicki,kamil grosicki,Attack,1147,0,5,6000000.0,0.661
2016,Hull City,Andrea Ranocchia,andrea ranocchia,Defender,1329,2,2,5000000.0,0.654
2016,Hull City,Alfred N'Diaye,alfred n diaye,Midfield,1278,1,0,5000000.0,0.648
2016,Hull City,Michael Dawson,michael dawson,Defender,1721,3,0,3000000.0,0.62
2016,Hull City,David Marshall,david marshall,Goalkeeper,1440,0,0,3000000.0,0.585
2016,Hull City,Dieumerci Mbokani,dieumerci mbokani,Attack,763,0,2,5000000.0,0.583
2016,Hull City,Markus Henriksen,markus henriksen,Defender,633,0,0,5000000.0,0.567
2016,Hull City,Omar Elabdellaoui,omar elabdellaoui,Defender,616,0,0,5000000.0,0.565
2016,Hull City,David Meyler,david meyler,Midfield,954,1,0,2500000.0,0.494
2016,Hull City,Adama Diomande,adama diomande,Attack,1169,2,0,1500000.0,0.438
2016,Hull City,Eldin Jakupovic,eldin jakupovic,Goalkeeper,1980,0,0,750000.0,0.427
2016,Hull City,Evandro,evandro,Midfield,576,0,0,2000000.0,0.41
2016,Hull City,Will Keane,will keane,Attack,282,0,0,1500000.0,0.327
2016,Hull City,Shaun Maloney,shaun maloney,Midfield,278,1,2,1500000.0,0.326
2016,Hull City,Josh Tymon,josh tymon,Defender,325,0,0,500000.0,0.153
2016,Hull City,Jarrod Bowen,jarrod bowen,Attack,179,0,0,250000.0,0.022
2016,Leicester City,Riyad Mahrez,riyad mahrez,Attack,2834,6,4,30000000.0,0.965
2016,Leicester City,Jamie Vardy,jamie vardy,Attack,2809,13,6,15000000.0,0.861
2016,Leicester City,Christian Fuchs,christian fuchs,Defender,3103,2,4,6000000.0,0.764
2016,Leicester City,Danny Drinkwater,danny drinkwater,Midfield,2467,1,1,10000000.0,0.757
2016,Leicester City,Kasper Schmeichel,kasper schmeichel,Goalkeeper,2667,0,0,8000000.0,0.75
2016,Leicester City,Islam Slimani,islam slimani,Attack,1279,7,4,25000000.0,0.738
2016,Leicester City,Danny Simpson,danny simpson,Defender,2990,0,2,5000000.0,0.723
2016,Leicester City,Robert Huth,robert huth,Defender,2929,2,2,5000000.0,0.715
2016,Leicester City,Wilfred Ndidi,wilfred ndidi,Midfield,1522,2,1,14000000.0,0.685
2016,Leicester City,Marc Albrighton,marc albrighton,Midfield,2424,2,6,6000000.0,0.677
2016,Leicester City,Ahmed Musa,ahmed musa,Attack,753,2,0,18000000.0,0.622
2016,Leicester City,Shinji Okazaki,shinji okazaki,Attack,1572,3,1,8000000.0,0.609
2016,Leicester City,Wes Morgan,wes morgan,Defender,2430,1,1,3000000.0,0.576
2016,Leicester City,Daniel Amartey,daniel amartey,Defender,1666,1,1,5000000.0,0.552
2016,Leicester City,Ron-Robert Zieler,ron robert zieler,Goalkeeper,753,0,0,8000000.0,0.503
2016,Leicester City,Nampalys Mendy,nampalys mendy,Midfield,271,0,0,12000000.0,0.501
2016,Leicester City,Demarai Gray,demarai gray,Attack,1037,1,4,6000000.0,0.498
2016,Leicester City,Andy King,andy king,Midfield,1446,1,0,3000000.0,0.449
2016,Leicester City,Leonardo Ulloa,leonardo ulloa,Attack,435,1,0,6000000.0,0.42
2016,Leicester City,Luis Hernández,luis hernandez,Defender,326,0,0,3500000.0,0.327
2016,Leicester City,Ben Chilwell,ben chilwell,Defender,696,1,0,2500000.0,0.326
2016,Leicester City,Yohan Benalouane,yohan benalouane,Defender,921,0,0,1000000.0,0.22
2016,Leicester City,Matty James,matty james,Midfield,1,0,0,1500000.0,0.161
2016,Leicester City,Marcin Wasilewski,marcin wasilewski,Defender,90,0,0,500000.0,0.012
2016,Liverpool,Roberto Firmino,roberto firmino,Attack,3069,11,10,35000000.0,0.951
2016,Liverpool,Nathaniel Clyne,nathaniel clyne,Defender,3324,0,2,21000000.0,0.912
2016,Liverpool,Georginio Wijnaldum,georginio wijnaldum,Midfield,2978,6,9,25000000.0,0.894
2016,Liverpool,Philippe Coutinho,philippe coutinho,Midfield,2244,13,7,40000000.0,0.87
2016,Liverpool,Sadio Mané,sadio mane,Attack,2247,13,6,38000000.0,0.863
2016,Liverpool,James Milner,james milner,Midfield,3159,7,3,15000000.0,0.846
2016,Liverpool,Jordan Henderson,jordan henderson,Midfield,2118,1,4,28000000.0,0.806
2016,Liverpool,Adam Lallana,adam lallana,Midfield,2348,8,7,22000000.0,0.801
2016,Liverpool,Joel Matip,joel matip,Defender,2456,1,0,20000000.0,0.801
2016,Liverpool,Dejan Lovren,dejan lovren,Defender,2554,2,1,15000000.0,0.773
2016,Liverpool,Emre Can,emre can,Defender,2368,5,2,15000000.0,0.751
2016,Liverpool,Simon Mignolet,simon mignolet,Goalkeeper,2520,0,0,10000000.0,0.713
2016,Liverpool,Daniel Sturridge,daniel sturridge,Attack,769,3,2,22000000.0,0.611
2016,Liverpool,Divock Origi,divock origi,Attack,1460,7,4,12000000.0,0.611
2016,Liverpool,Lucas Leiva,lucas leiva,Midfield,1105,0,3,8000000.0,0.513
2016,Liverpool,Loris Karius,loris karius,Goalkeeper,900,0,0,9000000.0,0.504
2016,Liverpool,Ragnar Klavan,ragnar klavan,Defender,1408,0,0,4000000.0,0.454
2016,Liverpool,Alberto Moreno,alberto moreno,Defender,298,0,1,10000000.0,0.446
2016,Liverpool,Marko Grujić,marko grujic,Midfield,39,0,0,5000000.0,0.32
2016,Liverpool,Kevin Stewart,kevin stewart,Midfield,18,0,0,1000000.0,0.097
2016,Liverpool,Trent Alexander-Arnold,trent alexander arnold,Defender,165,0,0,500000.0,0.02
2016,Liverpool,Ben Woodburn,ben woodburn,Midfield,83,0,0,500000.0,0.01
2016,Manchester City,Kevin De Bruyne,kevin de bruyne,Midfield,2884,6,19,65000000.0,1.0
2016,Manchester City,Sergio Agüero,sergio aguero,Attack,2406,20,4,65000000.0,0.934
2016,Manchester City,Raheem Sterling,raheem sterling,Attack,2515,7,10,45000000.0,0.885
2016,Manchester City,David Silva,david silva,Midfield,2768,4,8,30000000.0,0.851
2016,Manchester City,Nicolás Otamendi,nicolas otamendi,Defender,2592,1,2,30000000.0,0.826
2016,Manchester City,Fernandinho,fernandinho,Midfield,2755,2,1,25000000.0,0.817
2016,Manchester City,John Stones,john stones,Defender,2013,0,0,35000000.0,0.773
2016,Manchester City,Leroy Sané,leroy sane,Attack,1787,5,5,30000000.0,0.715
2016,Manchester City,Aleksandar Kolarov,aleksandar kolarov,Defender,2533,1,1,11000000.0,0.645
2016,Manchester City,Claudio Bravo,claudio bravo,Goalkeeper,1969,0,0,12000000.0,0.582
2016,Manchester City,İlkay Gündoğan,ilkay gundogan,Midfield,710,3,1,30000000.0,0.565
2016,Manchester City,Vincent Kompany,vincent kompany,Defender,823,3,0,25000000.0,0.549
2016,Manchester City,Yaya Touré,yaya toure,Midfield,1948,5,0,10000000.0,0.548
2016,Manchester City,Gaël Clichy,gael clichy,Defender,2125,1,0,8000000.0,0.534
2016,Manchester City,Gabriel Jesus,gabriel jesus,Attack,651,7,4,25000000.0,0.526
2016,Manchester City,Jesús Navas,jesus navas,Midfield,1057,0,2,15000000.0,0.494
2016,Manchester City,Nolito,nolito,Attack,778,4,2,18000000.0,0.487
2016,Manchester City,Fernando,fernando,Midfield,559,0,0,13000000.0,0.4
2016,Manchester City,Pablo Zabaleta,pablo zabaleta,Defender,1059,1,1,8000000.0,0.386
2016,Manchester City,Kelechi Iheanacho,kelechi iheanacho,Attack,527,4,3,10000000.0,0.35
2016,Manchester City,Samir Nasri,samir nasri,Midfield,15,0,0,15000000.0,0.349
2016,Manchester City,Bacary Sagna,bacary sagna,Defender,1345,0,1,5000000.0,0.344
2016,Manchester City,Fabian Delph,fabian delph,Midfield,220,1,0,8000000.0,0.269
2016,Manchester City,Willy Caballero,willy caballero,Goalkeeper,1451,0,0,2000000.0,0.201
2016,Manchester United,David de Gea,david de gea,Goalkeeper,3150,0,0,40000000.0,0.938
2016,Manchester United,Paul Pogba,paul pogba,Midfield,2610,5,4,80000000.0,0.931
2016,Manchester United,Ander Herrera,ander herrera,Midfield,2467,1,6,28000000.0,0.819
2016,Manchester United,Eric Bailly,eric bailly,Defender,2060,0,0,25000000.0,0.757
2016,Manchester United,Zlatan Ibrahimović,zlatan ibrahimovic,Attack,2437,17,5,12000000.0,0.739
2016,Manchester United,Juan Mata,juan mata,Midfield,1628,6,3,31000000.0,0.722
2016,Manchester United,Daley Blind,daley blind,Defender,1829,1,2,22000000.0,0.716
2016,Manchester United,Anthony Martial,anthony martial,Attack,1560,4,6,30000000.0,0.71
2016,Manchester United,Antonio Valencia,antonio valencia,Defender,2483,1,3,8000000.0,0.709
2016,Manchester United,Henrikh Mkhitaryan,henrikh mkhitaryan,Midfield,1349,4,1,37000000.0,0.702
2016,Manchester United,Marcos Rojo,marcos rojo,Defender,1660,1,0,19000000.0,0.682
2016,Manchester United,Wayne Rooney,wayne rooney,Attack,1540,5,5,20000000.0,0.671
2016,Manchester United,Phil Jones,phil jones,Defender,1585,0,0,14000000.0,0.645
2016,Manchester United,Marouane Fellaini,marouane fellaini,Midfield,1599,1,0,12000000.0,0.633
2016,Manchester United,Chris Smalling,chris smalling,Defender,1215,1,1,20000000.0,0.63
2016,Manchester United,Marcus Rashford,marcus rashford,Attack,1703,5,2,10000000.0,0.63
2016,Manchester United,Matteo Darmian,matteo darmian,Defender,1333,0,0,12000000.0,0.599
2016,Manchester United,Jesse Lingard,jesse lingard,Midfield,1366,1,2,9000000.0,0.577
2016,Manchester United,Luke Shaw,luke shaw,Defender,691,0,2,20000000.0,0.563
2016,Manchester United,Memphis Depay,memphis depay,Attack,20,0,0,25000000.0,0.498
2016,Manchester United,Ashley Young,ashley young,Defender,758,0,1,7000000.0,0.478
2016,Manchester United,Michael Carrick,michael carrick,Midfield,1599,0,0,2000000.0,0.472
2016,Manchester United,Sergio Romero,sergio romero,Goalkeeper,180,0,0,5000000.0,0.374
2016,Manchester United,Timothy Fosu-Mensah,timothy fosu mensah,Defender,96,0,0,1000000.0,0.219
2016,Manchester United,Joel Pereira,joel pereira,Goalkeeper,90,0,0,100000.0,0.011
2016,Middlesbrough,Marten de Roon,marten de roon,Midfield,2777,4,0,10000000.0,0.89
2016,Middlesbrough,Ben Gibson,ben gibson,Defender,3420,1,1,6000000.0,0.869
2016,Middlesbrough,Calum Chambers,calum chambers,Defender,2250,2,1,12000000.0,0.863
2016,Middlesbrough,Álvaro Negredo,alvaro negredo,Attack,2879,9,4,7500000.0,0.848
2016,Middlesbrough,Adama Traoré,adama traore,Attack,1537,0,1,8000000.0,0.703
2016,Middlesbrough,Adam Clayton,adam clayton,Midfield,2806,0,2,3000000.0,0.666
2016,Middlesbrough,Adam Forshaw,adam forshaw,Midfield,2700,0,2,3000000.0,0.654
2016,Middlesbrough,Stewart Downing,stewart downing,Attack,2212,1,3,4000000.0,0.651
2016,Middlesbrough,Gastón Ramírez,gaston ramirez,Midfield,1549,2,3,6000000.0,0.65
2016,Middlesbrough,Antonio Barragán,antonio barragan,Defender,2196,0,0,3500000.0,0.624
2016,Middlesbrough,Víctor Valdés,victor valdes,Goalkeeper,2520,0,0,2500000.0,0.599
2016,Middlesbrough,Jordan Rhodes,jordan rhodes,Attack,208,0,0,10000000.0,0.59
2016,Middlesbrough,Rudy Gestede,rudy gestede,Attack,525,1,0,7000000.0,0.56
2016,Middlesbrough,Cristhian Stuani,cristhian stuani,Attack,1362,4,0,3500000.0,0.527
2016,Middlesbrough,Viktor Fischer,viktor fischer,Attack,438,0,3,5000000.0,0.486
2016,Middlesbrough,Fábio,fabio,Defender,1850,0,0,2000000.0,0.478
2016,Middlesbrough,Patrick Bamford,patrick bamford,Attack,315,1,0,5000000.0,0.472
2016,Middlesbrough,George Friend,george friend,Defender,1960,0,3,1500000.0,0.437
2016,Middlesbrough,Bernardo Espinosa,bernardo espinosa,Defender,975,0,0,2500000.0,0.418
2016,Middlesbrough,David Nugent,david nugent,Attack,40,0,0,3500000.0,0.372
2016,Middlesbrough,Daniel Ayala,daniel ayala,Defender,916,1,0,2000000.0,0.369
2016,Middlesbrough,Grant Leadbitter,grant leadbitter,Midfield,707,1,0,2000000.0,0.344
2016,Middlesbrough,Brad Guzan,brad guzan,Goalkeeper,900,0,0,1500000.0,0.313
2016,Middlesbrough,Emilio Nsue,emilio nsue,Defender,322,0,0,2000000.0,0.299
2016,Middlesbrough,Albert Adomah,albert adomah,Attack,121,0,0,2000000.0,0.276
2016,Middlesbrough,James Husband,james husband,Defender,59,0,0,500000.0,0.007
2016,Southampton,Fraser Forster,fraser forster,Goalkeeper,3420,0,0,15000000.0,0.979
2016,Southampton,Dušan Tadić,dusan tadic,Attack,2426,3,6,17000000.0,0.884
2016,Southampton,Nathan Redmond,nathan redmond,Attack,2908,7,1,12000000.0,0.881
2016,Southampton,Ryan Bertrand,ryan bertrand,Defender,2508,2,5,15000000.0,0.872
2016,Southampton,Cédric Soares,cedric soares,Defender,2520,0,3,12000000.0,0.835
2016,Southampton,Oriol Romeu,oriol romeu,Midfield,3072,1,1,7000000.0,0.808
2016,Southampton,Virgil van Dijk,virgil van dijk,Defender,1854,1,0,16000000.0,0.807
2016,Southampton,José Fonte,jose fonte,Defender,2935,0,0,7000000.0,0.792
2016,Southampton,James Ward-Prowse,james ward prowse,Midfield,1884,4,4,13000000.0,0.775
2016,Southampton,Steven Davis,steven davis,Midfield,2644,0,3,6000000.0,0.732
2016,Southampton,Sofiane Boufal,sofiane boufal,Midfield,1101,1,0,15000000.0,0.707
2016,Southampton,Charlie Austin,charlie austin,Attack,939,6,1,13000000.0,0.664
2016,Southampton,Manolo Gabbiadini,manolo gabbiadini,Attack,730,4,0,15000000.0,0.664
2016,Southampton,Shane Long,shane long,Attack,1249,3,2,10000000.0,0.656
2016,Southampton,Jordy Clasie,jordy clasie,Midfield,1026,1,1,10000000.0,0.63
2016,Southampton,Pierre-Emile Højbjerg,pierre emile h jbjerg,Midfield,1299,0,0,8000000.0,0.624
2016,Southampton,Jay Rodríguez,jay rodriguez,Attack,882,5,2,10000000.0,0.613
2016,Southampton,Maya Yoshida,maya yoshida,Defender,2070,1,1,4000000.0,0.596
2016,Southampton,Martín Cáceres,martin caceres,Defender,90,0,0,4000000.0,0.364
2016,Southampton,Matt Targett,matt targett,Defender,374,0,0,3000000.0,0.349
2016,Southampton,Jérémy Pied,jeremy pied,Defender,126,0,0,3500000.0,0.346
2016,Southampton,Cuco Martina,cuco martina,Defender,591,0,0,2000000.0,0.305
2016,Southampton,Jack Stephens,jack stephens,Defender,1469,0,1,750000.0,0.241
2016,Southampton,Harrison Reed,harrison reed,Midfield,62,0,0,1500000.0,0.194
2016,Southampton,Sam McQueen,sam mcqueen,Defender,608,0,1,750000.0,0.14
2016,Southampton,Josh Sims,josh sims,Attack,206,0,1,500000.0,0.024
2016,Stoke City,Joe Allen,joe allen,Midfield,2936,6,3,15000000.0,0.926
2016,Stoke City,Ryan Shawcross,ryan shawcross,Defender,3150,1,2,11000000.0,0.903
2016,Stoke City,Bruno Martins Indi,bruno martins indi,Defender,3147,1,0,10000000.0,0.887
2016,Stoke City,Marko Arnautovic,marko arnautovic,Attack,2725,6,5,12000000.0,0.863
2016,Stoke City,Erik Pieters,erik pieters,Defender,3151,0,1,7000000.0,0.829
2016,Stoke City,Xherdan Shaqiri,xherdan shaqiri,Midfield,1709,4,2,15000000.0,0.77
2016,Stoke City,Wilfried Bony,wilfried bony,Attack,690,2,0,20000000.0,0.688
2016,Stoke City,Saido Berahino,saido berahino,Attack,966,0,0,15000000.0,0.676
2016,Stoke City,Giannelli Imbula,giannelli imbula,Midfield,796,0,0,15000000.0,0.654
2016,Stoke City,Glen Johnson,glen johnson,Defender,1955,0,0,6000000.0,0.652
2016,Stoke City,Mame Diouf,mame diouf,Attack,1382,1,2,7000000.0,0.605
2016,Stoke City,Glenn Whelan,glenn whelan,Midfield,2278,0,1,2500000.0,0.551
2016,Stoke City,Bojan Krkic,bojan krkic,Attack,475,3,0,10000000.0,0.548
2016,Stoke City,Charlie Adam,charlie adam,Midfield,1495,1,4,4500000.0,0.547
2016,Stoke City,Jack Butland,jack butland,Goalkeeper,450,0,0,9000000.0,0.527
2016,Stoke City,Geoff Cameron,geoff cameron,Defender,1628,0,1,3000000.0,0.498
2016,Stoke City,Philipp Wollscheid,philipp wollscheid,Defender,180,0,0,7500000.0,0.463
2016,Stoke City,Jonathan Walters,jonathan walters,Attack,1296,4,2,3000000.0,0.456
2016,Stoke City,Lee Grant,lee grant,Goalkeeper,2520,0,0,1000000.0,0.433
2016,Stoke City,Ibrahim Afellay,ibrahim afellay,Midfield,377,0,0,4000000.0,0.386
2016,Stoke City,Marc Muniesa,marc muniesa,Defender,648,1,0,3000000.0,0.374
2016,Stoke City,Ramadan Sobhi,ramadan sobhi,Attack,849,0,2,2500000.0,0.37
2016,Stoke City,Peter Crouch,peter crouch,Attack,1335,7,3,1500000.0,0.348
2016,Stoke City,Phil Bardsley,phil bardsley,Defender,1171,0,0,1500000.0,0.327
2016,Stoke City,Shay Given,shay given,Goalkeeper,450,0,0,500000.0,0.057
2016,Sunderland,Jermain Defoe,jermain defoe,Attack,3323,15,2,6500000.0,0.917
2016,Sunderland,Didier Ndong,didier ndong,Midfield,2519,1,1,10000000.0,0.888
2016,Sunderland,Patrick van Aanholt,patrick van aanholt,Defender,2497,5,1,9000000.0,0.869
2016,Sunderland,Lamine Koné,lamine kone,Defender,2545,1,0,7000000.0,0.835
2016,Sunderland,Jordan Pickford,jordan pickford,Goalkeeper,2610,0,0,5000000.0,0.789
2016,Sunderland,Adnan Januzaj,adnan januzaj,Attack,1630,0,3,7000000.0,0.725
2016,Sunderland,Fabio Borini,fabio borini,Attack,1741,2,0,6000000.0,0.713
2016,Sunderland,Jack Rodwell,jack rodwell,Midfield,1493,0,1,6000000.0,0.684
2016,Sunderland,Jason Denayer,jason denayer,Defender,1879,0,0,4000000.0,0.666
2016,Sunderland,Wahbi Khazri,wahbi khazri,Attack,839,1,0,8000000.0,0.651
2016,Sunderland,Papy Djilobodji,papy djilobodji,Defender,1577,0,0,4500000.0,0.648
2016,Sunderland,Javier Manquillo,javier manquillo,Defender,1428,1,0,4000000.0,0.611
2016,Sunderland,Jeremain Lens,jeremain lens,Attack,68,0,0,11000000.0,0.608
2016,Sunderland,Billy Jones,billy jones,Defender,2271,1,0,1500000.0,0.557
2016,Sunderland,Bryan Oviedo,bryan oviedo,Defender,1326,0,0,3000000.0,0.554
2016,Sunderland,Sebastian Larsson,sebastian larsson,Midfield,1471,0,1,2500000.0,0.542
2016,Sunderland,Lee Cattermole,lee cattermole,Midfield,640,0,0,3500000.0,0.495
2016,Sunderland,Duncan Watmore,duncan watmore,Attack,1029,0,3,2500000.0,0.489
2016,Sunderland,Paddy McNair,paddy mcnair,Defender,354,0,0,4000000.0,0.482
2016,Sunderland,John O'Shea,john o shea,Defender,2160,0,1,1000000.0,0.48
2016,Sunderland,Vito Mannone,vito mannone,Goalkeeper,810,0,0,2500000.0,0.463
2016,Sunderland,Jan Kirchhoff,jan kirchhoff,Defender,437,0,1,3000000.0,0.447
2016,Sunderland,Victor Anichebe,victor anichebe,Attack,1216,3,1,1500000.0,0.43
2016,Sunderland,Steven Pienaar,steven pienaar,Midfield,808,0,0,1500000.0,0.381
2016,Sunderland,Darron Gibson,darron gibson,Midfield,641,0,0,1500000.0,0.361
2016,Sunderland,Donald Love,donald love,Defender,607,0,1,1000000.0,0.293
2016,Sunderland,Joleon Lescott,joleon lescott,Defender,123,0,0,1000000.0,0.235
2016,Sunderland,Lynden Gooch,lynden gooch,Attack,364,0,0,750000.0,0.218
2016,Sunderland,George Honeyman,george honeyman,Midfield,233,0,0,250000.0,0.028
2016,Swansea City,Gylfi Sigurdsson,gylfi sigurdsson,Midfield,3327,9,13,20000000.0,1.0
2016,Swansea City,Lukasz Fabianski,lukasz fabianski,Goalkeeper,3330,0,0,9000000.0,0.87
2016,Swansea City,Federico Fernández,federico fernandez,Defender,2430,0,2,9000000.0,0.762
2016,Swansea City,Leroy Fer,leroy fer,Midfield,2404,6,2,8000000.0,0.74
2016,Swansea City,Kyle Naughton,kyle naughton,Defender,2718,1,0,5000000.0,0.701
2016,Swansea City,Fernando Llorente,fernando llorente,Attack,2454,15,1,6000000.0,0.699
2016,Swansea City,Jack Cork,jack cork,Midfield,2233,0,0,5000000.0,0.643
2016,Swansea City,Alfie Mawson,alfie mawson,Defender,2430,4,0,3500000.0,0.608
2016,Swansea City,Sung-yueng Ki,sung yueng ki,Midfield,1287,0,1,7500000.0,0.595
2016,Swansea City,Borja Bastón,borja baston,Attack,546,1,0,10000000.0,0.553
2016,Swansea City,Jordan Ayew,jordan ayew,Attack,864,1,3,7500000.0,0.544
2016,Swansea City,Tom Carroll,tom carroll,Midfield,1390,1,2,5000000.0,0.541
2016,Swansea City,Neil Taylor,neil taylor,Defender,922,0,0,6000000.0,0.515
2016,Swansea City,Wayne Routledge,wayne routledge,Attack,1928,3,1,2500000.0,0.493
2016,Swansea City,Martin Olsson,martin olsson,Defender,1253,2,0,4000000.0,0.489
2016,Swansea City,Jordi Amat,jordi amat,Defender,1408,0,0,2500000.0,0.431
2016,Swansea City,Modou Barrow,modou barrow,Attack,1149,0,2,3000000.0,0.429
2016,Swansea City,Luciano Narsingh,luciano narsingh,Midfield,410,0,3,5000000.0,0.424
2016,Swansea City,Jefferson Montero,jefferson montero,Attack,375,0,1,5000000.0,0.42
2016,Swansea City,Nathan Dyer,nathan dyer,Attack,211,0,1,4000000.0,0.364
2016,Swansea City,Mike van der Hoorn,mike van der hoorn,Defender,661,1,1,2000000.0,0.305
2016,Swansea City,Kristoffer Nordfeldt,kristoffer nordfeldt,Goalkeeper,90,0,0,2500000.0,0.273
2016,Swansea City,Leon Britton,leon britton,Midfield,1177,0,0,1000000.0,0.254
2016,Swansea City,Ángel Rangel,angel rangel,Defender,824,1,0,1000000.0,0.212
2016,Swansea City,Stephen Kingsley,stephen kingsley,Defender,1036,0,0,500000.0,0.124
2016,Swansea City,Jay Fulton,jay fulton,Midfield,692,0,0,500000.0,0.083
2016,Tottenham Hotspur,Christian Eriksen,christian eriksen,Midfield,3167,8,16,35000000.0,0.966
2016,Tottenham Hotspur,Dele Alli,dele alli,Midfield,3044,18,9,40000000.0,0.963
2016,Tottenham Hotspur,Harry Kane,harry kane,Attack,2536,29,7,50000000.0,0.92
2016,Tottenham Hotspur,Hugo Lloris,hugo lloris,Goalkeeper,3005,0,0,24000000.0,0.909
2016,Tottenham Hotspur,Eric Dier,eric dier,Defender,3044,2,0,22000000.0,0.905
2016,Tottenham Hotspur,Jan Vertonghen,jan vertonghen,Defender,2897,0,0,25000000.0,0.899
2016,Tottenham Hotspur,Victor Wanyama,victor wanyama,Midfield,3015,4,1,18000000.0,0.882
2016,Tottenham Hotspur,Toby Alderweireld,toby alderweireld,Defender,2603,1,0,30000000.0,0.879
2016,Tottenham Hotspur,Kyle Walker,kyle walker,Defender,2704,0,5,20000000.0,0.853
2016,Tottenham Hotspur,Heung-min Son,heung min son,Attack,2070,14,8,25000000.0,0.795
2016,Tottenham Hotspur,Mousa Dembélé,mousa dembele,Midfield,2065,1,2,18000000.0,0.762
2016,Tottenham Hotspur,Danny Rose,danny rose,Defender,1533,2,3,14000000.0,0.671
2016,Tottenham Hotspur,Ben Davies,ben davies,Defender,1735,1,3,9000000.0,0.654
2016,Tottenham Hotspur,Moussa Sissoko,moussa sissoko,Midfield,903,0,3,20000000.0,0.626
2016,Tottenham Hotspur,Erik Lamela,erik lamela,Attack,593,1,1,26000000.0,0.612
2016,Tottenham Hotspur,Vincent Janssen,vincent janssen,Attack,832,2,2,14000000.0,0.582
2016,Tottenham Hotspur,Kieran Trippier,kieran trippier,Defender,566,0,5,6000000.0,0.467
2016,Tottenham Hotspur,Kevin Wimmer,kevin wimmer,Defender,356,0,0,7000000.0,0.455
2016,Tottenham Hotspur,Michel Vorm,michel vorm,Goalkeeper,415,0,0,5000000.0,0.43
2016,Tottenham Hotspur,Georges-Kevin N'Koudou,georges kevin n koudou,Attack,50,0,0,8000000.0,0.429
2016,Tottenham Hotspur,Harry Winks,harry winks,Midfield,478,1,1,3000000.0,0.389
2016,Tottenham Hotspur,Josh Onomah,josh onomah,Midfield,18,0,0,2000000.0,0.292
2016,Tottenham Hotspur,Filip Lesniak,filip lesniak,Midfield,4,0,1,100000.0,0.001
2016,Watford,Étienne Capoue,etienne capoue,Midfield,3213,7,1,10000000.0,0.883
2016,Watford,Troy Deeney,troy deeney,Attack,2942,10,4,11000000.0,0.871
2016,Watford,M'Baye Niang,m baye niang,Attack,1254,2,2,15000000.0,0.736
2016,Watford,Roberto Pereyra,roberto pereyra,Midfield,1040,2,3,16000000.0,0.725
2016,Watford,Odion Ighalo,odion ighalo,Attack,1292,1,1,12000000.0,0.693
2016,Watford,Tom Cleverley,tom cleverley,Midfield,1845,0,2,8000000.0,0.671
2016,Watford,Sebastian Prödl,sebastian prodl,Defender,2772,1,2,4000000.0,0.632
2016,Watford,Daryl Janmaat,daryl janmaat,Defender,1616,2,1,7500000.0,0.63
2016,Watford,Nordin Amrabat,nordin amrabat,Attack,2100,0,3,4500000.0,0.577
2016,Watford,Abdoulaye Doucouré,abdoulaye doucoure,Midfield,1359,1,0,6000000.0,0.551
2016,Watford,Miguel Britos,miguel britos,Defender,2284,1,2,3500000.0,0.545
2016,Watford,Stefano Okaka,stefano okaka,Attack,955,4,0,6500000.0,0.519
2016,Watford,Jose Cholevas,jose cholevas,Defender,2910,2,4,2000000.0,0.499
2016,Watford,Christian Kabasele,christian kabasele,Defender,767,2,0,6000000.0,0.48
2016,Watford,Valon Behrami,valon behrami,Midfield,2036,0,0,2500000.0,0.442
2016,Watford,Craig Cathcart,craig cathcart,Defender,1161,0,1,4000000.0,0.439
2016,Watford,Younès Kaboul,younes kaboul,Defender,1915,2,0,2500000.0,0.428
2016,Watford,Heurelho Gomes,heurelho gomes,Goalkeeper,3339,0,0,1000000.0,0.4
2016,Watford,Matej Vydra,matej vydra,Attack,2,0,0,5500000.0,0.369
2016,Watford,Isaac Success,isaac success,Attack,504,1,1,4000000.0,0.36
2016,Watford,Costel Pantilimon,costel pantilimon,Goalkeeper,81,0,0,4500000.0,0.335
2016,Watford,Ikechi Anya,ikechi anya,Midfield,9,0,0,3000000.0,0.239
2016,Watford,Camilo Zúñiga,camilo zuniga,Defender,814,1,1,1500000.0,0.185
2016,Watford,Mauro Zárate,mauro zarate,Attack,206,0,1,2000000.0,0.175
2016,Watford,Adlène Guédioura,adlene guedioura,Midfield,857,0,1,1000000.0,0.103
2016,Watford,Jerome Sinclair,jerome sinclair,Attack,114,0,0,1500000.0,0.101
2016,Watford,Ben Watson,ben watson,Midfield,51,0,0,1500000.0,0.094
2016,Watford,Adrian Mariappa,adrian mariappa,Defender,561,0,0,1000000.0,0.067
2016,West Bromwich Albion,Salomón Rondón,salomon rondon,Attack,2896,8,2,17000000.0,0.939
2016,West Bromwich Albion,Nacer Chadli,nacer chadli,Attack,2149,5,5,15000000.0,0.825
2016,West Bromwich Albion,Craig Dawson,craig dawson,Defender,3278,4,1,6000000.0,0.763
2016,West Bromwich Albion,Matt Phillips,matt phillips,Attack,2195,4,8,9000000.0,0.722
2016,West Bromwich Albion,Ben Foster,ben foster,Goalkeeper,3420,0,0,4000000.0,0.694
2016,West Bromwich Albion,Jonny Evans,jonny evans,Defender,2638,2,1,6000000.0,0.688
2016,West Bromwich Albion,Allan Nyom,allan nyom,Defender,2637,0,2,4500000.0,0.627
2016,West Bromwich Albion,Chris Brunt,chris brunt,Midfield,2478,3,4,4000000.0,0.583
2016,West Bromwich Albion,Claudio Yacob,claudio yacob,Midfield,2422,0,0,4000000.0,0.577
2016,West Bromwich Albion,James Morrison,james morrison,Midfield,1734,5,2,5000000.0,0.544
2016,West Bromwich Albion,Darren Fletcher,darren fletcher,Midfield,3235,2,3,2000000.0,0.525
2016,West Bromwich Albion,James McClean,james mcclean,Midfield,1465,1,2,3000000.0,0.404
2016,West Bromwich Albion,Gareth McAuley,gareth mcauley,Defender,3143,6,1,1000000.0,0.368
2016,West Bromwich Albion,Hal Robson-Kanu,hal robson kanu,Attack,681,3,1,3000000.0,0.312
2016,West Bromwich Albion,Craig Gardner,craig gardner,Midfield,213,0,1,3500000.0,0.29
2016,West Bromwich Albion,Brendan Galloway,brendan galloway,Defender,248,0,0,3000000.0,0.262
2016,West Bromwich Albion,Marc Wilson,marc wilson,Defender,256,0,0,2500000.0,0.224
2016,West Bromwich Albion,Rickie Lambert,rickie lambert,Attack,12,0,0,2500000.0,0.195
2016,West Bromwich Albion,Jonas Olsson,jonas olsson,Defender,591,0,0,1500000.0,0.155
2016,West Bromwich Albion,Jonathan Leko,jonathan leko,Attack,111,0,1,1500000.0,0.099
2016,West Ham United,Michail Antonio,michail antonio,Attack,2440,9,6,18000000.0,0.868
2016,West Ham United,Cheikhou Kouyaté,cheikhou kouyate,Midfield,2728,1,0,12000000.0,0.838
2016,West Ham United,Dimitri Payet,dimitri payet,Midfield,1515,2,7,30000000.0,0.822
2016,West Ham United,Manuel Lanzini,manuel lanzini,Midfield,2714,8,2,10000000.0,0.804
2016,West Ham United,Winston Reid,winston reid,Defender,2590,2,3,10000000.0,0.786
2016,West Ham United,Aaron Cresswell,aaron cresswell,Defender,2120,0,2,12000000.0,0.749
2016,West Ham United,André Ayew,andre ayew,Attack,1442,6,3,18000000.0,0.721
2016,West Ham United,Mark Noble,mark noble,Midfield,2398,3,0,7000000.0,0.695
2016,West Ham United,Angelo Ogbonna,angelo ogbonna,Defender,1755,0,0,9000000.0,0.645
2016,West Ham United,Pedro Obiang,pedro obiang,Midfield,1766,1,1,8000000.0,0.626
2016,West Ham United,Andy Carroll,andy carroll,Attack,1314,7,1,10000000.0,0.599
2016,West Ham United,Sofiane Feghouli,sofiane feghouli,Midfield,1040,3,3,12000000.0,0.591
2016,West Ham United,Adrián San Miguel,adrian san miguel,Goalkeeper,1440,0,0,8000000.0,0.578
2016,West Ham United,Simone Zaza,simone zaza,Attack,460,0,0,15000000.0,0.545
2016,West Ham United,Gökhan Töre,gokhan tore,Attack,239,0,1,14000000.0,0.501
2016,West Ham United,Arthur Masuaku,arthur masuaku,Defender,971,0,1,7000000.0,0.486
2016,West Ham United,Diafra Sakho,diafra sakho,Attack,181,1,0,12000000.0,0.465
2016,West Ham United,Sam Byram,sam byram,Defender,1248,0,1,4500000.0,0.448
2016,West Ham United,Jonathan Calleri,jonathan calleri,Attack,536,1,0,8000000.0,0.445
2016,West Ham United,Havard Nordtveit,havard nordtveit,Defender,956,0,1,5000000.0,0.424
2016,West Ham United,Darren Randolph,darren randolph,Goalkeeper,1980,0,0,2000000.0,0.413
2016,West Ham United,Edimilson Fernandes,edimilson fernandes,Midfield,985,0,0,4500000.0,0.41
2016,West Ham United,James Collins,james collins,Defender,1654,2,0,2000000.0,0.365
2016,West Ham United,Álvaro Arbeloa,alvaro arbeloa,Defender,256,0,0,2000000.0,0.16
2016,West Ham United,Ashley Fletcher,ashley fletcher,Attack,354,0,0,1000000.0,0.052
2017,AFC Bournemouth,Nathan Aké,nathan ake,Defender,3353,2,3,15000000.0,0.992
2017,AFC Bournemouth,Lewis Cook,lewis cook,Midfield,2239,0,2,15000000.0,0.862
2017,AFC Bournemouth,Asmir Begovic,asmir begovic,Goalkeeper,3420,0,0,8000000.0,0.813
2017,AFC Bournemouth,Callum Wilson,callum wilson,Attack,1991,8,2,10000000.0,0.712
2017,AFC Bournemouth,Joshua King,joshua king,Attack,2456,8,3,8000000.0,0.7
2017,AFC Bournemouth,Steve Cook,steve cook,Defender,2766,2,1,7000000.0,0.697
2017,AFC Bournemouth,Jordon Ibe,jordon ibe,Attack,2005,2,6,8000000.0,0.647
2017,AFC Bournemouth,Benik Afobe,benik afobe,Attack,534,0,1,10000000.0,0.542
2017,AFC Bournemouth,Charlie Daniels,charlie daniels,Defender,3004,1,3,3500000.0,0.518
2017,AFC Bournemouth,Adam Smith,adam smith,Defender,2068,1,3,5000000.0,0.515
2017,AFC Bournemouth,Ryan Fraser,ryan fraser,Attack,2010,5,3,5000000.0,0.508
2017,AFC Bournemouth,Junior Stanislas,junior stanislas,Attack,1293,5,2,4500000.0,0.393
2017,AFC Bournemouth,Simon Francis,simon francis,Defender,2707,0,1,2500000.0,0.383
2017,AFC Bournemouth,Dan Gosling,dan gosling,Midfield,1942,2,1,3000000.0,0.348
2017,AFC Bournemouth,Jermain Defoe,jermain defoe,Attack,1083,4,1,3500000.0,0.293
2017,AFC Bournemouth,Andrew Surman,andrew surman,Midfield,1852,2,5,2500000.0,0.283
2017,AFC Bournemouth,Lys Mousset,lys mousset,Attack,585,2,0,4000000.0,0.275
2017,AFC Bournemouth,Tyrone Mings,tyrone mings,Defender,202,0,0,4000000.0,0.23
2017,AFC Bournemouth,Harry Arter,harry arter,Midfield,962,1,0,2500000.0,0.179
2017,AFC Bournemouth,Marc Pugh,marc pugh,Attack,982,0,0,2000000.0,0.115
2017,Arsenal,Alexis Sánchez,alexis sanchez,Attack,2556,9,6,70000000.0,0.913
2017,Arsenal,Granit Xhaka,granit xhaka,Midfield,3266,1,7,35000000.0,0.883
2017,Arsenal,Héctor Bellerín,hector bellerin,Defender,3051,2,3,40000000.0,0.879
2017,Arsenal,Alexandre Lacazette,alexandre lacazette,Attack,2211,14,5,55000000.0,0.83
2017,Arsenal,Mesut Özil,mesut ozil,Midfield,2164,4,9,50000000.0,0.808
2017,Arsenal,Aaron Ramsey,aaron ramsey,Midfield,1847,7,10,40000000.0,0.732
2017,Arsenal,Shkodran Mustafi,shkodran mustafi,Defender,2274,3,1,28000000.0,0.724
2017,Arsenal,Pierre-Emerick Aubameyang,pierre emerick aubameyang,Attack,1059,10,4,65000000.0,0.717
2017,Arsenal,Laurent Koscielny,laurent koscielny,Defender,2227,2,0,20000000.0,0.661
2017,Arsenal,Sead Kolasinac,sead kolasinac,Defender,2152,2,4,18000000.0,0.634
2017,Arsenal,Nacho Monreal,nacho monreal,Defender,2242,5,2,13000000.0,0.59
2017,Arsenal,Petr Cech,petr cech,Goalkeeper,3040,0,0,6000000.0,0.558
2017,Arsenal,Jack Wilshere,jack wilshere,Midfield,1187,1,3,18000000.0,0.516
2017,Arsenal,Alex Iwobi,alex iwobi,Attack,1844,3,5,10000000.0,0.497
2017,Arsenal,Danny Welbeck,danny welbeck,Attack,1183,5,2,15000000.0,0.485
2017,Arsenal,Calum Chambers,calum chambers,Defender,869,0,0,14000000.0,0.435
2017,Arsenal,Mohamed Elneny,mohamed elneny,Midfield,870,0,1,10000000.0,0.378
2017,Arsenal,Francis Coquelin,francis coquelin,Midfield,156,0,0,15000000.0,0.359
2017,Arsenal,Rob Holding,rob holding,Defender,820,0,0,7000000.0,0.312
2017,Arsenal,Ainsley Maitland-Niles,ainsley maitland niles,Defender,908,0,0,5000000.0,0.266
2017,Arsenal,David Ospina,david ospina,Goalkeeper,380,0,0,5000000.0,0.201
2017,Arsenal,Per Mertesacker,per mertesacker,Defender,365,1,0,2500000.0,0.082
2017,Arsenal,Konstantinos Mavropanos,konstantinos mavropanos,Defender,195,0,0,2000000.0,0.024
2017,Brighton & Hove Albion,Davy Pröpper,davy propper,Midfield,3120,0,4,12000000.0,0.92
2017,Brighton & Hove Albion,Shane Duffy,shane duffy,Defender,3294,0,2,8000000.0,0.859
2017,Brighton & Hove Albion,Lewis Dunk,lewis dunk,Defender,3420,1,1,7000000.0,0.847
2017,Brighton & Hove Albion,Pascal Groß,pascal gro,Midfield,2949,7,8,9000000.0,0.843
2017,Brighton & Hove Albion,José Izquierdo,jose izquierdo,Attack,1987,5,4,14000000.0,0.819
2017,Brighton & Hove Albion,Mathew Ryan,mathew ryan,Goalkeeper,3420,0,0,6000000.0,0.816
2017,Brighton & Hove Albion,Dale Stephens,dale stephens,Midfield,3240,0,3,6000000.0,0.795
2017,Brighton & Hove Albion,Anthony Knockaert,anthony knockaert,Attack,2426,3,1,8000000.0,0.758
2017,Brighton & Hove Albion,Jürgen Locadia,jurgen locadia,Attack,223,1,1,15000000.0,0.626
2017,Brighton & Hove Albion,Glenn Murray,glenn murray,Attack,2198,12,0,3000000.0,0.535
2017,Brighton & Hove Albion,Solly March,solly march,Attack,1843,1,3,3500000.0,0.524
2017,Brighton & Hove Albion,Ezequiel Schelotto,ezequiel schelotto,Defender,1315,0,0,4500000.0,0.513
2017,Brighton & Hove Albion,Izzy Brown,izzy brown,Attack,306,0,0,5000000.0,0.416
2017,Brighton & Hove Albion,Markus Suttner,markus suttner,Defender,1177,0,0,3000000.0,0.415
2017,Brighton & Hove Albion,Leonardo Ulloa,leonardo ulloa,Attack,280,1,0,5000000.0,0.413
2017,Brighton & Hove Albion,Gaëtan Bong,gaetan bong,Defender,2239,0,0,1500000.0,0.401
2017,Brighton & Hove Albion,Tomer Hemed,tomer hemed,Attack,847,2,2,2500000.0,0.34
2017,Brighton & Hove Albion,Sam Baldock,sam baldock,Attack,30,0,0,3000000.0,0.281
2017,Brighton & Hove Albion,Bruno Saltor,bruno saltor,Defender,2017,0,0,750000.0,0.236
2017,Brighton & Hove Albion,Beram Kayal,beram kayal,Midfield,740,0,0,1250000.0,0.189
2017,Brighton & Hove Albion,Jamie Murphy,jamie murphy,Attack,166,0,0,1750000.0,0.189
2017,Brighton & Hove Albion,Uwe Hünemeier,uwe hunemeier,Defender,17,0,0,1500000.0,0.141
2017,Brighton & Hove Albion,Liam Rosenior,liam rosenior,Defender,163,0,0,1000000.0,0.077
2017,Brighton & Hove Albion,Connor Goldson,connor goldson,Defender,199,0,0,750000.0,0.023
2017,Burnley,Jack Cork,jack cork,Midfield,3420,2,1,9000000.0,0.931
2017,Burnley,Ben Mee,ben mee,Defender,2610,0,0,8000000.0,0.807
2017,Burnley,Chris Wood,chris wood,Attack,1635,10,1,12000000.0,0.791
2017,Burnley,Jeff Hendrick,jeff hendrick,Midfield,2339,2,2,8000000.0,0.776
2017,Burnley,James Tarkowski,james tarkowski,Defender,2790,0,0,6000000.0,0.759
2017,Burnley,Nick Pope,nick pope,Goalkeeper,3114,0,0,5000000.0,0.753
2017,Burnley,Robbie Brady,robbie brady,Midfield,1279,1,2,10000000.0,0.706
2017,Burnley,Steven Defour,steven defour,Midfield,2009,1,1,7000000.0,0.705
2017,Burnley,Jóhann Berg Gudmundsson,johann berg gudmundsson,Attack,2841,2,8,4000000.0,0.667
2017,Burnley,Matthew Lowton,matthew lowton,Defender,2295,0,3,5000000.0,0.657
2017,Burnley,Aaron Lennon,aaron lennon,Attack,1917,0,4,5000000.0,0.613
2017,Burnley,Ashley Barnes,ashley barnes,Attack,2157,9,0,4000000.0,0.587
2017,Burnley,Stephen Ward,stephen ward,Defender,2462,1,1,3000000.0,0.553
2017,Burnley,Sam Vokes,sam vokes,Attack,980,4,2,6000000.0,0.547
2017,Burnley,Charlie Taylor,charlie taylor,Defender,949,0,0,5000000.0,0.5
2017,Burnley,Georges-Kevin N'Koudou,georges kevin n koudou,Attack,225,0,0,7000000.0,0.496
2017,Burnley,Ashley Westwood,ashley westwood,Midfield,1107,0,1,4000000.0,0.464
2017,Burnley,Scott Arfield,scott arfield,Midfield,1335,2,1,3000000.0,0.421
2017,Burnley,Nahki Wells,nahki wells,Attack,45,0,0,5000000.0,0.394
2017,Burnley,Tom Heaton,tom heaton,Goalkeeper,306,0,0,4000000.0,0.371
2017,Burnley,Phil Bardsley,phil bardsley,Defender,1125,0,0,1500000.0,0.229
2017,Burnley,Jonathan Walters,jonathan walters,Attack,36,0,0,2500000.0,0.225
2017,Burnley,Kevin Long,kevin long,Defender,1440,1,2,1000000.0,0.168
2017,Chelsea,Thibaut Courtois,thibaut courtois,Goalkeeper,3150,0,0,60000000.0,0.912
2017,Chelsea,N'Golo Kanté,n golo kante,Midfield,2998,1,1,60000000.0,0.894
2017,Chelsea,Eden Hazard,eden hazard,Attack,2433,12,4,100000000.0,0.892
2017,Chelsea,César Azpilicueta,cesar azpilicueta,Defender,3330,2,6,40000000.0,0.881
2017,Chelsea,Marcos Alonso,marcos alonso,Defender,2860,7,2,35000000.0,0.807
2017,Chelsea,Álvaro Morata,alvaro morata,Attack,2066,11,6,65000000.0,0.792
2017,Chelsea,Antonio Rüdiger,antonio rudiger,Defender,2336,2,1,40000000.0,0.761
2017,Chelsea,Cesc Fàbregas,cesc fabregas,Midfield,2310,2,4,35000000.0,0.741
2017,Chelsea,Tiemoué Bakayoko,tiemoue bakayoko,Midfield,2124,2,2,40000000.0,0.736
2017,Chelsea,Andreas Christensen,andreas christensen,Defender,2071,0,0,40000000.0,0.729
2017,Chelsea,Willian,willian,Attack,1883,6,8,32000000.0,0.678
2017,Chelsea,Victor Moses,victor moses,Midfield,2119,3,4,18000000.0,0.631
2017,Chelsea,Gary Cahill,gary cahill,Defender,2084,0,0,15000000.0,0.603
2017,Chelsea,Pedro,pedro,Attack,1523,4,2,25000000.0,0.602
2017,Chelsea,David Luiz,david luiz,Defender,839,1,0,28000000.0,0.535
2017,Chelsea,Davide Zappacosta,davide zappacosta,Midfield,1094,1,1,20000000.0,0.522
2017,Chelsea,Olivier Giroud,olivier giroud,Attack,985,7,1,20000000.0,0.509
2017,Chelsea,Michy Batshuayi,michy batshuayi,Attack,353,2,1,25000000.0,0.462
2017,Chelsea,Danny Drinkwater,danny drinkwater,Midfield,521,1,0,20000000.0,0.453
2017,Chelsea,Ross Barkley,ross barkley,Midfield,131,0,0,25000000.0,0.435
2017,Chelsea,Emerson,emerson,Defender,279,0,1,20000000.0,0.424
2017,Chelsea,Charly Musonda Jr.,charly musonda jr,Attack,35,0,1,5000000.0,0.214
2017,Chelsea,Jérémie Boga,jeremie boga,Attack,18,0,0,2500000.0,0.122
2017,Chelsea,Willy Caballero,willy caballero,Goalkeeper,270,0,0,1000000.0,0.032
2017,Crystal Palace,Wilfried Zaha,wilfried zaha,Attack,2551,9,5,25000000.0,0.926
2017,Crystal Palace,Andros Townsend,andros townsend,Attack,3130,2,8,12000000.0,0.92
2017,Crystal Palace,Luka Milivojevic,luka milivojevic,Midfield,3081,10,1,10000000.0,0.894
2017,Crystal Palace,Christian Benteke,christian benteke,Attack,2235,3,6,22000000.0,0.872
2017,Crystal Palace,Yohan Cabaye,yohan cabaye,Midfield,2387,0,1,10000000.0,0.805
2017,Crystal Palace,Patrick van Aanholt,patrick van aanholt,Defender,2185,5,1,9000000.0,0.768
2017,Crystal Palace,James Tomkins,james tomkins,Defender,2388,3,0,7000000.0,0.767
2017,Crystal Palace,James McArthur,james mcarthur,Midfield,2434,5,1,6000000.0,0.756
2017,Crystal Palace,Mamadou Sakho,mamadou sakho,Defender,1600,1,2,15000000.0,0.749
2017,Crystal Palace,Ruben Loftus-Cheek,ruben loftus cheek,Midfield,1875,2,4,8000000.0,0.716
2017,Crystal Palace,Jeffrey Schlupp,jeffrey schlupp,Midfield,1748,0,1,9000000.0,0.712
2017,Crystal Palace,Wayne Hennessey,wayne hennessey,Goalkeeper,2430,0,0,4000000.0,0.711
2017,Crystal Palace,Timothy Fosu-Mensah,timothy fosu mensah,Defender,1594,0,0,7000000.0,0.665
2017,Crystal Palace,Joel Ward,joel ward,Defender,1616,0,1,5000000.0,0.632
2017,Crystal Palace,Scott Dann,scott dann,Defender,1435,1,0,5000000.0,0.608
2017,Crystal Palace,Martin Kelly,martin kelly,Defender,1194,0,0,3000000.0,0.522
2017,Crystal Palace,Jason Puncheon,jason puncheon,Midfield,570,0,0,5500000.0,0.508
2017,Crystal Palace,Bakary Sako,bakary sako,Attack,468,3,0,5000000.0,0.485
2017,Crystal Palace,Jaïro Riedewald,jairo riedewald,Midfield,435,0,0,5000000.0,0.481
2017,Crystal Palace,Pape Souaré,pape souare,Defender,8,0,0,4000000.0,0.402
2017,Crystal Palace,Alexander Sørloth,alexander s rloth,Attack,360,0,0,2000000.0,0.372
2017,Crystal Palace,Chung-yong Lee,chung yong lee,Attack,131,0,0,1500000.0,0.311
2017,Crystal Palace,Damien Delaney,damien delaney,Defender,95,0,0,1000000.0,0.262
2017,Crystal Palace,Julián Speroni,julian speroni,Goalkeeper,990,0,0,250000.0,0.226
2017,Crystal Palace,Sullay Kaikai,sullay kaikai,Attack,13,0,0,250000.0,0.101
2017,Crystal Palace,Freddie Ladapo,freddie ladapo,Attack,16,0,0,100000.0,0.002
2017,Everton,Jordan Pickford,jordan pickford,Goalkeeper,3420,0,0,20000000.0,0.928
2017,Everton,Gylfi Sigurdsson,gylfi sigurdsson,Midfield,2262,4,3,30000000.0,0.865
2017,Everton,Idrissa Gueye,idrissa gueye,Midfield,2757,2,1,18000000.0,0.832
2017,Everton,Michael Keane,michael keane,Defender,2560,0,1,20000000.0,0.828
2017,Everton,Morgan Schneiderlin,morgan schneiderlin,Midfield,2127,0,0,20000000.0,0.777
2017,Everton,Wayne Rooney,wayne rooney,Attack,2287,10,2,15000000.0,0.745
2017,Everton,Tom Davies,tom davies,Midfield,1901,2,1,15000000.0,0.7
2017,Everton,Theo Walcott,theo walcott,Attack,1216,3,3,20000000.0,0.671
2017,Everton,Cenk Tosun,cenk tosun,Attack,991,5,0,23000000.0,0.669
2017,Everton,Dominic Calvert-Lewin,dominic calvert lewin,Attack,1875,4,7,12000000.0,0.658
2017,Everton,Leighton Baines,leighton baines,Defender,1911,2,3,10000000.0,0.63
2017,Everton,Yannick Bolasie,yannick bolasie,Attack,855,1,0,20000000.0,0.628
2017,Everton,Séamus Coleman,seamus coleman,Defender,1035,0,1,15000000.0,0.599
2017,Everton,Ashley Williams,ashley williams,Defender,1833,1,0,7000000.0,0.558
2017,Everton,Davy Klaassen,davy klaassen,Midfield,250,0,0,18000000.0,0.539
2017,Everton,Oumar Niasse,oumar niasse,Attack,1081,8,3,8000000.0,0.493
2017,Everton,Mason Holgate,mason holgate,Defender,1183,0,0,7000000.0,0.482
2017,Everton,Jonjoe Kenny,jonjoe kenny,Defender,1589,0,2,5000000.0,0.47
2017,Everton,Kevin Mirallas,kevin mirallas,Midfield,136,0,0,13000000.0,0.468
2017,Everton,James McCarthy,james mccarthy,Midfield,206,0,0,12000000.0,0.462
2017,Everton,Ramiro Funes Mori,ramiro funes mori,Defender,119,0,0,12000000.0,0.452
2017,Everton,Sandro Ramírez,sandro ramirez,Attack,276,0,0,10000000.0,0.438
2017,Everton,Nikola Vlašić,nikola vlasic,Midfield,575,0,0,8000000.0,0.434
2017,Everton,Phil Jagielka,phil jagielka,Defender,2065,0,0,2000000.0,0.364
2017,Everton,Cuco Martina,cuco martina,Defender,1831,0,2,2000000.0,0.336
2017,Everton,Ademola Lookman,ademola lookman,Attack,152,0,0,5000000.0,0.302
2017,Everton,Muhamed Besic,muhamed besic,Midfield,46,0,0,5000000.0,0.289
2017,Everton,Beni Baningime,beni baningime,Midfield,193,0,0,1000000.0,0.023
2017,Huddersfield Town,Aaron Mooy,aaron mooy,Midfield,3067,4,3,9000000.0,0.942
2017,Huddersfield Town,Tom Ince,tom ince,Attack,2457,2,0,8000000.0,0.851
2017,Huddersfield Town,Zanka,zanka,Defender,3420,0,2,3500000.0,0.829
2017,Huddersfield Town,Steve Mounié,steve mounie,Attack,1858,7,2,10000000.0,0.817
2017,Huddersfield Town,Christopher Schindler,christopher schindler,Defender,3266,0,2,3000000.0,0.786
2017,Huddersfield Town,Jonas Lössl,jonas lossl,Goalkeeper,3420,0,1,2500000.0,0.775
2017,Huddersfield Town,Terence Kongolo,terence kongolo,Defender,1047,0,0,10000000.0,0.722
2017,Huddersfield Town,Alex Pritchard,alex pritchard,Midfield,1002,1,2,10000000.0,0.717
2017,Huddersfield Town,Florent Hadergjonaj,florent hadergjonaj,Midfield,1671,0,1,5000000.0,0.683
2017,Huddersfield Town,Laurent Depoitre,laurent depoitre,Attack,1809,6,1,4500000.0,0.682
2017,Huddersfield Town,Tommy Smith,tommy smith,Defender,1908,0,1,3000000.0,0.627
2017,Huddersfield Town,Rajiv van La Parra,rajiv van la parra,Attack,2145,3,0,2500000.0,0.625
2017,Huddersfield Town,Jonathan Hogg,jonathan hogg,Midfield,2410,0,0,2000000.0,0.62
2017,Huddersfield Town,Elias Kachunga,elias kachunga,Attack,1338,1,1,3500000.0,0.586
2017,Huddersfield Town,Scott Malone,scott malone,Defender,1114,0,1,3000000.0,0.534
2017,Huddersfield Town,Chris Löwe,chris lowe,Defender,1596,0,0,1500000.0,0.478
2017,Huddersfield Town,Danny Williams,danny williams,Midfield,1116,0,0,2000000.0,0.469
2017,Huddersfield Town,Collin Quaner,collin quaner,Attack,1271,0,4,1000000.0,0.374
2017,Huddersfield Town,Philip Billing,philip billing,Midfield,760,0,0,1000000.0,0.314
2017,Huddersfield Town,Kasey Palmer,kasey palmer,Midfield,169,0,0,1500000.0,0.311
2017,Huddersfield Town,Michael Hefele,michael hefele,Defender,32,0,0,1500000.0,0.295
2017,Huddersfield Town,Abdelhamid Sabiri,abdelhamid sabiri,Midfield,219,0,1,1000000.0,0.251
2017,Huddersfield Town,Joe Lolley,joe lolley,Attack,219,1,0,500000.0,0.138
2017,Huddersfield Town,Martin Cranie,martin cranie,Defender,180,0,0,500000.0,0.134
2017,Huddersfield Town,Dean Whitehead,dean whitehead,Midfield,68,0,0,250000.0,0.008
2017,Leicester City,Riyad Mahrez,riyad mahrez,Attack,2960,12,11,50000000.0,0.946
2017,Leicester City,Jamie Vardy,jamie vardy,Attack,3258,20,1,18000000.0,0.865
2017,Leicester City,Harry Maguire,harry maguire,Defender,3420,2,3,15000000.0,0.864
2017,Leicester City,Wilfred Ndidi,wilfred ndidi,Midfield,2899,0,4,18000000.0,0.823
2017,Leicester City,Kasper Schmeichel,kasper schmeichel,Goalkeeper,2966,0,0,10000000.0,0.765
2017,Leicester City,Marc Albrighton,marc albrighton,Midfield,2543,2,7,8000000.0,0.69
2017,Leicester City,Demarai Gray,demarai gray,Attack,1694,3,2,15000000.0,0.662
2017,Leicester City,Adrien Silva,adrien silva,Midfield,762,0,1,25000000.0,0.611
2017,Leicester City,Wes Morgan,wes morgan,Defender,2818,0,0,3000000.0,0.611
2017,Leicester City,Danny Simpson,danny simpson,Defender,2313,0,0,5000000.0,0.61
2017,Leicester City,Christian Fuchs,christian fuchs,Defender,1917,0,1,6000000.0,0.584
2017,Leicester City,Vicente Iborra,vicente iborra,Midfield,1416,3,0,10000000.0,0.583
2017,Leicester City,Kelechi Iheanacho,kelechi iheanacho,Attack,824,3,3,15000000.0,0.56
2017,Leicester City,Islam Slimani,islam slimani,Attack,370,1,2,22000000.0,0.55
2017,Leicester City,Shinji Okazaki,shinji okazaki,Attack,1327,6,3,7000000.0,0.533
2017,Leicester City,Aleksandar Dragovic,aleksandar dragovic,Defender,767,0,0,10000000.0,0.507
2017,Leicester City,Ben Chilwell,ben chilwell,Defender,1852,0,2,3000000.0,0.498
2017,Leicester City,Daniel Amartey,daniel amartey,Defender,490,0,0,5000000.0,0.397
2017,Leicester City,Matty James,matty james,Midfield,995,0,0,1500000.0,0.319
2017,Leicester City,Fousseni Diabaté,fousseni diabate,Attack,582,0,1,2000000.0,0.304
2017,Leicester City,Eldin Jakupovic,eldin jakupovic,Goalkeeper,180,0,0,1000000.0,0.178
2017,Leicester City,Yohan Benalouane,yohan benalouane,Defender,90,0,0,1000000.0,0.168
2017,Leicester City,Ben Hamer,ben hamer,Goalkeeper,274,0,0,500000.0,0.111
2017,Leicester City,Harvey Barnes,harvey barnes,Attack,8,0,0,250000.0,0.001
2017,Liverpool,Mohamed Salah,mohamed salah,Attack,2920,32,11,80000000.0,1.0
2017,Liverpool,Roberto Firmino,roberto firmino,Attack,2778,15,7,50000000.0,0.89
2017,Liverpool,Sadio Mané,sadio mane,Attack,2208,10,7,60000000.0,0.847
2017,Liverpool,Virgil van Dijk,virgil van dijk,Defender,2253,0,0,50000000.0,0.819
2017,Liverpool,Georginio Wijnaldum,georginio wijnaldum,Midfield,2387,1,2,30000000.0,0.739
2017,Liverpool,Philippe Coutinho,philippe coutinho,Midfield,1117,7,6,65000000.0,0.713
2017,Liverpool,Emre Can,emre can,Defender,2094,3,5,28000000.0,0.686
2017,Liverpool,Jordan Henderson,jordan henderson,Midfield,2172,1,1,25000000.0,0.675
2017,Liverpool,Joel Matip,joel matip,Defender,1995,1,0,25000000.0,0.65
2017,Liverpool,Alex Oxlade-Chamberlain,alex oxlade chamberlain,Midfield,1726,3,7,30000000.0,0.648
2017,Liverpool,Dejan Lovren,dejan lovren,Defender,2125,2,1,17000000.0,0.594
2017,Liverpool,Joe Gomez,joe gomez,Defender,1901,0,2,18000000.0,0.574
2017,Liverpool,James Milner,james milner,Midfield,1763,0,3,12000000.0,0.478
2017,Liverpool,Simon Mignolet,simon mignolet,Goalkeeper,1710,0,0,12000000.0,0.47
2017,Liverpool,Andrew Robertson,andrew robertson,Defender,1943,1,5,10000000.0,0.467
2017,Liverpool,Adam Lallana,adam lallana,Midfield,236,0,0,25000000.0,0.409
2017,Liverpool,Alberto Moreno,alberto moreno,Defender,1264,0,0,12000000.0,0.409
2017,Liverpool,Daniel Sturridge,daniel sturridge,Attack,547,2,1,20000000.0,0.409
2017,Liverpool,Loris Karius,loris karius,Goalkeeper,1710,0,0,8000000.0,0.393
2017,Liverpool,Trent Alexander-Arnold,trent alexander arnold,Defender,1576,1,1,8000000.0,0.374
2017,Liverpool,Nathaniel Clyne,nathaniel clyne,Defender,174,0,0,20000000.0,0.358
2017,Liverpool,Dominic Solanke,dominic solanke,Attack,582,1,1,8000000.0,0.238
2017,Liverpool,Divock Origi,divock origi,Attack,9,0,0,12000000.0,0.237
2017,Liverpool,Ragnar Klavan,ragnar klavan,Defender,1449,1,0,3500000.0,0.198
2017,Liverpool,Danny Ings,danny ings,Attack,265,1,0,8000000.0,0.195
2017,Liverpool,Marko Grujić,marko grujic,Midfield,14,0,0,5000000.0,0.07
2017,Liverpool,Ben Woodburn,ben woodburn,Midfield,6,0,0,5000000.0,0.069
2017,Manchester City,Kevin De Bruyne,kevin de bruyne,Midfield,3085,8,16,110000000.0,0.986
2017,Manchester City,Raheem Sterling,raheem sterling,Attack,2594,18,15,80000000.0,0.874
2017,Manchester City,Ederson,ederson,Goalkeeper,3195,0,0,45000000.0,0.858
2017,Manchester City,Leroy Sané,leroy sane,Attack,2424,10,15,75000000.0,0.843
2017,Manchester City,Kyle Walker,kyle walker,Defender,2787,0,6,50000000.0,0.824
2017,Manchester City,Nicolás Otamendi,nicolas otamendi,Defender,2968,4,0,35000000.0,0.79
2017,Manchester City,Sergio Agüero,sergio aguero,Attack,1969,21,6,75000000.0,0.786
2017,Manchester City,Gabriel Jesus,gabriel jesus,Attack,1672,13,4,70000000.0,0.738
2017,Manchester City,David Silva,david silva,Midfield,2437,9,11,30000000.0,0.699
2017,Manchester City,Fernandinho,fernandinho,Midfield,2885,5,4,15000000.0,0.645
2017,Manchester City,John Stones,john stones,Defender,1306,0,0,50000000.0,0.638
2017,Manchester City,Bernardo Silva,bernardo silva,Midfield,1520,6,5,40000000.0,0.63
2017,Manchester City,İlkay Gündoğan,ilkay gundogan,Midfield,1510,4,1,30000000.0,0.583
2017,Manchester City,Aymeric Laporte,aymeric laporte,Defender,807,0,0,50000000.0,0.576
2017,Manchester City,Benjamin Mendy,benjamin mendy,Defender,361,0,1,40000000.0,0.485
2017,Manchester City,Danilo,danilo,Defender,1341,3,1,18000000.0,0.481
2017,Manchester City,Fabian Delph,fabian delph,Midfield,1746,1,2,10000000.0,0.438
2017,Manchester City,Vincent Kompany,vincent kompany,Defender,1396,1,1,10000000.0,0.395
2017,Manchester City,Eliaquim Mangala,eliaquim mangala,Defender,617,0,0,15000000.0,0.361
2017,Manchester City,Oleksandr Zinchenko,oleksandr zinchenko,Defender,533,0,0,6000000.0,0.206
2017,Manchester City,Claudio Bravo,claudio bravo,Goalkeeper,225,0,0,5000000.0,0.138
2017,Manchester City,Yaya Touré,yaya toure,Midfield,228,0,2,5000000.0,0.138
2017,Manchester City,Phil Foden,phil foden,Midfield,44,0,1,5000000.0,0.115
2017,Manchester City,Brahim Díaz,brahim diaz,Attack,49,0,0,2500000.0,0.006
2017,Manchester United,David de Gea,david de gea,Goalkeeper,3330,0,0,60000000.0,0.946
2017,Manchester United,Romelu Lukaku,romelu lukaku,Attack,2869,16,7,85000000.0,0.937
2017,Manchester United,Nemanja Matić,nemanja matic,Midfield,3119,1,1,40000000.0,0.867
2017,Manchester United,Paul Pogba,paul pogba,Midfield,2151,6,10,90000000.0,0.858
2017,Manchester United,Anthony Martial,anthony martial,Attack,1582,9,5,65000000.0,0.747
2017,Manchester United,Marcus Rashford,marcus rashford,Attack,1807,7,5,50000000.0,0.739
2017,Manchester United,Chris Smalling,chris smalling,Defender,2535,4,0,18000000.0,0.69
2017,Manchester United,Juan Mata,juan mata,Midfield,1931,3,5,30000000.0,0.685
2017,Manchester United,Henrikh Mkhitaryan,henrikh mkhitaryan,Midfield,1728,3,9,35000000.0,0.682
2017,Manchester United,Jesse Lingard,jesse lingard,Midfield,1824,8,6,25000000.0,0.648
2017,Manchester United,Antonio Valencia,antonio valencia,Defender,2743,3,1,10000000.0,0.637
2017,Manchester United,Phil Jones,phil jones,Defender,1975,0,0,18000000.0,0.623
2017,Manchester United,Ander Herrera,ander herrera,Midfield,1260,0,2,30000000.0,0.605
2017,Manchester United,Eric Bailly,eric bailly,Defender,1000,1,0,35000000.0,0.594
2017,Manchester United,Victor Lindelöf,victor lindelof,Defender,1284,0,0,25000000.0,0.583
2017,Manchester United,Ashley Young,ashley young,Defender,2448,2,5,5000000.0,0.509
2017,Manchester United,Marcos Rojo,marcos rojo,Defender,640,0,0,18000000.0,0.462
2017,Manchester United,Luke Shaw,luke shaw,Defender,788,0,0,15000000.0,0.456
2017,Manchester United,Daley Blind,daley blind,Defender,361,0,0,20000000.0,0.443
2017,Manchester United,Marouane Fellaini,marouane fellaini,Midfield,612,4,0,12000000.0,0.405
2017,Manchester United,Matteo Darmian,matteo darmian,Defender,444,0,0,12000000.0,0.385
2017,Manchester United,Scott McTominay,scott mctominay,Midfield,629,0,0,7000000.0,0.335
2017,Manchester United,Zlatan Ibrahimović,zlatan ibrahimovic,Attack,102,0,0,8000000.0,0.29
2017,Manchester United,Sergio Romero,sergio romero,Goalkeeper,90,0,0,6000000.0,0.25
2017,Manchester United,Michael Carrick,michael carrick,Midfield,109,0,0,1000000.0,0.013
2017,Manchester United,Axel Tuanzebe,axel tuanzebe,Defender,1,0,0,1000000.0,0.0
2017,Newcastle United,Matt Ritchie,matt ritchie,Midfield,2812,3,6,10000000.0,0.984
2017,Newcastle United,Jamaal Lascelles,jamaal lascelles,Defender,2928,3,0,7000000.0,0.917
2017,Newcastle United,Jonjo Shelvey,jonjo shelvey,Midfield,2267,1,3,10000000.0,0.91
2017,Newcastle United,Ayoze Pérez,ayoze perez,Attack,2498,8,4,8000000.0,0.89
2017,Newcastle United,Dwight Gayle,dwight gayle,Attack,1958,6,3,10000000.0,0.867
2017,Newcastle United,DeAndre Yedlin,deandre yedlin,Defender,2842,0,2,5000000.0,0.828
2017,Newcastle United,Florian Lejeune,florian lejeune,Defender,2104,0,2,7000000.0,0.805
2017,Newcastle United,Mikel Merino,mikel merino,Midfield,1343,1,1,10000000.0,0.783
2017,Newcastle United,Christian Atsu,christian atsu,Attack,1782,2,2,6000000.0,0.725
2017,Newcastle United,Ciaran Clark,ciaran clark,Defender,1745,2,1,6000000.0,0.72
2017,Newcastle United,Mohamed Diamé,mohamed diame,Midfield,2043,2,0,5000000.0,0.719
2017,Newcastle United,Isaac Hayden,isaac hayden,Midfield,1372,1,0,7000000.0,0.705
2017,Newcastle United,Javier Manquillo,javier manquillo,Defender,1759,0,1,5000000.0,0.68
2017,Newcastle United,Jacob Murphy,jacob murphy,Attack,1145,1,1,7000000.0,0.674
2017,Newcastle United,Kenedy,kenedy,Attack,1030,2,2,7000000.0,0.658
2017,Newcastle United,Aleksandar Mitrović,aleksandar mitrovic,Attack,152,1,0,10000000.0,0.621
2017,Newcastle United,Joselu,joselu,Attack,1655,4,1,4000000.0,0.614
2017,Newcastle United,Chancel Mbemba,chancel mbemba,Defender,673,0,0,7000000.0,0.609
2017,Newcastle United,Paul Dummett,paul dummett,Defender,1603,0,0,3500000.0,0.576
2017,Newcastle United,Karl Darlow,karl darlow,Goalkeeper,900,0,0,4500000.0,0.538
2017,Newcastle United,Martin Dúbravka,martin dubravka,Goalkeeper,1080,0,0,3000000.0,0.469
2017,Newcastle United,Henri Saivet,henri saivet,Midfield,84,1,0,5000000.0,0.451
2017,Newcastle United,Jesús Gámez,jesus gamez,Defender,97,0,0,2500000.0,0.292
2017,Newcastle United,Rob Elliot,rob elliot,Goalkeeper,1440,0,0,1000000.0,0.263
2017,Newcastle United,Massadio Haïdara,massadio haidara,Defender,3,0,0,1500000.0,0.161
2017,Newcastle United,Rolando Aarons,rolando aarons,Attack,137,0,0,750000.0,0.019
2017,Southampton,Ryan Bertrand,ryan bertrand,Defender,3137,0,4,20000000.0,1.0
2017,Southampton,Dušan Tadić,dusan tadic,Attack,2811,6,3,15000000.0,0.912
2017,Southampton,Cédric Soares,cedric soares,Defender,2797,0,3,15000000.0,0.91
2017,Southampton,Oriol Romeu,oriol romeu,Midfield,2901,1,0,12000000.0,0.887
2017,Southampton,Wesley Hoedt,wesley hoedt,Defender,2520,0,1,15000000.0,0.875
2017,Southampton,Nathan Redmond,nathan redmond,Attack,1947,1,3,18000000.0,0.831
2017,Southampton,Fraser Forster,fraser forster,Goalkeeper,1800,0,0,15000000.0,0.783
2017,Southampton,Mario Lemina,mario lemina,Midfield,1721,1,1,15000000.0,0.773
2017,Southampton,James Ward-Prowse,james ward prowse,Midfield,1715,3,3,15000000.0,0.772
2017,Southampton,Sofiane Boufal,sofiane boufal,Midfield,1214,2,2,15000000.0,0.708
2017,Southampton,Jack Stephens,jack stephens,Defender,1980,2,0,8000000.0,0.703
2017,Southampton,Maya Yoshida,maya yoshida,Defender,2051,2,1,7000000.0,0.691
2017,Southampton,Manolo Gabbiadini,manolo gabbiadini,Attack,1074,5,0,15000000.0,0.69
2017,Southampton,Pierre-Emile Højbjerg,pierre emile h jbjerg,Midfield,1671,0,0,8000000.0,0.664
2017,Southampton,Shane Long,shane long,Attack,1579,2,2,8000000.0,0.652
2017,Southampton,Charlie Austin,charlie austin,Attack,1030,7,0,12000000.0,0.648
2017,Southampton,Guido Carrillo,guido carrillo,Attack,452,0,1,18000000.0,0.64
2017,Southampton,Steven Davis,steven davis,Midfield,1521,3,1,6000000.0,0.598
2017,Southampton,Alex McCarthy,alex mccarthy,Goalkeeper,1620,0,0,2500000.0,0.468
2017,Southampton,Jan Bednarek,jan bednarek,Defender,428,1,0,5000000.0,0.429
2017,Southampton,Matt Targett,matt targett,Defender,167,0,0,3000000.0,0.313
2017,Southampton,Jérémy Pied,jeremy pied,Defender,180,0,1,2500000.0,0.285
2017,Southampton,Sam McQueen,sam mcqueen,Defender,142,0,0,750000.0,0.084
2017,Southampton,Josh Sims,josh sims,Attack,161,0,0,500000.0,0.021
2017,Stoke City,Jack Butland,jack butland,Goalkeeper,3150,0,0,18000000.0,1.0
2017,Stoke City,Joe Allen,joe allen,Midfield,3142,2,6,18000000.0,0.999
2017,Stoke City,Xherdan Shaqiri,xherdan shaqiri,Midfield,3049,8,7,18000000.0,0.987
2017,Stoke City,Kurt Zouma,kurt zouma,Defender,2888,1,0,15000000.0,0.941
2017,Stoke City,Ryan Shawcross,ryan shawcross,Defender,2372,1,1,10000000.0,0.819
2017,Stoke City,Erik Pieters,erik pieters,Defender,2720,0,1,7000000.0,0.813
2017,Stoke City,Mame Diouf,mame diouf,Attack,2602,6,3,7000000.0,0.798
2017,Stoke City,Eric-Maxim Choupo-Moting,eric maxim choupo moting,Attack,2248,5,5,8000000.0,0.772
2017,Stoke City,Badou Ndiaye,badou ndiaye,Midfield,1140,2,1,15000000.0,0.719
2017,Stoke City,Kevin Wimmer,kevin wimmer,Defender,1321,0,0,12000000.0,0.711
2017,Stoke City,Bruno Martins Indi,bruno martins indi,Defender,1246,0,0,11000000.0,0.689
2017,Stoke City,Ramadan Sobhi,ramadan sobhi,Attack,1235,2,0,6000000.0,0.603
2017,Stoke City,Moritz Bauer,moritz bauer,Defender,1309,0,0,5000000.0,0.587
2017,Stoke City,Saido Berahino,saido berahino,Attack,485,0,1,10000000.0,0.579
2017,Stoke City,Darren Fletcher,darren fletcher,Midfield,2222,1,1,2000000.0,0.574
2017,Stoke City,Jesé,jese,Attack,615,1,1,7500000.0,0.555
2017,Stoke City,Geoff Cameron,geoff cameron,Defender,1524,0,0,3000000.0,0.542
2017,Stoke City,Peter Crouch,peter crouch,Attack,1555,5,2,1500000.0,0.449
2017,Stoke City,Glen Johnson,glen johnson,Defender,550,0,0,3500000.0,0.44
2017,Stoke City,Bojan Krkic,bojan krkic,Attack,72,0,0,5000000.0,0.429
2017,Stoke City,Konstantinos Stafylidis,konstantinos stafylidis,Defender,334,0,0,3500000.0,0.413
2017,Stoke City,Charlie Adam,charlie adam,Midfield,408,0,0,3000000.0,0.4
2017,Stoke City,Ibrahim Afellay,ibrahim afellay,Midfield,163,0,0,3000000.0,0.369
2017,Stoke City,Josh Tymon,josh tymon,Defender,162,0,0,2000000.0,0.312
2017,Stoke City,Lee Grant,lee grant,Goalkeeper,270,0,0,1000000.0,0.229
2017,Stoke City,Stephen Ireland,stephen ireland,Midfield,128,0,0,1000000.0,0.211
2017,Stoke City,Julien Ngoy,julien ngoy,Attack,19,0,0,250000.0,0.002
2017,Swansea City,Alfie Mawson,alfie mawson,Defender,3420,2,1,12000000.0,0.919
2017,Swansea City,Lukasz Fabianski,lukasz fabianski,Goalkeeper,3420,0,0,5000000.0,0.801
2017,Swansea City,André Ayew,andre ayew,Attack,1843,3,4,18000000.0,0.789
2017,Swansea City,Jordan Ayew,jordan ayew,Attack,2859,7,2,7000000.0,0.781
2017,Swansea City,Federico Fernández,federico fernandez,Defender,2677,1,1,8000000.0,0.778
2017,Swansea City,Martin Olsson,martin olsson,Defender,3154,0,1,5000000.0,0.77
2017,Swansea City,Kyle Naughton,kyle naughton,Defender,3033,0,2,5000000.0,0.756
2017,Swansea City,Tom Carroll,tom carroll,Midfield,2569,0,4,7000000.0,0.747
2017,Swansea City,Sam Clucas,sam clucas,Midfield,2044,3,1,8000000.0,0.704
2017,Swansea City,Tammy Abraham,tammy abraham,Attack,1720,5,2,10000000.0,0.696
2017,Swansea City,Renato Sanches,renato sanches,Midfield,703,0,0,22000000.0,0.682
2017,Swansea City,Sung-yueng Ki,sung yueng ki,Midfield,1869,2,2,7000000.0,0.665
2017,Swansea City,Leroy Fer,leroy fer,Midfield,1399,1,1,8000000.0,0.628
2017,Swansea City,Roque Mesa,roque mesa,Midfield,757,0,0,12000000.0,0.607
2017,Swansea City,Wilfried Bony,wilfried bony,Attack,704,2,0,12000000.0,0.601
2017,Swansea City,Mike van der Hoorn,mike van der hoorn,Defender,1949,1,0,2000000.0,0.507
2017,Swansea City,Andy King,andy king,Midfield,1253,3,1,3000000.0,0.48
2017,Swansea City,Luciano Narsingh,luciano narsingh,Midfield,621,1,0,5000000.0,0.474
2017,Swansea City,Nathan Dyer,nathan dyer,Attack,1307,0,0,2500000.0,0.461
2017,Swansea City,Kyle Bartley,kyle bartley,Defender,234,0,0,3500000.0,0.381
2017,Swansea City,Wayne Routledge,wayne routledge,Attack,423,0,0,2500000.0,0.358
2017,Swansea City,Leon Britton,leon britton,Midfield,305,0,0,1000000.0,0.221
2017,Swansea City,Oli McBurnie,oli mcburnie,Attack,269,0,1,1000000.0,0.217
2017,Swansea City,Ángel Rangel,angel rangel,Defender,155,0,0,1000000.0,0.204
2017,Swansea City,Jay Fulton,jay fulton,Midfield,17,0,0,500000.0,0.095
2017,Swansea City,Connor Roberts,connor roberts,Defender,268,0,0,250000.0,0.031
2017,Tottenham Hotspur,Harry Kane,harry kane,Attack,3083,30,3,120000000.0,0.981
2017,Tottenham Hotspur,Christian Eriksen,christian eriksen,Midfield,3226,10,11,70000000.0,0.931
2017,Tottenham Hotspur,Dele Alli,dele alli,Midfield,2971,9,11,80000000.0,0.916
2017,Tottenham Hotspur,Jan Vertonghen,jan vertonghen,Defender,3206,0,0,32000000.0,0.83
2017,Tottenham Hotspur,Eric Dier,eric dier,Defender,2827,0,2,40000000.0,0.811
2017,Tottenham Hotspur,Hugo Lloris,hugo lloris,Goalkeeper,3240,0,0,25000000.0,0.803
2017,Tottenham Hotspur,Davinson Sánchez,davinson sanchez,Defender,2535,0,0,40000000.0,0.775
2017,Tottenham Hotspur,Heung-min Son,heung min son,Attack,2311,12,6,35000000.0,0.731
2017,Tottenham Hotspur,Ben Davies,ben davies,Defender,2325,2,6,18000000.0,0.649
2017,Tottenham Hotspur,Toby Alderweireld,toby alderweireld,Defender,1177,0,0,40000000.0,0.608
2017,Tottenham Hotspur,Mousa Dembélé,mousa dembele,Midfield,1886,0,0,18000000.0,0.595
2017,Tottenham Hotspur,Kieran Trippier,kieran trippier,Defender,1914,0,5,15000000.0,0.576
2017,Tottenham Hotspur,Serge Aurier,serge aurier,Defender,1428,2,2,20000000.0,0.552
2017,Tottenham Hotspur,Moussa Sissoko,moussa sissoko,Midfield,1395,1,1,20000000.0,0.548
2017,Tottenham Hotspur,Victor Wanyama,victor wanyama,Midfield,839,1,0,30000000.0,0.53
2017,Tottenham Hotspur,Danny Rose,danny rose,Defender,802,0,1,30000000.0,0.525
2017,Tottenham Hotspur,Erik Lamela,erik lamela,Attack,832,2,4,25000000.0,0.506
2017,Tottenham Hotspur,Lucas Moura,lucas moura,Attack,208,0,1,28000000.0,0.443
2017,Tottenham Hotspur,Vincent Janssen,vincent janssen,Attack,1,0,0,13000000.0,0.322
2017,Tottenham Hotspur,Harry Winks,harry winks,Midfield,771,0,1,5000000.0,0.297
2017,Tottenham Hotspur,Fernando Llorente,fernando llorente,Attack,224,1,0,8000000.0,0.288
2017,Tottenham Hotspur,Kyle Walker-Peters,kyle walker peters,Defender,188,0,2,2500000.0,0.138
2017,Tottenham Hotspur,Michel Vorm,michel vorm,Goalkeeper,90,0,0,2500000.0,0.126
2017,Tottenham Hotspur,Paulo Gazzaniga,paulo gazzaniga,Goalkeeper,90,0,0,1000000.0,0.011
2017,Watford,Richarlison,richarlison,Attack,2827,5,5,20000000.0,0.94
2017,Watford,Abdoulaye Doucouré,abdoulaye doucoure,Midfield,3325,7,4,12000000.0,0.898
2017,Watford,Andre Gray,andre gray,Attack,1497,5,3,15000000.0,0.722
2017,Watford,Roberto Pereyra,roberto pereyra,Midfield,1622,5,3,12000000.0,0.693
2017,Watford,Troy Deeney,troy deeney,Attack,1840,5,2,10000000.0,0.683
2017,Watford,Christian Kabasele,christian kabasele,Defender,2332,2,0,7000000.0,0.67
2017,Watford,Tom Cleverley,tom cleverley,Midfield,1907,1,2,9000000.0,0.669
2017,Watford,Étienne Capoue,etienne capoue,Midfield,1541,1,0,8000000.0,0.602
2017,Watford,Gerard Deulofeu,gerard deulofeu,Attack,438,1,1,14000000.0,0.581
2017,Watford,Will Hughes,will hughes,Midfield,994,2,3,10000000.0,0.581
2017,Watford,Daryl Janmaat,daryl janmaat,Defender,1822,3,0,6000000.0,0.578
2017,Watford,André Carrillo,andre carrillo,Midfield,1537,1,2,6000000.0,0.544
2017,Watford,Kiko Femenía,kiko femenia,Defender,1716,1,0,5000000.0,0.529
2017,Watford,Sebastian Prödl,sebastian prodl,Defender,1568,0,0,4000000.0,0.466
2017,Watford,Jose Cholevas,jose cholevas,Defender,2382,0,4,2000000.0,0.425
2017,Watford,Orestis Karnezis,orestis karnezis,Goalkeeper,1291,0,0,3500000.0,0.406
2017,Watford,Nathaniel Chalobah,nathaniel chalobah,Midfield,448,0,0,5000000.0,0.376
2017,Watford,Stefano Okaka,stefano okaka,Attack,445,1,1,5000000.0,0.376
2017,Watford,Marvin Zeegelaar,marvin zeegelaar,Defender,995,0,2,3500000.0,0.371
2017,Watford,Adrian Mariappa,adrian mariappa,Defender,2208,0,0,1500000.0,0.347
2017,Watford,Miguel Britos,miguel britos,Defender,798,1,0,3500000.0,0.347
2017,Watford,Craig Cathcart,craig cathcart,Defender,495,0,0,4000000.0,0.337
2017,Watford,Nordin Amrabat,nordin amrabat,Attack,200,0,0,4500000.0,0.325
2017,Watford,Heurelho Gomes,heurelho gomes,Goalkeeper,2129,0,0,1000000.0,0.256
2017,Watford,Dodi Lukébakio,dodi lukebakio,Attack,15,0,0,3000000.0,0.222
2017,Watford,Younès Kaboul,younes kaboul,Defender,152,0,0,2500000.0,0.202
2017,Watford,Molla Wagué,molla wague,Defender,440,1,0,1500000.0,0.134
2017,Watford,Jerome Sinclair,jerome sinclair,Attack,29,0,0,1500000.0,0.085
2017,Watford,Ben Watson,ben watson,Midfield,458,0,0,1000000.0,0.055
2017,West Bromwich Albion,Salomón Rondón,salomon rondon,Attack,2773,7,3,13000000.0,0.841
2017,West Bromwich Albion,Jonny Evans,jonny evans,Defender,2273,2,1,15000000.0,0.811
2017,West Bromwich Albion,Jay Rodríguez,jay rodriguez,Attack,2825,7,1,10000000.0,0.795
2017,West Bromwich Albion,Grzegorz Krychowiak,grzegorz krychowiak,Midfield,1642,0,2,20000000.0,0.794
2017,West Bromwich Albion,Jake Livermore,jake livermore,Midfield,2675,2,2,9000000.0,0.756
2017,West Bromwich Albion,Kieran Gibbs,kieran gibbs,Defender,2830,0,1,8000000.0,0.751
2017,West Bromwich Albion,Ahmed Hegazy,ahmed hegazy,Defender,3387,2,0,5000000.0,0.722
2017,West Bromwich Albion,Matt Phillips,matt phillips,Attack,2097,2,2,9000000.0,0.688
2017,West Bromwich Albion,Craig Dawson,craig dawson,Defender,2509,2,0,6000000.0,0.655
2017,West Bromwich Albion,Ben Foster,ben foster,Goalkeeper,3330,0,0,3500000.0,0.644
2017,West Bromwich Albion,Allan Nyom,allan nyom,Defender,2308,0,1,4500000.0,0.574
2017,West Bromwich Albion,Oliver Burke,oliver burke,Attack,358,0,2,12000000.0,0.54
2017,West Bromwich Albion,Nacer Chadli,nacer chadli,Attack,215,1,0,12000000.0,0.523
2017,West Bromwich Albion,Chris Brunt,chris brunt,Midfield,1922,0,7,3500000.0,0.478
2017,West Bromwich Albion,James McClean,james mcclean,Midfield,1396,1,0,3000000.0,0.385
2017,West Bromwich Albion,Claudio Yacob,claudio yacob,Midfield,900,0,0,4000000.0,0.384
2017,West Bromwich Albion,James Morrison,james morrison,Midfield,206,1,0,5000000.0,0.347
2017,West Bromwich Albion,Hal Robson-Kanu,hal robson kanu,Attack,821,2,0,2500000.0,0.28
2017,West Bromwich Albion,Gareth Barry,gareth barry,Midfield,1927,1,1,1000000.0,0.228
2017,West Bromwich Albion,Boaz Myhill,boaz myhill,Goalkeeper,90,0,0,1500000.0,0.092
2017,West Bromwich Albion,Sam Field,sam field,Midfield,539,1,0,1000000.0,0.064
2017,West Bromwich Albion,Gareth McAuley,gareth mcauley,Defender,456,0,0,1000000.0,0.054
2017,West Ham United,Aaron Cresswell,aaron cresswell,Defender,3072,1,7,12000000.0,0.856
2017,West Ham United,Marko Arnautovic,marko arnautovic,Attack,2322,11,6,18000000.0,0.826
2017,West Ham United,Cheikhou Kouyaté,cheikhou kouyate,Midfield,2802,2,3,12000000.0,0.823
2017,West Ham United,Manuel Lanzini,manuel lanzini,Midfield,2048,5,7,18000000.0,0.793
2017,West Ham United,Angelo Ogbonna,angelo ogbonna,Defender,2880,1,0,9000000.0,0.789
2017,West Ham United,Pablo Zabaleta,pablo zabaleta,Defender,3291,0,1,5000000.0,0.75
2017,West Ham United,Chicharito,chicharito,Attack,1543,8,1,18000000.0,0.732
2017,West Ham United,João Mário,joao mario,Midfield,1026,2,1,26000000.0,0.725
2017,West Ham United,Michail Antonio,michail antonio,Attack,1358,3,1,18000000.0,0.709
2017,West Ham United,Mark Noble,mark noble,Midfield,2404,4,0,7000000.0,0.693
2017,West Ham United,Joe Hart,joe hart,Goalkeeper,1710,0,1,12000000.0,0.69
2017,West Ham United,Pedro Obiang,pedro obiang,Midfield,1564,2,0,9000000.0,0.629
2017,West Ham United,Arthur Masuaku,arthur masuaku,Defender,1873,0,3,7000000.0,0.628
2017,West Ham United,Winston Reid,winston reid,Defender,1454,0,0,8000000.0,0.598
2017,West Ham United,Adrián San Miguel,adrian san miguel,Goalkeeper,1710,0,0,5000000.0,0.557
2017,West Ham United,Andy Carroll,andy carroll,Attack,745,3,1,10000000.0,0.545
2017,West Ham United,Diafra Sakho,diafra sakho,Attack,293,2,0,10000000.0,0.491
2017,West Ham United,José Fonte,jose fonte,Defender,690,0,1,7000000.0,0.485
2017,West Ham United,Edimilson Fernandes,edimilson fernandes,Midfield,847,0,1,5000000.0,0.453
2017,West Ham United,Jordan Hugill,jordan hugill,Attack,22,0,0,8000000.0,0.424
2017,West Ham United,Declan Rice,declan rice,Midfield,1424,0,0,2000000.0,0.384
2017,West Ham United,Sam Byram,sam byram,Defender,247,0,0,4500000.0,0.364
2017,West Ham United,Reece Oxford,reece oxford,Defender,4,0,0,5000000.0,0.35
2017,West Ham United,James Collins,james collins,Defender,1050,1,0,1500000.0,0.294
2017,West Ham United,Patrice Evra,patrice evra,Defender,228,0,0,1000000.0,0.133
2017,West Ham United,Josh Cullen,josh cullen,Midfield,6,0,0,500000.0,0.001
2018,AFC Bournemouth,Nathan Aké,nathan ake,Defender,3412,4,1,28000000.0,1.0
2018,AFC Bournemouth,Ryan Fraser,ryan fraser,Attack,3173,7,14,18000000.0,0.906
2018,AFC Bournemouth,Callum Wilson,callum wilson,Attack,2535,14,10,25000000.0,0.88
2018,AFC Bournemouth,Jefferson Lerma,jefferson lerma,Midfield,2510,2,1,25000000.0,0.877
2018,AFC Bournemouth,Joshua King,joshua king,Attack,2974,12,3,15000000.0,0.856
2018,AFC Bournemouth,David Brooks,david brooks,Attack,2279,7,5,20000000.0,0.817
2018,AFC Bournemouth,Steve Cook,steve cook,Defender,2787,1,2,10000000.0,0.773
2018,AFC Bournemouth,Asmir Begovic,asmir begovic,Goalkeeper,2160,0,0,8000000.0,0.666
2018,AFC Bournemouth,Nathaniel Clyne,nathaniel clyne,Defender,1253,0,1,15000000.0,0.654
2018,AFC Bournemouth,Lewis Cook,lewis cook,Midfield,722,0,0,20000000.0,0.634
2018,AFC Bournemouth,Adam Smith,adam smith,Defender,2073,1,1,5000000.0,0.586
2018,AFC Bournemouth,Dominic Solanke,dominic solanke,Attack,341,0,1,18000000.0,0.574
2018,AFC Bournemouth,Chris Mepham,chris mepham,Defender,850,0,1,12000000.0,0.573
2018,AFC Bournemouth,Jordon Ibe,jordon ibe,Attack,795,1,1,9000000.0,0.524
2018,AFC Bournemouth,Diego Rico,diego rico,Defender,608,0,0,10000000.0,0.518
2018,AFC Bournemouth,Dan Gosling,dan gosling,Midfield,1738,2,1,3500000.0,0.494
2018,AFC Bournemouth,Charlie Daniels,charlie daniels,Defender,1585,1,0,3500000.0,0.476
2018,AFC Bournemouth,Junior Stanislas,junior stanislas,Attack,1027,2,3,4500000.0,0.448
2018,AFC Bournemouth,Andrew Surman,andrew surman,Midfield,1439,0,0,2500000.0,0.409
2018,AFC Bournemouth,Simon Francis,simon francis,Defender,1227,0,2,2500000.0,0.384
2018,AFC Bournemouth,Lys Mousset,lys mousset,Attack,350,1,0,3500000.0,0.331
2018,AFC Bournemouth,Tyrone Mings,tyrone mings,Defender,141,0,0,3500000.0,0.307
2018,AFC Bournemouth,Jermain Defoe,jermain defoe,Attack,22,0,0,2500000.0,0.242
2018,AFC Bournemouth,Artur Boruc,artur boruc,Goalkeeper,1080,0,0,1000000.0,0.23
2018,AFC Bournemouth,Jack Simpson,jack simpson,Defender,403,0,0,500000.0,0.047
2018,Arsenal,Pierre-Emerick Aubameyang,pierre emerick aubameyang,Attack,2732,22,5,75000000.0,0.985
2018,Arsenal,Alexandre Lacazette,alexandre lacazette,Attack,2505,13,9,65000000.0,0.931
2018,Arsenal,Granit Xhaka,granit xhaka,Midfield,2501,4,2,50000000.0,0.891
2018,Arsenal,Lucas Torreira,lucas torreira,Midfield,2380,2,2,55000000.0,0.888
2018,Arsenal,Bernd Leno,bernd leno,Goalkeeper,2835,0,0,25000000.0,0.832
2018,Arsenal,Shkodran Mustafi,shkodran mustafi,Defender,2615,2,0,30000000.0,0.828
2018,Arsenal,Mattéo Guendouzi,matteo guendouzi,Midfield,2142,0,0,30000000.0,0.762
2018,Arsenal,Mesut Özil,mesut ozil,Midfield,1742,5,2,35000000.0,0.729
2018,Arsenal,Héctor Bellerín,hector bellerin,Defender,1533,0,5,40000000.0,0.72
2018,Arsenal,Alex Iwobi,alex iwobi,Attack,1972,3,6,25000000.0,0.71
2018,Arsenal,Sokratis Papastathopoulos,sokratis papastathopoulos,Defender,2199,1,2,20000000.0,0.708
2018,Arsenal,Aaron Ramsey,aaron ramsey,Midfield,1327,4,6,40000000.0,0.691
2018,Arsenal,Henrikh Mkhitaryan,henrikh mkhitaryan,Midfield,1644,6,4,30000000.0,0.691
2018,Arsenal,Sead Kolasinac,sead kolasinac,Defender,1890,0,6,20000000.0,0.664
2018,Arsenal,Nacho Monreal,nacho monreal,Defender,1861,1,4,10000000.0,0.554
2018,Arsenal,Laurent Koscielny,laurent koscielny,Defender,1330,3,0,10000000.0,0.479
2018,Arsenal,Ainsley Maitland-Niles,ainsley maitland niles,Defender,986,1,1,7000000.0,0.375
2018,Arsenal,Danny Welbeck,danny welbeck,Attack,147,1,1,15000000.0,0.374
2018,Arsenal,Rob Holding,rob holding,Defender,807,0,0,7000000.0,0.35
2018,Arsenal,Mohamed Elneny,mohamed elneny,Midfield,379,0,0,10000000.0,0.344
2018,Arsenal,Denis Suárez,denis suarez,Midfield,67,0,0,12000000.0,0.328
2018,Arsenal,Petr Cech,petr cech,Goalkeeper,585,0,0,3000000.0,0.189
2018,Arsenal,Stephan Lichtsteiner,stephan lichtsteiner,Defender,940,0,0,1500000.0,0.133
2018,Arsenal,Konstantinos Mavropanos,konstantinos mavropanos,Defender,149,0,0,3000000.0,0.127
2018,Arsenal,Carl Jenkinson,carl jenkinson,Defender,165,0,0,2500000.0,0.102
2018,Brighton & Hove Albion,Lewis Dunk,lewis dunk,Defender,3153,2,1,12000000.0,0.923
2018,Brighton & Hove Albion,Shane Duffy,shane duffy,Defender,3088,5,2,12000000.0,0.915
2018,Brighton & Hove Albion,Davy Pröpper,davy propper,Midfield,2551,1,1,15000000.0,0.889
2018,Brighton & Hove Albion,Mathew Ryan,mathew ryan,Goalkeeper,3060,0,0,8000000.0,0.835
2018,Brighton & Hove Albion,Yves Bissouma,yves bissouma,Midfield,1769,0,0,15000000.0,0.79
2018,Brighton & Hove Albion,Solly March,solly march,Attack,2473,1,6,7000000.0,0.735
2018,Brighton & Hove Albion,Alireza Jahanbakhsh,alireza jahanbakhsh,Attack,1022,0,0,18000000.0,0.73
2018,Brighton & Hove Albion,Pascal Groß,pascal gro,Midfield,1880,3,3,10000000.0,0.728
2018,Brighton & Hove Albion,Martín Montoya,martin montoya,Defender,2166,0,1,8000000.0,0.722
2018,Brighton & Hove Albion,Dale Stephens,dale stephens,Midfield,2487,1,1,6000000.0,0.708
2018,Brighton & Hove Albion,Bernardo,bernardo,Defender,1750,0,1,9000000.0,0.691
2018,Brighton & Hove Albion,Anthony Knockaert,anthony knockaert,Attack,1832,2,6,8000000.0,0.679
2018,Brighton & Hove Albion,Jürgen Locadia,jurgen locadia,Attack,1230,2,0,12000000.0,0.679
2018,Brighton & Hove Albion,José Izquierdo,jose izquierdo,Attack,794,0,2,13000000.0,0.639
2018,Brighton & Hove Albion,Glenn Murray,glenn murray,Attack,2514,13,2,3000000.0,0.581
2018,Brighton & Hove Albion,Florin Andone,florin andone,Attack,872,3,0,6000000.0,0.503
2018,Brighton & Hove Albion,Gaëtan Bong,gaetan bong,Defender,1805,0,0,2000000.0,0.414
2018,Brighton & Hove Albion,Leon Balogun,leon balogun,Defender,591,1,0,2000000.0,0.26
2018,Brighton & Hove Albion,Beram Kayal,beram kayal,Midfield,935,1,1,1500000.0,0.249
2018,Brighton & Hove Albion,David Button,david button,Goalkeeper,360,0,0,1500000.0,0.177
2018,Brighton & Hove Albion,Bruno Saltor,bruno saltor,Defender,1136,0,1,750000.0,0.144
2018,Burnley,Jack Cork,jack cork,Midfield,3313,1,2,15000000.0,0.95
2018,Burnley,James Tarkowski,james tarkowski,Defender,3087,3,1,15000000.0,0.923
2018,Burnley,Chris Wood,chris wood,Attack,2595,10,2,18000000.0,0.904
2018,Burnley,Ben Mee,ben mee,Defender,3420,0,3,10000000.0,0.878
2018,Burnley,Jeff Hendrick,jeff hendrick,Midfield,2070,3,0,10000000.0,0.72
2018,Burnley,Charlie Taylor,charlie taylor,Defender,3240,0,1,5000000.0,0.713
2018,Burnley,Ashley Barnes,ashley barnes,Attack,2387,12,2,8000000.0,0.711
2018,Burnley,Jóhann Berg Gudmundsson,johann berg gudmundsson,Attack,1749,3,6,10000000.0,0.683
2018,Burnley,Ashley Westwood,ashley westwood,Midfield,2822,2,7,4000000.0,0.618
2018,Burnley,Joe Hart,joe hart,Goalkeeper,1710,0,0,7000000.0,0.604
2018,Burnley,Ben Gibson,ben gibson,Defender,63,1,0,15000000.0,0.57
2018,Burnley,Matthew Lowton,matthew lowton,Defender,1748,0,0,5000000.0,0.539
2018,Burnley,Robbie Brady,robbie brady,Midfield,717,0,1,8000000.0,0.516
2018,Burnley,Matej Vydra,matej vydra,Attack,313,1,1,10000000.0,0.515
2018,Burnley,Sam Vokes,sam vokes,Attack,915,3,0,6000000.0,0.479
2018,Burnley,Aaron Lennon,aaron lennon,Attack,1216,1,1,5000000.0,0.476
2018,Burnley,Steven Defour,steven defour,Midfield,452,0,0,7000000.0,0.457
2018,Burnley,Tom Heaton,tom heaton,Goalkeeper,1710,0,0,3000000.0,0.428
2018,Burnley,Dwight McNeil,dwight mcneil,Attack,1598,3,5,2500000.0,0.377
2018,Burnley,Phil Bardsley,phil bardsley,Defender,1672,0,0,1500000.0,0.28
2018,Burnley,Stephen Ward,stephen ward,Defender,230,0,0,3000000.0,0.255
2018,Burnley,Kevin Long,kevin long,Defender,513,0,1,2500000.0,0.25
2018,Burnley,Peter Crouch,peter crouch,Attack,86,0,0,1000000.0,0.01
2018,Cardiff City,Neil Etheridge,neil etheridge,Goalkeeper,3420,0,0,4000000.0,0.869
2018,Cardiff City,Sean Morrison,sean morrison,Defender,3040,1,3,5000000.0,0.857
2018,Cardiff City,Víctor Camarasa,victor camarasa,Midfield,2579,5,4,6000000.0,0.829
2018,Cardiff City,Bruno Ecuele Manga,bruno ecuele manga,Defender,3375,0,1,3000000.0,0.823
2018,Cardiff City,Harry Arter,harry arter,Midfield,2009,0,1,7000000.0,0.784
2018,Cardiff City,Josh Murphy,josh murphy,Attack,1824,3,2,8000000.0,0.781
2018,Cardiff City,Bobby De Cordova-Reid,bobby de cordova reid,Midfield,1422,5,2,10000000.0,0.766
2018,Cardiff City,Junior Hoilett,junior hoilett,Attack,2143,3,1,4500000.0,0.737
2018,Cardiff City,Callum Paterson,callum paterson,Attack,1997,4,1,5000000.0,0.735
2018,Cardiff City,Joe Ralls,joe ralls,Midfield,1960,0,0,5000000.0,0.73
2018,Cardiff City,Joe Bennett,joe bennett,Defender,2641,0,1,2000000.0,0.679
2018,Cardiff City,Aron Gunnarsson,aron gunnarsson,Midfield,2275,1,1,2500000.0,0.668
2018,Cardiff City,Oumar Niasse,oumar niasse,Attack,998,0,0,7000000.0,0.666
2018,Cardiff City,Kenneth Zohore,kenneth zohore,Attack,746,1,1,7000000.0,0.636
2018,Cardiff City,Sol Bamba,sol bamba,Defender,2475,4,1,1000000.0,0.561
2018,Cardiff City,Greg Cunningham,greg cunningham,Defender,630,0,0,4000000.0,0.543
2018,Cardiff City,Nathaniel Méndez-Laing,nathaniel mendez laing,Attack,986,4,1,2500000.0,0.517
2018,Cardiff City,Lee Peltier,lee peltier,Defender,1543,0,0,1500000.0,0.509
2018,Cardiff City,Gary Madine,gary madine,Attack,32,0,0,5000000.0,0.505
2018,Cardiff City,Leandro Bacuna,leandro bacuna,Midfield,554,0,0,3000000.0,0.493
2018,Cardiff City,Danny Ward,danny ward,Attack,439,1,0,1750000.0,0.402
2018,Cardiff City,Jazz Richards,jazz richards,Defender,129,0,0,750000.0,0.245
2018,Cardiff City,Loïc Damour,loic damour,Midfield,21,0,0,750000.0,0.232
2018,Cardiff City,Kadeem Harris,kadeem harris,Attack,365,1,0,500000.0,0.215
2018,Cardiff City,Rhys Healey,rhys healey,Attack,48,0,0,150000.0,0.006
2018,Chelsea,Eden Hazard,eden hazard,Attack,2926,16,15,150000000.0,0.944
2018,Chelsea,N'Golo Kanté,n golo kante,Midfield,3095,4,4,100000000.0,0.915
2018,Chelsea,Jorginho,jorginho,Midfield,3165,2,0,65000000.0,0.872
2018,Chelsea,Kepa Arrizabalaga,kepa arrizabalaga,Goalkeeper,3240,0,0,55000000.0,0.861
2018,Chelsea,César Azpilicueta,cesar azpilicueta,Defender,3403,1,6,40000000.0,0.842
2018,Chelsea,Antonio Rüdiger,antonio rudiger,Defender,2874,1,0,45000000.0,0.794
2018,Chelsea,Marcos Alonso,marcos alonso,Defender,2761,2,6,45000000.0,0.78
2018,Chelsea,David Luiz,david luiz,Defender,3239,3,2,25000000.0,0.766
2018,Chelsea,Willian,willian,Attack,2109,3,7,50000000.0,0.716
2018,Chelsea,Mateo Kovacic,mateo kovacic,Midfield,1744,0,2,35000000.0,0.631
2018,Chelsea,Pedro,pedro,Attack,1780,8,2,25000000.0,0.595
2018,Chelsea,Gonzalo Higuaín,gonzalo higuain,Attack,1092,5,0,45000000.0,0.584
2018,Chelsea,Álvaro Morata,alvaro morata,Attack,943,5,0,50000000.0,0.579
2018,Chelsea,Ross Barkley,ross barkley,Midfield,1241,3,5,28000000.0,0.545
2018,Chelsea,Ruben Loftus-Cheek,ruben loftus cheek,Midfield,982,6,2,25000000.0,0.501
2018,Chelsea,Andreas Christensen,andreas christensen,Defender,615,0,0,35000000.0,0.498
2018,Chelsea,Callum Hudson-Odoi,callum hudson odoi,Attack,391,0,1,25000000.0,0.431
2018,Chelsea,Emerson,emerson,Defender,660,0,0,18000000.0,0.424
2018,Chelsea,Olivier Giroud,olivier giroud,Attack,833,2,4,15000000.0,0.422
2018,Chelsea,Cesc Fàbregas,cesc fabregas,Midfield,175,0,0,25000000.0,0.406
2018,Chelsea,Victor Moses,victor moses,Midfield,26,0,0,20000000.0,0.362
2018,Chelsea,Davide Zappacosta,davide zappacosta,Midfield,125,0,0,18000000.0,0.361
2018,Chelsea,Gary Cahill,gary cahill,Defender,22,0,0,10000000.0,0.278
2018,Chelsea,Willy Caballero,willy caballero,Goalkeeper,180,0,0,1000000.0,0.021
2018,Crystal Palace,Wilfried Zaha,wilfried zaha,Attack,3043,10,10,35000000.0,0.956
2018,Crystal Palace,Luka Milivojevic,luka milivojevic,Midfield,3420,12,2,20000000.0,0.932
2018,Crystal Palace,Aaron Wan-Bissaka,aaron wan bissaka,Defender,3135,0,3,25000000.0,0.926
2018,Crystal Palace,Andros Townsend,andros townsend,Attack,3018,6,5,15000000.0,0.85
2018,Crystal Palace,Patrick van Aanholt,patrick van aanholt,Defender,3198,3,2,9000000.0,0.809
2018,Crystal Palace,Mamadou Sakho,mamadou sakho,Defender,2417,0,0,15000000.0,0.78
2018,Crystal Palace,James McArthur,james mcarthur,Midfield,3073,3,6,6000000.0,0.745
2018,Crystal Palace,James Tomkins,james tomkins,Defender,2563,1,1,8000000.0,0.721
2018,Crystal Palace,Max Meyer,max meyer,Midfield,1413,1,3,18000000.0,0.685
2018,Crystal Palace,Cheikhou Kouyaté,cheikhou kouyate,Midfield,1897,0,3,10000000.0,0.67
2018,Crystal Palace,Michy Batshuayi,michy batshuayi,Attack,756,5,0,30000000.0,0.67
2018,Crystal Palace,Jeffrey Schlupp,jeffrey schlupp,Midfield,1666,4,2,9000000.0,0.63
2018,Crystal Palace,Christian Benteke,christian benteke,Attack,813,1,1,20000000.0,0.627
2018,Crystal Palace,Vicente Guaita,vicente guaita,Goalkeeper,1755,0,0,5000000.0,0.569
2018,Crystal Palace,Jordan Ayew,jordan ayew,Attack,1187,1,2,8000000.0,0.56
2018,Crystal Palace,Wayne Hennessey,wayne hennessey,Goalkeeper,1575,0,0,5000000.0,0.548
2018,Crystal Palace,Martin Kelly,martin kelly,Defender,1110,0,0,3000000.0,0.432
2018,Crystal Palace,Alexander Sørloth,alexander s rloth,Attack,173,0,0,7000000.0,0.425
2018,Crystal Palace,Scott Dann,scott dann,Defender,661,0,1,4000000.0,0.414
2018,Crystal Palace,Joel Ward,joel ward,Defender,551,1,0,4000000.0,0.401
2018,Crystal Palace,Bakary Sako,bakary sako,Attack,26,0,0,5000000.0,0.367
2018,Crystal Palace,Connor Wickham,connor wickham,Attack,61,0,1,3500000.0,0.328
2018,Crystal Palace,Pape Souaré,pape souare,Defender,1,0,0,3500000.0,0.321
2018,Crystal Palace,Julián Speroni,julian speroni,Goalkeeper,90,0,0,250000.0,0.011
2018,Everton,Jordan Pickford,jordan pickford,Goalkeeper,3420,0,0,40000000.0,0.979
2018,Everton,Richarlison,richarlison,Attack,2679,13,2,45000000.0,0.913
2018,Everton,Gylfi Sigurdsson,gylfi sigurdsson,Midfield,3134,13,6,30000000.0,0.895
2018,Everton,Michael Keane,michael keane,Defender,2970,1,2,25000000.0,0.844
2018,Everton,Lucas Digne,lucas digne,Defender,2966,4,4,25000000.0,0.843
2018,Everton,Idrissa Gueye,idrissa gueye,Midfield,2825,0,2,20000000.0,0.787
2018,Everton,Kurt Zouma,kurt zouma,Defender,2613,2,2,20000000.0,0.763
2018,Everton,André Gomes,andre gomes,Midfield,1986,1,1,28000000.0,0.749
2018,Everton,Séamus Coleman,seamus coleman,Defender,2560,2,2,15000000.0,0.706
2018,Everton,Bernard,bernard,Attack,2128,1,4,18000000.0,0.687
2018,Everton,Theo Walcott,theo walcott,Attack,2123,5,2,18000000.0,0.687
2018,Everton,Yerry Mina,yerry mina,Defender,892,1,0,30000000.0,0.633
2018,Everton,Dominic Calvert-Lewin,dominic calvert lewin,Attack,1775,6,2,15000000.0,0.614
2018,Everton,Cenk Tosun,cenk tosun,Attack,1050,3,3,20000000.0,0.58
2018,Everton,Ademola Lookman,ademola lookman,Attack,601,0,2,20000000.0,0.527
2018,Everton,Tom Davies,tom davies,Midfield,976,0,0,15000000.0,0.52
2018,Everton,Morgan Schneiderlin,morgan schneiderlin,Midfield,835,0,1,15000000.0,0.504
2018,Everton,Mason Holgate,mason holgate,Defender,407,0,0,7000000.0,0.319
2018,Everton,Jonjoe Kenny,jonjoe kenny,Defender,790,0,1,5000000.0,0.305
2018,Everton,James McCarthy,james mccarthy,Midfield,14,0,0,7000000.0,0.273
2018,Everton,Leighton Baines,leighton baines,Defender,376,0,0,5000000.0,0.256
2018,Everton,Phil Jagielka,phil jagielka,Defender,330,1,0,1500000.0,0.039
2018,Fulham,Aleksandar Mitrović,aleksandar mitrovic,Attack,3281,11,4,25000000.0,0.936
2018,Fulham,Ryan Sessegnon,ryan sessegnon,Defender,2294,2,6,35000000.0,0.88
2018,Fulham,Jean Michaël Seri,jean michael seri,Midfield,2250,1,2,30000000.0,0.845
2018,Fulham,Calum Chambers,calum chambers,Defender,2586,2,0,14000000.0,0.741
2018,Fulham,Frank Anguissa,frank anguissa,Midfield,1519,0,0,25000000.0,0.721
2018,Fulham,Sergio Rico,sergio rico,Goalkeeper,2610,0,0,12000000.0,0.714
2018,Fulham,Tom Cairney,tom cairney,Midfield,2198,1,1,15000000.0,0.707
2018,Fulham,André Schürrle,andre schurrle,Attack,1651,6,0,15000000.0,0.64
2018,Fulham,Alfie Mawson,alfie mawson,Defender,1130,0,0,15000000.0,0.576
2018,Fulham,Joe Bryan,joe bryan,Defender,2350,0,1,6000000.0,0.551
2018,Fulham,Maxime Le Marchand,maxime le marchand,Defender,2252,0,1,5000000.0,0.504
2018,Fulham,Tim Ream,tim ream,Defender,2049,0,0,3500000.0,0.411
2018,Fulham,Cyrus Christie,cyrus christie,Defender,1945,0,2,3500000.0,0.399
2018,Fulham,Timothy Fosu-Mensah,timothy fosu mensah,Defender,794,0,0,7000000.0,0.39
2018,Fulham,Luciano Vietto,luciano vietto,Attack,985,1,4,6000000.0,0.384
2018,Fulham,Ryan Babel,ryan babel,Attack,1260,5,4,5000000.0,0.383
2018,Fulham,Denis Odoi,denis odoi,Defender,2594,0,1,2000000.0,0.371
2018,Fulham,Kevin McDonald,kevin mcdonald,Midfield,842,0,0,4000000.0,0.289
2018,Fulham,Aboubakar Kamara,aboubakar kamara,Attack,690,3,0,4000000.0,0.271
2018,Fulham,Marcus Bettinelli,marcus bettinelli,Goalkeeper,630,0,0,4000000.0,0.264
2018,Fulham,Stefan Johansen,stefan johansen,Midfield,411,0,0,4500000.0,0.259
2018,Fulham,Fabri,fabri,Goalkeeper,180,0,0,5000000.0,0.251
2018,Fulham,Lazar Markovic,lazar markovic,Attack,45,0,0,5000000.0,0.235
2018,Fulham,Havard Nordtveit,havard nordtveit,Defender,361,0,1,4000000.0,0.231
2018,Fulham,Floyd Ayité,floyd ayite,Attack,468,1,0,2500000.0,0.154
2018,Fulham,Neeskens Kebano,neeskens kebano,Attack,101,0,0,3000000.0,0.144
2018,Fulham,Ibrahima Cissé,ibrahima cisse,Midfield,87,0,0,1500000.0,0.011
2018,Huddersfield Town,Terence Kongolo,terence kongolo,Defender,2722,1,1,15000000.0,0.934
2018,Huddersfield Town,Aaron Mooy,aaron mooy,Midfield,2327,3,1,14000000.0,0.873
2018,Huddersfield Town,Christopher Schindler,christopher schindler,Defender,3262,1,0,6000000.0,0.838
2018,Huddersfield Town,Alex Pritchard,alex pritchard,Midfield,2091,2,0,10000000.0,0.785
2018,Huddersfield Town,Jonas Lössl,jonas lossl,Goalkeeper,2777,0,1,5000000.0,0.747
2018,Huddersfield Town,Steve Mounié,steve mounie,Attack,1776,2,3,10000000.0,0.746
2018,Huddersfield Town,Philip Billing,philip billing,Midfield,2191,2,0,7000000.0,0.734
2018,Huddersfield Town,Florent Hadergjonaj,florent hadergjonaj,Midfield,1841,0,0,7000000.0,0.691
2018,Huddersfield Town,Zanka,zanka,Defender,2148,3,1,5000000.0,0.67
2018,Huddersfield Town,Jonathan Hogg,jonathan hogg,Midfield,2377,0,1,3500000.0,0.635
2018,Huddersfield Town,Adama Diakhaby,adama diakhaby,Midfield,553,0,0,8000000.0,0.557
2018,Huddersfield Town,Chris Löwe,chris lowe,Defender,2057,0,2,2000000.0,0.497
2018,Huddersfield Town,Laurent Depoitre,laurent depoitre,Attack,1063,0,1,4000000.0,0.497
2018,Huddersfield Town,Ramadan Sobhi,ramadan sobhi,Attack,75,0,0,7000000.0,0.475
2018,Huddersfield Town,Isaac Mbenza,isaac mbenza,Attack,981,1,1,3500000.0,0.464
2018,Huddersfield Town,Elias Kachunga,elias kachunga,Attack,1181,0,0,3000000.0,0.461
2018,Huddersfield Town,Juninho Bacuna,juninho bacuna,Midfield,1416,1,0,2500000.0,0.458
2018,Huddersfield Town,Tommy Smith,tommy smith,Defender,1142,0,0,3000000.0,0.456
2018,Huddersfield Town,Erik Durm,erik durm,Defender,2051,0,1,1500000.0,0.445
2018,Huddersfield Town,Rajiv van La Parra,rajiv van la parra,Attack,408,0,0,4000000.0,0.417
2018,Huddersfield Town,Jason Puncheon,jason puncheon,Midfield,394,0,0,4000000.0,0.415
2018,Huddersfield Town,Karlan Grant,karlan grant,Attack,874,4,1,2500000.0,0.391
2018,Huddersfield Town,Danny Williams,danny williams,Midfield,95,0,0,2000000.0,0.256
2018,Huddersfield Town,Collin Quaner,collin quaner,Attack,37,0,0,1500000.0,0.198
2018,Huddersfield Town,Abdelhamid Sabiri,abdelhamid sabiri,Midfield,48,0,0,1000000.0,0.128
2018,Huddersfield Town,Jon Gorenc Stankovic,jon gorenc stankovic,Midfield,719,1,0,500000.0,0.088
2018,Huddersfield Town,Ben Hamer,ben hamer,Goalkeeper,553,0,0,500000.0,0.068
2018,Huddersfield Town,Joel Coleman,joel coleman,Goalkeeper,90,0,0,500000.0,0.011
2018,Leicester City,Wilfred Ndidi,wilfred ndidi,Midfield,3298,2,0,35000000.0,0.946
2018,Leicester City,Harry Maguire,harry maguire,Defender,2599,3,0,45000000.0,0.904
2018,Leicester City,Ben Chilwell,ben chilwell,Defender,3240,0,4,25000000.0,0.886
2018,Leicester City,James Maddison,james maddison,Midfield,2849,7,7,30000000.0,0.869
2018,Leicester City,Ricardo Pereira,ricardo pereira,Defender,3125,2,8,20000000.0,0.838
2018,Leicester City,Jamie Vardy,jamie vardy,Attack,2733,18,4,20000000.0,0.792
2018,Leicester City,Kasper Schmeichel,kasper schmeichel,Goalkeeper,3420,0,0,12000000.0,0.792
2018,Leicester City,Demarai Gray,demarai gray,Attack,1996,4,1,20000000.0,0.706
2018,Leicester City,Jonny Evans,jonny evans,Defender,1995,1,0,12000000.0,0.625
2018,Leicester City,Youri Tielemans,youri tielemans,Midfield,1092,3,5,22000000.0,0.615
2018,Leicester City,Nampalys Mendy,nampalys mendy,Midfield,2089,0,0,8000000.0,0.572
2018,Leicester City,Marc Albrighton,marc albrighton,Midfield,1626,2,2,10000000.0,0.553
2018,Leicester City,Kelechi Iheanacho,kelechi iheanacho,Attack,930,1,4,15000000.0,0.536
2018,Leicester City,Çağlar Söyüncü,caglar soyuncu,Defender,372,0,0,18000000.0,0.499
2018,Leicester City,Adrien Silva,adrien silva,Midfield,88,0,0,20000000.0,0.482
2018,Leicester City,Rachid Ghezzal,rachid ghezzal,Attack,734,1,0,10000000.0,0.449
2018,Leicester City,Harvey Barnes,harvey barnes,Attack,1009,1,2,7000000.0,0.425
2018,Leicester City,Vicente Iborra,vicente iborra,Midfield,225,0,0,10000000.0,0.389
2018,Leicester City,Daniel Amartey,daniel amartey,Defender,640,0,1,7000000.0,0.382
2018,Leicester City,Wes Morgan,wes morgan,Defender,1926,3,0,2500000.0,0.37
2018,Leicester City,Shinji Okazaki,shinji okazaki,Attack,270,0,1,5000000.0,0.285
2018,Leicester City,Danny Simpson,danny simpson,Defender,291,0,0,4000000.0,0.253
2018,Leicester City,Christian Fuchs,christian fuchs,Defender,206,0,0,3500000.0,0.222
2018,Leicester City,Fousseni Diabaté,fousseni diabate,Attack,55,0,0,3000000.0,0.18
2018,Leicester City,Hamza Choudhury,hamza choudhury,Midfield,597,0,0,1000000.0,0.07
2018,Liverpool,Mohamed Salah,mohamed salah,Attack,3261,22,10,150000000.0,0.981
2018,Liverpool,Virgil van Dijk,virgil van dijk,Defender,3385,4,2,75000000.0,0.842
2018,Liverpool,Sadio Mané,sadio mane,Attack,3086,22,2,85000000.0,0.835
2018,Liverpool,Alisson,alisson,Goalkeeper,3420,0,0,65000000.0,0.815
2018,Liverpool,Roberto Firmino,roberto firmino,Attack,2620,12,7,80000000.0,0.767
2018,Liverpool,Andrew Robertson,andrew robertson,Defender,3219,0,11,50000000.0,0.733
2018,Liverpool,Trent Alexander-Arnold,trent alexander arnold,Defender,2467,1,12,50000000.0,0.645
2018,Liverpool,Georginio Wijnaldum,georginio wijnaldum,Midfield,2736,3,0,40000000.0,0.627
2018,Liverpool,Naby Keïta,naby keita,Midfield,1395,2,1,65000000.0,0.578
2018,Liverpool,Fabinho,fabinho,Midfield,2013,1,2,45000000.0,0.569
2018,Liverpool,Jordan Henderson,jordan henderson,Midfield,1982,1,3,28000000.0,0.46
2018,Liverpool,Joe Gomez,joe gomez,Defender,1060,0,0,35000000.0,0.402
2018,Liverpool,Joel Matip,joel matip,Defender,1535,1,0,20000000.0,0.333
2018,Liverpool,Xherdan Shaqiri,xherdan shaqiri,Midfield,1058,6,3,25000000.0,0.327
2018,Liverpool,Alex Oxlade-Chamberlain,alex oxlade chamberlain,Midfield,19,0,0,40000000.0,0.309
2018,Liverpool,James Milner,james milner,Midfield,1786,5,5,15000000.0,0.299
2018,Liverpool,Dejan Lovren,dejan lovren,Defender,986,1,1,20000000.0,0.269
2018,Liverpool,Daniel Sturridge,daniel sturridge,Attack,499,2,1,15000000.0,0.148
2018,Liverpool,Adam Lallana,adam lallana,Midfield,464,0,0,15000000.0,0.144
2018,Liverpool,Divock Origi,divock origi,Attack,367,3,1,10000000.0,0.043
2018,Liverpool,Alberto Moreno,alberto moreno,Defender,156,0,0,10000000.0,0.018
2018,Manchester City,Raheem Sterling,raheem sterling,Attack,2777,17,11,120000000.0,0.875
2018,Manchester City,Ederson,ederson,Goalkeeper,3420,0,1,60000000.0,0.797
2018,Manchester City,Bernardo Silva,bernardo silva,Midfield,2853,7,8,80000000.0,0.794
2018,Manchester City,Aymeric Laporte,aymeric laporte,Defender,3057,3,3,60000000.0,0.755
2018,Manchester City,Sergio Agüero,sergio aguero,Attack,2480,21,7,75000000.0,0.736
2018,Manchester City,Leroy Sané,leroy sane,Attack,1867,10,10,100000000.0,0.729
2018,Manchester City,Kevin De Bruyne,kevin de bruyne,Midfield,974,2,2,150000000.0,0.714
2018,Manchester City,Kyle Walker,kyle walker,Defender,2777,1,1,50000000.0,0.681
2018,Manchester City,John Stones,john stones,Defender,1763,0,0,60000000.0,0.603
2018,Manchester City,İlkay Gündoğan,ilkay gundogan,Midfield,2135,6,3,40000000.0,0.557
2018,Manchester City,Riyad Mahrez,riyad mahrez,Attack,1339,7,4,60000000.0,0.554
2018,Manchester City,Gabriel Jesus,gabriel jesus,Attack,1021,7,3,70000000.0,0.551
2018,Manchester City,David Silva,david silva,Midfield,2411,6,8,25000000.0,0.485
2018,Manchester City,Benjamin Mendy,benjamin mendy,Defender,900,0,5,40000000.0,0.412
2018,Manchester City,Nicolás Otamendi,nicolas otamendi,Defender,1234,0,0,30000000.0,0.388
2018,Manchester City,Fernandinho,fernandinho,Midfield,2381,1,3,15000000.0,0.368
2018,Manchester City,Danilo,danilo,Defender,806,1,0,20000000.0,0.248
2018,Manchester City,Phil Foden,phil foden,Midfield,329,1,0,25000000.0,0.241
2018,Manchester City,Oleksandr Zinchenko,oleksandr zinchenko,Defender,1153,0,3,15000000.0,0.225
2018,Manchester City,Fabian Delph,fabian delph,Midfield,725,0,1,15000000.0,0.175
2018,Manchester City,Vincent Kompany,vincent kompany,Defender,1223,1,0,10000000.0,0.143
2018,Manchester United,Paul Pogba,paul pogba,Midfield,3011,13,9,90000000.0,0.952
2018,Manchester United,David de Gea,david de gea,Goalkeeper,3420,0,0,70000000.0,0.941
2018,Manchester United,Marcus Rashford,marcus rashford,Attack,2344,10,9,80000000.0,0.846
2018,Manchester United,Romelu Lukaku,romelu lukaku,Attack,2130,12,1,85000000.0,0.836
2018,Manchester United,Anthony Martial,anthony martial,Attack,1624,10,3,60000000.0,0.695
2018,Manchester United,Victor Lindelöf,victor lindelof,Defender,2602,1,1,35000000.0,0.682
2018,Manchester United,Nemanja Matić,nemanja matic,Midfield,2441,1,0,35000000.0,0.664
2018,Manchester United,Jesse Lingard,jesse lingard,Midfield,1670,4,3,40000000.0,0.605
2018,Manchester United,Luke Shaw,luke shaw,Defender,2592,1,4,25000000.0,0.602
2018,Manchester United,Alexis Sánchez,alexis sanchez,Attack,877,1,3,45000000.0,0.54
2018,Manchester United,Fred,fred,Midfield,1044,1,1,35000000.0,0.5
2018,Manchester United,Ander Herrera,ander herrera,Midfield,1404,2,3,28000000.0,0.49
2018,Manchester United,Chris Smalling,chris smalling,Defender,2128,1,0,18000000.0,0.471
2018,Manchester United,Juan Mata,juan mata,Midfield,1293,3,4,25000000.0,0.45
2018,Manchester United,Eric Bailly,eric bailly,Defender,639,0,0,30000000.0,0.417
2018,Manchester United,Phil Jones,phil jones,Defender,1262,0,1,20000000.0,0.394
2018,Manchester United,Ashley Young,ashley young,Defender,2569,2,2,7000000.0,0.3
2018,Manchester United,Diogo Dalot,diogo dalot,Defender,1014,0,2,15000000.0,0.298
2018,Manchester United,Marouane Fellaini,marouane fellaini,Midfield,746,0,2,15000000.0,0.266
2018,Manchester United,Marcos Rojo,marcos rojo,Defender,211,0,0,15000000.0,0.204
2018,Manchester United,Matteo Darmian,matteo darmian,Defender,444,0,0,10000000.0,0.136
2018,Manchester United,Andreas Pereira,andreas pereira,Midfield,594,1,1,8000000.0,0.101
2018,Manchester United,Scott McTominay,scott mctominay,Midfield,862,2,0,7000000.0,0.101
2018,Manchester United,Antonio Valencia,antonio valencia,Defender,466,0,0,7000000.0,0.055
2018,Newcastle United,Jamaal Lascelles,jamaal lascelles,Defender,2745,0,1,15000000.0,0.822
2018,Newcastle United,Salomón Rondón,salomon rondon,Attack,2608,11,7,15000000.0,0.806
2018,Newcastle United,Matt Ritchie,matt ritchie,Midfield,2940,2,8,12000000.0,0.768
2018,Newcastle United,Ayoze Pérez,ayoze perez,Attack,2929,12,2,10000000.0,0.704
2018,Newcastle United,Miguel Almirón,miguel almiron,Attack,763,0,0,20000000.0,0.689
2018,Newcastle United,Jonjo Shelvey,jonjo shelvey,Midfield,944,1,1,15000000.0,0.611
2018,Newcastle United,DeAndre Yedlin,deandre yedlin,Defender,2475,1,3,8000000.0,0.574
2018,Newcastle United,Martin Dúbravka,martin dubravka,Goalkeeper,3420,0,0,5000000.0,0.523
2018,Newcastle United,Kenedy,kenedy,Attack,1343,1,1,10000000.0,0.518
2018,Newcastle United,Fabian Schär,fabian schar,Defender,2004,4,1,7000000.0,0.473
2018,Newcastle United,Federico Fernández,federico fernandez,Defender,1482,0,1,8000000.0,0.458
2018,Newcastle United,Isaac Hayden,isaac hayden,Midfield,1864,1,4,7000000.0,0.457
2018,Newcastle United,Yoshinori Muto,yoshinori muto,Attack,517,1,0,10000000.0,0.422
2018,Newcastle United,Florian Lejeune,florian lejeune,Defender,1055,0,0,8000000.0,0.408
2018,Newcastle United,Mohamed Diamé,mohamed diame,Midfield,2166,0,0,5000000.0,0.376
2018,Newcastle United,Christian Atsu,christian atsu,Attack,1488,1,0,6000000.0,0.36
2018,Newcastle United,Sung-yueng Ki,sung yueng ki,Midfield,1302,0,1,6000000.0,0.338
2018,Newcastle United,Ciaran Clark,ciaran clark,Defender,858,3,0,6000000.0,0.286
2018,Newcastle United,Jacob Murphy,jacob murphy,Attack,301,0,1,7000000.0,0.274
2018,Newcastle United,Javier Manquillo,javier manquillo,Defender,1099,0,3,5000000.0,0.251
2018,Newcastle United,Antonio Barreca,antonio barreca,Defender,4,0,0,7000000.0,0.239
2018,Newcastle United,Paul Dummett,paul dummett,Defender,1987,0,0,3500000.0,0.232
2018,Newcastle United,Joselu,joselu,Attack,587,2,0,4000000.0,0.115
2018,Southampton,Nathan Redmond,nathan redmond,Attack,3278,6,4,18000000.0,0.979
2018,Southampton,Jannik Vestergaard,jannik vestergaard,Defender,2030,0,0,20000000.0,0.848
2018,Southampton,Ryan Bertrand,ryan bertrand,Defender,2160,1,0,18000000.0,0.842
2018,Southampton,Pierre-Emile Højbjerg,pierre emile h jbjerg,Midfield,2764,4,4,12000000.0,0.835
2018,Southampton,James Ward-Prowse,james ward prowse,Midfield,1942,7,0,15000000.0,0.779
2018,Southampton,Oriol Romeu,oriol romeu,Midfield,2139,1,0,12000000.0,0.759
2018,Southampton,Mario Lemina,mario lemina,Midfield,1615,1,1,15000000.0,0.739
2018,Southampton,Cédric Soares,cedric soares,Defender,1494,1,2,15000000.0,0.725
2018,Southampton,Danny Ings,danny ings,Attack,1666,7,3,12000000.0,0.701
2018,Southampton,Wesley Hoedt,wesley hoedt,Defender,1170,0,0,15000000.0,0.685
2018,Southampton,Jan Bednarek,jan bednarek,Defender,2150,0,1,8000000.0,0.679
2018,Southampton,Mohamed Elyounoussi,mohamed elyounoussi,Attack,790,0,0,15000000.0,0.639
2018,Southampton,Jack Stephens,jack stephens,Defender,1697,1,1,8000000.0,0.624
2018,Southampton,Alex McCarthy,alex mccarthy,Goalkeeper,2250,0,0,5000000.0,0.597
2018,Southampton,Angus Gunn,angus gunn,Goalkeeper,1080,0,0,10000000.0,0.593
2018,Southampton,Stuart Armstrong,stuart armstrong,Midfield,1432,3,2,8000000.0,0.591
2018,Southampton,Charlie Austin,charlie austin,Attack,980,2,2,10000000.0,0.581
2018,Southampton,Maya Yoshida,maya yoshida,Defender,1520,0,1,7000000.0,0.575
2018,Southampton,Manolo Gabbiadini,manolo gabbiadini,Attack,470,1,0,12000000.0,0.555
2018,Southampton,Shane Long,shane long,Attack,1270,5,2,7000000.0,0.545
2018,Southampton,Matt Targett,matt targett,Defender,1187,1,3,7000000.0,0.535
2018,Southampton,Fraser Forster,fraser forster,Goalkeeper,90,0,0,10000000.0,0.472
2018,Southampton,Yan Valery,yan valery,Defender,1289,2,1,2500000.0,0.341
2018,Southampton,Steven Davis,steven davis,Midfield,97,0,1,4000000.0,0.289
2018,Southampton,Sam Gallagher,sam gallagher,Attack,32,0,0,3000000.0,0.224
2018,Southampton,Josh Sims,josh sims,Attack,209,0,1,1000000.0,0.026
2018,Southampton,Michael Obafemi,michael obafemi,Attack,20,0,0,1000000.0,0.002
2018,Tottenham Hotspur,Harry Kane,harry kane,Attack,2427,17,4,150000000.0,0.927
2018,Tottenham Hotspur,Christian Eriksen,christian eriksen,Midfield,2772,8,12,85000000.0,0.894
2018,Tottenham Hotspur,Toby Alderweireld,toby alderweireld,Defender,2923,0,0,40000000.0,0.81
2018,Tottenham Hotspur,Dele Alli,dele alli,Midfield,1832,5,3,100000000.0,0.79
2018,Tottenham Hotspur,Hugo Lloris,hugo lloris,Goalkeeper,2970,0,0,30000000.0,0.776
2018,Tottenham Hotspur,Heung-min Son,heung min son,Attack,2048,12,7,65000000.0,0.76
2018,Tottenham Hotspur,Kieran Trippier,kieran trippier,Defender,2278,1,3,35000000.0,0.705
2018,Tottenham Hotspur,Davinson Sánchez,davinson sanchez,Defender,1943,1,1,45000000.0,0.694
2018,Tottenham Hotspur,Lucas Moura,lucas moura,Attack,2128,10,1,32000000.0,0.672
2018,Tottenham Hotspur,Jan Vertonghen,jan vertonghen,Defender,1914,1,1,30000000.0,0.634
2018,Tottenham Hotspur,Eric Dier,eric dier,Defender,1509,3,0,40000000.0,0.62
2018,Tottenham Hotspur,Moussa Sissoko,moussa sissoko,Midfield,2337,0,3,18000000.0,0.62
2018,Tottenham Hotspur,Ben Davies,ben davies,Defender,1839,0,0,25000000.0,0.599
2018,Tottenham Hotspur,Danny Rose,danny rose,Defender,1798,0,4,25000000.0,0.593
2018,Tottenham Hotspur,Harry Winks,harry winks,Midfield,1592,1,0,20000000.0,0.534
2018,Tottenham Hotspur,Erik Lamela,erik lamela,Attack,972,4,2,20000000.0,0.451
2018,Tottenham Hotspur,Victor Wanyama,victor wanyama,Midfield,513,1,0,25000000.0,0.42
2018,Tottenham Hotspur,Serge Aurier,serge aurier,Defender,563,0,2,20000000.0,0.396
2018,Tottenham Hotspur,Mousa Dembélé,mousa dembele,Midfield,516,0,0,18000000.0,0.375
2018,Tottenham Hotspur,Juan Foyth,juan foyth,Defender,890,1,0,12000000.0,0.369
2018,Tottenham Hotspur,Vincent Janssen,vincent janssen,Attack,36,0,0,8000000.0,0.198
2018,Tottenham Hotspur,Georges-Kevin N'Koudou,georges kevin n koudou,Attack,4,0,1,7000000.0,0.175
2018,Tottenham Hotspur,Fernando Llorente,fernando llorente,Attack,684,1,4,3500000.0,0.17
2018,Tottenham Hotspur,Kyle Walker-Peters,kyle walker peters,Defender,374,0,3,3000000.0,0.107
2018,Tottenham Hotspur,Michel Vorm,michel vorm,Goalkeeper,180,0,0,2500000.0,0.055
2018,Tottenham Hotspur,Paulo Gazzaniga,paulo gazzaniga,Goalkeeper,270,0,0,2000000.0,0.036
2018,Watford,Abdoulaye Doucouré,abdoulaye doucoure,Midfield,3062,5,6,25000000.0,0.958
2018,Watford,Will Hughes,will hughes,Midfield,2436,2,4,15000000.0,0.776
2018,Watford,Roberto Pereyra,roberto pereyra,Midfield,2824,6,2,12000000.0,0.774
2018,Watford,Gerard Deulofeu,gerard deulofeu,Attack,2082,10,5,18000000.0,0.773
2018,Watford,Troy Deeney,troy deeney,Attack,2548,9,5,10000000.0,0.703
2018,Watford,Étienne Capoue,etienne capoue,Midfield,2947,1,3,8000000.0,0.702
2018,Watford,Andre Gray,andre gray,Attack,1359,7,2,15000000.0,0.65
2018,Watford,Christian Kabasele,christian kabasele,Defender,1587,0,0,9000000.0,0.568
2018,Watford,Ben Foster,ben foster,Goalkeeper,3420,0,0,3000000.0,0.548
2018,Watford,Craig Cathcart,craig cathcart,Defender,3098,3,0,3500000.0,0.543
2018,Watford,Kiko Femenía,kiko femenia,Defender,2046,1,1,5000000.0,0.496
2018,Watford,Daryl Janmaat,daryl janmaat,Defender,1522,0,2,6000000.0,0.474
2018,Watford,Adam Masina,adam masina,Defender,1004,0,1,7000000.0,0.446
2018,Watford,Tom Cleverley,tom cleverley,Midfield,471,1,0,9000000.0,0.437
2018,Watford,Isaac Success,isaac success,Attack,1038,1,1,5000000.0,0.378
2018,Watford,Nathaniel Chalobah,nathaniel chalobah,Midfield,267,0,0,7000000.0,0.36
2018,Watford,Jose Cholevas,jose cholevas,Defender,2394,3,6,2000000.0,0.341
2018,Watford,Domingos Quina,domingos quina,Midfield,335,1,0,5000000.0,0.296
2018,Watford,Stefano Okaka,stefano okaka,Attack,22,0,0,5000000.0,0.259
2018,Watford,Ken Sema,ken sema,Defender,756,1,2,3000000.0,0.236
2018,Watford,Adrian Mariappa,adrian mariappa,Defender,1924,0,0,1500000.0,0.225
2018,Watford,Sebastian Prödl,sebastian prodl,Defender,13,0,0,4000000.0,0.211
2018,Watford,Miguel Britos,miguel britos,Defender,185,0,0,2500000.0,0.131
2018,Watford,Marc Navarro,marc navarro,Midfield,85,0,0,2000000.0,0.071
2018,Watford,Ben Wilmot,ben wilmot,Defender,26,0,0,1500000.0,0.003
2018,West Ham United,Felipe Anderson,felipe anderson,Attack,3053,9,4,40000000.0,0.957
2018,West Ham United,Declan Rice,declan rice,Midfield,3004,2,0,35000000.0,0.93
2018,West Ham United,Issa Diop,issa diop,Defender,2970,1,0,30000000.0,0.901
2018,West Ham United,Marko Arnautovic,marko arnautovic,Attack,2001,10,4,35000000.0,0.812
2018,West Ham United,Lukasz Fabianski,lukasz fabianski,Goalkeeper,3420,0,0,5000000.0,0.662
2018,West Ham United,Michail Antonio,michail antonio,Attack,2099,6,6,12000000.0,0.65
2018,West Ham United,Fabián Balbuena,fabian balbuena,Defender,2014,1,0,9000000.0,0.593
2018,West Ham United,Mark Noble,mark noble,Midfield,2308,5,5,7000000.0,0.586
2018,West Ham United,Robert Snodgrass,robert snodgrass,Attack,2221,2,5,7000000.0,0.576
2018,West Ham United,Manuel Lanzini,manuel lanzini,Midfield,689,1,2,20000000.0,0.568
2018,West Ham United,Chicharito,chicharito,Attack,1337,7,3,12000000.0,0.561
2018,West Ham United,Aaron Cresswell,aaron cresswell,Defender,1590,0,1,10000000.0,0.56
2018,West Ham United,Angelo Ogbonna,angelo ogbonna,Defender,1871,1,1,8000000.0,0.557
2018,West Ham United,Andriy Yarmolenko,andriy yarmolenko,Attack,460,2,0,20000000.0,0.541
2018,West Ham United,Arthur Masuaku,arthur masuaku,Defender,1757,0,1,7000000.0,0.522
2018,West Ham United,Jack Wilshere,jack wilshere,Midfield,389,0,1,15000000.0,0.486
2018,West Ham United,Pablo Zabaleta,pablo zabaleta,Defender,2091,0,1,4000000.0,0.47
2018,West Ham United,Pedro Obiang,pedro obiang,Midfield,1121,0,1,8000000.0,0.469
2018,West Ham United,Andy Carroll,andy carroll,Attack,455,0,0,8000000.0,0.391
2018,West Ham United,Ryan Fredericks,ryan fredericks,Defender,1086,1,0,4000000.0,0.352
2018,West Ham United,Samir Nasri,samir nasri,Midfield,245,0,2,6000000.0,0.32
2018,West Ham United,Lucas Pérez,lucas perez,Attack,466,3,0,5000000.0,0.316
2018,West Ham United,Grady Diangana,grady diangana,Attack,605,0,1,3500000.0,0.275
2018,West Ham United,Carlos Sánchez,carlos sanchez,Midfield,240,0,0,1500000.0,0.094
2018,West Ham United,Xande Silva,xande silva,Attack,17,0,0,1000000.0,0.002
2018,Wolverhampton Wanderers,Rúben Neves,ruben neves,Midfield,3009,4,3,40000000.0,0.952
2018,Wolverhampton Wanderers,Raúl Jiménez,raul jimenez,Attack,3123,13,8,25000000.0,0.91
2018,Wolverhampton Wanderers,Rui Patrício,rui patricio,Goalkeeper,3330,0,0,18000000.0,0.895
2018,Wolverhampton Wanderers,Matt Doherty,matt doherty,Defender,3147,4,7,15000000.0,0.852
2018,Wolverhampton Wanderers,Jonny Otto,jonny otto,Defender,2779,1,2,18000000.0,0.831
2018,Wolverhampton Wanderers,Conor Coady,conor coady,Defender,3420,0,0,8000000.0,0.81
2018,Wolverhampton Wanderers,Willy Boly,willy boly,Defender,3169,4,0,10000000.0,0.807
2018,Wolverhampton Wanderers,João Moutinho,joao moutinho,Midfield,3040,1,8,10000000.0,0.792
2018,Wolverhampton Wanderers,Diogo Jota,diogo jota,Attack,2369,9,5,18000000.0,0.783
2018,Wolverhampton Wanderers,Ryan Bennett,ryan bennett,Defender,3060,1,0,5000000.0,0.712
2018,Wolverhampton Wanderers,Leander Dendoncker,leander dendoncker,Midfield,1469,2,0,15000000.0,0.656
2018,Wolverhampton Wanderers,Hélder Costa,helder costa,Attack,1346,1,2,15000000.0,0.641
2018,Wolverhampton Wanderers,Adama Traoré,adama traore,Attack,890,1,1,18000000.0,0.61
2018,Wolverhampton Wanderers,Ivan Cavaleiro,ivan cavaleiro,Attack,683,3,1,10000000.0,0.516
2018,Wolverhampton Wanderers,Romain Saïss,romain saiss,Defender,1144,2,0,5000000.0,0.488
2018,Wolverhampton Wanderers,Rúben Vinagre,ruben vinagre,Midfield,706,0,0,5000000.0,0.437
2018,Wolverhampton Wanderers,Morgan Gibbs-White,morgan gibbs white,Midfield,650,0,1,5000000.0,0.43
2018,Wolverhampton Wanderers,Léo Bonatini,leo bonatini,Attack,130,0,1,5000000.0,0.369
2018,Wolverhampton Wanderers,John Ruddy,john ruddy,Goalkeeper,90,0,0,3000000.0,0.304
2018,Wolverhampton Wanderers,Will Norris,will norris,Goalkeeper,1,0,0,250000.0,0.0
2019,AFC Bournemouth,Callum Wilson,callum wilson,Attack,2898,8,3,24000000.0,0.92
2019,AFC Bournemouth,Nathan Aké,nathan ake,Defender,2505,2,2,28000000.0,0.892
2019,AFC Bournemouth,Aaron Ramsdale,aaron ramsdale,Goalkeeper,3330,0,1,12500000.0,0.89
2019,AFC Bournemouth,Jefferson Lerma,jefferson lerma,Midfield,2709,1,2,20000000.0,0.875
2019,AFC Bournemouth,Ryan Fraser,ryan fraser,Attack,2063,1,4,30000000.0,0.848
2019,AFC Bournemouth,Philip Billing,philip billing,Midfield,2533,1,1,14500000.0,0.813
2019,AFC Bournemouth,Joshua King,joshua king,Attack,2020,6,4,16000000.0,0.764
2019,AFC Bournemouth,Steve Cook,steve cook,Defender,2430,1,0,9500000.0,0.748
2019,AFC Bournemouth,Harry Wilson,harry wilson,Attack,1664,7,0,17500000.0,0.732
2019,AFC Bournemouth,Diego Rico,diego rico,Defender,2335,0,4,8000000.0,0.715
2019,AFC Bournemouth,Dominic Solanke,dominic solanke,Attack,1644,3,1,12000000.0,0.683
2019,AFC Bournemouth,Lewis Cook,lewis cook,Midfield,1345,0,0,16000000.0,0.683
2019,AFC Bournemouth,Adam Smith,adam smith,Defender,2061,0,1,7000000.0,0.665
2019,AFC Bournemouth,David Brooks,david brooks,Attack,511,1,0,24000000.0,0.633
2019,AFC Bournemouth,Chris Mepham,chris mepham,Defender,911,1,0,8000000.0,0.544
2019,AFC Bournemouth,Arnaut Danjuma,arnaut danjuma,Attack,628,0,0,9500000.0,0.531
2019,AFC Bournemouth,Lloyd Kelly,lloyd kelly,Defender,638,0,0,8000000.0,0.511
2019,AFC Bournemouth,Jack Stacey,jack stacey,Defender,1550,0,2,3200000.0,0.506
2019,AFC Bournemouth,Jordon Ibe,jordon ibe,Attack,47,0,0,8000000.0,0.44
2019,AFC Bournemouth,Dan Gosling,dan gosling,Midfield,1260,3,1,2000000.0,0.412
2019,AFC Bournemouth,Junior Stanislas,junior stanislas,Attack,712,3,0,2000000.0,0.346
2019,AFC Bournemouth,Charlie Daniels,charlie daniels,Defender,127,0,0,3000000.0,0.327
2019,AFC Bournemouth,Simon Francis,simon francis,Defender,965,0,0,1000000.0,0.29
2019,AFC Bournemouth,Andrew Surman,andrew surman,Midfield,235,0,0,2000000.0,0.289
2019,AFC Bournemouth,Jack Simpson,jack simpson,Defender,238,0,0,1500000.0,0.253
2019,AFC Bournemouth,Sam Surridge,sam surridge,Attack,25,0,0,450000.0,0.077
2019,AFC Bournemouth,Mark Travers,mark travers,Goalkeeper,90,0,0,250000.0,0.011
2019,Arsenal,Pierre-Emerick Aubameyang,pierre emerick aubameyang,Attack,3139,22,3,56000000.0,1.0
2019,Arsenal,Alexandre Lacazette,alexandre lacazette,Attack,1879,10,6,48000000.0,0.809
2019,Arsenal,Bernd Leno,bernd leno,Goalkeeper,2650,0,0,28000000.0,0.799
2019,Arsenal,Granit Xhaka,granit xhaka,Midfield,2591,1,2,24000000.0,0.76
2019,Arsenal,Mattéo Guendouzi,matteo guendouzi,Midfield,1748,0,2,40500000.0,0.758
2019,Arsenal,Dani Ceballos,dani ceballos,Midfield,1700,0,2,32000000.0,0.705
2019,Arsenal,Lucas Torreira,lucas torreira,Midfield,1508,1,1,36000000.0,0.704
2019,Arsenal,David Luiz,david luiz,Defender,2811,2,1,12000000.0,0.65
2019,Arsenal,Héctor Bellerín,hector bellerin,Defender,1159,1,0,32000000.0,0.636
2019,Arsenal,Bukayo Saka,bukayo saka,Attack,1753,1,5,20000000.0,0.617
2019,Arsenal,Mesut Özil,mesut ozil,Midfield,1449,1,2,22000000.0,0.598
2019,Arsenal,Sokratis Papastathopoulos,sokratis papastathopoulos,Defender,1697,2,0,18000000.0,0.589
2019,Arsenal,Sead Kolasinac,sead kolasinac,Defender,1699,0,2,16000000.0,0.566
2019,Arsenal,Kieran Tierney,kieran tierney,Defender,992,1,1,20000000.0,0.52
2019,Arsenal,Calum Chambers,calum chambers,Defender,1103,1,1,18000000.0,0.513
2019,Arsenal,Ainsley Maitland-Niles,ainsley maitland niles,Defender,1383,0,2,14500000.0,0.506
2019,Arsenal,Gabriel Martinelli,gabriel martinelli,Attack,656,3,0,18000000.0,0.456
2019,Arsenal,Joe Willock,joe willock,Midfield,842,1,1,16000000.0,0.456
2019,Arsenal,Henrikh Mkhitaryan,henrikh mkhitaryan,Midfield,111,0,0,25000000.0,0.453
2019,Arsenal,Shkodran Mustafi,shkodran mustafi,Defender,1205,0,1,12000000.0,0.445
2019,Arsenal,Reiss Nelson,reiss nelson,Attack,627,1,0,12500000.0,0.38
2019,Arsenal,Eddie Nketiah,eddie nketiah,Attack,633,2,0,11000000.0,0.355
2019,Arsenal,Rob Holding,rob holding,Defender,581,0,0,9500000.0,0.319
2019,Arsenal,Emiliano Martínez,emiliano martinez,Goalkeeper,770,0,0,2800000.0,0.098
2019,Arsenal,Emile Smith Rowe,emile smith rowe,Midfield,97,0,0,3000000.0,0.026
2019,Aston Villa,Jack Grealish,jack grealish,Attack,3234,8,6,30500000.0,1.0
2019,Aston Villa,Tyrone Mings,tyrone mings,Defender,2903,2,2,22500000.0,0.921
2019,Aston Villa,Douglas Luiz,douglas luiz,Midfield,2608,3,2,18000000.0,0.857
2019,Aston Villa,Wesley Moraes,wesley moraes,Attack,1790,5,1,30000000.0,0.819
2019,Aston Villa,John McGinn,john mcginn,Midfield,2317,3,3,16000000.0,0.806
2019,Aston Villa,Matt Targett,matt targett,Defender,2295,1,2,10500000.0,0.751
2019,Aston Villa,Anwar El Ghazi,anwar el ghazi,Attack,2064,4,4,8000000.0,0.688
2019,Aston Villa,Trezeguet,trezeguet,Attack,1951,6,2,8000000.0,0.674
2019,Aston Villa,Frédéric Guilbert,frederic guilbert,Defender,2041,0,2,7000000.0,0.669
2019,Aston Villa,Björn Engels,bjorn engels,Defender,1447,1,0,12000000.0,0.662
2019,Aston Villa,Marvelous Nakamba,marvelous nakamba,Midfield,1835,0,0,8000000.0,0.66
2019,Aston Villa,Ezri Konsa,ezri konsa,Defender,2042,1,2,6500000.0,0.659
2019,Aston Villa,Tom Heaton,tom heaton,Goalkeeper,1795,0,0,6000000.0,0.619
2019,Aston Villa,Kortney Hause,kortney hause,Defender,1544,1,0,6500000.0,0.598
2019,Aston Villa,Conor Hourihane,conor hourihane,Midfield,1539,3,5,6000000.0,0.587
2019,Aston Villa,Ally Samatta,ally samatta,Attack,946,1,0,9500000.0,0.571
2019,Aston Villa,Danny Drinkwater,danny drinkwater,Midfield,322,0,0,6000000.0,0.437
2019,Aston Villa,Neil Taylor,neil taylor,Defender,1089,0,0,2800000.0,0.436
2019,Aston Villa,Ahmed Elmohamady,ahmed elmohamady,Defender,1026,1,1,2000000.0,0.387
2019,Aston Villa,Jota Peleteiro,jota peleteiro,Attack,332,0,1,3500000.0,0.371
2019,Aston Villa,Jonathan Kodjia,jonathan kodjia,Attack,111,0,0,4000000.0,0.36
2019,Aston Villa,Borja Bastón,borja baston,Attack,16,0,0,4000000.0,0.348
2019,Aston Villa,Keinan Davis,keinan davis,Attack,538,0,0,2300000.0,0.344
2019,Aston Villa,Ørjan Nyland,rjan nyland,Goalkeeper,537,0,0,1200000.0,0.262
2019,Aston Villa,Jed Steer,jed steer,Goalkeeper,8,0,0,2000000.0,0.261
2019,Aston Villa,Pepe Reina,pepe reina,Goalkeeper,1080,0,0,650000.0,0.253
2019,Aston Villa,Henri Lansbury,henri lansbury,Midfield,190,0,0,1200000.0,0.219
2019,Aston Villa,Indiana Vassilev,indiana vassilev,Attack,47,0,0,250000.0,0.006
2019,Brighton & Hove Albion,Lewis Dunk,lewis dunk,Defender,3231,3,3,16000000.0,0.958
2019,Brighton & Hove Albion,Neal Maupay,neal maupay,Attack,2771,10,3,17500000.0,0.924
2019,Brighton & Hove Albion,Davy Pröpper,davy propper,Midfield,2828,1,2,13500000.0,0.873
2019,Brighton & Hove Albion,Adam Webster,adam webster,Defender,2670,3,1,12000000.0,0.828
2019,Brighton & Hove Albion,Mathew Ryan,mathew ryan,Goalkeeper,3420,0,0,8000000.0,0.825
2019,Brighton & Hove Albion,Leandro Trossard,leandro trossard,Attack,2013,5,3,13000000.0,0.769
2019,Brighton & Hove Albion,Aaron Mooy,aaron mooy,Midfield,2089,2,2,9500000.0,0.708
2019,Brighton & Hove Albion,Pascal Groß,pascal gro,Midfield,1803,2,4,9500000.0,0.674
2019,Brighton & Hove Albion,Yves Bissouma,yves bissouma,Midfield,1262,1,0,9500000.0,0.611
2019,Brighton & Hove Albion,Dan Burn,dan burn,Defender,2881,0,0,4000000.0,0.607
2019,Brighton & Hove Albion,Shane Duffy,shane duffy,Defender,1232,1,0,9500000.0,0.607
2019,Brighton & Hove Albion,Dale Stephens,dale stephens,Midfield,2529,0,1,4800000.0,0.606
2019,Brighton & Hove Albion,Martín Montoya,martin montoya,Defender,1901,0,1,6500000.0,0.601
2019,Brighton & Hove Albion,Alexis Mac Allister,alexis mac allister,Midfield,352,0,0,11000000.0,0.537
2019,Brighton & Hove Albion,Jürgen Locadia,jurgen locadia,Attack,86,0,0,12000000.0,0.526
2019,Brighton & Hove Albion,Solly March,solly march,Attack,1146,0,1,6500000.0,0.512
2019,Brighton & Hove Albion,Aaron Connolly,aaron connolly,Attack,1261,3,2,4000000.0,0.417
2019,Brighton & Hove Albion,Alireza Jahanbakhsh,alireza jahanbakhsh,Attack,308,2,0,6500000.0,0.414
2019,Brighton & Hove Albion,Bernardo,bernardo,Defender,678,0,0,4800000.0,0.39
2019,Brighton & Hove Albion,Florin Andone,florin andone,Attack,72,1,0,6000000.0,0.369
2019,Brighton & Hove Albion,Steven Alzate,steven alzate,Midfield,1183,0,0,2500000.0,0.303
2019,Brighton & Hove Albion,Tariq Lamptey,tariq lamptey,Defender,621,0,1,3200000.0,0.292
2019,Brighton & Hove Albion,Glenn Murray,glenn murray,Attack,790,1,1,1600000.0,0.157
2019,Brighton & Hove Albion,Gaëtan Bong,gaetan bong,Defender,57,0,0,2000000.0,0.121
2019,Brighton & Hove Albion,Ezequiel Schelotto,ezequiel schelotto,Defender,361,0,0,1200000.0,0.042
2019,Burnley,James Tarkowski,james tarkowski,Defender,3420,2,2,20000000.0,1.0
2019,Burnley,Dwight McNeil,dwight mcneil,Attack,3345,2,6,18000000.0,0.972
2019,Burnley,Nick Pope,nick pope,Goalkeeper,3420,0,0,9500000.0,0.861
2019,Burnley,Chris Wood,chris wood,Attack,2446,14,1,14500000.0,0.826
2019,Burnley,Jack Cork,jack cork,Midfield,2618,0,0,12000000.0,0.811
2019,Burnley,Ben Mee,ben mee,Defender,2880,1,1,8000000.0,0.766
2019,Burnley,Ashley Westwood,ashley westwood,Midfield,3150,2,6,5500000.0,0.728
2019,Burnley,Jeff Hendrick,jeff hendrick,Midfield,1935,2,2,11000000.0,0.715
2019,Burnley,Ashley Barnes,ashley barnes,Attack,1361,6,0,10000000.0,0.63
2019,Burnley,Jay Rodríguez,jay rodriguez,Attack,2009,8,2,4800000.0,0.569
2019,Burnley,Charlie Taylor,charlie taylor,Defender,1946,0,1,4000000.0,0.528
2019,Burnley,Erik Pieters,erik pieters,Defender,1878,0,4,4000000.0,0.52
2019,Burnley,Jóhann Berg Gudmundsson,johann berg gudmundsson,Attack,622,1,1,8000000.0,0.502
2019,Burnley,Matthew Lowton,matthew lowton,Defender,1530,0,1,4000000.0,0.479
2019,Burnley,Josh Brownhill,josh brownhill,Midfield,806,0,0,5500000.0,0.454
2019,Burnley,Matej Vydra,matej vydra,Attack,812,2,1,4000000.0,0.395
2019,Burnley,Robbie Brady,robbie brady,Midfield,449,1,2,4800000.0,0.386
2019,Burnley,Aaron Lennon,aaron lennon,Attack,486,0,0,3000000.0,0.303
2019,Burnley,Phil Bardsley,phil bardsley,Defender,1890,0,1,800000.0,0.221
2019,Burnley,Kevin Long,kevin long,Defender,562,0,0,1600000.0,0.195
2019,Chelsea,Mason Mount,mason mount,Midfield,2875,7,6,40500000.0,0.873
2019,Chelsea,Kepa Arrizabalaga,kepa arrizabalaga,Goalkeeper,2970,0,0,32000000.0,0.855
2019,Chelsea,César Azpilicueta,cesar azpilicueta,Defender,3230,2,6,24000000.0,0.852
2019,Chelsea,Jorginho,jorginho,Midfield,2383,4,2,52000000.0,0.842
2019,Chelsea,N'Golo Kanté,n golo kante,Midfield,1733,3,0,80000000.0,0.815
2019,Chelsea,Tammy Abraham,tammy abraham,Attack,2222,15,4,40000000.0,0.79
2019,Chelsea,Willian,willian,Attack,2604,9,7,22500000.0,0.767
2019,Chelsea,Christian Pulisic,christian pulisic,Attack,1727,9,6,54000000.0,0.766
2019,Chelsea,Kurt Zouma,kurt zouma,Defender,2343,0,0,28000000.0,0.761
2019,Chelsea,Mateo Kovacic,mateo kovacic,Midfield,2074,1,3,36000000.0,0.759
2019,Chelsea,Antonio Rüdiger,antonio rudiger,Defender,1710,2,0,40000000.0,0.727
2019,Chelsea,Andreas Christensen,andreas christensen,Defender,1752,0,0,24000000.0,0.669
2019,Chelsea,Reece James,reece james,Defender,1513,0,2,22500000.0,0.632
2019,Chelsea,Marcos Alonso,marcos alonso,Defender,1432,4,3,20000000.0,0.607
2019,Chelsea,Callum Hudson-Odoi,callum hudson odoi,Attack,851,1,5,31500000.0,0.591
2019,Chelsea,Fikayo Tomori,fikayo tomori,Defender,1293,1,0,20000000.0,0.59
2019,Chelsea,Emerson,emerson,Defender,1025,0,0,24000000.0,0.579
2019,Chelsea,Ross Barkley,ross barkley,Midfield,1104,1,4,21500000.0,0.576
2019,Chelsea,Ruben Loftus-Cheek,ruben loftus cheek,Midfield,205,0,1,24000000.0,0.478
2019,Chelsea,Michy Batshuayi,michy batshuayi,Attack,224,1,1,22000000.0,0.469
2019,Chelsea,Olivier Giroud,olivier giroud,Attack,999,8,0,7000000.0,0.425
2019,Chelsea,Pedro,pedro,Attack,662,1,1,9500000.0,0.421
2019,Chelsea,Billy Gilmour,billy gilmour,Midfield,192,0,0,5400000.0,0.293
2019,Chelsea,Tino Anjorin,tino anjorin,Midfield,19,0,0,2500000.0,0.177
2019,Chelsea,Willy Caballero,willy caballero,Goalkeeper,450,0,0,600000.0,0.056
2019,Crystal Palace,Wilfried Zaha,wilfried zaha,Attack,3280,4,4,44000000.0,1.0
2019,Crystal Palace,Luka Milivojevic,luka milivojevic,Midfield,2514,3,1,20000000.0,0.744
2019,Crystal Palace,Jordan Ayew,jordan ayew,Attack,3162,9,2,6500000.0,0.591
2019,Crystal Palace,Patrick van Aanholt,patrick van aanholt,Defender,2511,3,2,9500000.0,0.59
2019,Crystal Palace,Cheikhou Kouyaté,cheikhou kouyate,Midfield,2536,1,1,8000000.0,0.558
2019,Crystal Palace,James McArthur,james mcarthur,Midfield,3104,0,4,4800000.0,0.522
2019,Crystal Palace,Vicente Guaita,vicente guaita,Goalkeeper,3150,0,0,4000000.0,0.49
2019,Crystal Palace,Andros Townsend,andros townsend,Attack,1289,1,1,12000000.0,0.489
2019,Crystal Palace,Christian Benteke,christian benteke,Attack,1258,2,1,10500000.0,0.458
2019,Crystal Palace,Jeffrey Schlupp,jeffrey schlupp,Midfield,1035,3,2,9500000.0,0.41
2019,Crystal Palace,Mamadou Sakho,mamadou sakho,Defender,931,0,0,9500000.0,0.397
2019,Crystal Palace,Gary Cahill,gary cahill,Defender,2168,0,1,4000000.0,0.37
2019,Crystal Palace,Joel Ward,joel ward,Defender,2383,0,0,3200000.0,0.35
2019,Crystal Palace,James Tomkins,james tomkins,Defender,1586,1,1,5000000.0,0.345
2019,Crystal Palace,Max Meyer,max meyer,Midfield,650,0,0,8000000.0,0.328
2019,Crystal Palace,Víctor Camarasa,victor camarasa,Midfield,5,0,0,10000000.0,0.295
2019,Crystal Palace,Martin Kelly,martin kelly,Defender,1550,0,1,3500000.0,0.267
2019,Crystal Palace,James McCarthy,james mccarthy,Midfield,1672,0,0,2800000.0,0.236
2019,Crystal Palace,Scott Dann,scott dann,Defender,1263,0,1,2800000.0,0.186
2019,Crystal Palace,Jaïro Riedewald,jairo riedewald,Midfield,763,0,0,3200000.0,0.152
2019,Crystal Palace,Wayne Hennessey,wayne hennessey,Goalkeeper,270,0,0,2400000.0,0.033
2019,Crystal Palace,Connor Wickham,connor wickham,Attack,90,1,1,2500000.0,0.019
2019,Everton,Richarlison,richarlison,Attack,3080,13,3,52000000.0,0.96
2019,Everton,Jordan Pickford,jordan pickford,Goalkeeper,3420,0,0,28000000.0,0.899
2019,Everton,Lucas Digne,lucas digne,Defender,3036,0,7,28000000.0,0.854
2019,Everton,Dominic Calvert-Lewin,dominic calvert lewin,Attack,2630,13,1,24000000.0,0.782
2019,Everton,Gylfi Sigurdsson,gylfi sigurdsson,Midfield,2564,2,3,22500000.0,0.764
2019,Everton,Michael Keane,michael keane,Defender,2556,2,0,20000000.0,0.744
2019,Everton,Yerry Mina,yerry mina,Defender,2282,2,1,20000000.0,0.711
2019,Everton,Alex Iwobi,alex iwobi,Attack,1601,1,0,25500000.0,0.671
2019,Everton,Tom Davies,tom davies,Midfield,2026,1,0,16000000.0,0.645
2019,Everton,André Gomes,andre gomes,Midfield,1460,0,1,22500000.0,0.635
2019,Everton,Mason Holgate,mason holgate,Defender,2054,0,3,13500000.0,0.621
2019,Everton,Moise Kean,moise kean,Attack,835,2,2,25000000.0,0.579
2019,Everton,Bernard,bernard,Attack,1279,3,2,16000000.0,0.558
2019,Everton,Séamus Coleman,seamus coleman,Defender,1839,0,1,9500000.0,0.539
2019,Everton,Fabian Delph,fabian delph,Midfield,1190,0,0,15000000.0,0.537
2019,Everton,Djibril Sidibé,djibril sidibe,Defender,1821,0,4,9500000.0,0.536
2019,Everton,Jean-Philippe Gbamin,jean philippe gbamin,Defender,135,0,0,28000000.0,0.515
2019,Everton,Theo Walcott,theo walcott,Attack,1297,2,3,12000000.0,0.513
2019,Everton,Morgan Schneiderlin,morgan schneiderlin,Midfield,1004,0,0,12000000.0,0.479
2019,Everton,Cenk Tosun,cenk tosun,Attack,466,2,0,15000000.0,0.452
2019,Everton,Oumar Niasse,oumar niasse,Attack,19,0,0,4000000.0,0.185
2019,Everton,Leighton Baines,leighton baines,Defender,400,0,0,1600000.0,0.081
2019,Everton,Anthony Gordon,anthony gordon,Attack,440,0,1,1300000.0,0.051
2019,Leicester City,Youri Tielemans,youri tielemans,Midfield,2834,3,6,44000000.0,0.92
2019,Leicester City,James Maddison,james maddison,Midfield,2629,6,3,48000000.0,0.907
2019,Leicester City,Çağlar Söyüncü,caglar soyuncu,Defender,3037,1,1,32000000.0,0.903
2019,Leicester City,Wilfred Ndidi,wilfred ndidi,Midfield,2674,2,1,36000000.0,0.876
2019,Leicester City,Ricardo Pereira,ricardo pereira,Defender,2520,3,2,40000000.0,0.871
2019,Leicester City,Ben Chilwell,ben chilwell,Defender,2375,3,3,40000000.0,0.854
2019,Leicester City,Jonny Evans,jonny evans,Defender,3386,1,2,12000000.0,0.818
2019,Leicester City,Jamie Vardy,jamie vardy,Attack,3034,23,5,16000000.0,0.814
2019,Leicester City,Kasper Schmeichel,kasper schmeichel,Goalkeeper,3420,0,0,9500000.0,0.792
2019,Leicester City,Ayoze Pérez,ayoze perez,Attack,2019,8,4,24000000.0,0.747
2019,Leicester City,Harvey Barnes,harvey barnes,Attack,2090,6,8,17500000.0,0.715
2019,Leicester City,Dennis Praet,dennis praet,Midfield,1133,1,2,19000000.0,0.613
2019,Leicester City,Kelechi Iheanacho,kelechi iheanacho,Attack,961,5,4,12000000.0,0.534
2019,Leicester City,Demarai Gray,demarai gray,Attack,608,2,3,14500000.0,0.517
2019,Leicester City,Hamza Choudhury,hamza choudhury,Midfield,889,1,1,8000000.0,0.474
2019,Leicester City,Marc Albrighton,marc albrighton,Midfield,864,0,3,8000000.0,0.471
2019,Leicester City,James Justin,james justin,Defender,1010,0,1,3600000.0,0.385
2019,Leicester City,Nampalys Mendy,nampalys mendy,Midfield,291,0,0,5500000.0,0.356
2019,Leicester City,Christian Fuchs,christian fuchs,Defender,770,0,0,1600000.0,0.253
2019,Leicester City,Wes Morgan,wes morgan,Defender,430,0,0,1200000.0,0.176
2019,Leicester City,Matty James,matty james,Midfield,5,0,0,1500000.0,0.155
2019,Leicester City,George Hirst,george hirst,Attack,9,0,0,450000.0,0.001
2019,Liverpool,Trent Alexander-Arnold,trent alexander arnold,Defender,3176,4,13,99000000.0,0.944
2019,Liverpool,Virgil van Dijk,virgil van dijk,Defender,3420,5,1,80000000.0,0.942
2019,Liverpool,Mohamed Salah,mohamed salah,Attack,2888,19,10,120000000.0,0.938
2019,Liverpool,Sadio Mané,sadio mane,Attack,2755,18,9,120000000.0,0.922
2019,Liverpool,Roberto Firmino,roberto firmino,Attack,3004,9,8,72000000.0,0.878
2019,Liverpool,Andrew Robertson,andrew robertson,Defender,3114,2,12,64000000.0,0.874
2019,Liverpool,Alisson,alisson,Goalkeeper,2545,0,1,72000000.0,0.825
2019,Liverpool,Georginio Wijnaldum,georginio wijnaldum,Midfield,2948,4,0,40000000.0,0.788
2019,Liverpool,Fabinho,fabinho,Midfield,2074,2,3,56000000.0,0.734
2019,Liverpool,Jordan Henderson,jordan henderson,Midfield,2244,4,5,28000000.0,0.655
2019,Liverpool,Joe Gomez,joe gomez,Defender,1999,0,0,33500000.0,0.652
2019,Liverpool,Alex Oxlade-Chamberlain,alex oxlade chamberlain,Midfield,1493,4,1,28000000.0,0.567
2019,Liverpool,Naby Keïta,naby keita,Midfield,813,2,3,33500000.0,0.513
2019,Liverpool,Joel Matip,joel matip,Defender,704,1,0,32000000.0,0.494
2019,Liverpool,Dejan Lovren,dejan lovren,Defender,777,0,1,16000000.0,0.403
2019,Liverpool,Divock Origi,divock origi,Attack,705,4,3,16000000.0,0.395
2019,Liverpool,Xherdan Shaqiri,xherdan shaqiri,Midfield,182,1,0,16000000.0,0.333
2019,Liverpool,Adam Lallana,adam lallana,Midfield,374,1,1,12000000.0,0.315
2019,Liverpool,James Milner,james milner,Midfield,926,2,2,6500000.0,0.292
2019,Liverpool,Takumi Minamino,takumi minamino,Attack,242,0,0,10000000.0,0.273
2019,Liverpool,Adrián San Miguel,adrian san miguel,Goalkeeper,873,0,0,5000000.0,0.248
2019,Liverpool,Harvey Elliott,harvey elliott,Midfield,7,0,0,3600000.0,0.1
2019,Liverpool,Curtis Jones,curtis jones,Midfield,122,1,0,1800000.0,0.014
2019,Manchester City,Kevin De Bruyne,kevin de bruyne,Midfield,2800,13,20,120000000.0,0.956
2019,Manchester City,Raheem Sterling,raheem sterling,Attack,2660,20,4,128000000.0,0.946
2019,Manchester City,Ederson,ederson,Goalkeeper,3072,0,0,56000000.0,0.888
2019,Manchester City,Rodri,rodri,Midfield,2486,3,2,64000000.0,0.83
2019,Manchester City,Bernardo Silva,bernardo silva,Midfield,2029,6,7,80000000.0,0.801
2019,Manchester City,Kyle Walker,kyle walker,Defender,2396,1,4,40000000.0,0.755
2019,Manchester City,Gabriel Jesus,gabriel jesus,Attack,2027,14,8,56000000.0,0.752
2019,Manchester City,Riyad Mahrez,riyad mahrez,Attack,1941,11,12,48000000.0,0.72
2019,Manchester City,İlkay Gündoğan,ilkay gundogan,Midfield,2017,2,1,40000000.0,0.706
2019,Manchester City,Sergio Agüero,sergio aguero,Attack,1457,16,4,52000000.0,0.668
2019,Manchester City,Aymeric Laporte,aymeric laporte,Defender,1104,1,0,60000000.0,0.642
2019,Manchester City,Benjamin Mendy,benjamin mendy,Defender,1496,0,2,28000000.0,0.59
2019,Manchester City,João Cancelo,joao cancelo,Defender,1205,0,0,36000000.0,0.586
2019,Manchester City,John Stones,john stones,Defender,1118,0,0,36000000.0,0.574
2019,Manchester City,Oleksandr Zinchenko,oleksandr zinchenko,Defender,1273,0,0,24000000.0,0.54
2019,Manchester City,Fernandinho,fernandinho,Midfield,2399,0,1,8000000.0,0.538
2019,Manchester City,Leroy Sané,leroy sane,Attack,11,0,0,80000000.0,0.538
2019,Manchester City,Nicolás Otamendi,nicolas otamendi,Defender,1711,2,0,14500000.0,0.529
2019,Manchester City,David Silva,david silva,Midfield,1833,6,10,12000000.0,0.519
2019,Manchester City,Phil Foden,phil foden,Midfield,893,5,2,27000000.0,0.506
2019,Manchester City,Angeliño,angelino,Defender,422,0,0,16000000.0,0.374
2019,Manchester City,Eric García,eric garcia,Defender,790,0,0,6300000.0,0.297
2019,Manchester City,Claudio Bravo,claudio bravo,Goalkeeper,346,0,0,1500000.0,0.045
2019,Manchester United,Harry Maguire,harry maguire,Defender,3420,1,1,56000000.0,0.929
2019,Manchester United,Marcus Rashford,marcus rashford,Attack,2655,17,9,64000000.0,0.866
2019,Manchester United,David de Gea,david de gea,Goalkeeper,3420,0,0,40000000.0,0.861
2019,Manchester United,Anthony Martial,anthony martial,Attack,2640,17,7,48000000.0,0.806
2019,Manchester United,Aaron Wan-Bissaka,aaron wan bissaka,Defender,3072,0,4,32000000.0,0.776
2019,Manchester United,Victor Lindelöf,victor lindelof,Defender,3093,1,0,28000000.0,0.751
2019,Manchester United,Paul Pogba,paul pogba,Midfield,1205,1,4,80000000.0,0.741
2019,Manchester United,Bruno Fernandes,bruno fernandes,Midfield,1193,8,7,48000000.0,0.637
2019,Manchester United,Daniel James,daniel james,Attack,2291,3,6,22500000.0,0.614
2019,Manchester United,Scott McTominay,scott mctominay,Midfield,1771,4,1,22500000.0,0.553
2019,Manchester United,Mason Greenwood,mason greenwood,Attack,1313,10,1,29000000.0,0.55
2019,Manchester United,Fred,fred,Midfield,2159,0,0,17500000.0,0.548
2019,Manchester United,Luke Shaw,luke shaw,Defender,1735,0,0,17500000.0,0.499
2019,Manchester United,Nemanja Matić,nemanja matic,Midfield,1583,0,2,16000000.0,0.463
2019,Manchester United,Andreas Pereira,andreas pereira,Midfield,1489,1,3,16000000.0,0.452
2019,Manchester United,Jesse Lingard,jesse lingard,Midfield,932,1,0,17500000.0,0.405
2019,Manchester United,Diogo Dalot,diogo dalot,Defender,66,0,0,20000000.0,0.33
2019,Manchester United,Brandon Williams,brandon williams,Defender,1006,1,1,11000000.0,0.32
2019,Manchester United,Eric Bailly,eric bailly,Defender,148,0,0,17500000.0,0.313
2019,Manchester United,Juan Mata,juan mata,Midfield,752,0,2,9500000.0,0.261
2019,Manchester United,Phil Jones,phil jones,Defender,135,0,0,12000000.0,0.236
2019,Manchester United,Marcos Rojo,marcos rojo,Defender,121,0,0,10000000.0,0.198
2019,Manchester United,Axel Tuanzebe,axel tuanzebe,Defender,187,0,0,7000000.0,0.134
2019,Manchester United,Tahith Chong,tahith chong,Midfield,34,0,0,7000000.0,0.116
2019,Manchester United,Ashley Young,ashley young,Defender,953,0,0,4000000.0,0.111
2019,Manchester United,Timothy Fosu-Mensah,timothy fosu mensah,Defender,136,0,0,6300000.0,0.107
2019,Manchester United,Odion Ighalo,odion ighalo,Attack,92,0,0,5200000.0,0.063
2019,Manchester United,Angel Gomes,angel gomes,Midfield,19,0,0,4000000.0,0.002
2019,Newcastle United,Joelinton,joelinton,Midfield,2698,2,2,20000000.0,0.916
2019,Newcastle United,Miguel Almirón,miguel almiron,Attack,3034,4,2,16000000.0,0.882
2019,Newcastle United,Allan Saint-Maximin,allan saint maximin,Attack,1874,3,5,20000000.0,0.819
2019,Newcastle United,Jonjo Shelvey,jonjo shelvey,Midfield,2124,6,2,14500000.0,0.743
2019,Newcastle United,Jamaal Lascelles,jamaal lascelles,Defender,2079,1,0,14500000.0,0.738
2019,Newcastle United,Sean Longstaff,sean longstaff,Midfield,1373,1,1,17500000.0,0.717
2019,Newcastle United,Fabian Schär,fabian schar,Defender,1672,2,0,13000000.0,0.655
2019,Newcastle United,Martin Dúbravka,martin dubravka,Goalkeeper,3420,0,0,5500000.0,0.577
2019,Newcastle United,Valentino Lazaro,valentino lazaro,Midfield,474,1,0,15000000.0,0.561
2019,Newcastle United,Isaac Hayden,isaac hayden,Midfield,2226,1,2,8000000.0,0.56
2019,Newcastle United,Matt Ritchie,matt ritchie,Midfield,1314,2,1,9500000.0,0.51
2019,Newcastle United,Federico Fernández,federico fernandez,Defender,2618,2,3,5500000.0,0.484
2019,Newcastle United,Dwight Gayle,dwight gayle,Attack,848,4,2,9500000.0,0.455
2019,Newcastle United,Jetro Willems,jetro willems,Defender,1501,2,2,7000000.0,0.432
2019,Newcastle United,Paul Dummett,paul dummett,Defender,1229,0,0,7000000.0,0.4
2019,Newcastle United,Ciaran Clark,ciaran clark,Defender,1188,2,0,6000000.0,0.345
2019,Newcastle United,DeAndre Yedlin,deandre yedlin,Defender,936,1,0,6500000.0,0.341
2019,Newcastle United,Javier Manquillo,javier manquillo,Defender,1599,0,1,4000000.0,0.26
2019,Newcastle United,Florian Lejeune,florian lejeune,Defender,441,2,0,6000000.0,0.257
2019,Newcastle United,Sung-yueng Ki,sung yueng ki,Midfield,136,0,0,6000000.0,0.222
2019,Newcastle United,Christian Atsu,christian atsu,Attack,741,0,3,4800000.0,0.219
2019,Newcastle United,Yoshinori Muto,yoshinori muto,Attack,207,0,0,5500000.0,0.202
2019,Newcastle United,Emil Krafth,emil krafth,Defender,1019,0,1,4000000.0,0.192
2019,Newcastle United,Nabil Bentaleb,nabil bentaleb,Midfield,749,0,0,4000000.0,0.161
2019,Newcastle United,Matty Longstaff,matty longstaff,Midfield,572,2,0,3600000.0,0.105
2019,Newcastle United,Andy Carroll,andy carroll,Attack,618,0,4,3200000.0,0.072
2019,Norwich City,Max Aarons,max aarons,Defender,3240,0,2,20000000.0,1.0
2019,Norwich City,Todd Cantwell,todd cantwell,Midfield,2501,6,2,20000000.0,0.909
2019,Norwich City,Ben Godfrey,ben godfrey,Defender,2646,0,0,11500000.0,0.877
2019,Norwich City,Emiliano Buendía,emiliano buendia,Attack,2463,1,7,14500000.0,0.875
2019,Norwich City,Teemu Pukki,teemu pukki,Attack,2893,11,3,8000000.0,0.875
2019,Norwich City,Tim Krul,tim krul,Goalkeeper,3240,0,0,4000000.0,0.856
2019,Norwich City,Jamal Lewis,jamal lewis,Defender,2305,1,0,11000000.0,0.831
2019,Norwich City,Kenny McLean,kenny mclean,Midfield,2966,1,1,3500000.0,0.81
2019,Norwich City,Alexander Tettey,alexander tettey,Midfield,2352,1,1,1600000.0,0.664
2019,Norwich City,Ondrej Duda,ondrej duda,Midfield,729,0,0,10500000.0,0.632
2019,Norwich City,Onel Hernández,onel hernandez,Attack,1383,1,2,3200000.0,0.606
2019,Norwich City,Sam Byram,sam byram,Defender,1294,0,0,3500000.0,0.603
2019,Norwich City,Christoph Zimmermann,christoph zimmermann,Defender,1431,0,1,2800000.0,0.6
2019,Norwich City,Ibrahim Amadou,ibrahim amadou,Midfield,756,0,0,7000000.0,0.599
2019,Norwich City,Marco Stiepermann,marco stiepermann,Midfield,1189,0,0,3200000.0,0.582
2019,Norwich City,Tom Trybull,tom trybull,Midfield,1135,0,0,3200000.0,0.576
2019,Norwich City,Grant Hanley,grant hanley,Defender,1262,0,0,2500000.0,0.569
2019,Norwich City,Moritz Leitner,moritz leitner,Midfield,685,0,0,3000000.0,0.514
2019,Norwich City,Lukas Rupp,lukas rupp,Midfield,699,0,0,2400000.0,0.496
2019,Norwich City,Patrick Roberts,patrick roberts,Attack,24,0,0,5000000.0,0.479
2019,Norwich City,Mario Vrancic,mario vrancic,Midfield,628,1,0,2000000.0,0.471
2019,Norwich City,Timm Klose,timm klose,Defender,585,0,0,2000000.0,0.466
2019,Norwich City,Ralf Fährmann,ralf fahrmann,Goalkeeper,22,0,0,4000000.0,0.458
2019,Norwich City,Josip Drmic,josip drmic,Attack,636,1,0,1600000.0,0.452
2019,Norwich City,Adam Idah,adam idah,Attack,220,0,0,900000.0,0.349
2019,Norwich City,Dennis Srbeny,dennis srbeny,Attack,41,1,0,1000000.0,0.336
2019,Norwich City,Michael McGovern,michael mcgovern,Goalkeeper,158,0,0,350000.0,0.256
2019,Norwich City,Akin Famewo,akin famewo,Defender,1,0,0,25000.0,0.0
2019,Sheffield United,Dean Henderson,dean henderson,Goalkeeper,3240,0,0,14500000.0,0.933
2019,Sheffield United,John Egan,john egan,Defender,3189,2,0,9500000.0,0.867
2019,Sheffield United,Jack O'Connell,jack o connell,Defender,2915,0,1,9500000.0,0.835
2019,Sheffield United,Enda Stevens,enda stevens,Defender,3346,2,4,5500000.0,0.807
2019,Sheffield United,Oliver Norwood,oliver norwood,Midfield,3100,1,1,6500000.0,0.802
2019,Sheffield United,George Baldock,george baldock,Defender,3420,2,4,4800000.0,0.796
2019,Sheffield United,John Lundstram,john lundstram,Midfield,2456,5,3,8000000.0,0.756
2019,Sheffield United,John Fleck,john fleck,Midfield,2517,5,2,6500000.0,0.734
2019,Sheffield United,Oli McBurnie,oli mcburnie,Attack,2119,6,0,8000000.0,0.717
2019,Sheffield United,Sander Berge,sander berge,Midfield,949,1,1,20000000.0,0.711
2019,Sheffield United,Chris Basham,chris basham,Defender,3255,0,1,2400000.0,0.678
2019,Sheffield United,Lys Mousset,lys mousset,Attack,1233,6,4,9500000.0,0.638
2019,Sheffield United,Callum Robinson,callum robinson,Attack,676,1,2,7000000.0,0.529
2019,Sheffield United,David McGoldrick,david mcgoldrick,Attack,1824,2,2,1600000.0,0.452
2019,Sheffield United,Billy Sharp,billy sharp,Attack,1047,3,2,1600000.0,0.362
2019,Sheffield United,Luke Freeman,luke freeman,Midfield,362,0,0,2800000.0,0.361
2019,Sheffield United,Muhamed Besic,muhamed besic,Midfield,245,0,0,3000000.0,0.358
2019,Sheffield United,Ben Osborn,ben osborn,Midfield,591,0,0,2000000.0,0.34
2019,Sheffield United,Jack Robinson,jack robinson,Defender,505,0,0,2000000.0,0.33
2019,Sheffield United,Jack Rodwell,jack rodwell,Midfield,15,0,0,1200000.0,0.2
2019,Sheffield United,Kieron Freeman,kieron freeman,Defender,6,0,0,1200000.0,0.199
2019,Sheffield United,Phil Jagielka,phil jagielka,Defender,240,0,0,800000.0,0.168
2019,Sheffield United,Richairo Zivkovic,richairo zivkovic,Attack,106,0,0,650000.0,0.123
2019,Sheffield United,Simon Moore,simon moore,Goalkeeper,180,0,0,400000.0,0.062
2019,Sheffield United,Leon Clarke,leon clarke,Attack,33,0,0,300000.0,0.004
2019,Sheffield United,Ravel Morrison,ravel morrison,Midfield,12,0,0,300000.0,0.001
2019,Southampton,James Ward-Prowse,james ward prowse,Midfield,3420,5,3,14500000.0,0.938
2019,Southampton,Danny Ings,danny ings,Attack,2814,22,2,17500000.0,0.929
2019,Southampton,Nathan Redmond,nathan redmond,Attack,2769,4,4,16000000.0,0.895
2019,Southampton,Jan Bednarek,jan bednarek,Defender,3058,1,1,12000000.0,0.834
2019,Southampton,Pierre-Emile Højbjerg,pierre emile h jbjerg,Midfield,2750,0,1,12000000.0,0.798
2019,Southampton,Ryan Bertrand,ryan bertrand,Defender,2744,1,1,10500000.0,0.754
2019,Southampton,Jannik Vestergaard,jannik vestergaard,Defender,1497,1,0,12000000.0,0.652
2019,Southampton,Moussa Djenepo,moussa djenepo,Attack,925,2,2,12000000.0,0.585
2019,Southampton,Oriol Romeu,oriol romeu,Midfield,1860,0,0,8000000.0,0.561
2019,Southampton,Ché Adams,che adams,Attack,1106,4,3,9500000.0,0.529
2019,Southampton,Cédric Soares,cedric soares,Defender,1559,1,1,8000000.0,0.526
2019,Southampton,Angus Gunn,angus gunn,Goalkeeper,900,0,0,10000000.0,0.522
2019,Southampton,Jack Stephens,jack stephens,Defender,2453,1,3,5500000.0,0.508
2019,Southampton,Stuart Armstrong,stuart armstrong,Midfield,1717,5,3,6500000.0,0.477
2019,Southampton,Kyle Walker-Peters,kyle walker peters,Defender,946,0,0,8000000.0,0.454
2019,Southampton,Sofiane Boufal,sofiane boufal,Midfield,760,0,2,8000000.0,0.433
2019,Southampton,Alex McCarthy,alex mccarthy,Goalkeeper,2520,0,0,4000000.0,0.412
2019,Southampton,Kevin Danso,kevin danso,Defender,276,0,1,8000000.0,0.376
2019,Southampton,Maya Yoshida,maya yoshida,Defender,558,0,0,7000000.0,0.365
2019,Southampton,Yan Valery,yan valery,Defender,784,0,0,6300000.0,0.357
2019,Southampton,Michael Obafemi,michael obafemi,Attack,661,3,2,4500000.0,0.233
2019,Southampton,Shane Long,shane long,Attack,1399,2,3,2800000.0,0.164
2019,Tottenham Hotspur,Harry Kane,harry kane,Attack,2590,18,2,120000000.0,0.95
2019,Tottenham Hotspur,Heung-min Son,heung min son,Attack,2488,11,11,64000000.0,0.83
2019,Tottenham Hotspur,Davinson Sánchez,davinson sanchez,Defender,2431,0,0,48000000.0,0.773
2019,Tottenham Hotspur,Dele Alli,dele alli,Midfield,1852,8,4,64000000.0,0.744
2019,Tottenham Hotspur,Toby Alderweireld,toby alderweireld,Defender,2958,2,2,24000000.0,0.727
2019,Tottenham Hotspur,Christian Eriksen,christian eriksen,Midfield,1092,2,2,90000000.0,0.699
2019,Tottenham Hotspur,Lucas Moura,lucas moura,Attack,2248,4,4,32000000.0,0.68
2019,Tottenham Hotspur,Harry Winks,harry winks,Midfield,2230,0,0,32000000.0,0.677
2019,Tottenham Hotspur,Moussa Sissoko,moussa sissoko,Midfield,2456,2,1,20000000.0,0.628
2019,Tottenham Hotspur,Serge Aurier,serge aurier,Defender,2706,1,5,16000000.0,0.624
2019,Tottenham Hotspur,Giovani Lo Celso,giovani lo celso,Midfield,1487,0,2,40000000.0,0.615
2019,Tottenham Hotspur,Tanguy Ndombélé,tanguy ndombele,Midfield,1008,2,2,52000000.0,0.594
2019,Tottenham Hotspur,Danny Rose,danny rose,Defender,1759,0,0,16000000.0,0.496
2019,Tottenham Hotspur,Hugo Lloris,hugo lloris,Goalkeeper,1808,0,0,14500000.0,0.486
2019,Tottenham Hotspur,Eric Dier,eric dier,Defender,1341,0,2,20000000.0,0.477
2019,Tottenham Hotspur,Ben Davies,ben davies,Defender,1432,0,0,17500000.0,0.467
2019,Tottenham Hotspur,Jan Vertonghen,jan vertonghen,Defender,1646,1,1,14500000.0,0.464
2019,Tottenham Hotspur,Steven Bergwijn,steven bergwijn,Attack,703,3,1,28000000.0,0.448
2019,Tottenham Hotspur,Ryan Sessegnon,ryan sessegnon,Defender,342,0,0,35000000.0,0.437
2019,Tottenham Hotspur,Erik Lamela,erik lamela,Attack,1211,2,2,16000000.0,0.422
2019,Tottenham Hotspur,Juan Foyth,juan foyth,Defender,66,0,0,15000000.0,0.256
2019,Tottenham Hotspur,Victor Wanyama,victor wanyama,Midfield,24,0,0,15000000.0,0.25
2019,Tottenham Hotspur,Gedson Fernandes,gedson fernandes,Midfield,62,0,0,13500000.0,0.238
2019,Tottenham Hotspur,Paulo Gazzaniga,paulo gazzaniga,Goalkeeper,1612,0,0,3500000.0,0.218
2019,Tottenham Hotspur,Japhet Tanganga,japhet tanganga,Defender,526,0,0,8000000.0,0.211
2019,Tottenham Hotspur,Oliver Skipp,oliver skipp,Midfield,74,0,0,7200000.0,0.132
2019,Tottenham Hotspur,Georges-Kevin N'Koudou,georges kevin n koudou,Attack,2,0,0,5000000.0,0.061
2019,Tottenham Hotspur,Troy Parrott,troy parrott,Attack,6,0,0,4000000.0,0.023
2019,Watford,Abdoulaye Doucouré,abdoulaye doucoure,Midfield,3167,4,2,20000000.0,0.926
2019,Watford,Gerard Deulofeu,gerard deulofeu,Attack,2106,4,5,25000000.0,0.846
2019,Watford,Ismaïla Sarr,ismaila sarr,Attack,2029,5,6,24500000.0,0.833
2019,Watford,Will Hughes,will hughes,Midfield,2262,1,1,14500000.0,0.757
2019,Watford,Étienne Capoue,etienne capoue,Midfield,2632,0,3,5200000.0,0.598
2019,Watford,Christian Kabasele,christian kabasele,Defender,2252,0,2,6500000.0,0.597
2019,Watford,Troy Deeney,troy deeney,Attack,2234,10,2,6500000.0,0.595
2019,Watford,Roberto Pereyra,roberto pereyra,Midfield,1653,3,0,9000000.0,0.591
2019,Watford,Craig Dawson,craig dawson,Defender,2359,2,0,4800000.0,0.55
2019,Watford,João Pedro,joao pedro,Attack,22,0,0,18000000.0,0.538
2019,Watford,Kiko Femenía,kiko femenia,Defender,2241,0,1,4800000.0,0.536
2019,Watford,Craig Cathcart,craig cathcart,Defender,2490,0,0,4000000.0,0.529
2019,Watford,Adam Masina,adam masina,Defender,1818,1,0,5500000.0,0.513
2019,Watford,Andre Gray,andre gray,Attack,746,2,0,9500000.0,0.496
2019,Watford,Ben Foster,ben foster,Goalkeeper,3420,0,0,1200000.0,0.4
2019,Watford,Danny Welbeck,danny welbeck,Attack,817,2,1,5500000.0,0.396
2019,Watford,Daryl Janmaat,daryl janmaat,Defender,608,0,1,6000000.0,0.389
2019,Watford,Tom Cleverley,tom cleverley,Midfield,966,1,0,4800000.0,0.387
2019,Watford,Nathaniel Chalobah,nathaniel chalobah,Midfield,926,0,1,4800000.0,0.382
2019,Watford,Ignacio Pussetto,ignacio pussetto,Attack,67,0,0,6500000.0,0.342
2019,Watford,Isaac Success,isaac success,Attack,65,0,0,4000000.0,0.245
2019,Watford,Adrian Mariappa,adrian mariappa,Defender,1510,0,0,1600000.0,0.233
2019,Watford,Dimitri Foulquier,dimitri foulquier,Defender,58,0,0,3500000.0,0.218
2019,Watford,Domingos Quina,domingos quina,Midfield,18,0,0,3500000.0,0.214
2019,Watford,Sebastian Prödl,sebastian prodl,Defender,57,0,0,2500000.0,0.152
2019,Watford,Jose Cholevas,jose cholevas,Defender,1024,0,0,1200000.0,0.12
2019,West Ham United,Declan Rice,declan rice,Midfield,3420,1,3,49500000.0,1.0
2019,West Ham United,Issa Diop,issa diop,Defender,2766,3,1,28000000.0,0.859
2019,West Ham United,Sébastien Haller,sebastien haller,Attack,2263,7,2,36000000.0,0.829
2019,West Ham United,Felipe Anderson,felipe anderson,Attack,1505,1,4,32000000.0,0.727
2019,West Ham United,Pablo Fornals,pablo fornals,Midfield,2179,2,5,16000000.0,0.727
2019,West Ham United,Angelo Ogbonna,angelo ogbonna,Defender,2787,2,0,6500000.0,0.696
2019,West Ham United,Aaron Cresswell,aaron cresswell,Defender,2730,3,0,6500000.0,0.689
2019,West Ham United,Mark Noble,mark noble,Midfield,2685,4,3,4800000.0,0.649
2019,West Ham United,Manuel Lanzini,manuel lanzini,Midfield,1378,0,3,16000000.0,0.633
2019,West Ham United,Michail Antonio,michail antonio,Attack,1771,10,3,9500000.0,0.62
2019,West Ham United,Jarrod Bowen,jarrod bowen,Attack,921,1,4,16000000.0,0.58
2019,West Ham United,Ryan Fredericks,ryan fredericks,Defender,2237,0,3,4000000.0,0.576
2019,West Ham United,Tomáš Souček,tomas soucek,Midfield,1041,3,0,12000000.0,0.561
2019,West Ham United,Fabián Balbuena,fabian balbuena,Defender,1176,1,0,9500000.0,0.55
2019,West Ham United,Lukasz Fabianski,lukasz fabianski,Goalkeeper,2119,0,0,3200000.0,0.537
2019,West Ham United,Robert Snodgrass,robert snodgrass,Attack,1512,5,5,6000000.0,0.537
2019,West Ham United,Andriy Yarmolenko,andriy yarmolenko,Attack,988,5,1,9500000.0,0.528
2019,West Ham United,Arthur Masuaku,arthur masuaku,Defender,932,0,1,6500000.0,0.479
2019,West Ham United,Chicharito,chicharito,Attack,107,1,0,12000000.0,0.452
2019,West Ham United,Jack Wilshere,jack wilshere,Midfield,210,0,0,4800000.0,0.36
2019,West Ham United,Albian Ajeti,albian ajeti,Attack,132,0,0,4800000.0,0.351
2019,West Ham United,Darren Randolph,darren randolph,Goalkeeper,180,0,0,4500000.0,0.349
2019,West Ham United,Roberto,roberto,Goalkeeper,686,0,0,1000000.0,0.238
2019,West Ham United,Pablo Zabaleta,pablo zabaleta,Defender,589,0,0,1000000.0,0.226
2019,West Ham United,Carlos Sánchez,carlos sanchez,Midfield,113,0,0,1500000.0,0.217
2019,West Ham United,Jeremy Ngakia,jeremy ngakia,Defender,441,0,0,250000.0,0.052
2019,West Ham United,David Martin,david martin,Goalkeeper,435,0,0,250000.0,0.051
2019,Wolverhampton Wanderers,Raúl Jiménez,raul jimenez,Attack,3252,17,6,40000000.0,0.98
2019,Wolverhampton Wanderers,Rúben Neves,ruben neves,Midfield,3060,2,2,40000000.0,0.958
2019,Wolverhampton Wanderers,Rui Patrício,rui patricio,Goalkeeper,3420,0,0,16000000.0,0.851
2019,Wolverhampton Wanderers,Conor Coady,conor coady,Defender,3420,0,0,14500000.0,0.835
2019,Wolverhampton Wanderers,Leander Dendoncker,leander dendoncker,Midfield,2794,4,0,22500000.0,0.833
2019,Wolverhampton Wanderers,Adama Traoré,adama traore,Attack,2606,4,9,25500000.0,0.832
2019,Wolverhampton Wanderers,Diogo Jota,diogo jota,Attack,2298,7,1,28000000.0,0.811
2019,Wolverhampton Wanderers,Jonny Otto,jonny otto,Defender,2892,2,2,16000000.0,0.789
2019,Wolverhampton Wanderers,Matt Doherty,matt doherty,Defender,2841,4,4,16000000.0,0.783
2019,Wolverhampton Wanderers,João Moutinho,joao moutinho,Midfield,3108,1,6,8000000.0,0.702
2019,Wolverhampton Wanderers,Willy Boly,willy boly,Defender,1980,0,1,14500000.0,0.667
2019,Wolverhampton Wanderers,Romain Saïss,romain saiss,Defender,2706,2,1,4000000.0,0.542
2019,Wolverhampton Wanderers,Patrick Cutrone,patrick cutrone,Attack,295,2,0,20000000.0,0.522
2019,Wolverhampton Wanderers,Pedro Neto,pedro neto,Attack,927,3,3,11500000.0,0.506
2019,Wolverhampton Wanderers,Daniel Podence,daniel podence,Attack,288,1,1,12000000.0,0.438
2019,Wolverhampton Wanderers,Rúben Vinagre,ruben vinagre,Midfield,645,0,0,9000000.0,0.433
2019,Wolverhampton Wanderers,Jesús Vallejo,jesus vallejo,Defender,162,0,0,10000000.0,0.393
2019,Wolverhampton Wanderers,Morgan Gibbs-White,morgan gibbs white,Midfield,126,0,0,7200000.0,0.336
2019,Wolverhampton Wanderers,Ryan Bennett,ryan bennett,Defender,935,0,0,4000000.0,0.335
2019,Wolverhampton Wanderers,Bruno Jordão,bruno jordao,Midfield,6,0,0,2300000.0,0.136
2019,Wolverhampton Wanderers,Maximilian Kilman,maximilian kilman,Defender,184,0,0,1000000.0,0.022
2020,Arsenal,Bukayo Saka,bukayo saka,Attack,2561,5,4,60000000.0,0.927
2020,Arsenal,Bernd Leno,bernd leno,Goalkeeper,3132,0,0,25000000.0,0.846
2020,Arsenal,Pierre-Emerick Aubameyang,pierre emerick aubameyang,Attack,2337,10,3,35000000.0,0.803
2020,Arsenal,Kieran Tierney,kieran tierney,Defender,2301,1,4,30000000.0,0.772
2020,Arsenal,Alexandre Lacazette,alexandre lacazette,Attack,1929,13,2,35000000.0,0.751
2020,Arsenal,Granit Xhaka,granit xhaka,Midfield,2526,1,2,22000000.0,0.746
2020,Arsenal,Thomas Partey,thomas partey,Midfield,1535,0,2,45000000.0,0.745
2020,Arsenal,Nicolas Pépé,nicolas pepe,Attack,1612,10,1,38000000.0,0.725
2020,Arsenal,Héctor Bellerín,hector bellerin,Defender,2093,1,3,25000000.0,0.713
2020,Arsenal,Gabriel,gabriel,Defender,1997,2,0,25000000.0,0.701
2020,Arsenal,Rob Holding,rob holding,Defender,2558,0,0,16000000.0,0.694
2020,Arsenal,Dani Ceballos,dani ceballos,Midfield,1614,0,3,30000000.0,0.684
2020,Arsenal,Martin Ødegaard,martin degaard,Midfield,866,1,2,40000000.0,0.639
2020,Arsenal,Emile Smith Rowe,emile smith rowe,Midfield,1449,2,4,13000000.0,0.515
2020,Arsenal,Gabriel Martinelli,gabriel martinelli,Attack,586,2,1,22000000.0,0.498
2020,Arsenal,Willian,willian,Attack,1407,1,5,12000000.0,0.496
2020,Arsenal,Mohamed Elneny,mohamed elneny,Midfield,1542,1,0,10000000.0,0.481
2020,Arsenal,Eddie Nketiah,eddie nketiah,Attack,414,2,1,18000000.0,0.44
2020,Arsenal,Calum Chambers,calum chambers,Defender,752,0,2,12000000.0,0.412
2020,Arsenal,Sead Kolasinac,sead kolasinac,Defender,90,0,0,16000000.0,0.378
2020,Arsenal,David Luiz,david luiz,Defender,1396,1,0,5000000.0,0.34
2020,Arsenal,Pablo Marí,pablo mari,Defender,900,0,0,7000000.0,0.336
2020,Arsenal,Reiss Nelson,reiss nelson,Attack,70,0,0,12500000.0,0.332
2020,Arsenal,Shkodran Mustafi,shkodran mustafi,Defender,44,0,0,12000000.0,0.322
2020,Arsenal,Cédric Soares,cedric soares,Defender,745,0,1,6000000.0,0.289
2020,Arsenal,Rúnar Alex Rúnarsson,runar alex runarsson,Goalkeeper,15,0,0,2000000.0,0.002
2020,Aston Villa,Ollie Watkins,ollie watkins,Attack,3329,14,5,32000000.0,0.882
2020,Aston Villa,John McGinn,john mcginn,Midfield,3330,3,6,28000000.0,0.859
2020,Aston Villa,Jack Grealish,jack grealish,Attack,2185,6,12,60000000.0,0.856
2020,Aston Villa,Emiliano Martínez,emiliano martinez,Goalkeeper,3420,0,0,25000000.0,0.85
2020,Aston Villa,Tyrone Mings,tyrone mings,Defender,3195,2,2,27000000.0,0.837
2020,Aston Villa,Douglas Luiz,douglas luiz,Midfield,2791,0,2,35000000.0,0.834
2020,Aston Villa,Matt Targett,matt targett,Defender,3405,0,2,17000000.0,0.782
2020,Aston Villa,Ezri Konsa,ezri konsa,Defender,3195,2,0,18000000.0,0.768
2020,Aston Villa,Matty Cash,matty cash,Defender,2378,0,2,20000000.0,0.69
2020,Aston Villa,Bertrand Traoré,bertrand traore,Attack,2335,7,7,16000000.0,0.647
2020,Aston Villa,Ross Barkley,ross barkley,Midfield,1577,3,1,20000000.0,0.596
2020,Aston Villa,Anwar El Ghazi,anwar el ghazi,Attack,1612,10,0,10000000.0,0.482
2020,Aston Villa,Trezeguet,trezeguet,Attack,1167,2,1,10000000.0,0.43
2020,Aston Villa,Morgan Sanson,morgan sanson,Midfield,291,0,0,18000000.0,0.428
2020,Aston Villa,Wesley Moraes,wesley moraes,Attack,16,0,0,15000000.0,0.365
2020,Aston Villa,Marvelous Nakamba,marvelous nakamba,Midfield,751,0,0,8000000.0,0.343
2020,Aston Villa,Conor Hourihane,conor hourihane,Midfield,228,1,1,6000000.0,0.233
2020,Aston Villa,Kortney Hause,kortney hause,Defender,630,1,0,4500000.0,0.23
2020,Aston Villa,Jacob Ramsey,jacob ramsey,Midfield,615,0,0,3500000.0,0.186
2020,Aston Villa,Ahmed Elmohamady,ahmed elmohamady,Defender,833,0,0,1800000.0,0.097
2020,Aston Villa,Keinan Davis,keinan davis,Attack,265,1,1,2500000.0,0.087
2020,Aston Villa,Neil Taylor,neil taylor,Defender,15,0,0,2800000.0,0.077
2020,Brighton & Hove Albion,Ben White,ben white,Defender,3196,0,0,25000000.0,1.0
2020,Brighton & Hove Albion,Lewis Dunk,lewis dunk,Defender,2933,5,0,25000000.0,0.967
2020,Brighton & Hove Albion,Yves Bissouma,yves bissouma,Midfield,3114,1,0,17000000.0,0.92
2020,Brighton & Hove Albion,Neal Maupay,neal maupay,Attack,2520,8,2,20000000.0,0.875
2020,Brighton & Hove Albion,Leandro Trossard,leandro trossard,Attack,2618,5,5,15000000.0,0.835
2020,Brighton & Hove Albion,Adam Webster,adam webster,Defender,2595,1,0,15000000.0,0.833
2020,Brighton & Hove Albion,Pascal Groß,pascal gro,Midfield,2480,3,8,7000000.0,0.681
2020,Brighton & Hove Albion,Tariq Lamptey,tariq lamptey,Defender,890,1,3,18000000.0,0.652
2020,Brighton & Hove Albion,Solly March,solly march,Attack,1674,2,1,9000000.0,0.625
2020,Brighton & Hove Albion,Robert Sánchez,robert sanchez,Goalkeeper,2430,0,0,5000000.0,0.614
2020,Brighton & Hove Albion,Joël Veltman,joel veltman,Defender,2282,1,1,5000000.0,0.595
2020,Brighton & Hove Albion,Alexis Mac Allister,alexis mac allister,Midfield,1115,1,1,10000000.0,0.574
2020,Brighton & Hove Albion,Dan Burn,dan burn,Defender,2059,1,0,5000000.0,0.567
2020,Brighton & Hove Albion,Adam Lallana,adam lallana,Midfield,1590,1,1,6000000.0,0.541
2020,Brighton & Hove Albion,Jakub Moder,jakub moder,Midfield,647,0,0,10000000.0,0.516
2020,Brighton & Hove Albion,Danny Welbeck,danny welbeck,Attack,1549,6,3,5000000.0,0.503
2020,Brighton & Hove Albion,Mathew Ryan,mathew ryan,Goalkeeper,1260,0,0,6000000.0,0.5
2020,Brighton & Hove Albion,Steven Alzate,steven alzate,Midfield,897,1,0,7000000.0,0.483
2020,Brighton & Hove Albion,Aaron Connolly,aaron connolly,Attack,791,2,1,7000000.0,0.469
2020,Brighton & Hove Albion,Davy Pröpper,davy propper,Midfield,211,0,0,8000000.0,0.421
2020,Brighton & Hove Albion,Alireza Jahanbakhsh,alireza jahanbakhsh,Attack,522,0,1,5000000.0,0.375
2020,Brighton & Hove Albion,Bernardo,bernardo,Defender,205,0,0,4800000.0,0.328
2020,Brighton & Hove Albion,José Izquierdo,jose izquierdo,Attack,8,0,0,5000000.0,0.311
2020,Brighton & Hove Albion,Percy Tau,percy tau,Attack,102,0,1,3500000.0,0.258
2020,Brighton & Hove Albion,Andi Zeqiri,andi zeqiri,Attack,165,0,0,1500000.0,0.113
2020,Brighton & Hove Albion,Jayson Molumby,jayson molumby,Midfield,1,0,0,900000.0,0.0
2020,Burnley,James Tarkowski,james tarkowski,Defender,3240,1,0,25000000.0,0.98
2020,Burnley,Dwight McNeil,dwight mcneil,Attack,3072,2,5,22000000.0,0.944
2020,Burnley,Nick Pope,nick pope,Goalkeeper,2880,0,0,15000000.0,0.874
2020,Burnley,Ashley Westwood,ashley westwood,Midfield,3411,3,3,5000000.0,0.8
2020,Burnley,Chris Wood,chris wood,Attack,2751,12,3,8000000.0,0.781
2020,Burnley,Josh Brownhill,josh brownhill,Midfield,2813,0,1,7000000.0,0.772
2020,Burnley,Ben Mee,ben mee,Defender,2694,2,0,7000000.0,0.758
2020,Burnley,Matthew Lowton,matthew lowton,Defender,3060,1,1,3000000.0,0.695
2020,Burnley,Charlie Taylor,charlie taylor,Defender,2428,0,1,4000000.0,0.657
2020,Burnley,Jack Cork,jack cork,Midfield,1353,0,0,6000000.0,0.581
2020,Burnley,Ashley Barnes,ashley barnes,Attack,1334,3,0,5000000.0,0.556
2020,Burnley,Jay Rodríguez,jay rodriguez,Attack,1256,1,2,5000000.0,0.547
2020,Burnley,Jóhann Berg Gudmundsson,johann berg gudmundsson,Attack,1368,2,0,4000000.0,0.533
2020,Burnley,Robbie Brady,robbie brady,Midfield,1055,1,1,4800000.0,0.519
2020,Burnley,Matej Vydra,matej vydra,Attack,1368,3,2,3000000.0,0.497
2020,Burnley,Dale Stephens,dale stephens,Midfield,258,0,0,4800000.0,0.425
2020,Burnley,Erik Pieters,erik pieters,Defender,1263,0,2,1800000.0,0.421
2020,Burnley,Kevin Long,kevin long,Defender,636,0,0,1600000.0,0.333
2020,Burnley,Bailey Peacock-Farrell,bailey peacock farrell,Goalkeeper,360,0,0,1000000.0,0.242
2020,Burnley,Phil Bardsley,phil bardsley,Defender,273,0,0,800000.0,0.204
2020,Burnley,Jimmy Dunne,jimmy dunne,Defender,270,1,0,400000.0,0.118
2020,Burnley,Josh Benson,josh benson,Midfield,261,0,0,400000.0,0.117
2020,Burnley,Joel Mumbongo,joel mumbongo,Attack,37,0,0,300000.0,0.055
2020,Burnley,Will Norris,will norris,Goalkeeper,180,0,0,250000.0,0.049
2020,Burnley,Lewis Richardson,lewis richardson,Midfield,3,0,0,200000.0,0.0
2020,Chelsea,Mason Mount,mason mount,Midfield,2894,6,6,60000000.0,0.981
2020,Chelsea,Timo Werner,timo werner,Attack,2606,6,12,65000000.0,0.951
2020,Chelsea,Ben Chilwell,ben chilwell,Defender,2291,3,5,50000000.0,0.874
2020,Chelsea,N'Golo Kanté,n golo kante,Midfield,2145,0,2,55000000.0,0.866
2020,Chelsea,Reece James,reece james,Defender,2367,1,2,40000000.0,0.857
2020,Chelsea,Edouard Mendy,edouard mendy,Goalkeeper,2745,0,0,25000000.0,0.85
2020,Chelsea,Jorginho,jorginho,Midfield,2014,7,1,45000000.0,0.823
2020,Chelsea,Kai Havertz,kai havertz,Attack,1520,4,5,70000000.0,0.81
2020,Chelsea,Christian Pulisic,christian pulisic,Attack,1737,4,2,50000000.0,0.798
2020,Chelsea,Mateo Kovacic,mateo kovacic,Midfield,1818,0,1,45000000.0,0.796
2020,Chelsea,Kurt Zouma,kurt zouma,Defender,2027,5,0,32000000.0,0.781
2020,Chelsea,César Azpilicueta,cesar azpilicueta,Defender,2191,1,2,17000000.0,0.724
2020,Chelsea,Antonio Rüdiger,antonio rudiger,Defender,1710,1,0,25000000.0,0.707
2020,Chelsea,Hakim Ziyech,hakim ziyech,Attack,1177,2,3,40000000.0,0.692
2020,Chelsea,Andreas Christensen,andreas christensen,Defender,1371,0,0,28000000.0,0.674
2020,Chelsea,Tammy Abraham,tammy abraham,Attack,1034,6,2,40000000.0,0.672
2020,Chelsea,Callum Hudson-Odoi,callum hudson odoi,Attack,1058,2,3,35000000.0,0.659
2020,Chelsea,Marcos Alonso,marcos alonso,Defender,959,2,0,13000000.0,0.52
2020,Chelsea,Thiago Silva,thiago silva,Defender,1938,2,0,3500000.0,0.49
2020,Chelsea,Kepa Arrizabalaga,kepa arrizabalaga,Goalkeeper,585,0,0,13000000.0,0.469
2020,Chelsea,Fikayo Tomori,fikayo tomori,Defender,45,0,0,16000000.0,0.42
2020,Chelsea,Emerson,emerson,Defender,88,0,0,15000000.0,0.418
2020,Chelsea,Olivier Giroud,olivier giroud,Attack,747,4,0,5000000.0,0.371
2020,Chelsea,Billy Gilmour,billy gilmour,Midfield,259,0,0,7000000.0,0.346
2020,Chelsea,Willy Caballero,willy caballero,Goalkeeper,90,0,0,600000.0,0.012
2020,Crystal Palace,Wilfried Zaha,wilfried zaha,Attack,2614,11,2,45000000.0,0.914
2020,Crystal Palace,Eberechi Eze,eberechi eze,Midfield,2563,4,6,20000000.0,0.757
2020,Crystal Palace,Cheikhou Kouyaté,cheikhou kouyate,Midfield,3123,1,0,8000000.0,0.653
2020,Crystal Palace,Luka Milivojevic,luka milivojevic,Midfield,2364,1,1,10000000.0,0.604
2020,Crystal Palace,Andros Townsend,andros townsend,Attack,2259,1,5,8000000.0,0.549
2020,Crystal Palace,Jordan Ayew,jordan ayew,Attack,2097,1,3,8000000.0,0.53
2020,Crystal Palace,Christian Benteke,christian benteke,Attack,1817,10,1,9000000.0,0.518
2020,Crystal Palace,Vicente Guaita,vicente guaita,Goalkeeper,3330,0,0,3000000.0,0.495
2020,Crystal Palace,Patrick van Aanholt,patrick van aanholt,Defender,1775,0,1,8000000.0,0.491
2020,Crystal Palace,Jeffrey Schlupp,jeffrey schlupp,Midfield,1426,2,3,9000000.0,0.471
2020,Crystal Palace,Jaïro Riedewald,jairo riedewald,Midfield,1817,2,0,6000000.0,0.443
2020,Crystal Palace,Jean-Philippe Mateta,jean philippe mateta,Attack,218,1,0,15000000.0,0.421
2020,Crystal Palace,Michy Batshuayi,michy batshuayi,Attack,722,2,2,10000000.0,0.406
2020,Crystal Palace,Tyrick Mitchell,tyrick mitchell,Defender,1710,1,1,5000000.0,0.396
2020,Crystal Palace,Joel Ward,joel ward,Defender,2255,0,1,2800000.0,0.353
2020,Crystal Palace,Mamadou Sakho,mamadou sakho,Defender,275,0,0,9500000.0,0.343
2020,Crystal Palace,James McArthur,james mcarthur,Midfield,1471,0,2,3500000.0,0.301
2020,Crystal Palace,Nathaniel Clyne,nathaniel clyne,Defender,1147,0,1,4000000.0,0.287
2020,Crystal Palace,Gary Cahill,gary cahill,Defender,1800,1,1,2000000.0,0.236
2020,Crystal Palace,James McCarthy,james mccarthy,Midfield,823,0,0,3500000.0,0.223
2020,Crystal Palace,James Tomkins,james tomkins,Defender,552,0,0,3000000.0,0.162
2020,Crystal Palace,Scott Dann,scott dann,Defender,1350,1,0,1800000.0,0.162
2020,Crystal Palace,Jack Butland,jack butland,Goalkeeper,90,0,0,3000000.0,0.106
2020,Crystal Palace,Martin Kelly,martin kelly,Defender,1,0,0,1800000.0,0.0
2020,Everton,Richarlison,richarlison,Attack,2872,7,3,60000000.0,0.984
2020,Everton,Dominic Calvert-Lewin,dominic calvert lewin,Attack,2876,16,3,45000000.0,0.949
2020,Everton,Michael Keane,michael keane,Defender,2990,3,1,28000000.0,0.904
2020,Everton,Lucas Digne,lucas digne,Defender,2682,0,7,35000000.0,0.891
2020,Everton,Ben Godfrey,ben godfrey,Defender,2683,0,2,25000000.0,0.849
2020,Everton,Jordan Pickford,jordan pickford,Goalkeeper,2743,0,0,22000000.0,0.841
2020,Everton,Abdoulaye Doucouré,abdoulaye doucoure,Midfield,2452,2,3,25000000.0,0.818
2020,Everton,Mason Holgate,mason holgate,Defender,2289,1,0,18000000.0,0.755
2020,Everton,James Rodríguez,james rodriguez,Midfield,1776,6,5,30000000.0,0.751
2020,Everton,Allan,allan,Midfield,2052,0,0,22000000.0,0.749
2020,Everton,Gylfi Sigurdsson,gylfi sigurdsson,Midfield,2254,6,5,15000000.0,0.728
2020,Everton,Yerry Mina,yerry mina,Defender,1939,2,0,20000000.0,0.722
2020,Everton,Alex Iwobi,alex iwobi,Attack,1540,1,2,22000000.0,0.68
2020,Everton,André Gomes,andre gomes,Midfield,1569,0,1,20000000.0,0.672
2020,Everton,Tom Davies,tom davies,Midfield,1426,0,1,16000000.0,0.625
2020,Everton,Séamus Coleman,seamus coleman,Defender,1612,0,3,7000000.0,0.546
2020,Everton,Moise Kean,moise kean,Attack,13,0,0,25000000.0,0.492
2020,Everton,Bernard,bernard,Attack,449,1,0,12000000.0,0.458
2020,Everton,Jean-Philippe Gbamin,jean philippe gbamin,Defender,11,0,0,18000000.0,0.451
2020,Everton,Joshua King,joshua king,Attack,138,0,0,10000000.0,0.394
2020,Everton,Robin Olsen,robin olsen,Goalkeeper,630,0,0,4000000.0,0.345
2020,Everton,Jonjoe Kenny,jonjoe kenny,Defender,80,0,0,7000000.0,0.341
2020,Everton,Cenk Tosun,cenk tosun,Attack,44,0,0,7000000.0,0.337
2020,Everton,Fabian Delph,fabian delph,Midfield,261,0,0,5000000.0,0.323
2020,Everton,Anthony Gordon,anthony gordon,Attack,88,0,0,5000000.0,0.3
2020,Everton,Niels Nkounkou,niels nkounkou,Defender,81,0,0,3000000.0,0.235
2020,Everton,João Virgínia,joao virginia,Goalkeeper,47,0,0,500000.0,0.006
2020,Fulham,Alphonse Areola,alphonse areola,Goalkeeper,3240,0,0,15000000.0,0.94
2020,Fulham,Frank Anguissa,frank anguissa,Midfield,2585,0,3,25000000.0,0.919
2020,Fulham,Joachim Andersen,joachim andersen,Defender,2730,1,1,15000000.0,0.877
2020,Fulham,Ademola Lookman,ademola lookman,Attack,2756,4,4,13000000.0,0.864
2020,Fulham,Tosin Adarabioyo,tosin adarabioyo,Defender,2954,0,0,10000000.0,0.857
2020,Fulham,Ruben Loftus-Cheek,ruben loftus cheek,Midfield,1974,1,0,20000000.0,0.818
2020,Fulham,Bobby De Cordova-Reid,bobby de cordova reid,Midfield,2382,5,3,10000000.0,0.787
2020,Fulham,Ola Aina,ola aina,Defender,2670,2,1,7000000.0,0.78
2020,Fulham,Ivan Cavaleiro,ivan cavaleiro,Attack,2477,3,0,8000000.0,0.772
2020,Fulham,Harrison Reed,harrison reed,Midfield,2250,0,2,10000000.0,0.77
2020,Fulham,Aleksandar Mitrović,aleksandar mitrovic,Attack,1390,3,3,18000000.0,0.733
2020,Fulham,Antonee Robinson,antonee robinson,Defender,2162,0,0,7000000.0,0.718
2020,Fulham,Mario Lemina,mario lemina,Midfield,1705,1,1,10000000.0,0.703
2020,Fulham,Kenny Tete,kenny tete,Defender,1482,0,1,5000000.0,0.594
2020,Fulham,Tom Cairney,tom cairney,Midfield,760,1,1,9000000.0,0.574
2020,Fulham,Josh Maja,josh maja,Attack,809,3,0,6000000.0,0.533
2020,Fulham,Joe Bryan,joe bryan,Defender,665,1,1,5000000.0,0.493
2020,Fulham,Josh Onomah,josh onomah,Midfield,372,0,0,6000000.0,0.479
2020,Fulham,Michael Hector,michael hector,Defender,263,0,0,6000000.0,0.465
2020,Fulham,Marek Rodák,marek rodak,Goalkeeper,180,0,0,6000000.0,0.455
2020,Fulham,Terence Kongolo,terence kongolo,Defender,90,0,0,4000000.0,0.396
2020,Fulham,Aboubakar Kamara,aboubakar kamara,Attack,309,0,0,2000000.0,0.342
2020,Fulham,Denis Odoi,denis odoi,Defender,270,0,0,1600000.0,0.311
2020,Fulham,Maxime Le Marchand,maxime le marchand,Defender,122,0,0,1600000.0,0.293
2020,Fulham,Tim Ream,tim ream,Defender,630,0,0,800000.0,0.274
2020,Fulham,Neeskens Kebano,neeskens kebano,Attack,117,0,0,1200000.0,0.258
2020,Fulham,Fábio Carvalho,fabio carvalho,Midfield,255,1,0,250000.0,0.091
2020,Fulham,Tyrese Francois,tyrese francois,Midfield,14,0,0,150000.0,0.002
2020,Leeds United,Illan Meslier,illan meslier,Goalkeeper,3150,0,0,17000000.0,0.908
2020,Leeds United,Patrick Bamford,patrick bamford,Attack,3063,17,8,18000000.0,0.905
2020,Leeds United,Kalvin Phillips,kalvin phillips,Midfield,2429,1,2,27000000.0,0.885
2020,Leeds United,Raphinha,raphinha,Attack,2364,6,9,25000000.0,0.867
2020,Leeds United,Jack Harrison,jack harrison,Attack,2855,8,8,15000000.0,0.856
2020,Leeds United,Luke Ayling,luke ayling,Defender,3400,0,0,5000000.0,0.774
2020,Leeds United,Rodrigo,rodrigo,Attack,1288,7,2,20000000.0,0.711
2020,Leeds United,Stuart Dallas,stuart dallas,Defender,3411,8,2,3000000.0,0.707
2020,Leeds United,Diego Llorente,diego llorente,Defender,1205,1,0,20000000.0,0.701
2020,Leeds United,Liam Cooper,liam cooper,Defender,2187,1,0,7000000.0,0.676
2020,Leeds United,Robin Koch,robin koch,Defender,1131,0,0,17000000.0,0.671
2020,Leeds United,Pascal Struijk,pascal struijk,Defender,2076,1,0,7000000.0,0.663
2020,Leeds United,Mateusz Klich,mateusz klich,Midfield,2397,4,5,3500000.0,0.609
2020,Leeds United,Hélder Costa,helder costa,Attack,1156,3,3,10000000.0,0.603
2020,Leeds United,Tyler Roberts,tyler roberts,Attack,1339,1,2,5000000.0,0.532
2020,Leeds United,Jamie Shackleton,jamie shackleton,Midfield,455,0,0,2500000.0,0.336
2020,Leeds United,Ian Poveda,ian poveda,Attack,344,0,0,1500000.0,0.255
2020,Leeds United,Pablo Hernández,pablo hernandez,Midfield,417,0,2,900000.0,0.195
2020,Leeds United,Kiko Casilla,kiko casilla,Goalkeeper,270,0,0,1000000.0,0.192
2020,Leeds United,Leif Davis,leif davis,Defender,31,0,0,400000.0,0.042
2020,Leeds United,Gaetano Berardi,gaetano berardi,Defender,114,0,0,300000.0,0.013
2020,Leicester City,Youri Tielemans,youri tielemans,Midfield,3358,6,4,55000000.0,0.981
2020,Leicester City,James Maddison,james maddison,Midfield,2105,8,7,60000000.0,0.846
2020,Leicester City,Wilfred Ndidi,wilfred ndidi,Midfield,2179,1,4,50000000.0,0.83
2020,Leicester City,Wesley Fofana,wesley fofana,Defender,2265,0,1,30000000.0,0.769
2020,Leicester City,Çağlar Söyüncü,caglar soyuncu,Defender,1816,1,0,40000000.0,0.756
2020,Leicester City,Timothy Castagne,timothy castagne,Defender,2347,2,3,24000000.0,0.747
2020,Leicester City,Harvey Barnes,harvey barnes,Attack,1950,9,4,28000000.0,0.722
2020,Leicester City,Kasper Schmeichel,kasper schmeichel,Goalkeeper,3420,0,0,8000000.0,0.72
2020,Leicester City,Jamie Vardy,jamie vardy,Attack,2844,15,9,10000000.0,0.684
2020,Leicester City,James Justin,james justin,Defender,2070,2,2,17000000.0,0.667
2020,Leicester City,Ricardo Pereira,ricardo pereira,Defender,956,0,1,30000000.0,0.615
2020,Leicester City,Jonny Evans,jonny evans,Defender,2476,2,2,7000000.0,0.591
2020,Leicester City,Ayoze Pérez,ayoze perez,Attack,1332,2,1,18000000.0,0.588
2020,Leicester City,Kelechi Iheanacho,kelechi iheanacho,Attack,1457,12,2,15000000.0,0.578
2020,Leicester City,Dennis Praet,dennis praet,Midfield,723,1,1,20000000.0,0.532
2020,Leicester City,Cengiz Ünder,cengiz under,Attack,275,0,2,23000000.0,0.499
2020,Leicester City,Nampalys Mendy,nampalys mendy,Midfield,1458,0,1,8000000.0,0.491
2020,Leicester City,Marc Albrighton,marc albrighton,Midfield,1742,1,5,5000000.0,0.458
2020,Leicester City,Demarai Gray,demarai gray,Attack,18,0,0,12000000.0,0.378
2020,Leicester City,Hamza Choudhury,hamza choudhury,Midfield,314,0,0,8000000.0,0.357
2020,Leicester City,Daniel Amartey,daniel amartey,Defender,719,1,0,5000000.0,0.339
2020,Leicester City,Luke Thomas,luke thomas,Defender,970,1,0,3000000.0,0.297
2020,Leicester City,Islam Slimani,islam slimani,Attack,19,0,0,6500000.0,0.293
2020,Leicester City,Christian Fuchs,christian fuchs,Defender,702,0,0,1600000.0,0.178
2020,Leicester City,Wes Morgan,wes morgan,Defender,16,0,0,800000.0,0.002
2020,Liverpool,Mohamed Salah,mohamed salah,Attack,3082,22,5,110000000.0,0.964
2020,Liverpool,Trent Alexander-Arnold,trent alexander arnold,Defender,3033,2,7,100000000.0,0.944
2020,Liverpool,Andrew Robertson,andrew robertson,Defender,3386,1,7,70000000.0,0.932
2020,Liverpool,Sadio Mané,sadio mane,Attack,2812,11,8,100000000.0,0.918
2020,Liverpool,Alisson,alisson,Goalkeeper,2970,1,0,65000000.0,0.872
2020,Liverpool,Roberto Firmino,roberto firmino,Attack,2852,9,7,55000000.0,0.833
2020,Liverpool,Fabinho,fabinho,Midfield,2566,0,1,60000000.0,0.812
2020,Liverpool,Georginio Wijnaldum,georginio wijnaldum,Midfield,2948,2,0,35000000.0,0.777
2020,Liverpool,Thiago Alcántara,thiago alcantara,Midfield,1858,1,0,35000000.0,0.648
2020,Liverpool,Jordan Henderson,jordan henderson,Midfield,1707,1,1,28000000.0,0.597
2020,Liverpool,Virgil van Dijk,virgil van dijk,Defender,371,1,0,80000000.0,0.596
2020,Liverpool,Diogo Jota,diogo jota,Attack,1113,9,0,40000000.0,0.58
2020,Liverpool,Curtis Jones,curtis jones,Midfield,1178,1,2,30000000.0,0.545
2020,Liverpool,Joe Gomez,joe gomez,Defender,590,0,0,40000000.0,0.518
2020,Liverpool,Naby Keïta,naby keita,Midfield,521,0,0,40000000.0,0.51
2020,Liverpool,Joel Matip,joel matip,Defender,691,1,2,32000000.0,0.497
2020,Liverpool,Ozan Kabak,ozan kabak,Defender,803,0,0,25000000.0,0.473
2020,Liverpool,Alex Oxlade-Chamberlain,alex oxlade chamberlain,Midfield,245,1,1,20000000.0,0.374
2020,Liverpool,Xherdan Shaqiri,xherdan shaqiri,Midfield,552,0,2,14000000.0,0.357
2020,Liverpool,Divock Origi,divock origi,Attack,182,0,0,16000000.0,0.333
2020,Liverpool,Nathaniel Phillips,nathaniel phillips,Defender,1455,1,1,5000000.0,0.309
2020,Liverpool,Neco Williams,neco williams,Defender,249,0,0,10000000.0,0.27
2020,Liverpool,Rhys Williams,rhys williams,Defender,660,0,0,5000000.0,0.215
2020,Liverpool,Konstantinos Tsimikas,konstantinos tsimikas,Defender,6,0,0,8000000.0,0.208
2020,Liverpool,James Milner,james milner,Midfield,1061,0,1,3000000.0,0.186
2020,Liverpool,Adrián San Miguel,adrian san miguel,Goalkeeper,270,0,0,2000000.0,0.032
2020,Liverpool,Caoimhín Kelleher,caoimhin kelleher,Goalkeeper,180,0,0,2000000.0,0.021
2020,Manchester City,Ederson,ederson,Goalkeeper,3240,0,1,56000000.0,0.934
2020,Manchester City,Raheem Sterling,raheem sterling,Attack,2536,10,8,100000000.0,0.913
2020,Manchester City,Rúben Dias,ruben dias,Defender,2845,1,0,70000000.0,0.911
2020,Manchester City,Rodri,rodri,Midfield,2748,2,2,70000000.0,0.899
2020,Manchester City,Kevin De Bruyne,kevin de bruyne,Midfield,2001,6,12,100000000.0,0.847
2020,Manchester City,Bernardo Silva,bernardo silva,Midfield,2070,2,6,70000000.0,0.815
2020,Manchester City,João Cancelo,joao cancelo,Defender,2302,2,4,50000000.0,0.806
2020,Manchester City,Gabriel Jesus,gabriel jesus,Attack,2059,9,4,60000000.0,0.796
2020,Manchester City,Phil Foden,phil foden,Midfield,1614,9,5,70000000.0,0.759
2020,Manchester City,İlkay Gündoğan,ilkay gundogan,Midfield,2031,13,3,40000000.0,0.747
2020,Manchester City,Riyad Mahrez,riyad mahrez,Attack,1955,9,6,42000000.0,0.743
2020,Manchester City,Kyle Walker,kyle walker,Defender,1946,1,1,35000000.0,0.721
2020,Manchester City,John Stones,john stones,Defender,1934,4,0,30000000.0,0.702
2020,Manchester City,Aymeric Laporte,aymeric laporte,Defender,1343,0,0,50000000.0,0.687
2020,Manchester City,Ferran Torres,ferran torres,Attack,1307,7,2,50000000.0,0.683
2020,Manchester City,Oleksandr Zinchenko,oleksandr zinchenko,Defender,1474,0,0,20000000.0,0.6
2020,Manchester City,Nathan Aké,nathan ake,Defender,797,1,0,35000000.0,0.58
2020,Manchester City,Benjamin Mendy,benjamin mendy,Defender,955,2,1,22000000.0,0.546
2020,Manchester City,Sergio Agüero,sergio aguero,Attack,558,4,1,25000000.0,0.512
2020,Manchester City,Eric García,eric garcia,Defender,380,0,0,20000000.0,0.465
2020,Manchester City,Fernandinho,fernandinho,Midfield,1184,0,2,2500000.0,0.328
2020,Manchester City,Zack Steffen,zack steffen,Goalkeeper,90,0,0,6000000.0,0.293
2020,Manchester City,Scott Carson,scott carson,Goalkeeper,90,0,0,500000.0,0.011
2020,Manchester United,Bruno Fernandes,bruno fernandes,Midfield,3109,18,11,90000000.0,1.0
2020,Manchester United,Marcus Rashford,marcus rashford,Attack,2924,11,11,85000000.0,0.966
2020,Manchester United,Aaron Wan-Bissaka,aaron wan bissaka,Defender,3060,2,4,40000000.0,0.851
2020,Manchester United,Harry Maguire,harry maguire,Defender,3048,2,1,40000000.0,0.849
2020,Manchester United,Paul Pogba,paul pogba,Midfield,1896,3,5,60000000.0,0.772
2020,Manchester United,Mason Greenwood,mason greenwood,Attack,1826,7,2,50000000.0,0.731
2020,Manchester United,Luke Shaw,luke shaw,Defender,2655,1,5,25000000.0,0.716
2020,Manchester United,Anthony Martial,anthony martial,Attack,1488,4,6,55000000.0,0.705
2020,Manchester United,Victor Lindelöf,victor lindelof,Defender,2586,1,1,24000000.0,0.7
2020,Manchester United,Scott McTominay,scott mctominay,Midfield,2128,4,1,30000000.0,0.68
2020,Manchester United,Fred,fred,Midfield,2396,1,0,22000000.0,0.66
2020,Manchester United,David de Gea,david de gea,Goalkeeper,2295,0,1,22000000.0,0.647
2020,Manchester United,Donny van de Beek,donny van de beek,Midfield,513,1,1,35000000.0,0.499
2020,Manchester United,Alex Telles,alex telles,Defender,691,0,2,28000000.0,0.483
2020,Manchester United,Dean Henderson,dean henderson,Goalkeeper,1125,0,0,20000000.0,0.479
2020,Manchester United,Daniel James,daniel james,Attack,912,3,1,18000000.0,0.433
2020,Manchester United,Eric Bailly,eric bailly,Defender,915,0,0,15000000.0,0.402
2020,Manchester United,Nemanja Matić,nemanja matic,Midfield,1101,0,1,10000000.0,0.354
2020,Manchester United,Edinson Cavani,edinson cavani,Attack,1368,10,3,7000000.0,0.325
2020,Manchester United,Amad Diallo,amad diallo,Attack,167,0,1,15000000.0,0.305
2020,Manchester United,Brandon Williams,brandon williams,Defender,187,0,0,10000000.0,0.236
2020,Manchester United,Axel Tuanzebe,axel tuanzebe,Defender,403,0,0,8000000.0,0.225
2020,Manchester United,Juan Mata,juan mata,Midfield,511,1,2,6000000.0,0.188
2020,Manchester United,Timothy Fosu-Mensah,timothy fosu mensah,Defender,81,0,0,6300000.0,0.141
2020,Manchester United,Odion Ighalo,odion ighalo,Attack,9,0,0,5200000.0,0.098
2020,Manchester United,Shola Shoretire,shola shoretire,Attack,10,0,0,3000000.0,0.001
2020,Newcastle United,Callum Wilson,callum wilson,Attack,2085,12,5,25000000.0,0.893
2020,Newcastle United,Miguel Almirón,miguel almiron,Attack,2438,4,1,16000000.0,0.845
2020,Newcastle United,Allan Saint-Maximin,allan saint maximin,Attack,1567,3,4,28000000.0,0.84
2020,Newcastle United,Jonjo Shelvey,jonjo shelvey,Midfield,2617,1,3,13000000.0,0.826
2020,Newcastle United,Joelinton,joelinton,Midfield,1988,4,2,17000000.0,0.79
2020,Newcastle United,Jamal Lewis,jamal lewis,Defender,1834,0,1,17000000.0,0.767
2020,Newcastle United,Jamaal Lascelles,jamaal lascelles,Defender,1627,2,0,13000000.0,0.674
2020,Newcastle United,Sean Longstaff,sean longstaff,Midfield,1408,0,1,15000000.0,0.673
2020,Newcastle United,Isaac Hayden,isaac hayden,Midfield,1944,0,0,10000000.0,0.663
2020,Newcastle United,Joe Willock,joe willock,Midfield,1214,8,0,16000000.0,0.658
2020,Newcastle United,Fabian Schär,fabian schar,Defender,1245,1,0,12000000.0,0.598
2020,Newcastle United,Jeff Hendrick,jeff hendrick,Midfield,1425,2,1,9000000.0,0.56
2020,Newcastle United,Ryan Fraser,ryan fraser,Attack,927,0,3,12000000.0,0.549
2020,Newcastle United,Ciaran Clark,ciaran clark,Defender,1893,1,0,4000000.0,0.447
2020,Newcastle United,Karl Darlow,karl darlow,Goalkeeper,2250,0,0,3000000.0,0.436
2020,Newcastle United,Martin Dúbravka,martin dubravka,Goalkeeper,1170,0,0,6000000.0,0.429
2020,Newcastle United,Federico Fernández,federico fernandez,Defender,2082,0,0,3000000.0,0.41
2020,Newcastle United,Jacob Murphy,jacob murphy,Attack,1621,2,3,3500000.0,0.375
2020,Newcastle United,Matt Ritchie,matt ritchie,Midfield,1351,0,3,4000000.0,0.364
2020,Newcastle United,Emil Krafth,emil krafth,Defender,1291,1,0,4000000.0,0.355
2020,Newcastle United,Paul Dummett,paul dummett,Defender,1256,1,0,4000000.0,0.35
2020,Newcastle United,Dwight Gayle,dwight gayle,Attack,504,1,1,5000000.0,0.285
2020,Newcastle United,DeAndre Yedlin,deandre yedlin,Defender,437,0,0,5000000.0,0.275
2020,Newcastle United,Matty Longstaff,matty longstaff,Midfield,377,0,0,5000000.0,0.266
2020,Newcastle United,Javier Manquillo,javier manquillo,Defender,826,0,0,3000000.0,0.218
2020,Newcastle United,Andy Carroll,andy carroll,Attack,383,1,0,2000000.0,0.059
2020,Sheffield United,Aaron Ramsdale,aaron ramsdale,Goalkeeper,3420,0,0,12000000.0,0.941
2020,Sheffield United,John Egan,john egan,Defender,2630,0,1,10000000.0,0.821
2020,Sheffield United,Ethan Ampadu,ethan ampadu,Midfield,2091,0,0,12000000.0,0.785
2020,Sheffield United,George Baldock,george baldock,Defender,2789,0,2,6500000.0,0.777
2020,Sheffield United,John Fleck,john fleck,Midfield,2576,0,2,6000000.0,0.74
2020,Sheffield United,Sander Berge,sander berge,Midfield,1121,1,1,18000000.0,0.731
2020,Sheffield United,Oliver Norwood,oliver norwood,Midfield,2223,0,0,7000000.0,0.722
2020,Sheffield United,John Lundstram,john lundstram,Midfield,2032,0,2,7000000.0,0.699
2020,Sheffield United,Enda Stevens,enda stevens,Defender,2700,0,1,4000000.0,0.695
2020,Sheffield United,Oli McBurnie,oli mcburnie,Attack,1319,1,1,12000000.0,0.695
2020,Sheffield United,Rhian Brewster,rhian brewster,Attack,1122,0,0,12000000.0,0.672
2020,Sheffield United,Chris Basham,chris basham,Defender,2586,0,1,3000000.0,0.64
2020,Sheffield United,Jayden Bogle,jayden bogle,Defender,1108,2,0,7000000.0,0.591
2020,Sheffield United,Oliver Burke,oliver burke,Attack,1273,1,1,5000000.0,0.561
2020,Sheffield United,David McGoldrick,david mcgoldrick,Attack,2402,8,1,2000000.0,0.559
2020,Sheffield United,Lys Mousset,lys mousset,Attack,289,0,0,10000000.0,0.548
2020,Sheffield United,Jack O'Connell,jack o connell,Defender,180,0,0,9500000.0,0.527
2020,Sheffield United,Ben Osborn,ben osborn,Midfield,1605,1,0,2000000.0,0.466
2020,Sheffield United,Max Lowe,max lowe,Defender,551,0,0,3500000.0,0.424
2020,Sheffield United,Kean Bryan,kean bryan,Defender,1007,1,0,2000000.0,0.396
2020,Sheffield United,Jack Robinson,jack robinson,Defender,876,0,2,2000000.0,0.38
2020,Sheffield United,Billy Sharp,billy sharp,Attack,728,3,0,1000000.0,0.262
2020,Sheffield United,Phil Jagielka,phil jagielka,Defender,527,0,0,300000.0,0.062
2020,Southampton,James Ward-Prowse,james ward prowse,Midfield,3420,8,7,28000000.0,1.0
2020,Southampton,Jan Bednarek,jan bednarek,Defender,3101,1,1,25000000.0,0.948
2020,Southampton,Ché Adams,che adams,Attack,2674,9,5,18000000.0,0.857
2020,Southampton,Kyle Walker-Peters,kyle walker peters,Defender,2649,0,3,18000000.0,0.854
2020,Southampton,Jannik Vestergaard,jannik vestergaard,Defender,2575,3,0,18000000.0,0.845
2020,Southampton,Danny Ings,danny ings,Attack,2185,12,4,22000000.0,0.825
2020,Southampton,Ryan Bertrand,ryan bertrand,Defender,2599,0,1,10000000.0,0.773
2020,Southampton,Nathan Redmond,nathan redmond,Attack,1730,2,3,18000000.0,0.746
2020,Southampton,Stuart Armstrong,stuart armstrong,Midfield,2774,4,5,6500000.0,0.739
2020,Southampton,Alex McCarthy,alex mccarthy,Goalkeeper,2700,0,0,6000000.0,0.72
2020,Southampton,Moussa Djenepo,moussa djenepo,Attack,1238,1,0,13000000.0,0.647
2020,Southampton,Ibrahima Diallo,ibrahima diallo,Midfield,1012,0,0,15000000.0,0.639
2020,Southampton,Oriol Romeu,oriol romeu,Midfield,1767,1,1,7000000.0,0.63
2020,Southampton,Takumi Minamino,takumi minamino,Attack,1006,3,0,12000000.0,0.61
2020,Southampton,Theo Walcott,theo walcott,Attack,1641,3,3,6000000.0,0.596
2020,Southampton,Mohammed Salisu,mohammed salisu,Defender,842,0,0,10000000.0,0.568
2020,Southampton,Jack Stephens,jack stephens,Defender,1539,0,0,4500000.0,0.548
2020,Southampton,Fraser Forster,fraser forster,Goalkeeper,720,0,0,4000000.0,0.437
2020,Southampton,Yan Valery,yan valery,Defender,101,0,0,6300000.0,0.422
2020,Southampton,Michael Obafemi,michael obafemi,Attack,57,0,0,3500000.0,0.342
2020,Southampton,Will Smallbone,will smallbone,Midfield,173,0,0,3000000.0,0.336
2020,Southampton,Shane Long,shane long,Attack,201,0,0,2800000.0,0.331
2020,Southampton,Nathan Tella,nathan tella,Attack,742,1,1,1500000.0,0.315
2020,Southampton,Dan Nlundulu,dan nlundulu,Attack,102,0,0,1000000.0,0.188
2020,Southampton,Jake Vokins,jake vokins,Defender,67,0,0,250000.0,0.008
2020,Tottenham Hotspur,Harry Kane,harry kane,Attack,3086,23,14,120000000.0,0.961
2020,Tottenham Hotspur,Heung-min Son,heung min son,Attack,3126,17,10,85000000.0,0.932
2020,Tottenham Hotspur,Pierre-Emile Højbjerg,pierre emile h jbjerg,Midfield,3420,2,4,35000000.0,0.88
2020,Tottenham Hotspur,Tanguy Ndombélé,tanguy ndombele,Midfield,2106,3,2,50000000.0,0.761
2020,Tottenham Hotspur,Hugo Lloris,hugo lloris,Goalkeeper,3420,0,0,9000000.0,0.748
2020,Tottenham Hotspur,Eric Dier,eric dier,Defender,2520,0,0,25000000.0,0.742
2020,Tottenham Hotspur,Sergio Reguilón,sergio reguilon,Defender,2249,0,4,25000000.0,0.711
2020,Tottenham Hotspur,Toby Alderweireld,toby alderweireld,Defender,2241,1,0,15000000.0,0.66
2020,Tottenham Hotspur,Davinson Sánchez,davinson sanchez,Defender,1486,0,0,35000000.0,0.654
2020,Tottenham Hotspur,Serge Aurier,serge aurier,Defender,1608,2,3,20000000.0,0.614
2020,Tottenham Hotspur,Lucas Moura,lucas moura,Attack,1403,3,4,25000000.0,0.612
2020,Tottenham Hotspur,Steven Bergwijn,steven bergwijn,Attack,1212,1,4,25000000.0,0.589
2020,Tottenham Hotspur,Giovani Lo Celso,giovani lo celso,Midfield,950,1,1,30000000.0,0.576
2020,Tottenham Hotspur,Moussa Sissoko,moussa sissoko,Midfield,1577,0,0,13000000.0,0.568
2020,Tottenham Hotspur,Ben Davies,ben davies,Defender,1340,0,2,16000000.0,0.561
2020,Tottenham Hotspur,Matt Doherty,matt doherty,Defender,1239,0,2,18000000.0,0.561
2020,Tottenham Hotspur,Dele Alli,dele alli,Midfield,618,0,1,32000000.0,0.544
2020,Tottenham Hotspur,Harry Winks,harry winks,Midfield,861,0,0,22000000.0,0.536
2020,Tottenham Hotspur,Gareth Bale,gareth bale,Attack,922,11,2,20000000.0,0.534
2020,Tottenham Hotspur,Erik Lamela,erik lamela,Attack,704,1,0,16000000.0,0.487
2020,Tottenham Hotspur,Carlos Vinícius,carlos vinicius,Attack,305,1,0,20000000.0,0.462
2020,Tottenham Hotspur,Joe Rodon,joe rodon,Defender,732,0,0,10000000.0,0.444
2020,Tottenham Hotspur,Japhet Tanganga,japhet tanganga,Defender,488,0,0,8000000.0,0.394
2020,Tottenham Hotspur,Dane Scarlett,dane scarlett,Attack,1,0,0,250000.0,0.0
2020,West Bromwich Albion,Matheus Pereira,matheus pereira,Midfield,2583,11,6,13000000.0,0.848
2020,West Bromwich Albion,Conor Gallagher,conor gallagher,Midfield,2532,2,2,12000000.0,0.826
2020,West Bromwich Albion,Ainsley Maitland-Niles,ainsley maitland niles,Defender,1719,0,1,18000000.0,0.806
2020,West Bromwich Albion,Sam Johnstone,sam johnstone,Goalkeeper,3330,0,1,6000000.0,0.788
2020,West Bromwich Albion,Semi Ajayi,semi ajayi,Defender,2780,2,0,5000000.0,0.687
2020,West Bromwich Albion,Darnell Furlong,darnell furlong,Defender,2930,1,3,4500000.0,0.685
2020,West Bromwich Albion,Grady Diangana,grady diangana,Attack,1237,1,0,12000000.0,0.67
2020,West Bromwich Albion,Karlan Grant,karlan grant,Attack,1132,1,0,9000000.0,0.602
2020,West Bromwich Albion,Callum Robinson,callum robinson,Attack,1563,5,0,6000000.0,0.576
2020,West Bromwich Albion,Kyle Bartley,kyle bartley,Defender,2584,3,1,2800000.0,0.552
2020,West Bromwich Albion,Matt Phillips,matt phillips,Attack,1825,2,1,4000000.0,0.529
2020,West Bromwich Albion,Okay Yokuşlu,okay yokuslu,Midfield,1319,0,1,5000000.0,0.512
2020,West Bromwich Albion,Dara O'Shea,dara o shea,Defender,2103,0,0,3000000.0,0.507
2020,West Bromwich Albion,Filip Krovinovic,filip krovinovic,Midfield,543,0,0,6500000.0,0.469
2020,West Bromwich Albion,Romaine Sawyers,romaine sawyers,Midfield,1490,0,0,3200000.0,0.446
2020,West Bromwich Albion,Jake Livermore,jake livermore,Midfield,1246,0,0,3000000.0,0.404
2020,West Bromwich Albion,Mbaye Diagne,mbaye diagne,Attack,1193,3,2,3000000.0,0.398
2020,West Bromwich Albion,Conor Townsend,conor townsend,Defender,2235,0,2,1500000.0,0.39
2020,West Bromwich Albion,Robert Snodgrass,robert snodgrass,Attack,531,0,0,4000000.0,0.374
2020,West Bromwich Albion,Kieran Gibbs,kieran gibbs,Defender,810,0,0,3200000.0,0.364
2020,West Bromwich Albion,Ahmed Hegazy,ahmed hegazy,Defender,90,0,0,3500000.0,0.295
2020,West Bromwich Albion,Charlie Austin,charlie austin,Attack,135,0,0,3200000.0,0.283
2020,West Bromwich Albion,Hal Robson-Kanu,hal robson kanu,Attack,547,2,0,1800000.0,0.222
2020,West Bromwich Albion,Rekeem Harper,rekeem harper,Midfield,31,0,0,2300000.0,0.207
2020,West Bromwich Albion,Kamil Grosicki,kamil grosicki,Attack,149,0,1,1500000.0,0.139
2020,West Bromwich Albion,Kyle Edwards,kyle edwards,Midfield,114,0,0,1300000.0,0.107
2020,West Bromwich Albion,Branislav Ivanovic,branislav ivanovic,Defender,767,0,0,800000.0,0.092
2020,West Bromwich Albion,David Button,david button,Goalkeeper,90,0,0,1200000.0,0.089
2020,West Bromwich Albion,Sam Field,sam field,Midfield,61,0,0,1000000.0,0.05
2020,West Bromwich Albion,Lee Peltier,lee peltier,Defender,228,0,0,800000.0,0.027
2020,West Ham United,Declan Rice,declan rice,Midfield,2880,2,1,60000000.0,0.937
2020,West Ham United,Tomáš Souček,tomas soucek,Midfield,3420,10,1,40000000.0,0.934
2020,West Ham United,Jarrod Bowen,jarrod bowen,Attack,2577,8,5,30000000.0,0.789
2020,West Ham United,Pablo Fornals,pablo fornals,Midfield,2584,5,4,18000000.0,0.706
2020,West Ham United,Vladimír Coufal,vladimir coufal,Defender,3055,0,7,10000000.0,0.666
2020,West Ham United,Saïd Benrahma,said benrahma,Attack,1388,1,6,22000000.0,0.599
2020,West Ham United,Sébastien Haller,sebastien haller,Attack,935,3,0,30000000.0,0.597
2020,West Ham United,Aaron Cresswell,aaron cresswell,Defender,3172,0,8,6000000.0,0.596
2020,West Ham United,Michail Antonio,michail antonio,Attack,1983,10,5,12000000.0,0.57
2020,West Ham United,Issa Diop,issa diop,Defender,1379,2,0,18000000.0,0.565
2020,West Ham United,Jesse Lingard,jesse lingard,Midfield,1425,9,5,15000000.0,0.541
2020,West Ham United,Felipe Anderson,felipe anderson,Attack,2,0,0,25000000.0,0.458
2020,West Ham United,Craig Dawson,craig dawson,Defender,1926,3,0,5000000.0,0.421
2020,West Ham United,Angelo Ogbonna,angelo ogbonna,Defender,2493,3,0,3000000.0,0.404
2020,West Ham United,Arthur Masuaku,arthur masuaku,Defender,1010,0,2,7500000.0,0.38
2020,West Ham United,Manuel Lanzini,manuel lanzini,Midfield,562,1,1,10000000.0,0.374
2020,West Ham United,Lukasz Fabianski,lukasz fabianski,Goalkeeper,3150,0,0,1500000.0,0.368
2020,West Ham United,Fabián Balbuena,fabian balbuena,Defender,1198,1,0,5000000.0,0.336
2020,West Ham United,Andriy Yarmolenko,andriy yarmolenko,Attack,363,0,1,5000000.0,0.238
2020,West Ham United,Mark Noble,mark noble,Midfield,706,0,0,3000000.0,0.195
2020,West Ham United,Ryan Fredericks,ryan fredericks,Defender,567,1,1,3000000.0,0.179
2020,West Ham United,Ben Johnson,ben johnson,Defender,518,1,0,3000000.0,0.173
2020,West Ham United,Darren Randolph,darren randolph,Goalkeeper,270,0,0,1500000.0,0.032
2020,Wolverhampton Wanderers,Rúben Neves,ruben neves,Midfield,2680,5,1,50000000.0,0.922
2020,Wolverhampton Wanderers,Nélson Semedo,nelson semedo,Defender,2988,1,1,32000000.0,0.89
2020,Wolverhampton Wanderers,Conor Coady,conor coady,Defender,3304,1,0,22000000.0,0.871
2020,Wolverhampton Wanderers,Adama Traoré,adama traore,Attack,2643,2,3,35000000.0,0.863
2020,Wolverhampton Wanderers,Pedro Neto,pedro neto,Attack,2560,5,6,35000000.0,0.853
2020,Wolverhampton Wanderers,Leander Dendoncker,leander dendoncker,Midfield,2500,1,0,32000000.0,0.832
2020,Wolverhampton Wanderers,Rui Patrício,rui patricio,Goalkeeper,3330,0,0,10000000.0,0.753
2020,Wolverhampton Wanderers,Daniel Podence,daniel podence,Attack,1677,3,2,25000000.0,0.695
2020,Wolverhampton Wanderers,Raúl Jiménez,raul jimenez,Attack,825,4,0,40000000.0,0.665
2020,Wolverhampton Wanderers,Fábio Silva,fabio silva,Attack,1356,4,3,25000000.0,0.657
2020,Wolverhampton Wanderers,Romain Saïss,romain saiss,Defender,2408,3,0,10000000.0,0.642
2020,Wolverhampton Wanderers,Willy Boly,willy boly,Defender,1880,1,1,14000000.0,0.631
2020,Wolverhampton Wanderers,Rayan Aït-Nouri,rayan ait nouri,Defender,1405,1,1,20000000.0,0.628
2020,Wolverhampton Wanderers,Willian José,willian jose,Attack,1115,1,1,20000000.0,0.593
2020,Wolverhampton Wanderers,João Moutinho,joao moutinho,Midfield,2534,1,1,4000000.0,0.517
2020,Wolverhampton Wanderers,Jonny Otto,jonny otto,Defender,499,0,0,16000000.0,0.485
2020,Wolverhampton Wanderers,Maximilian Kilman,maximilian kilman,Defender,1307,0,1,4500000.0,0.388
2020,Wolverhampton Wanderers,Patrick Cutrone,patrick cutrone,Attack,23,0,0,12000000.0,0.384
2020,Wolverhampton Wanderers,Ki-Jana Hoever,ki jana hoever,Defender,574,0,0,7000000.0,0.367
2020,Wolverhampton Wanderers,Rúben Vinagre,ruben vinagre,Midfield,172,0,0,9000000.0,0.358
2020,Wolverhampton Wanderers,Vitinha,vitinha,Midfield,513,0,1,6000000.0,0.336
2020,Wolverhampton Wanderers,Morgan Gibbs-White,morgan gibbs white,Midfield,410,1,0,6000000.0,0.324
2020,Wolverhampton Wanderers,Marçal,marcal,Defender,620,0,0,1800000.0,0.165
2020,Wolverhampton Wanderers,Owen Otasowie,owen otasowie,Midfield,187,0,1,1500000.0,0.085
2020,Wolverhampton Wanderers,John Ruddy,john ruddy,Goalkeeper,91,0,0,1000000.0,0.011
2021,Arsenal,Bukayo Saka,bukayo saka,Attack,2994,11,7,65000000.0,0.99
2021,Arsenal,Ben White,ben white,Defender,2880,0,0,40000000.0,0.876
2021,Arsenal,Martin Ødegaard,martin degaard,Midfield,2793,7,4,42000000.0,0.875
2021,Arsenal,Gabriel,gabriel,Defender,3067,5,0,30000000.0,0.841
2021,Arsenal,Aaron Ramsdale,aaron ramsdale,Goalkeeper,3060,0,0,25000000.0,0.803
2021,Arsenal,Thomas Partey,thomas partey,Midfield,2033,2,1,40000000.0,0.765
2021,Arsenal,Emile Smith Rowe,emile smith rowe,Midfield,1920,10,2,40000000.0,0.751
2021,Arsenal,Gabriel Martinelli,gabriel martinelli,Attack,1867,6,6,38000000.0,0.733
2021,Arsenal,Kieran Tierney,kieran tierney,Defender,1919,1,3,32000000.0,0.705
2021,Arsenal,Granit Xhaka,granit xhaka,Midfield,2331,1,2,20000000.0,0.662
2021,Arsenal,Takehiro Tomiyasu,takehiro tomiyasu,Defender,1684,0,1,25000000.0,0.623
2021,Arsenal,Alexandre Lacazette,alexandre lacazette,Attack,1787,4,7,20000000.0,0.591
2021,Arsenal,Pierre-Emerick Aubameyang,pierre emerick aubameyang,Attack,1040,4,1,25000000.0,0.539
2021,Arsenal,Nicolas Pépé,nicolas pepe,Attack,681,1,2,30000000.0,0.53
2021,Arsenal,Albert Sambi Lokonga,albert sambi lokonga,Midfield,1132,0,0,16000000.0,0.46
2021,Arsenal,Nuno Tavares,nuno tavares,Defender,1171,1,1,13000000.0,0.422
2021,Arsenal,Bernd Leno,bernd leno,Goalkeeper,360,0,0,16000000.0,0.359
2021,Arsenal,Ainsley Maitland-Niles,ainsley maitland niles,Defender,264,0,0,16000000.0,0.347
2021,Arsenal,Rob Holding,rob holding,Defender,841,1,0,10000000.0,0.325
2021,Arsenal,Eddie Nketiah,eddie nketiah,Attack,826,5,1,10000000.0,0.323
2021,Arsenal,Mohamed Elneny,mohamed elneny,Midfield,801,0,2,9000000.0,0.298
2021,Arsenal,Cédric Soares,cedric soares,Defender,1484,1,1,5000000.0,0.267
2021,Arsenal,Reiss Nelson,reiss nelson,Attack,19,0,0,9000000.0,0.196
2021,Arsenal,Pablo Marí,pablo mari,Defender,180,0,0,7000000.0,0.166
2021,Arsenal,Sead Kolasinac,sead kolasinac,Defender,91,0,0,3500000.0,0.012
2021,Aston Villa,Emiliano Martínez,emiliano martinez,Goalkeeper,3240,0,0,32000000.0,0.972
2021,Aston Villa,Tyrone Mings,tyrone mings,Defender,3188,1,3,32000000.0,0.966
2021,Aston Villa,Ollie Watkins,ollie watkins,Attack,2955,11,2,35000000.0,0.95
2021,Aston Villa,John McGinn,john mcginn,Midfield,3093,3,4,30000000.0,0.947
2021,Aston Villa,Matty Cash,matty cash,Defender,3380,4,3,22000000.0,0.941
2021,Aston Villa,Douglas Luiz,douglas luiz,Midfield,2722,2,3,35000000.0,0.922
2021,Aston Villa,Lucas Digne,lucas digne,Defender,2443,0,4,30000000.0,0.87
2021,Aston Villa,Ezri Konsa,ezri konsa,Defender,2481,2,0,25000000.0,0.851
2021,Aston Villa,Jacob Ramsey,jacob ramsey,Midfield,2479,6,1,22000000.0,0.835
2021,Aston Villa,Emiliano Buendía,emiliano buendia,Attack,1901,4,6,35000000.0,0.825
2021,Aston Villa,Danny Ings,danny ings,Attack,1905,7,6,22000000.0,0.767
2021,Aston Villa,Philippe Coutinho,philippe coutinho,Midfield,1338,5,3,20000000.0,0.688
2021,Aston Villa,Leon Bailey,leon bailey,Attack,755,1,2,30000000.0,0.67
2021,Aston Villa,Calum Chambers,calum chambers,Defender,1001,1,0,12000000.0,0.584
2021,Aston Villa,Bertrand Traoré,bertrand traore,Attack,213,0,0,20000000.0,0.555
2021,Aston Villa,Morgan Sanson,morgan sanson,Midfield,352,0,0,14000000.0,0.526
2021,Aston Villa,Marvelous Nakamba,marvelous nakamba,Midfield,904,0,0,7000000.0,0.504
2021,Aston Villa,Anwar El Ghazi,anwar el ghazi,Attack,394,1,1,10000000.0,0.489
2021,Aston Villa,Axel Tuanzebe,axel tuanzebe,Defender,505,0,0,8000000.0,0.474
2021,Aston Villa,Trezeguet,trezeguet,Attack,10,0,0,10000000.0,0.443
2021,Aston Villa,Kortney Hause,kortney hause,Defender,397,1,0,5000000.0,0.402
2021,Aston Villa,Carney Chukwuemeka,carney chukwuemeka,Midfield,294,0,1,2500000.0,0.302
2021,Aston Villa,Ashley Young,ashley young,Defender,1238,0,2,1000000.0,0.298
2021,Aston Villa,Keinan Davis,keinan davis,Attack,11,0,0,3000000.0,0.292
2021,Aston Villa,Robin Olsen,robin olsen,Goalkeeper,90,0,0,2000000.0,0.25
2021,Aston Villa,Jed Steer,jed steer,Goalkeeper,90,0,0,800000.0,0.134
2021,Aston Villa,Jaden Philogene,jaden philogene,Attack,4,0,0,500000.0,0.065
2021,Aston Villa,Cameron Archer,cameron archer,Attack,24,0,0,300000.0,0.003
2021,Brentford,Ivan Toney,ivan toney,Attack,2908,12,5,35000000.0,0.95
2021,Brentford,Bryan Mbeumo,bryan mbeumo,Attack,2916,4,7,16000000.0,0.846
2021,Brentford,Rico Henry,rico henry,Defender,2784,3,0,18000000.0,0.846
2021,Brentford,Christian Nørgaard,christian n rgaard,Midfield,3059,3,4,10000000.0,0.8
2021,Brentford,David Raya,david raya,Goalkeeper,2160,0,0,18000000.0,0.771
2021,Brentford,Pontus Jansson,pontus jansson,Defender,3322,3,2,6000000.0,0.763
2021,Brentford,Ethan Pinnock,ethan pinnock,Defender,2697,1,1,10000000.0,0.757
2021,Brentford,Kristoffer Ajer,kristoffer ajer,Defender,1987,1,2,17000000.0,0.742
2021,Brentford,Vitaly Janelt,vitaly janelt,Midfield,2308,4,0,12000000.0,0.734
2021,Brentford,Sergi Canós,sergi canos,Attack,2094,3,2,14000000.0,0.729
2021,Brentford,Christian Eriksen,christian eriksen,Midfield,938,1,4,15000000.0,0.599
2021,Brentford,Mathias Jensen,mathias jensen,Midfield,1600,0,1,8000000.0,0.595
2021,Brentford,Yoane Wissa,yoane wissa,Attack,1273,7,1,10000000.0,0.585
2021,Brentford,Frank Onyeka,frank onyeka,Midfield,1051,0,0,10000000.0,0.558
2021,Brentford,Josh Dasilva,josh dasilva,Midfield,252,0,0,10000000.0,0.462
2021,Brentford,Álvaro Fernández,alvaro fernandez,Goalkeeper,1080,0,0,4000000.0,0.439
2021,Brentford,Mads Bech Sørensen,mads bech s rensen,Defender,833,0,0,4000000.0,0.409
2021,Brentford,Shandon Baptiste,shandon baptiste,Midfield,905,1,0,3000000.0,0.379
2021,Brentford,Marcus Forss,marcus forss,Attack,203,0,1,4500000.0,0.349
2021,Brentford,Saman Ghoddos,saman ghoddos,Midfield,528,1,2,3000000.0,0.334
2021,Brentford,Mads Roerslev,mads roerslev,Defender,1233,1,1,1500000.0,0.326
2021,Brentford,Tariqe Fosu,tariqe fosu,Attack,16,0,0,2500000.0,0.248
2021,Brentford,Zanka,zanka,Defender,517,1,0,1500000.0,0.24
2021,Brentford,Jonas Lössl,jonas lossl,Goalkeeper,180,0,0,1000000.0,0.145
2021,Brentford,Mads Bidstrup,mads bidstrup,Midfield,36,0,0,900000.0,0.113
2021,Brentford,Dominic Thompson,dominic thompson,Defender,148,0,0,800000.0,0.111
2021,Brentford,Charlie Goode,charlie goode,Defender,448,0,0,600000.0,0.108
2021,Brentford,Fin Stevens,fin stevens,Defender,14,0,0,400000.0,0.002
2021,Brighton & Hove Albion,Marc Cucurella,marc cucurella,Defender,3092,1,1,20000000.0,0.901
2021,Brighton & Hove Albion,Robert Sánchez,robert sanchez,Goalkeeper,3330,0,0,14000000.0,0.884
2021,Brighton & Hove Albion,Yves Bissouma,yves bissouma,Midfield,2116,1,2,35000000.0,0.854
2021,Brighton & Hove Albion,Lewis Dunk,lewis dunk,Defender,2574,1,0,22000000.0,0.851
2021,Brighton & Hove Albion,Leandro Trossard,leandro trossard,Attack,2809,8,3,17000000.0,0.846
2021,Brighton & Hove Albion,Neal Maupay,neal maupay,Attack,2274,8,2,20000000.0,0.803
2021,Brighton & Hove Albion,Joël Veltman,joel veltman,Defender,2881,1,1,8000000.0,0.76
2021,Brighton & Hove Albion,Tariq Lamptey,tariq lamptey,Defender,1556,0,2,18000000.0,0.703
2021,Brighton & Hove Albion,Alexis Mac Allister,alexis mac allister,Midfield,2115,5,2,10000000.0,0.696
2021,Brighton & Hove Albion,Adam Webster,adam webster,Defender,1432,2,0,18000000.0,0.688
2021,Brighton & Hove Albion,Jakub Moder,jakub moder,Midfield,1703,0,3,12000000.0,0.67
2021,Brighton & Hove Albion,Enock Mwepu,enock mwepu,Midfield,994,2,5,20000000.0,0.649
2021,Brighton & Hove Albion,Pascal Groß,pascal gro,Midfield,2043,2,4,7000000.0,0.643
2021,Brighton & Hove Albion,Solly March,solly march,Attack,1740,0,2,9000000.0,0.638
2021,Brighton & Hove Albion,Shane Duffy,shane duffy,Defender,1434,1,0,5000000.0,0.527
2021,Brighton & Hove Albion,Danny Welbeck,danny welbeck,Attack,1476,6,3,3000000.0,0.468
2021,Brighton & Hove Albion,Adam Lallana,adam lallana,Midfield,1561,0,1,2500000.0,0.455
2021,Brighton & Hove Albion,Steven Alzate,steven alzate,Midfield,405,0,0,6000000.0,0.426
2021,Brighton & Hove Albion,Moisés Caicedo,moises caicedo,Midfield,664,1,1,4500000.0,0.421
2021,Brighton & Hove Albion,Aaron Connolly,aaron connolly,Attack,155,0,0,7000000.0,0.416
2021,Brighton & Hove Albion,Jürgen Locadia,jurgen locadia,Attack,22,0,0,3500000.0,0.312
2021,Brighton & Hove Albion,Jason Steele,jason steele,Goalkeeper,90,0,0,800000.0,0.134
2021,Brighton & Hove Albion,Evan Ferguson,evan ferguson,Attack,22,0,0,400000.0,0.039
2021,Brighton & Hove Albion,Taylor Richards,taylor richards,Midfield,23,0,0,400000.0,0.039
2021,Brighton & Hove Albion,Jeremy Sarmiento,jeremy sarmiento,Attack,45,0,0,300000.0,0.005
2021,Burnley,Dwight McNeil,dwight mcneil,Attack,3112,0,1,22000000.0,0.984
2021,Burnley,James Tarkowski,james tarkowski,Defender,3107,1,2,22000000.0,0.984
2021,Burnley,Nick Pope,nick pope,Goalkeeper,3240,0,0,15000000.0,0.931
2021,Burnley,Chris Wood,chris wood,Attack,2707,5,0,10000000.0,0.791
2021,Burnley,Josh Brownhill,josh brownhill,Midfield,2953,2,3,7000000.0,0.757
2021,Burnley,Maxwel Cornet,maxwel cornet,Attack,1776,9,1,14000000.0,0.737
2021,Burnley,Wout Weghorst,wout weghorst,Attack,1458,2,3,17000000.0,0.733
2021,Burnley,Charlie Taylor,charlie taylor,Defender,2730,0,3,4000000.0,0.628
2021,Burnley,Nathan Collins,nathan collins,Defender,1670,2,0,8000000.0,0.623
2021,Burnley,Ashley Westwood,ashley westwood,Midfield,2289,0,3,4000000.0,0.574
2021,Burnley,Ben Mee,ben mee,Defender,1840,3,0,4000000.0,0.519
2021,Burnley,Connor Roberts,connor roberts,Defender,1690,1,1,3000000.0,0.448
2021,Burnley,Jack Cork,jack cork,Midfield,1676,1,0,3000000.0,0.446
2021,Burnley,Jay Rodríguez,jay rodriguez,Attack,1371,2,2,3000000.0,0.409
2021,Burnley,Matthew Lowton,matthew lowton,Defender,1773,1,2,2000000.0,0.385
2021,Burnley,Jóhann Berg Gudmundsson,johann berg gudmundsson,Attack,1105,0,1,3000000.0,0.376
2021,Burnley,Matej Vydra,matej vydra,Attack,668,2,3,3000000.0,0.322
2021,Burnley,Ashley Barnes,ashley barnes,Attack,799,1,0,2000000.0,0.265
2021,Burnley,Aaron Lennon,aaron lennon,Attack,1549,2,0,1000000.0,0.232
2021,Burnley,Erik Pieters,erik pieters,Defender,727,0,1,1000000.0,0.13
2021,Burnley,Dale Stephens,dale stephens,Midfield,123,0,0,1500000.0,0.129
2021,Burnley,Kevin Long,kevin long,Defender,408,0,0,1000000.0,0.091
2021,Burnley,Wayne Hennessey,wayne hennessey,Goalkeeper,180,0,0,800000.0,0.022
2021,Chelsea,Mason Mount,mason mount,Midfield,2364,11,10,75000000.0,0.888
2021,Chelsea,Antonio Rüdiger,antonio rudiger,Defender,3036,3,2,35000000.0,0.846
2021,Chelsea,Edouard Mendy,edouard mendy,Goalkeeper,3060,0,0,32000000.0,0.834
2021,Chelsea,Romelu Lukaku,romelu lukaku,Attack,1586,8,1,85000000.0,0.807
2021,Chelsea,Kai Havertz,kai havertz,Attack,1811,8,4,70000000.0,0.804
2021,Chelsea,Jorginho,jorginho,Midfield,2279,6,2,45000000.0,0.79
2021,Chelsea,Reece James,reece james,Defender,1865,5,9,55000000.0,0.77
2021,Chelsea,N'Golo Kanté,n golo kante,Midfield,1778,2,4,50000000.0,0.742
2021,Chelsea,Mateo Kovacic,mateo kovacic,Midfield,1556,2,5,45000000.0,0.695
2021,Chelsea,Christian Pulisic,christian pulisic,Attack,1286,6,2,45000000.0,0.66
2021,Chelsea,Timo Werner,timo werner,Attack,1286,4,1,42000000.0,0.648
2021,Chelsea,Andreas Christensen,andreas christensen,Defender,1494,0,0,35000000.0,0.644
2021,Chelsea,Hakim Ziyech,hakim ziyech,Attack,1316,4,3,32000000.0,0.606
2021,Chelsea,Marcos Alonso,marcos alonso,Defender,2172,4,5,15000000.0,0.589
2021,Chelsea,Callum Hudson-Odoi,callum hudson odoi,Attack,966,1,3,32000000.0,0.56
2021,Chelsea,Trevoh Chalobah,trevoh chalobah,Defender,1448,3,1,20000000.0,0.543
2021,Chelsea,Ruben Loftus-Cheek,ruben loftus cheek,Midfield,1387,0,3,20000000.0,0.535
2021,Chelsea,Ben Chilwell,ben chilwell,Defender,541,3,1,38000000.0,0.534
2021,Chelsea,César Azpilicueta,cesar azpilicueta,Defender,2074,1,2,11000000.0,0.523
2021,Chelsea,Saúl Ñíguez,saul niguez,Midfield,478,0,0,28000000.0,0.474
2021,Chelsea,Thiago Silva,thiago silva,Defender,2651,3,1,2500000.0,0.347
2021,Chelsea,Ross Barkley,ross barkley,Midfield,175,1,0,13000000.0,0.303
2021,Chelsea,Emerson,emerson,Defender,4,0,0,14000000.0,0.294
2021,Chelsea,Kepa Arrizabalaga,kepa arrizabalaga,Goalkeeper,360,0,0,10000000.0,0.283
2021,Chelsea,Malang Sarr,malang sarr,Defender,546,0,0,8000000.0,0.269
2021,Chelsea,Kenedy,kenedy,Attack,59,0,1,7000000.0,0.183
2021,Crystal Palace,Marc Guéhi,marc guehi,Defender,3223,2,1,30000000.0,0.947
2021,Crystal Palace,Wilfried Zaha,wilfried zaha,Attack,2762,14,1,40000000.0,0.943
2021,Crystal Palace,Joachim Andersen,joachim andersen,Defender,2915,0,3,22000000.0,0.853
2021,Crystal Palace,Tyrick Mitchell,tyrick mitchell,Defender,3103,0,2,17000000.0,0.829
2021,Crystal Palace,Odsonne Édouard,odsonne edouard,Attack,1566,6,3,17000000.0,0.638
2021,Crystal Palace,Michael Olise,michael olise,Attack,1135,2,5,22000000.0,0.632
2021,Crystal Palace,Eberechi Eze,eberechi eze,Midfield,602,1,1,20000000.0,0.548
2021,Crystal Palace,Jeffrey Schlupp,jeffrey schlupp,Midfield,1846,4,2,8000000.0,0.535
2021,Crystal Palace,Jordan Ayew,jordan ayew,Attack,2025,3,3,6000000.0,0.505
2021,Crystal Palace,Jean-Philippe Mateta,jean philippe mateta,Attack,1149,5,1,8000000.0,0.448
2021,Crystal Palace,Cheikhou Kouyaté,cheikhou kouyate,Midfield,1978,0,1,4000000.0,0.425
2021,Crystal Palace,Christian Benteke,christian benteke,Attack,1137,4,1,7000000.0,0.423
2021,Crystal Palace,Will Hughes,will hughes,Midfield,1058,0,1,6000000.0,0.385
2021,Crystal Palace,Joel Ward,joel ward,Defender,2486,0,0,2000000.0,0.361
2021,Crystal Palace,Vicente Guaita,vicente guaita,Goalkeeper,2655,0,0,1500000.0,0.33
2021,Crystal Palace,Luka Milivojevic,luka milivojevic,Midfield,776,0,0,5000000.0,0.316
2021,Crystal Palace,Jaïro Riedewald,jairo riedewald,Midfield,117,0,0,6000000.0,0.268
2021,Crystal Palace,Nathaniel Clyne,nathaniel clyne,Defender,1351,0,1,2000000.0,0.22
2021,Crystal Palace,Nathan Ferguson,nathan ferguson,Defender,8,0,0,4000000.0,0.18
2021,Crystal Palace,James McArthur,james mcarthur,Midfield,1437,0,4,1500000.0,0.178
2021,Crystal Palace,Jack Butland,jack butland,Goalkeeper,765,0,0,2000000.0,0.148
2021,Crystal Palace,James Tomkins,james tomkins,Defender,546,1,0,2000000.0,0.12
2021,Everton,Richarlison,richarlison,Attack,2528,10,5,50000000.0,0.921
2021,Everton,Jordan Pickford,jordan pickford,Goalkeeper,3150,0,0,25000000.0,0.894
2021,Everton,Michael Keane,michael keane,Defender,2792,3,2,22000000.0,0.829
2021,Everton,Abdoulaye Doucouré,abdoulaye doucoure,Midfield,2538,2,4,25000000.0,0.816
2021,Everton,Demarai Gray,demarai gray,Attack,2351,5,4,22000000.0,0.773
2021,Everton,Dominic Calvert-Lewin,dominic calvert lewin,Attack,1287,5,2,42000000.0,0.737
2021,Everton,Ben Godfrey,ben godfrey,Defender,2031,0,0,22000000.0,0.732
2021,Everton,Allan,allan,Midfield,2187,0,2,18000000.0,0.721
2021,Everton,Anthony Gordon,anthony gordon,Attack,2286,4,2,16000000.0,0.716
2021,Everton,Mason Holgate,mason holgate,Defender,2134,2,1,18000000.0,0.714
2021,Everton,Alex Iwobi,alex iwobi,Attack,2035,2,2,18000000.0,0.702
2021,Everton,Vitaliy Mykolenko,vitaliy mykolenko,Defender,1056,1,0,18000000.0,0.577
2021,Everton,Yerry Mina,yerry mina,Defender,847,0,0,20000000.0,0.567
2021,Everton,Donny van de Beek,donny van de beek,Midfield,553,2,0,25000000.0,0.564
2021,Everton,Moise Kean,moise kean,Attack,1,0,0,35000000.0,0.545
2021,Everton,André Gomes,andre gomes,Midfield,618,0,1,20000000.0,0.538
2021,Everton,Séamus Coleman,seamus coleman,Defender,2658,1,1,3500000.0,0.53
2021,Everton,Andros Townsend,andros townsend,Attack,1458,3,2,7000000.0,0.484
2021,Everton,Tom Davies,tom davies,Midfield,233,1,0,18000000.0,0.473
2021,Everton,Jean-Philippe Gbamin,jean philippe gbamin,Defender,65,0,0,15000000.0,0.424
2021,Everton,Jonjoe Kenny,jonjoe kenny,Defender,1017,0,1,4500000.0,0.36
2021,Everton,Salomón Rondón,salomon rondon,Attack,783,1,1,4000000.0,0.312
2021,Everton,Fabian Delph,fabian delph,Midfield,666,0,0,3000000.0,0.253
2021,Everton,Jarrad Branthwaite,jarrad branthwaite,Defender,388,1,0,3000000.0,0.218
2021,Everton,Cenk Tosun,cenk tosun,Attack,6,0,0,3000000.0,0.169
2021,Everton,Asmir Begovic,asmir begovic,Goalkeeper,270,0,0,1000000.0,0.034
2021,Leeds United,Raphinha,raphinha,Attack,2923,11,3,45000000.0,0.933
2021,Leeds United,Illan Meslier,illan meslier,Goalkeeper,3385,0,0,20000000.0,0.893
2021,Leeds United,Kalvin Phillips,kalvin phillips,Midfield,1595,0,1,50000000.0,0.788
2021,Leeds United,Daniel James,daniel james,Attack,2499,4,5,18000000.0,0.775
2021,Leeds United,Jack Harrison,jack harrison,Attack,2647,8,1,15000000.0,0.772
2021,Leeds United,Diego Llorente,diego llorente,Defender,2343,3,0,18000000.0,0.757
2021,Leeds United,Rodrigo,rodrigo,Attack,2270,6,1,15000000.0,0.727
2021,Leeds United,Pascal Struijk,pascal struijk,Defender,2051,1,0,15000000.0,0.701
2021,Leeds United,Robin Koch,robin koch,Defender,1574,0,0,17000000.0,0.659
2021,Leeds United,Stuart Dallas,stuart dallas,Defender,2922,1,1,4000000.0,0.649
2021,Leeds United,Junior Firpo,junior firpo,Defender,1716,0,2,12000000.0,0.635
2021,Leeds United,Liam Cooper,liam cooper,Defender,1815,0,1,7000000.0,0.584
2021,Leeds United,Luke Ayling,luke ayling,Defender,2275,2,2,4000000.0,0.573
2021,Leeds United,Patrick Bamford,patrick bamford,Attack,559,2,2,20000000.0,0.559
2021,Leeds United,Mateusz Klich,mateusz klich,Midfield,2082,1,2,4000000.0,0.55
2021,Leeds United,Tyler Roberts,tyler roberts,Attack,978,1,1,8000000.0,0.501
2021,Leeds United,Joe Gelhardt,joe gelhardt,Attack,736,2,4,5000000.0,0.417
2021,Leeds United,Hélder Costa,helder costa,Attack,21,0,0,10000000.0,0.414
2021,Leeds United,Adam Forshaw,adam forshaw,Midfield,1530,0,1,2000000.0,0.403
2021,Leeds United,Jamie Shackleton,jamie shackleton,Midfield,707,0,0,3000000.0,0.354
2021,Leeds United,Crysencio Summerville,crysencio summerville,Attack,126,0,0,2000000.0,0.237
2021,Leeds United,Kristoffer Klaesson,kristoffer klaesson,Goalkeeper,35,0,0,2000000.0,0.227
2021,Leeds United,Charlie Cresswell,charlie cresswell,Defender,140,0,0,1000000.0,0.158
2021,Leeds United,Sam Greenwood,sam greenwood,Midfield,232,0,2,500000.0,0.087
2021,Leeds United,Leo Hjelde,leo hjelde,Defender,148,0,0,300000.0,0.017
2021,Leicester City,Youri Tielemans,youri tielemans,Midfield,2634,6,4,55000000.0,0.9
2021,Leicester City,James Maddison,james maddison,Midfield,2467,12,8,50000000.0,0.862
2021,Leicester City,Çağlar Söyüncü,caglar soyuncu,Defender,2498,1,0,45000000.0,0.846
2021,Leicester City,Wilfred Ndidi,wilfred ndidi,Midfield,1619,0,0,60000000.0,0.794
2021,Leicester City,Harvey Barnes,harvey barnes,Attack,2105,6,10,32000000.0,0.734
2021,Leicester City,Timothy Castagne,timothy castagne,Defender,2126,1,0,28000000.0,0.711
2021,Leicester City,Wesley Fofana,wesley fofana,Defender,630,0,0,40000000.0,0.599
2021,Leicester City,Boubakary Soumaré,boubakary soumare,Midfield,1100,0,1,28000000.0,0.588
2021,Leicester City,Ricardo Pereira,ricardo pereira,Defender,992,1,3,25000000.0,0.554
2021,Leicester City,Patson Daka,patson daka,Attack,1161,5,3,22000000.0,0.55
2021,Leicester City,Kelechi Iheanacho,kelechi iheanacho,Attack,1260,4,5,20000000.0,0.544
2021,Leicester City,Kasper Schmeichel,kasper schmeichel,Goalkeeper,3330,0,0,4000000.0,0.489
2021,Leicester City,James Justin,james justin,Defender,997,0,0,17000000.0,0.482
2021,Leicester City,Daniel Amartey,daniel amartey,Defender,2118,0,0,7000000.0,0.449
2021,Leicester City,Luke Thomas,luke thomas,Defender,1912,0,1,8000000.0,0.449
2021,Leicester City,Ademola Lookman,ademola lookman,Attack,1457,6,0,9000000.0,0.417
2021,Leicester City,Jannik Vestergaard,jannik vestergaard,Defender,564,0,0,15000000.0,0.406
2021,Leicester City,Kiernan Dewsbury-Hall,kiernan dewsbury hall,Midfield,2105,1,2,5000000.0,0.384
2021,Leicester City,Ayoze Pérez,ayoze perez,Attack,442,2,3,12000000.0,0.349
2021,Leicester City,Jamie Vardy,jamie vardy,Attack,1805,15,2,5000000.0,0.348
2021,Leicester City,Jonny Evans,jonny evans,Defender,1350,1,1,5000000.0,0.293
2021,Leicester City,Ryan Bertrand,ryan bertrand,Defender,338,0,0,8000000.0,0.26
2021,Leicester City,Nampalys Mendy,nampalys mendy,Midfield,1035,0,0,4000000.0,0.213
2021,Leicester City,Danny Ward,danny ward,Goalkeeper,90,0,0,6000000.0,0.176
2021,Leicester City,Hamza Choudhury,hamza choudhury,Midfield,287,0,0,5000000.0,0.165
2021,Leicester City,Marc Albrighton,marc albrighton,Midfield,1127,1,2,2500000.0,0.135
2021,Liverpool,Mohamed Salah,mohamed salah,Attack,2762,23,14,100000000.0,0.941
2021,Liverpool,Alisson,alisson,Goalkeeper,3240,0,1,60000000.0,0.922
2021,Liverpool,Trent Alexander-Arnold,trent alexander arnold,Defender,2854,2,12,80000000.0,0.918
2021,Liverpool,Sadio Mané,sadio mane,Attack,2825,16,4,80000000.0,0.915
2021,Liverpool,Virgil van Dijk,virgil van dijk,Defender,3060,3,4,55000000.0,0.886
2021,Liverpool,Andrew Robertson,andrew robertson,Defender,2541,3,10,65000000.0,0.848
2021,Liverpool,Diogo Jota,diogo jota,Attack,2374,15,6,60000000.0,0.815
2021,Liverpool,Fabinho,fabinho,Midfield,2316,5,1,60000000.0,0.808
2021,Liverpool,Joel Matip,joel matip,Defender,2790,3,3,18000000.0,0.681
2021,Liverpool,Jordan Henderson,jordan henderson,Midfield,2603,2,5,18000000.0,0.658
2021,Liverpool,Luis Díaz,luis diaz,Attack,963,4,3,45000000.0,0.596
2021,Liverpool,Roberto Firmino,roberto firmino,Attack,985,5,4,38000000.0,0.573
2021,Liverpool,Naby Keïta,naby keita,Midfield,1175,3,1,30000000.0,0.56
2021,Liverpool,Thiago Alcántara,thiago alcantara,Midfield,1537,1,4,22000000.0,0.558
2021,Liverpool,Ibrahima Konaté,ibrahima konate,Defender,990,0,0,30000000.0,0.538
2021,Liverpool,Curtis Jones,curtis jones,Midfield,856,1,1,30000000.0,0.521
2021,Liverpool,Alex Oxlade-Chamberlain,alex oxlade chamberlain,Midfield,787,2,1,18000000.0,0.434
2021,Liverpool,Harvey Elliott,harvey elliott,Midfield,345,0,0,22000000.0,0.41
2021,Liverpool,Joe Gomez,joe gomez,Defender,330,0,1,22000000.0,0.409
2021,Liverpool,Konstantinos Tsimikas,konstantinos tsimikas,Defender,874,0,2,10000000.0,0.355
2021,Liverpool,Takumi Minamino,takumi minamino,Attack,178,3,0,12000000.0,0.297
2021,Liverpool,Divock Origi,divock origi,Attack,126,3,1,12000000.0,0.29
2021,Liverpool,Neco Williams,neco williams,Defender,7,0,1,8000000.0,0.213
2021,Liverpool,James Milner,james milner,Midfield,850,0,1,2000000.0,0.105
2021,Liverpool,Caoimhín Kelleher,caoimhin kelleher,Goalkeeper,180,0,0,2500000.0,0.056
2021,Manchester City,João Cancelo,joao cancelo,Defender,3228,1,7,60000000.0,0.941
2021,Manchester City,Ederson,ederson,Goalkeeper,3330,0,0,50000000.0,0.932
2021,Manchester City,Bernardo Silva,bernardo silva,Midfield,2860,8,4,75000000.0,0.922
2021,Manchester City,Rodri,rodri,Midfield,2888,7,2,70000000.0,0.918
2021,Manchester City,Rúben Dias,ruben dias,Defender,2403,2,4,75000000.0,0.868
2021,Manchester City,Kevin De Bruyne,kevin de bruyne,Midfield,2206,15,8,90000000.0,0.865
2021,Manchester City,Aymeric Laporte,aymeric laporte,Defender,2834,4,0,45000000.0,0.86
2021,Manchester City,Phil Foden,phil foden,Midfield,2134,9,5,90000000.0,0.856
2021,Manchester City,Raheem Sterling,raheem sterling,Attack,2127,13,6,85000000.0,0.849
2021,Manchester City,Jack Grealish,jack grealish,Attack,1916,3,3,80000000.0,0.817
2021,Manchester City,Gabriel Jesus,gabriel jesus,Attack,1878,8,9,50000000.0,0.758
2021,Manchester City,İlkay Gündoğan,ilkay gundogan,Midfield,1855,8,3,35000000.0,0.714
2021,Manchester City,Riyad Mahrez,riyad mahrez,Attack,1491,11,5,40000000.0,0.685
2021,Manchester City,Kyle Walker,kyle walker,Defender,1755,0,2,25000000.0,0.663
2021,Manchester City,John Stones,john stones,Defender,1118,1,0,28000000.0,0.599
2021,Manchester City,Oleksandr Zinchenko,oleksandr zinchenko,Defender,1044,0,4,25000000.0,0.577
2021,Manchester City,Ferran Torres,ferran torres,Attack,305,2,1,50000000.0,0.569
2021,Manchester City,Nathan Aké,nathan ake,Defender,920,2,0,25000000.0,0.563
2021,Manchester City,Benjamin Mendy,benjamin mendy,Defender,79,0,0,20000000.0,0.436
2021,Manchester City,Zack Steffen,zack steffen,Goalkeeper,90,0,0,6000000.0,0.298
2021,Manchester City,Fernandinho,fernandinho,Midfield,958,2,1,2000000.0,0.275
2021,Manchester City,Cole Palmer,cole palmer,Midfield,122,0,0,500000.0,0.015
2021,Manchester United,Bruno Fernandes,bruno fernandes,Midfield,3118,10,6,90000000.0,0.965
2021,Manchester United,Jadon Sancho,jadon sancho,Attack,1901,3,3,80000000.0,0.802
2021,Manchester United,Harry Maguire,harry maguire,Defender,2515,1,0,40000000.0,0.751
2021,Manchester United,Raphaël Varane,raphael varane,Defender,1829,1,1,60000000.0,0.742
2021,Manchester United,Cristiano Ronaldo,cristiano ronaldo,Attack,2459,18,3,35000000.0,0.721
2021,Manchester United,Scott McTominay,scott mctominay,Midfield,2391,1,1,35000000.0,0.713
2021,Manchester United,Marcus Rashford,marcus rashford,Attack,1233,4,2,70000000.0,0.7
2021,Manchester United,David de Gea,david de gea,Goalkeeper,3420,0,0,15000000.0,0.684
2021,Manchester United,Paul Pogba,paul pogba,Midfield,1354,1,9,55000000.0,0.671
2021,Manchester United,Luke Shaw,luke shaw,Defender,1604,0,3,42000000.0,0.653
2021,Manchester United,Mason Greenwood,mason greenwood,Attack,1278,5,1,50000000.0,0.646
2021,Manchester United,Victor Lindelöf,victor lindelof,Defender,2354,0,2,24000000.0,0.642
2021,Manchester United,Aaron Wan-Bissaka,aaron wan bissaka,Defender,1794,0,0,30000000.0,0.616
2021,Manchester United,Fred,fred,Midfield,2035,4,5,22000000.0,0.589
2021,Manchester United,Diogo Dalot,diogo dalot,Defender,1797,0,0,18000000.0,0.526
2021,Manchester United,Alex Telles,alex telles,Defender,1660,0,4,18000000.0,0.51
2021,Manchester United,Anthony Martial,anthony martial,Attack,211,1,0,32000000.0,0.442
2021,Manchester United,Anthony Elanga,anthony elanga,Attack,1214,2,2,15000000.0,0.426
2021,Manchester United,Jesse Lingard,jesse lingard,Midfield,356,2,0,20000000.0,0.376
2021,Manchester United,Nemanja Matić,nemanja matic,Midfield,1383,0,4,6000000.0,0.284
2021,Manchester United,Eric Bailly,eric bailly,Defender,217,0,0,8000000.0,0.198
2021,Manchester United,Edinson Cavani,edinson cavani,Attack,765,2,1,4000000.0,0.14
2021,Manchester United,Hannibal,hannibal,Midfield,68,0,0,5000000.0,0.098
2021,Manchester United,Phil Jones,phil jones,Defender,161,0,0,4000000.0,0.07
2021,Manchester United,Juan Mata,juan mata,Midfield,232,0,0,3000000.0,0.027
2021,Manchester United,Shola Shoretire,shola shoretire,Attack,15,0,0,3000000.0,0.002
2021,Newcastle United,Allan Saint-Maximin,allan saint maximin,Attack,2812,5,5,32000000.0,0.992
2021,Newcastle United,Matt Targett,matt targett,Defender,2873,1,1,17000000.0,0.863
2021,Newcastle United,Joelinton,joelinton,Midfield,2559,4,1,18000000.0,0.832
2021,Newcastle United,Joe Willock,joe willock,Midfield,2045,2,0,22000000.0,0.804
2021,Newcastle United,Bruno Guimarães,bruno guimaraes,Midfield,1034,5,1,30000000.0,0.73
2021,Newcastle United,Callum Wilson,callum wilson,Attack,1389,8,0,20000000.0,0.692
2021,Newcastle United,Miguel Almirón,miguel almiron,Attack,1720,1,0,16000000.0,0.689
2021,Newcastle United,Jamaal Lascelles,jamaal lascelles,Defender,2056,1,0,11000000.0,0.655
2021,Newcastle United,Jonjo Shelvey,jonjo shelvey,Midfield,1986,2,1,11000000.0,0.645
2021,Newcastle United,Dan Burn,dan burn,Defender,2462,1,1,7000000.0,0.614
2021,Newcastle United,Sean Longstaff,sean longstaff,Midfield,1460,1,1,13000000.0,0.608
2021,Newcastle United,Fabian Schär,fabian schar,Defender,2161,2,2,7000000.0,0.572
2021,Newcastle United,Ryan Fraser,ryan fraser,Attack,1472,2,3,10000000.0,0.553
2021,Newcastle United,Kieran Trippier,kieran trippier,Defender,430,2,0,18000000.0,0.535
2021,Newcastle United,Martin Dúbravka,martin dubravka,Goalkeeper,2340,0,0,5000000.0,0.524
2021,Newcastle United,Isaac Hayden,isaac hayden,Midfield,1001,1,0,10000000.0,0.488
2021,Newcastle United,Jamal Lewis,jamal lewis,Defender,263,0,0,12000000.0,0.424
2021,Newcastle United,Freddie Woodman,freddie woodman,Goalkeeper,360,0,0,10000000.0,0.398
2021,Newcastle United,Jacob Murphy,jacob murphy,Attack,1460,1,2,4000000.0,0.353
2021,Newcastle United,Jeff Hendrick,jeff hendrick,Midfield,70,1,0,9000000.0,0.335
2021,Newcastle United,Emil Krafth,emil krafth,Defender,1639,0,1,3000000.0,0.316
2021,Newcastle United,Javier Manquillo,javier manquillo,Defender,1262,1,2,3000000.0,0.263
2021,Newcastle United,Ciaran Clark,ciaran clark,Defender,1014,0,1,2500000.0,0.189
2021,Newcastle United,Karl Darlow,karl darlow,Goalkeeper,720,0,0,3000000.0,0.188
2021,Newcastle United,Matt Ritchie,matt ritchie,Midfield,1334,0,2,2000000.0,0.186
2021,Newcastle United,Federico Fernández,federico fernandez,Defender,522,0,0,3000000.0,0.16
2021,Newcastle United,Paul Dummett,paul dummett,Defender,198,0,0,2000000.0,0.028
2021,Newcastle United,Dwight Gayle,dwight gayle,Attack,34,0,0,2000000.0,0.005
2021,Norwich City,Max Aarons,max aarons,Defender,2882,0,2,22000000.0,0.954
2021,Norwich City,Teemu Pukki,teemu pukki,Attack,3261,11,3,5000000.0,0.765
2021,Norwich City,Brandon Williams,brandon williams,Defender,2123,0,1,10000000.0,0.735
2021,Norwich City,Billy Gilmour,billy gilmour,Midfield,1858,0,1,12000000.0,0.732
2021,Norwich City,Ben Gibson,ben gibson,Defender,2495,0,0,7000000.0,0.724
2021,Norwich City,Milot Rashica,milot rashica,Attack,2239,1,2,8000000.0,0.714
2021,Norwich City,Mathias Normann,mathias normann,Midfield,1651,1,2,11000000.0,0.693
2021,Norwich City,Grant Hanley,grant hanley,Defender,2899,1,0,4000000.0,0.685
2021,Norwich City,Pierre Lees-Melou,pierre lees melou,Midfield,2272,1,1,6000000.0,0.673
2021,Norwich City,Todd Cantwell,todd cantwell,Midfield,440,0,0,22000000.0,0.654
2021,Norwich City,Ozan Kabak,ozan kabak,Defender,924,0,0,15000000.0,0.653
2021,Norwich City,Josh Sargent,josh sargent,Attack,1579,2,1,8000000.0,0.633
2021,Norwich City,Kenny McLean,kenny mclean,Midfield,2707,1,0,3000000.0,0.616
2021,Norwich City,Dimitrios Giannoulis,dimitrios giannoulis,Defender,1166,0,1,7000000.0,0.561
2021,Norwich City,Tim Krul,tim krul,Goalkeeper,2610,0,0,2000000.0,0.54
2021,Norwich City,Christos Tzolis,christos tzolis,Attack,328,0,0,9000000.0,0.499
2021,Norwich City,Kieran Dowell,kieran dowell,Midfield,912,1,1,3000000.0,0.396
2021,Norwich City,Angus Gunn,angus gunn,Goalkeeper,810,0,0,3000000.0,0.383
2021,Norwich City,Adam Idah,adam idah,Attack,620,1,1,3000000.0,0.36
2021,Norwich City,Sam Byram,sam byram,Defender,1024,0,0,2000000.0,0.345
2021,Norwich City,Lukas Rupp,lukas rupp,Midfield,762,0,0,1800000.0,0.297
2021,Norwich City,Przemyslaw Placheta,przemyslaw placheta,Attack,506,0,0,2000000.0,0.282
2021,Norwich City,Jacob Lungi Sørensen,jacob lungi s rensen,Midfield,601,0,0,1800000.0,0.277
2021,Norwich City,Christoph Zimmermann,christoph zimmermann,Defender,157,0,0,1500000.0,0.193
2021,Norwich City,Andrew Omobamidele,andrew omobamidele,Defender,381,1,0,1200000.0,0.186
2021,Norwich City,Bali Mumba,bali mumba,Defender,45,0,0,500000.0,0.006
2021,Southampton,James Ward-Prowse,james ward prowse,Midfield,3217,10,5,32000000.0,1.0
2021,Southampton,Jan Bednarek,jan bednarek,Defender,2631,4,0,22000000.0,0.881
2021,Southampton,Mohammed Salisu,mohammed salisu,Defender,2972,0,0,15000000.0,0.876
2021,Southampton,Kyle Walker-Peters,kyle walker peters,Defender,2632,1,2,18000000.0,0.856
2021,Southampton,Tino Livramento,tino livramento,Defender,2203,1,2,25000000.0,0.843
2021,Southampton,Ché Adams,che adams,Attack,2042,7,3,20000000.0,0.796
2021,Southampton,Nathan Redmond,nathan redmond,Attack,1832,1,5,18000000.0,0.757
2021,Southampton,Oriol Romeu,oriol romeu,Midfield,2899,2,2,5000000.0,0.731
2021,Southampton,Mohamed Elyounoussi,mohamed elyounoussi,Attack,2045,4,2,10000000.0,0.71
2021,Southampton,Adam Armstrong,adam armstrong,Attack,1415,2,3,16000000.0,0.69
2021,Southampton,Romain Perraud,romain perraud,Defender,1625,0,1,8000000.0,0.631
2021,Southampton,Ibrahima Diallo,ibrahima diallo,Midfield,1018,0,2,12000000.0,0.605
2021,Southampton,Stuart Armstrong,stuart armstrong,Midfield,1470,2,1,6000000.0,0.576
2021,Southampton,Jack Stephens,jack stephens,Defender,811,0,0,8000000.0,0.529
2021,Southampton,Moussa Djenepo,moussa djenepo,Attack,455,0,0,11000000.0,0.525
2021,Southampton,Alex McCarthy,alex mccarthy,Goalkeeper,1530,0,0,3500000.0,0.517
2021,Southampton,Fraser Forster,fraser forster,Goalkeeper,1710,0,0,2500000.0,0.497
2021,Southampton,Lyanco,lyanco,Defender,906,0,0,5000000.0,0.483
2021,Southampton,Nathan Tella,nathan tella,Attack,811,0,1,2000000.0,0.358
2021,Southampton,Theo Walcott,theo walcott,Attack,379,0,0,3000000.0,0.354
2021,Southampton,Yan Valery,yan valery,Defender,369,0,0,2500000.0,0.331
2021,Southampton,Will Smallbone,will smallbone,Midfield,133,0,0,2000000.0,0.274
2021,Southampton,Shane Long,shane long,Attack,303,1,0,800000.0,0.182
2021,Southampton,Willy Caballero,willy caballero,Goalkeeper,180,0,0,250000.0,0.022
2021,Tottenham Hotspur,Harry Kane,harry kane,Attack,3232,17,9,100000000.0,0.978
2021,Tottenham Hotspur,Heung-min Son,heung min son,Attack,3022,23,9,80000000.0,0.903
2021,Tottenham Hotspur,Pierre-Emile Højbjerg,pierre emile h jbjerg,Midfield,3199,2,2,40000000.0,0.767
2021,Tottenham Hotspur,Eric Dier,eric dier,Defender,3072,0,0,22000000.0,0.618
2021,Tottenham Hotspur,Cristian Romero,cristian romero,Defender,1846,1,0,40000000.0,0.609
2021,Tottenham Hotspur,Emerson Royal,emerson royal,Defender,2289,1,1,25000000.0,0.555
2021,Tottenham Hotspur,Sergio Reguilón,sergio reguilon,Defender,1922,2,3,28000000.0,0.538
2021,Tottenham Hotspur,Ben Davies,ben davies,Defender,2539,1,1,20000000.0,0.534
2021,Tottenham Hotspur,Davinson Sánchez,davinson sanchez,Defender,1626,2,0,30000000.0,0.519
2021,Tottenham Hotspur,Dejan Kulusevski,dejan kulusevski,Midfield,1267,5,8,35000000.0,0.511
2021,Tottenham Hotspur,Rodrigo Bentancur,rodrigo bentancur,Midfield,1365,0,4,25000000.0,0.447
2021,Tottenham Hotspur,Lucas Moura,lucas moura,Attack,1774,2,6,20000000.0,0.444
2021,Tottenham Hotspur,Tanguy Ndombélé,tanguy ndombele,Midfield,486,1,1,38000000.0,0.439
2021,Tottenham Hotspur,Hugo Lloris,hugo lloris,Goalkeeper,3420,0,0,7000000.0,0.4
2021,Tottenham Hotspur,Oliver Skipp,oliver skipp,Midfield,1349,0,0,20000000.0,0.395
2021,Tottenham Hotspur,Dele Alli,dele alli,Midfield,988,1,0,22000000.0,0.374
2021,Tottenham Hotspur,Bryan Gil,bryan gil,Attack,87,0,0,28000000.0,0.323
2021,Tottenham Hotspur,Harry Winks,harry winks,Midfield,907,0,1,17000000.0,0.306
2021,Tottenham Hotspur,Ryan Sessegnon,ryan sessegnon,Defender,1053,0,2,15000000.0,0.295
2021,Tottenham Hotspur,Giovani Lo Celso,giovani lo celso,Midfield,233,0,0,22000000.0,0.286
2021,Tottenham Hotspur,Steven Bergwijn,steven bergwijn,Attack,550,3,1,18000000.0,0.277
2021,Tottenham Hotspur,Japhet Tanganga,japhet tanganga,Defender,739,0,0,15000000.0,0.258
2021,Tottenham Hotspur,Matt Doherty,matt doherty,Defender,874,2,4,12000000.0,0.224
2021,Tottenham Hotspur,Joe Rodon,joe rodon,Defender,87,0,0,8000000.0,0.04
2021,Watford,Ismaïla Sarr,ismaila sarr,Attack,1865,5,2,27000000.0,0.832
2021,Watford,Moussa Sissoko,moussa sissoko,Midfield,3221,2,1,5000000.0,0.775
2021,Watford,Emmanuel Dennis,emmanuel dennis,Attack,2590,10,6,8000000.0,0.759
2021,Watford,Joshua King,joshua king,Attack,2249,5,3,8000000.0,0.717
2021,Watford,João Pedro,joao pedro,Attack,1638,3,1,10000000.0,0.671
2021,Watford,Imrân Louza,imran louza,Midfield,1420,0,0,10000000.0,0.644
2021,Watford,Hassane Kamara,hassane kamara,Defender,1626,1,0,6000000.0,0.601
2021,Watford,Cucho Hernández,cucho hernandez,Attack,1141,5,2,9000000.0,0.595
2021,Watford,Samir Caetano,samir caetano,Defender,1676,0,0,5000000.0,0.583
2021,Watford,Kiko Femenía,kiko femenia,Defender,2150,0,5,3000000.0,0.574
2021,Watford,William Troost-Ekong,william troost ekong,Defender,1388,0,0,5000000.0,0.548
2021,Watford,Craig Cathcart,craig cathcart,Defender,2396,0,1,1500000.0,0.512
2021,Watford,Ozan Tufan,ozan tufan,Midfield,338,0,0,10000000.0,0.51
2021,Watford,Juraj Kucka,juraj kucka,Midfield,1923,1,1,2000000.0,0.492
2021,Watford,Adam Masina,adam masina,Defender,1076,0,1,4000000.0,0.479
2021,Watford,Jeremy Ngakia,jeremy ngakia,Defender,900,0,0,4000000.0,0.457
2021,Watford,Christian Kabasele,christian kabasele,Defender,1190,0,0,3000000.0,0.455
2021,Watford,Tom Cleverley,tom cleverley,Midfield,1623,0,2,2000000.0,0.455
2021,Watford,Daniel Bachmann,daniel bachmann,Goalkeeper,1080,0,0,3000000.0,0.441
2021,Watford,Samuel Kalu,samuel kalu,Attack,222,0,0,5500000.0,0.415
2021,Watford,Ken Sema,ken sema,Defender,846,0,0,3000000.0,0.412
2021,Watford,Edo Kayembe,edo kayembe,Midfield,799,0,0,3000000.0,0.406
2021,Watford,Nicolas N'Koulou,nicolas n koulou,Defender,168,0,0,5000000.0,0.396
2021,Watford,Danny Rose,danny rose,Defender,689,0,0,3000000.0,0.393
2021,Watford,Ben Foster,ben foster,Goalkeeper,2340,0,1,300000.0,0.291
2021,Watford,Francisco Sierralta,francisco sierralta,Defender,428,0,0,1500000.0,0.268
2021,Watford,Dan Gosling,dan gosling,Midfield,164,1,0,1000000.0,0.181
2021,West Ham United,Declan Rice,declan rice,Midfield,3178,1,4,75000000.0,0.982
2021,West Ham United,Tomáš Souček,tomas soucek,Midfield,3062,5,1,45000000.0,0.897
2021,West Ham United,Jarrod Bowen,jarrod bowen,Attack,2993,12,12,35000000.0,0.854
2021,West Ham United,Pablo Fornals,pablo fornals,Midfield,2802,6,4,20000000.0,0.753
2021,West Ham United,Kurt Zouma,kurt zouma,Defender,2080,1,0,30000000.0,0.723
2021,West Ham United,Saïd Benrahma,said benrahma,Attack,2184,8,6,25000000.0,0.71
2021,West Ham United,Michail Antonio,michail antonio,Attack,2980,10,8,12000000.0,0.703
2021,West Ham United,Vladimír Coufal,vladimir coufal,Defender,2211,0,4,12000000.0,0.611
2021,West Ham United,Manuel Lanzini,manuel lanzini,Midfield,1788,5,3,10000000.0,0.535
2021,West Ham United,Aaron Cresswell,aaron cresswell,Defender,2728,2,3,4000000.0,0.52
2021,West Ham United,Nikola Vlašić,nikola vlasic,Midfield,554,1,0,25000000.0,0.514
2021,West Ham United,Craig Dawson,craig dawson,Defender,2754,2,2,3000000.0,0.483
2021,West Ham United,Ben Johnson,ben johnson,Defender,1398,1,0,9000000.0,0.473
2021,West Ham United,Issa Diop,issa diop,Defender,962,0,1,12000000.0,0.461
2021,West Ham United,Lukasz Fabianski,lukasz fabianski,Goalkeeper,3330,0,0,1000000.0,0.4
2021,West Ham United,Alphonse Areola,alphonse areola,Goalkeeper,90,0,0,12000000.0,0.356
2021,West Ham United,Arthur Masuaku,arthur masuaku,Defender,647,1,1,5000000.0,0.301
2021,West Ham United,Alex Král,alex kral,Midfield,1,0,0,8000000.0,0.289
2021,West Ham United,Angelo Ogbonna,angelo ogbonna,Defender,922,1,0,2500000.0,0.238
2021,West Ham United,Andriy Yarmolenko,andriy yarmolenko,Attack,304,1,0,3500000.0,0.211
2021,West Ham United,Ryan Fredericks,ryan fredericks,Defender,303,0,0,2000000.0,0.133
2021,West Ham United,Mark Noble,mark noble,Midfield,327,1,0,1000000.0,0.039
2021,Wolverhampton Wanderers,Conor Coady,conor coady,Defender,3363,4,0,25000000.0,0.947
2021,Wolverhampton Wanderers,Rúben Neves,ruben neves,Midfield,2662,4,2,40000000.0,0.917
2021,Wolverhampton Wanderers,José Sá,jose sa,Goalkeeper,3285,0,1,14000000.0,0.872
2021,Wolverhampton Wanderers,Raúl Jiménez,raul jimenez,Attack,2638,6,4,22000000.0,0.846
2021,Wolverhampton Wanderers,Maximilian Kilman,maximilian kilman,Defender,2689,1,0,16000000.0,0.816
2021,Wolverhampton Wanderers,Nélson Semedo,nelson semedo,Defender,2137,0,1,25000000.0,0.801
2021,Wolverhampton Wanderers,Leander Dendoncker,leander dendoncker,Midfield,1948,2,2,30000000.0,0.799
2021,Wolverhampton Wanderers,Romain Saïss,romain saiss,Defender,2709,2,0,9000000.0,0.753
2021,Wolverhampton Wanderers,Hee-chan Hwang,hee chan hwang,Attack,1822,5,1,16000000.0,0.713
2021,Wolverhampton Wanderers,Daniel Podence,daniel podence,Attack,1484,2,3,22000000.0,0.709
2021,Wolverhampton Wanderers,Rayan Aït-Nouri,rayan ait nouri,Defender,1828,1,4,15000000.0,0.706
2021,Wolverhampton Wanderers,Francisco Trincão,francisco trincao,Midfield,1342,2,1,22000000.0,0.692
2021,Wolverhampton Wanderers,Adama Traoré,adama traore,Attack,1063,1,0,28000000.0,0.686
2021,Wolverhampton Wanderers,João Moutinho,joao moutinho,Midfield,2976,2,1,2500000.0,0.64
2021,Wolverhampton Wanderers,Pedro Neto,pedro neto,Attack,464,1,1,35000000.0,0.64
2021,Wolverhampton Wanderers,Jonny Otto,jonny otto,Defender,1023,2,0,15000000.0,0.611
2021,Wolverhampton Wanderers,Fábio Silva,fabio silva,Attack,564,0,0,18000000.0,0.577
2021,Wolverhampton Wanderers,Willy Boly,willy boly,Defender,900,0,0,8000000.0,0.525
2021,Wolverhampton Wanderers,Ki-Jana Hoever,ki jana hoever,Defender,307,0,0,7000000.0,0.439
2021,Wolverhampton Wanderers,Morgan Gibbs-White,morgan gibbs white,Midfield,7,0,0,7000000.0,0.403
2021,Wolverhampton Wanderers,Marçal,marcal,Defender,1453,0,0,1500000.0,0.401
2021,Wolverhampton Wanderers,Chiquinho,chiquinho,Attack,203,0,3,2500000.0,0.31
2021,Wolverhampton Wanderers,Toti,toti,Defender,360,0,0,1000000.0,0.225
2021,Wolverhampton Wanderers,John Ruddy,john ruddy,Goalkeeper,135,0,0,500000.0,0.12
2021,Wolverhampton Wanderers,Luke Cundle,luke cundle,Midfield,180,0,0,200000.0,0.021
2022,AFC Bournemouth,Jefferson Lerma,jefferson lerma,Midfield,3255,5,0,15000000.0,0.933
2022,AFC Bournemouth,Dominic Solanke,dominic solanke,Attack,2873,6,7,18000000.0,0.918
2022,AFC Bournemouth,Philip Billing,philip billing,Midfield,2787,7,1,18000000.0,0.908
2022,AFC Bournemouth,Marcos Senesi,marcos senesi,Defender,2495,2,0,17000000.0,0.862
2022,AFC Bournemouth,Lloyd Kelly,lloyd kelly,Defender,2041,0,2,15000000.0,0.784
2022,AFC Bournemouth,Marcus Tavernier,marcus tavernier,Midfield,1749,5,4,15000000.0,0.748
2022,AFC Bournemouth,Dango Ouattara,dango ouattara,Attack,1245,1,3,20000000.0,0.736
2022,AFC Bournemouth,Lewis Cook,lewis cook,Midfield,1715,0,2,10000000.0,0.674
2022,AFC Bournemouth,Ryan Christie,ryan christie,Midfield,1841,1,1,9000000.0,0.671
2022,AFC Bournemouth,Hamed Traoré,hamed traore,Attack,429,0,0,22000000.0,0.653
2022,AFC Bournemouth,Chris Mepham,chris mepham,Defender,2198,0,0,6000000.0,0.644
2022,AFC Bournemouth,Ilya Zabarnyi,ilya zabarnyi,Defender,297,0,0,18000000.0,0.602
2022,AFC Bournemouth,David Brooks,david brooks,Attack,172,0,0,12000000.0,0.516
2022,AFC Bournemouth,Neto,neto,Goalkeeper,2385,0,0,2500000.0,0.515
2022,AFC Bournemouth,Adam Smith,adam smith,Defender,2948,0,1,1500000.0,0.495
2022,AFC Bournemouth,Jaidon Anthony,jaidon anthony,Attack,1247,3,1,5000000.0,0.495
2022,AFC Bournemouth,Jack Stephens,jack stephens,Defender,1218,0,0,5000000.0,0.492
2022,AFC Bournemouth,Jordan Zemura,jordan zemura,Defender,1456,0,1,4000000.0,0.482
2022,AFC Bournemouth,Antoine Semenyo,antoine semenyo,Attack,251,1,0,9000000.0,0.475
2022,AFC Bournemouth,Kieffer Moore,kieffer moore,Attack,1274,4,0,4000000.0,0.46
2022,AFC Bournemouth,Matías Viña,matias vina,Defender,455,2,0,6000000.0,0.43
2022,AFC Bournemouth,Joe Rothwell,joe rothwell,Midfield,1016,0,1,3500000.0,0.405
2022,AFC Bournemouth,Mark Travers,mark travers,Goalkeeper,1035,0,0,2000000.0,0.31
2022,AFC Bournemouth,Jack Stacey,jack stacey,Defender,293,0,0,3000000.0,0.289
2022,AFC Bournemouth,Ben Pearson,ben pearson,Midfield,284,0,0,2500000.0,0.256
2022,AFC Bournemouth,Ryan Fredericks,ryan fredericks,Defender,531,0,0,2000000.0,0.248
2022,AFC Bournemouth,Siriki Dembélé,siriki dembele,Attack,104,0,0,2500000.0,0.234
2022,AFC Bournemouth,Emiliano Marcondes,emiliano marcondes,Midfield,8,0,0,2000000.0,0.184
2022,AFC Bournemouth,Jamal Lowe,jamal lowe,Attack,11,0,0,1500000.0,0.134
2022,AFC Bournemouth,Junior Stanislas,junior stanislas,Attack,58,0,0,700000.0,0.007
2022,Arsenal,Bukayo Saka,bukayo saka,Attack,3194,14,11,110000000.0,0.974
2022,Arsenal,Martin Ødegaard,martin degaard,Midfield,3150,15,8,80000000.0,0.899
2022,Arsenal,Gabriel Martinelli,gabriel martinelli,Attack,2805,15,5,70000000.0,0.83
2022,Arsenal,Gabriel,gabriel,Defender,3411,3,0,50000000.0,0.827
2022,Arsenal,Ben White,ben white,Defender,3067,2,5,50000000.0,0.787
2022,Arsenal,Aaron Ramsdale,aaron ramsdale,Goalkeeper,3420,0,0,38000000.0,0.768
2022,Arsenal,Gabriel Jesus,gabriel jesus,Attack,2075,11,7,75000000.0,0.759
2022,Arsenal,William Saliba,william saliba,Defender,2416,2,1,50000000.0,0.711
2022,Arsenal,Thomas Partey,thomas partey,Midfield,2486,3,0,38000000.0,0.659
2022,Arsenal,Granit Xhaka,granit xhaka,Midfield,3004,7,7,28000000.0,0.653
2022,Arsenal,Oleksandr Zinchenko,oleksandr zinchenko,Defender,2136,1,2,40000000.0,0.629
2022,Arsenal,Eddie Nketiah,eddie nketiah,Attack,1071,4,2,25000000.0,0.403
2022,Arsenal,Emile Smith Rowe,emile smith rowe,Midfield,162,0,2,38000000.0,0.387
2022,Arsenal,Kieran Tierney,kieran tierney,Defender,777,0,1,25000000.0,0.368
2022,Arsenal,Takehiro Tomiyasu,takehiro tomiyasu,Defender,653,0,1,25000000.0,0.354
2022,Arsenal,Fábio Vieira,fabio vieira,Midfield,501,1,2,27000000.0,0.353
2022,Arsenal,Jakub Kiwior,jakub kiwior,Defender,427,1,0,20000000.0,0.279
2022,Arsenal,Rob Holding,rob holding,Defender,562,1,0,10000000.0,0.143
2022,Arsenal,Mohamed Elneny,mohamed elneny,Midfield,111,0,0,9000000.0,0.068
2022,Arsenal,Reiss Nelson,reiss nelson,Attack,202,3,2,7000000.0,0.024
2022,Arsenal,Marquinhos,marquinhos,Attack,1,0,0,7000000.0,0.0
2022,Aston Villa,Ollie Watkins,ollie watkins,Attack,3136,15,6,32000000.0,0.962
2022,Aston Villa,Douglas Luiz,douglas luiz,Midfield,2932,6,6,35000000.0,0.953
2022,Aston Villa,Emiliano Martínez,emiliano martinez,Goalkeeper,3140,0,0,28000000.0,0.94
2022,Aston Villa,Ezri Konsa,ezri konsa,Defender,3323,0,0,22000000.0,0.922
2022,Aston Villa,Tyrone Mings,tyrone mings,Defender,3150,1,2,25000000.0,0.922
2022,Aston Villa,Jacob Ramsey,jacob ramsey,Midfield,2646,6,7,32000000.0,0.903
2022,Aston Villa,John McGinn,john mcginn,Midfield,2698,1,3,27000000.0,0.881
2022,Aston Villa,Emiliano Buendía,emiliano buendia,Attack,2422,5,2,28000000.0,0.854
2022,Aston Villa,Leon Bailey,leon bailey,Attack,1984,4,4,25000000.0,0.782
2022,Aston Villa,Boubacar Kamara,boubacar kamara,Midfield,1781,0,1,25000000.0,0.758
2022,Aston Villa,Matty Cash,matty cash,Defender,1821,0,1,22000000.0,0.741
2022,Aston Villa,Álex Moreno,alex moreno,Defender,1335,0,3,20000000.0,0.666
2022,Aston Villa,Danny Ings,danny ings,Attack,1589,8,2,16000000.0,0.659
2022,Aston Villa,Lucas Digne,lucas digne,Defender,1500,1,0,17000000.0,0.659
2022,Aston Villa,Diego Carlos,diego carlos,Defender,205,0,0,30000000.0,0.599
2022,Aston Villa,Leander Dendoncker,leander dendoncker,Midfield,902,0,0,17000000.0,0.587
2022,Aston Villa,Philippe Coutinho,philippe coutinho,Midfield,781,1,0,18000000.0,0.582
2022,Aston Villa,Bertrand Traoré,bertrand traore,Attack,226,2,0,14000000.0,0.473
2022,Aston Villa,Jhon Durán,jhon duran,Attack,126,0,0,12000000.0,0.435
2022,Aston Villa,Calum Chambers,calum chambers,Defender,344,0,0,8000000.0,0.392
2022,Aston Villa,Cameron Archer,cameron archer,Attack,44,0,0,8000000.0,0.356
2022,Aston Villa,Morgan Sanson,morgan sanson,Midfield,10,0,0,6000000.0,0.304
2022,Aston Villa,Ashley Young,ashley young,Defender,2038,1,0,1000000.0,0.245
2022,Aston Villa,Ludwig Augustinsson,ludwig augustinsson,Defender,75,0,0,4000000.0,0.243
2022,Aston Villa,Robin Olsen,robin olsen,Goalkeeper,280,0,0,2000000.0,0.151
2022,Brentford,Ivan Toney,ivan toney,Attack,2955,20,4,50000000.0,0.946
2022,Brentford,David Raya,david raya,Goalkeeper,3420,0,0,25000000.0,0.881
2022,Brentford,Bryan Mbeumo,bryan mbeumo,Attack,2928,9,8,28000000.0,0.843
2022,Brentford,Rico Henry,rico henry,Defender,3246,0,2,22000000.0,0.839
2022,Brentford,Mathias Jensen,mathias jensen,Midfield,2831,5,6,14000000.0,0.713
2022,Brentford,Ethan Pinnock,ethan pinnock,Defender,2700,3,0,12000000.0,0.672
2022,Brentford,Vitaly Janelt,vitaly janelt,Midfield,2210,3,1,16000000.0,0.664
2022,Brentford,Aaron Hickey,aaron hickey,Defender,1931,0,1,18000000.0,0.651
2022,Brentford,Christian Nørgaard,christian n rgaard,Midfield,1770,1,4,14000000.0,0.589
2022,Brentford,Yoane Wissa,yoane wissa,Attack,1600,7,3,15000000.0,0.581
2022,Brentford,Kevin Schade,kevin schade,Attack,729,0,1,20000000.0,0.528
2022,Brentford,Mikkel Damsgaard,mikkel damsgaard,Midfield,979,0,0,15000000.0,0.508
2022,Brentford,Kristoffer Ajer,kristoffer ajer,Defender,766,0,0,16000000.0,0.495
2022,Brentford,Josh Dasilva,josh dasilva,Midfield,1383,4,2,9000000.0,0.468
2022,Brentford,Keane Lewis-Potter,keane lewis potter,Midfield,316,0,1,17000000.0,0.452
2022,Brentford,Ben Mee,ben mee,Defender,3272,3,2,1800000.0,0.414
2022,Brentford,Frank Onyeka,frank onyeka,Midfield,843,0,2,9000000.0,0.405
2022,Brentford,Sergi Canós,sergi canos,Attack,73,0,0,12000000.0,0.364
2022,Brentford,Pontus Jansson,pontus jansson,Defender,724,1,0,5000000.0,0.291
2022,Brentford,Mads Roerslev,mads roerslev,Defender,1102,0,0,2200000.0,0.194
2022,Brentford,Shandon Baptiste,shandon baptiste,Midfield,603,0,1,3000000.0,0.189
2022,Brentford,Mads Bech Sørensen,mads bech s rensen,Defender,19,0,0,4000000.0,0.17
2022,Brentford,Zanka,zanka,Defender,1099,0,0,1500000.0,0.129
2022,Brentford,Halil Dervişoğlu,halil dervisoglu,Attack,7,0,0,3000000.0,0.119
2022,Brentford,Saman Ghoddos,saman ghoddos,Midfield,124,0,0,2200000.0,0.08
2022,Brighton & Hove Albion,Moisés Caicedo,moises caicedo,Midfield,3141,1,1,55000000.0,0.987
2022,Brighton & Hove Albion,Alexis Mac Allister,alexis mac allister,Midfield,2886,10,2,42000000.0,0.929
2022,Brighton & Hove Albion,Lewis Dunk,lewis dunk,Defender,3240,1,0,18000000.0,0.889
2022,Brighton & Hove Albion,Pervis Estupiñán,pervis estupinan,Defender,2684,1,6,20000000.0,0.831
2022,Brighton & Hove Albion,Solly March,solly march,Attack,2728,7,7,18000000.0,0.826
2022,Brighton & Hove Albion,Leandro Trossard,leandro trossard,Attack,2257,8,13,30000000.0,0.818
2022,Brighton & Hove Albion,Pascal Groß,pascal gro,Midfield,3246,9,8,8000000.0,0.81
2022,Brighton & Hove Albion,Robert Sánchez,robert sanchez,Goalkeeper,2070,0,0,32000000.0,0.802
2022,Brighton & Hove Albion,Kaoru Mitoma,kaoru mitoma,Attack,2318,7,6,22000000.0,0.795
2022,Brighton & Hove Albion,Adam Webster,adam webster,Defender,1987,0,0,22000000.0,0.755
2022,Brighton & Hove Albion,Joël Veltman,joel veltman,Defender,2193,1,1,10000000.0,0.702
2022,Brighton & Hove Albion,Danny Welbeck,danny welbeck,Attack,1856,6,4,8000000.0,0.639
2022,Brighton & Hove Albion,Levi Colwill,levi colwill,Defender,1220,0,2,16000000.0,0.629
2022,Brighton & Hove Albion,Evan Ferguson,evan ferguson,Attack,950,6,2,10000000.0,0.549
2022,Brighton & Hove Albion,Julio Enciso,julio enciso,Midfield,800,4,2,11000000.0,0.54
2022,Brighton & Hove Albion,Tariq Lamptey,tariq lamptey,Defender,441,0,0,15000000.0,0.526
2022,Brighton & Hove Albion,Enock Mwepu,enock mwepu,Midfield,211,0,1,18000000.0,0.516
2022,Brighton & Hove Albion,Facundo Buonanotte,facundo buonanotte,Midfield,562,1,1,9000000.0,0.491
2022,Brighton & Hove Albion,Billy Gilmour,billy gilmour,Midfield,507,0,1,9000000.0,0.484
2022,Brighton & Hove Albion,Deniz Undav,deniz undav,Attack,619,5,0,6000000.0,0.458
2022,Brighton & Hove Albion,Jan Paul van Hecke,jan paul van hecke,Defender,292,0,0,4000000.0,0.378
2022,Brighton & Hove Albion,Jason Steele,jason steele,Goalkeeper,1350,0,1,1000000.0,0.371
2022,Brighton & Hove Albion,Yasin Ayari,yasin ayari,Midfield,65,0,0,4000000.0,0.35
2022,Brighton & Hove Albion,Adam Lallana,adam lallana,Midfield,728,2,1,1500000.0,0.335
2022,Brighton & Hove Albion,Jeremy Sarmiento,jeremy sarmiento,Attack,169,0,1,3000000.0,0.334
2022,Brighton & Hove Albion,Andrew Moran,andrew moran,Midfield,12,0,0,300000.0,0.088
2022,Brighton & Hove Albion,Odeluga Offiah,odeluga offiah,Defender,23,0,0,200000.0,0.049
2022,Brighton & Hove Albion,Cameron Peupion,cameron peupion,Attack,5,0,0,125000.0,0.001
2022,Chelsea,Kai Havertz,kai havertz,Attack,2579,7,1,60000000.0,0.953
2022,Chelsea,Raheem Sterling,raheem sterling,Attack,1902,6,3,60000000.0,0.848
2022,Chelsea,Enzo Fernández,enzo fernandez,Midfield,1551,0,2,85000000.0,0.841
2022,Chelsea,Mason Mount,mason mount,Midfield,1655,3,2,65000000.0,0.82
2022,Chelsea,Jorginho,jorginho,Midfield,2134,2,1,35000000.0,0.811
2022,Chelsea,Wesley Fofana,wesley fofana,Defender,1367,1,0,65000000.0,0.776
2022,Chelsea,Reece James,reece james,Defender,1244,1,1,70000000.0,0.767
2022,Chelsea,Kepa Arrizabalaga,kepa arrizabalaga,Goalkeeper,2565,0,0,15000000.0,0.764
2022,Chelsea,Mateo Kovacic,mateo kovacic,Midfield,1705,1,2,40000000.0,0.763
2022,Chelsea,Marc Cucurella,marc cucurella,Defender,1678,0,2,40000000.0,0.758
2022,Chelsea,Conor Gallagher,conor gallagher,Midfield,1616,3,1,32000000.0,0.719
2022,Chelsea,Kalidou Koulibaly,kalidou koulibaly,Defender,1800,2,1,25000000.0,0.714
2022,Chelsea,Ben Chilwell,ben chilwell,Defender,1408,2,3,35000000.0,0.699
2022,Chelsea,João Félix,joao felix,Attack,942,4,0,50000000.0,0.674
2022,Chelsea,Ruben Loftus-Cheek,ruben loftus cheek,Midfield,1542,0,1,25000000.0,0.674
2022,Chelsea,Trevoh Chalobah,trevoh chalobah,Defender,1603,0,0,22000000.0,0.666
2022,Chelsea,Mykhaylo Mudryk,mykhaylo mudryk,Attack,655,0,2,60000000.0,0.655
2022,Chelsea,Benoît Badiashile,benoit badiashile,Defender,904,1,0,40000000.0,0.638
2022,Chelsea,Christian Pulisic,christian pulisic,Attack,813,1,1,32000000.0,0.594
2022,Chelsea,Noni Madueke,noni madueke,Attack,646,1,0,28000000.0,0.55
2022,Chelsea,Edouard Mendy,edouard mendy,Goalkeeper,855,0,0,18000000.0,0.523
2022,Chelsea,César Azpilicueta,cesar azpilicueta,Defender,1522,0,0,8000000.0,0.517
2022,Chelsea,Armando Broja,armando broja,Attack,287,1,1,30000000.0,0.504
2022,Chelsea,Hakim Ziyech,hakim ziyech,Attack,653,0,3,18000000.0,0.492
2022,Chelsea,Thiago Silva,thiago silva,Defender,2352,0,2,2500000.0,0.489
2022,Chelsea,N'Golo Kanté,n golo kante,Midfield,520,0,1,20000000.0,0.485
2022,Chelsea,Denis Zakaria,denis zakaria,Midfield,413,0,0,20000000.0,0.469
2022,Chelsea,Carney Chukwuemeka,carney chukwuemeka,Midfield,345,0,0,15000000.0,0.419
2022,Chelsea,Lewis Hall,lewis hall,Defender,658,0,0,8000000.0,0.383
2022,Chelsea,Pierre-Emerick Aubameyang,pierre emerick aubameyang,Attack,551,1,0,7000000.0,0.348
2022,Chelsea,David Datro Fofana,david datro fofana,Attack,68,0,0,10000000.0,0.322
2022,Chelsea,Omari Hutchinson,omari hutchinson,Midfield,22,0,0,1000000.0,0.003
2022,Crystal Palace,Marc Guéhi,marc guehi,Defender,3330,1,0,35000000.0,1.0
2022,Crystal Palace,Joachim Andersen,joachim andersen,Defender,2783,1,0,32000000.0,0.923
2022,Crystal Palace,Tyrick Mitchell,tyrick mitchell,Defender,2896,0,2,28000000.0,0.921
2022,Crystal Palace,Cheick Doucouré,cheick doucoure,Midfield,2786,0,3,30000000.0,0.916
2022,Crystal Palace,Michael Olise,michael olise,Attack,2756,2,11,27000000.0,0.9
2022,Crystal Palace,Eberechi Eze,eberechi eze,Midfield,2645,10,4,30000000.0,0.899
2022,Crystal Palace,Wilfried Zaha,wilfried zaha,Attack,2294,7,2,27000000.0,0.844
2022,Crystal Palace,Odsonne Édouard,odsonne edouard,Attack,1806,5,2,17000000.0,0.729
2022,Crystal Palace,Jeffrey Schlupp,jeffrey schlupp,Midfield,2547,3,1,8000000.0,0.727
2022,Crystal Palace,Jordan Ayew,jordan ayew,Attack,2722,4,3,6000000.0,0.713
2022,Crystal Palace,Albert Sambi Lokonga,albert sambi lokonga,Midfield,732,0,0,15000000.0,0.585
2022,Crystal Palace,Jean-Philippe Mateta,jean philippe mateta,Attack,754,2,0,9000000.0,0.526
2022,Crystal Palace,Joel Ward,joel ward,Defender,2255,1,0,2000000.0,0.523
2022,Crystal Palace,Vicente Guaita,vicente guaita,Goalkeeper,2430,0,0,1500000.0,0.509
2022,Crystal Palace,Chris Richards,chris richards,Defender,443,0,0,10000000.0,0.501
2022,Crystal Palace,Nathaniel Clyne,nathaniel clyne,Defender,1643,0,0,3000000.0,0.499
2022,Crystal Palace,Will Hughes,will hughes,Midfield,828,1,1,5000000.0,0.463
2022,Crystal Palace,Naouirou Ahamada,naouirou ahamada,Midfield,86,0,0,10000000.0,0.458
2022,Crystal Palace,Sam Johnstone,sam johnstone,Goalkeeper,810,0,0,4000000.0,0.434
2022,Crystal Palace,Jaïro Riedewald,jairo riedewald,Midfield,59,0,0,4000000.0,0.344
2022,Crystal Palace,Luka Milivojevic,luka milivojevic,Midfield,504,0,0,2500000.0,0.34
2022,Crystal Palace,Malcolm Ebiowei,malcolm ebiowei,Attack,31,0,0,3000000.0,0.305
2022,Crystal Palace,James Tomkins,james tomkins,Defender,336,1,0,1000000.0,0.209
2022,Crystal Palace,James McArthur,james mcarthur,Midfield,50,0,0,700000.0,0.131
2022,Crystal Palace,Joe Whitworth,joe whitworth,Goalkeeper,180,0,0,250000.0,0.022
2022,Everton,Alex Iwobi,alex iwobi,Attack,3382,2,8,25000000.0,0.929
2022,Everton,Jordan Pickford,jordan pickford,Goalkeeper,3330,0,1,25000000.0,0.923
2022,Everton,James Tarkowski,james tarkowski,Defender,3420,1,1,22000000.0,0.917
2022,Everton,Amadou Onana,amadou onana,Midfield,2496,1,2,42000000.0,0.892
2022,Everton,Vitaliy Mykolenko,vitaliy mykolenko,Defender,2655,0,0,22000000.0,0.827
2022,Everton,Demarai Gray,demarai gray,Attack,2511,4,1,20000000.0,0.798
2022,Everton,Dwight McNeil,dwight mcneil,Attack,2499,7,3,18000000.0,0.783
2022,Everton,Anthony Gordon,anthony gordon,Attack,1578,4,0,40000000.0,0.778
2022,Everton,Conor Coady,conor coady,Defender,2095,1,1,18000000.0,0.736
2022,Everton,Idrissa Gueye,idrissa gueye,Midfield,2593,0,1,8000000.0,0.689
2022,Everton,Dominic Calvert-Lewin,dominic calvert lewin,Attack,1175,2,1,25000000.0,0.671
2022,Everton,Abdoulaye Doucouré,abdoulaye doucoure,Midfield,1530,5,2,12000000.0,0.617
2022,Everton,Nathan Patterson,nathan patterson,Defender,1277,0,0,14000000.0,0.608
2022,Everton,Neal Maupay,neal maupay,Attack,1115,1,0,13000000.0,0.579
2022,Everton,Ben Godfrey,ben godfrey,Defender,803,0,1,15000000.0,0.561
2022,Everton,James Garner,james garner,Midfield,796,0,1,14000000.0,0.551
2022,Everton,Michael Keane,michael keane,Defender,983,1,2,10000000.0,0.53
2022,Everton,Yerry Mina,yerry mina,Defender,596,2,0,12000000.0,0.508
2022,Everton,Tom Davies,tom davies,Midfield,527,0,0,12000000.0,0.5
2022,Everton,Mason Holgate,mason holgate,Defender,509,0,0,12000000.0,0.498
2022,Everton,Dele Alli,dele alli,Midfield,38,0,0,16000000.0,0.48
2022,Everton,Séamus Coleman,seamus coleman,Defender,1663,1,0,1200000.0,0.336
2022,Everton,Rúben Vinagre,ruben vinagre,Midfield,24,0,0,5000000.0,0.328
2022,Everton,Ellis Simms,ellis simms,Attack,219,1,0,4000000.0,0.322
2022,Everton,Salomón Rondón,salomon rondon,Attack,104,0,0,2500000.0,0.248
2022,Everton,Asmir Begovic,asmir begovic,Goalkeeper,90,0,0,1000000.0,0.129
2022,Everton,Isaac Price,isaac price,Midfield,32,0,0,400000.0,0.004
2022,Fulham,João Palhinha,joao palhinha,Midfield,3113,3,0,35000000.0,0.984
2022,Fulham,Harrison Reed,harrison reed,Midfield,2879,3,4,15000000.0,0.836
2022,Fulham,Antonee Robinson,antonee robinson,Defender,3089,0,1,12000000.0,0.83
2022,Fulham,Andreas Pereira,andreas pereira,Midfield,2718,4,6,16000000.0,0.825
2022,Fulham,Bernd Leno,bernd leno,Goalkeeper,3240,0,0,10000000.0,0.823
2022,Fulham,Aleksandar Mitrović,aleksandar mitrovic,Attack,2016,14,2,28000000.0,0.817
2022,Fulham,Kenny Tete,kenny tete,Defender,2575,1,5,12000000.0,0.767
2022,Fulham,Issa Diop,issa diop,Defender,2009,1,0,18000000.0,0.754
2022,Fulham,Tosin Adarabioyo,tosin adarabioyo,Defender,2084,1,0,15000000.0,0.738
2022,Fulham,Bobby De Cordova-Reid,bobby de cordova reid,Midfield,2485,4,1,7000000.0,0.679
2022,Fulham,Harry Wilson,harry wilson,Attack,1097,2,5,13000000.0,0.596
2022,Fulham,Manor Solomon,manor solomon,Attack,563,4,0,18000000.0,0.576
2022,Fulham,Daniel James,daniel james,Attack,807,2,1,13000000.0,0.56
2022,Fulham,Willian,willian,Attack,2144,5,6,3000000.0,0.518
2022,Fulham,Saša Lukić,sasa lukic,Midfield,409,0,0,13000000.0,0.511
2022,Fulham,Carlos Vinícius,carlos vinicius,Attack,1101,5,2,5000000.0,0.461
2022,Fulham,Tim Ream,tim ream,Defender,2900,1,0,1000000.0,0.456
2022,Fulham,Kevin Mbabu,kevin mbabu,Defender,141,0,1,7000000.0,0.39
2022,Fulham,Neeskens Kebano,neeskens kebano,Attack,766,0,3,3000000.0,0.348
2022,Fulham,Marek Rodák,marek rodak,Goalkeeper,180,0,0,5000000.0,0.347
2022,Fulham,Layvin Kurzawa,layvin kurzawa,Defender,136,0,0,5000000.0,0.342
2022,Fulham,Cédric Soares,cedric soares,Defender,224,0,0,4000000.0,0.321
2022,Fulham,Tom Cairney,tom cairney,Midfield,972,2,0,2000000.0,0.316
2022,Fulham,Josh Onomah,josh onomah,Midfield,14,0,0,2500000.0,0.229
2022,Fulham,Nathaniel Chalobah,nathaniel chalobah,Midfield,12,0,0,2500000.0,0.229
2022,Fulham,Shane Duffy,shane duffy,Defender,17,0,0,2500000.0,0.229
2022,Fulham,Jay Stansfield,jay stansfield,Attack,86,0,0,500000.0,0.011
2022,Fulham,Luke Harris,luke harris,Midfield,10,0,0,500000.0,0.001
2022,Fulham,Tyrese Francois,tyrese francois,Midfield,1,0,0,500000.0,0.0
2022,Leeds United,Illan Meslier,illan meslier,Goalkeeper,3060,0,0,22000000.0,0.927
2022,Leeds United,Robin Koch,robin koch,Defender,3177,0,0,18000000.0,0.905
2022,Leeds United,Brenden Aaronson,brenden aaronson,Midfield,2383,1,3,30000000.0,0.9
2022,Leeds United,Jack Harrison,jack harrison,Attack,2727,5,7,22000000.0,0.886
2022,Leeds United,Pascal Struijk,pascal struijk,Defender,2203,2,1,20000000.0,0.802
2022,Leeds United,Tyler Adams,tyler adams,Midfield,2157,0,0,17000000.0,0.766
2022,Leeds United,Marc Roca,marc roca,Midfield,2330,1,2,15000000.0,0.764
2022,Leeds United,Rasmus Nissen Kristensen,rasmus nissen kristensen,Defender,1961,3,1,15000000.0,0.718
2022,Leeds United,Weston McKennie,weston mckennie,Midfield,1441,0,1,21000000.0,0.715
2022,Leeds United,Wilfried Gnonto,wilfried gnonto,Attack,1351,2,4,18000000.0,0.675
2022,Leeds United,Luis Sinisterra,luis sinisterra,Attack,876,5,0,22000000.0,0.652
2022,Leeds United,Rodrigo,rodrigo,Attack,1943,13,1,9000000.0,0.62
2022,Leeds United,Crysencio Summerville,crysencio summerville,Attack,1415,4,2,12000000.0,0.607
2022,Leeds United,Junior Firpo,junior firpo,Defender,1367,1,1,12000000.0,0.601
2022,Leeds United,Maximilian Wöber,maximilian wober,Defender,1265,0,0,12000000.0,0.588
2022,Leeds United,Patrick Bamford,patrick bamford,Attack,1523,4,2,10000000.0,0.587
2022,Leeds United,Georginio Rutter,georginio rutter,Attack,264,0,1,22000000.0,0.575
2022,Leeds United,Diego Llorente,diego llorente,Defender,648,0,0,12000000.0,0.511
2022,Leeds United,Liam Cooper,liam cooper,Defender,1427,1,0,5000000.0,0.446
2022,Leeds United,Joe Gelhardt,joe gelhardt,Attack,202,0,2,8000000.0,0.379
2022,Leeds United,Luke Ayling,luke ayling,Defender,2049,2,1,2000000.0,0.353
2022,Leeds United,Sam Greenwood,sam greenwood,Midfield,411,1,2,4000000.0,0.276
2022,Leeds United,Cody Drameh,cody drameh,Defender,70,0,0,3000000.0,0.18
2022,Leeds United,Darko Gyabi,darko gyabi,Midfield,7,0,0,3000000.0,0.172
2022,Leeds United,Adam Forshaw,adam forshaw,Midfield,476,0,0,1800000.0,0.136
2022,Leeds United,Mateusz Klich,mateusz klich,Midfield,266,0,0,2000000.0,0.129
2022,Leeds United,Joel Robles,joel robles,Goalkeeper,360,0,0,1200000.0,0.045
2022,Leicester City,Timothy Castagne,timothy castagne,Defender,3257,2,3,28000000.0,0.936
2022,Leicester City,James Maddison,james maddison,Midfield,2486,10,9,55000000.0,0.905
2022,Leicester City,Harvey Barnes,harvey barnes,Attack,2718,13,1,32000000.0,0.882
2022,Leicester City,Wout Faes,wout faes,Defender,2787,1,2,20000000.0,0.846
2022,Leicester City,Youri Tielemans,youri tielemans,Midfield,2351,3,2,30000000.0,0.831
2022,Leicester City,Kiernan Dewsbury-Hall,kiernan dewsbury hall,Midfield,2316,2,2,25000000.0,0.809
2022,Leicester City,Wilfred Ndidi,wilfred ndidi,Midfield,1682,0,0,32000000.0,0.755
2022,Leicester City,Boubakary Soumaré,boubakary soumare,Midfield,1634,0,0,20000000.0,0.704
2022,Leicester City,Danny Ward,danny ward,Goalkeeper,2340,0,0,8000000.0,0.704
2022,Leicester City,James Justin,james justin,Defender,1254,0,1,25000000.0,0.679
2022,Leicester City,Daniel Amartey,daniel amartey,Defender,1610,0,0,15000000.0,0.674
2022,Leicester City,Patson Daka,patson daka,Attack,1179,4,4,20000000.0,0.649
2022,Leicester City,Kelechi Iheanacho,kelechi iheanacho,Attack,1121,5,5,17000000.0,0.626
2022,Leicester City,Tetê,tete,Attack,738,1,0,25000000.0,0.616
2022,Leicester City,Harry Souttar,harry souttar,Defender,991,0,1,15000000.0,0.598
2022,Leicester City,Jamie Vardy,jamie vardy,Attack,1852,3,4,4000000.0,0.578
2022,Leicester City,Luke Thomas,luke thomas,Defender,1071,0,0,10000000.0,0.569
2022,Leicester City,Victor Kristiansen,victor kristiansen,Defender,894,0,1,12000000.0,0.565
2022,Leicester City,Çağlar Söyüncü,caglar soyuncu,Defender,529,1,0,15000000.0,0.541
2022,Leicester City,Ricardo Pereira,ricardo pereira,Defender,453,1,1,12000000.0,0.511
2022,Leicester City,Dennis Praet,dennis praet,Midfield,640,1,0,8000000.0,0.495
2022,Leicester City,Jonny Evans,jonny evans,Defender,1053,0,0,3000000.0,0.453
2022,Leicester City,Ayoze Pérez,ayoze perez,Attack,379,0,1,6000000.0,0.436
2022,Leicester City,Nampalys Mendy,nampalys mendy,Midfield,751,1,0,3500000.0,0.43
2022,Leicester City,Daniel Iversen,daniel iversen,Goalkeeper,1080,0,0,2000000.0,0.417
2022,Leicester City,Marc Albrighton,marc albrighton,Midfield,233,1,0,2000000.0,0.313
2022,Leicester City,Lewis Brunt,lewis brunt,Midfield,22,0,0,100000.0,0.003
2022,Liverpool,Mohamed Salah,mohamed salah,Attack,3297,19,12,70000000.0,0.986
2022,Liverpool,Trent Alexander-Arnold,trent alexander arnold,Defender,2931,2,9,65000000.0,0.932
2022,Liverpool,Alisson,alisson,Goalkeeper,3330,0,1,45000000.0,0.929
2022,Liverpool,Virgil van Dijk,virgil van dijk,Defender,2835,3,1,45000000.0,0.87
2022,Liverpool,Fabinho,fabinho,Midfield,2677,0,2,45000000.0,0.851
2022,Liverpool,Andrew Robertson,andrew robertson,Defender,2590,0,8,48000000.0,0.849
2022,Liverpool,Darwin Núñez,darwin nunez,Attack,1698,9,3,70000000.0,0.794
2022,Liverpool,Cody Gakpo,cody gakpo,Attack,1465,7,3,60000000.0,0.745
2022,Liverpool,Luis Díaz,luis diaz,Attack,997,4,2,75000000.0,0.72
2022,Liverpool,Diogo Jota,diogo jota,Attack,1133,7,4,55000000.0,0.693
2022,Liverpool,Harvey Elliott,harvey elliott,Midfield,1611,1,2,35000000.0,0.688
2022,Liverpool,Ibrahima Konaté,ibrahima konate,Defender,1551,0,0,35000000.0,0.68
2022,Liverpool,Joe Gomez,joe gomez,Defender,1461,0,0,30000000.0,0.648
2022,Liverpool,Roberto Firmino,roberto firmino,Attack,1212,11,4,22000000.0,0.575
2022,Liverpool,Jordan Henderson,jordan henderson,Midfield,2072,0,2,10000000.0,0.569
2022,Liverpool,Thiago Alcántara,thiago alcantara,Midfield,1256,0,0,18000000.0,0.553
2022,Liverpool,Curtis Jones,curtis jones,Midfield,1039,3,1,17000000.0,0.519
2022,Liverpool,Joel Matip,joel matip,Defender,1093,1,0,16000000.0,0.517
2022,Liverpool,Konstantinos Tsimikas,konstantinos tsimikas,Defender,767,0,4,18000000.0,0.494
2022,Liverpool,Fábio Carvalho,fabio carvalho,Midfield,341,2,0,20000000.0,0.457
2022,Liverpool,Naby Keïta,naby keita,Midfield,292,0,0,20000000.0,0.451
2022,Liverpool,Alex Oxlade-Chamberlain,alex oxlade chamberlain,Midfield,335,1,0,10000000.0,0.36
2022,Liverpool,Caoimhín Kelleher,caoimhin kelleher,Goalkeeper,90,0,0,8000000.0,0.3
2022,Liverpool,Nathaniel Phillips,nathaniel phillips,Defender,66,0,0,6000000.0,0.257
2022,Liverpool,James Milner,james milner,Midfield,893,0,1,2000000.0,0.204
2022,Liverpool,Stefan Bajcetic,stefan bajcetic,Midfield,529,1,0,1000000.0,0.064
2022,Manchester City,Erling Haaland,erling haaland,Attack,2777,36,8,170000000.0,0.953
2022,Manchester City,Rodri,rodri,Midfield,2921,2,6,80000000.0,0.836
2022,Manchester City,Kevin De Bruyne,kevin de bruyne,Midfield,2425,7,18,80000000.0,0.773
2022,Manchester City,Ederson,ederson,Goalkeeper,3150,0,1,45000000.0,0.762
2022,Manchester City,Phil Foden,phil foden,Midfield,1842,11,5,110000000.0,0.756
2022,Manchester City,Bernardo Silva,bernardo silva,Midfield,2202,4,6,80000000.0,0.744
2022,Manchester City,Rúben Dias,ruben dias,Defender,1998,0,0,75000000.0,0.707
2022,Manchester City,Jack Grealish,jack grealish,Attack,2063,5,7,70000000.0,0.703
2022,Manchester City,João Cancelo,joao cancelo,Defender,1278,2,1,70000000.0,0.603
2022,Manchester City,Manuel Akanji,manuel akanji,Defender,2286,0,1,30000000.0,0.579
2022,Manchester City,Julián Alvarez,julian alvarez,Attack,1454,9,1,50000000.0,0.565
2022,Manchester City,İlkay Gündoğan,ilkay gundogan,Midfield,2359,8,5,25000000.0,0.556
2022,Manchester City,Nathan Aké,nathan ake,Defender,1877,1,0,35000000.0,0.555
2022,Manchester City,Riyad Mahrez,riyad mahrez,Attack,1924,5,10,30000000.0,0.533
2022,Manchester City,John Stones,john stones,Defender,1848,2,2,30000000.0,0.523
2022,Manchester City,Aymeric Laporte,aymeric laporte,Defender,993,0,0,30000000.0,0.415
2022,Manchester City,Kyle Walker,kyle walker,Defender,1956,0,0,15000000.0,0.413
2022,Manchester City,Kalvin Phillips,kalvin phillips,Midfield,291,0,0,35000000.0,0.353
2022,Manchester City,Rico Lewis,rico lewis,Defender,903,0,0,15000000.0,0.279
2022,Manchester City,Cole Palmer,cole palmer,Midfield,358,0,1,15000000.0,0.21
2022,Manchester City,Sergio Gómez,sergio gomez,Defender,341,0,1,15000000.0,0.208
2022,Manchester City,Máximo Perrone,maximo perrone,Midfield,18,0,0,8500000.0,0.065
2022,Manchester City,Stefan Ortega,stefan ortega,Goalkeeper,270,0,0,6000000.0,0.034
2022,Manchester United,Bruno Fernandes,bruno fernandes,Midfield,3320,8,8,75000000.0,0.981
2022,Manchester United,Marcus Rashford,marcus rashford,Attack,2891,17,5,80000000.0,0.938
2022,Manchester United,David de Gea,david de gea,Goalkeeper,3420,0,0,15000000.0,0.82
2022,Manchester United,Luke Shaw,luke shaw,Defender,2556,1,2,35000000.0,0.81
2022,Manchester United,Antony,antony,Attack,1818,4,2,70000000.0,0.798
2022,Manchester United,Casemiro,casemiro,Midfield,2127,4,3,50000000.0,0.798
2022,Manchester United,Lisandro Martínez,lisandro martinez,Defender,2117,1,0,50000000.0,0.797
2022,Manchester United,Diogo Dalot,diogo dalot,Defender,2155,1,2,35000000.0,0.763
2022,Manchester United,Jadon Sancho,jadon sancho,Attack,1700,6,3,55000000.0,0.759
2022,Manchester United,Raphaël Varane,raphael varane,Defender,1917,0,0,40000000.0,0.75
2022,Manchester United,Christian Eriksen,christian eriksen,Midfield,2063,1,8,25000000.0,0.716
2022,Manchester United,Aaron Wan-Bissaka,aaron wan bissaka,Defender,1436,0,0,22000000.0,0.629
2022,Manchester United,Tyrell Malacia,tyrell malacia,Defender,1393,0,0,22000000.0,0.624
2022,Manchester United,Scott McTominay,scott mctominay,Midfield,1151,1,0,25000000.0,0.61
2022,Manchester United,Fred,fred,Midfield,1233,2,2,20000000.0,0.595
2022,Manchester United,Victor Lindelöf,victor lindelof,Defender,1360,0,0,15000000.0,0.579
2022,Manchester United,Harry Maguire,harry maguire,Defender,762,0,0,25000000.0,0.564
2022,Manchester United,Alejandro Garnacho,alejandro garnacho,Attack,561,3,2,25000000.0,0.541
2022,Manchester United,Anthony Martial,anthony martial,Attack,980,6,2,15000000.0,0.535
2022,Manchester United,Anthony Elanga,anthony elanga,Attack,421,0,1,25000000.0,0.524
2022,Manchester United,Marcel Sabitzer,marcel sabitzer,Midfield,627,0,1,20000000.0,0.524
2022,Manchester United,Cristiano Ronaldo,cristiano ronaldo,Attack,520,1,0,20000000.0,0.512
2022,Manchester United,Wout Weghorst,wout weghorst,Attack,797,0,1,14000000.0,0.506
2022,Manchester United,Donny van de Beek,donny van de beek,Midfield,163,0,0,20000000.0,0.47
2022,Manchester United,Facundo Pellistri,facundo pellistri,Attack,60,0,0,3000000.0,0.254
2022,Manchester United,Kobbie Mainoo,kobbie mainoo,Midfield,10,0,0,300000.0,0.001
2022,Newcastle United,Bruno Guimarães,bruno guimaraes,Midfield,2734,4,5,60000000.0,0.927
2022,Newcastle United,Sven Botman,sven botman,Defender,3129,0,0,45000000.0,0.925
2022,Newcastle United,Joelinton,joelinton,Midfield,2663,6,2,38000000.0,0.84
2022,Newcastle United,Miguel Almirón,miguel almiron,Attack,2508,11,2,35000000.0,0.807
2022,Newcastle United,Joe Willock,joe willock,Midfield,2578,3,6,30000000.0,0.789
2022,Newcastle United,Nick Pope,nick pope,Goalkeeper,3262,0,0,18000000.0,0.784
2022,Newcastle United,Alexander Isak,alexander isak,Attack,1526,10,2,50000000.0,0.751
2022,Newcastle United,Kieran Trippier,kieran trippier,Defender,3348,1,7,13000000.0,0.738
2022,Newcastle United,Sean Longstaff,sean longstaff,Midfield,2516,1,4,22000000.0,0.729
2022,Newcastle United,Dan Burn,dan burn,Defender,3116,1,0,12000000.0,0.697
2022,Newcastle United,Fabian Schär,fabian schar,Defender,3210,1,3,10000000.0,0.677
2022,Newcastle United,Allan Saint-Maximin,allan saint maximin,Attack,1117,1,5,35000000.0,0.641
2022,Newcastle United,Callum Wilson,callum wilson,Attack,1887,18,5,18000000.0,0.619
2022,Newcastle United,Jacob Murphy,jacob murphy,Attack,1243,4,2,10000000.0,0.442
2022,Newcastle United,Matt Targett,matt targett,Defender,603,0,0,15000000.0,0.435
2022,Newcastle United,Chris Wood,chris wood,Attack,816,3,0,10000000.0,0.391
2022,Newcastle United,Ryan Fraser,ryan fraser,Attack,311,0,0,10000000.0,0.331
2022,Newcastle United,Jamaal Lascelles,jamaal lascelles,Defender,214,0,0,7000000.0,0.258
2022,Newcastle United,Jamal Lewis,jamal lewis,Defender,9,0,0,8000000.0,0.256
2022,Newcastle United,Emil Krafth,emil krafth,Defender,1,0,0,5000000.0,0.175
2022,Newcastle United,Elliot Anderson,elliot anderson,Midfield,398,0,1,3500000.0,0.161
2022,Newcastle United,Javier Manquillo,javier manquillo,Defender,34,0,0,3000000.0,0.091
2022,Newcastle United,Martin Dúbravka,martin dubravka,Goalkeeper,156,0,0,2500000.0,0.075
2022,Newcastle United,Matt Ritchie,matt ritchie,Midfield,35,0,0,1800000.0,0.004
2022,Nottingham Forest,Morgan Gibbs-White,morgan gibbs white,Midfield,3159,5,8,30000000.0,1.0
2022,Nottingham Forest,Brennan Johnson,brennan johnson,Attack,2941,8,3,30000000.0,0.972
2022,Nottingham Forest,Renan Lodi,renan lodi,Defender,2220,0,1,20000000.0,0.822
2022,Nottingham Forest,Neco Williams,neco williams,Defender,1876,1,0,18000000.0,0.763
2022,Nottingham Forest,Dean Henderson,dean henderson,Goalkeeper,1620,0,0,22000000.0,0.76
2022,Nottingham Forest,Taiwo Awoniyi,taiwo awoniyi,Attack,1411,10,1,20000000.0,0.719
2022,Nottingham Forest,Remo Freuler,remo freuler,Midfield,2165,0,0,10000000.0,0.713
2022,Nottingham Forest,Danilo,danilo,Midfield,981,3,2,25000000.0,0.697
2022,Nottingham Forest,Joe Worrall,joe worrall,Defender,2216,1,0,8000000.0,0.687
2022,Nottingham Forest,Moussa Niakhaté,moussa niakhate,Defender,1166,0,0,18000000.0,0.673
2022,Nottingham Forest,Orel Mangala,orel mangala,Midfield,1555,1,1,12000000.0,0.663
2022,Nottingham Forest,Ryan Yates,ryan yates,Midfield,1839,0,2,8000000.0,0.639
2022,Nottingham Forest,Scott McKenna,scott mckenna,Defender,1573,0,0,10000000.0,0.638
2022,Nottingham Forest,Serge Aurier,serge aurier,Defender,1949,1,0,6000000.0,0.611
2022,Nottingham Forest,Jesse Lingard,jesse lingard,Midfield,927,0,0,12000000.0,0.583
2022,Nottingham Forest,Keylor Navas,keylor navas,Goalkeeper,1530,0,0,5000000.0,0.531
2022,Nottingham Forest,Emmanuel Dennis,emmanuel dennis,Attack,716,2,2,10000000.0,0.53
2022,Nottingham Forest,Gustavo Scarpa,gustavo scarpa,Midfield,179,0,0,12000000.0,0.488
2022,Nottingham Forest,Lewis O'Brien,lewis o brien,Midfield,580,1,0,8000000.0,0.48
2022,Nottingham Forest,Jonjo Shelvey,jonjo shelvey,Midfield,576,0,0,7000000.0,0.46
2022,Nottingham Forest,Felipe,felipe,Defender,1419,0,1,3000000.0,0.442
2022,Nottingham Forest,Giulian Biancone,giulian biancone,Defender,16,0,0,8000000.0,0.408
2022,Nottingham Forest,Harry Toffolo,harry toffolo,Defender,935,0,0,3500000.0,0.404
2022,Nottingham Forest,Willy Boly,willy boly,Defender,687,0,1,4000000.0,0.392
2022,Nottingham Forest,Steve Cook,steve cook,Defender,959,0,0,3000000.0,0.384
2022,Nottingham Forest,Cheikhou Kouyaté,cheikhou kouyate,Midfield,878,1,0,3000000.0,0.374
2022,Nottingham Forest,Sam Surridge,sam surridge,Attack,307,1,0,3500000.0,0.324
2022,Nottingham Forest,André Ayew,andre ayew,Attack,307,0,0,2200000.0,0.256
2022,Nottingham Forest,Jack Colback,jack colback,Midfield,494,0,0,800000.0,0.131
2022,Nottingham Forest,Cafú,cafu,Midfield,6,0,0,700000.0,0.05
2022,Nottingham Forest,Wayne Hennessey,wayne hennessey,Goalkeeper,271,0,0,500000.0,0.034
2022,Nottingham Forest,Alex Mighten,alex mighten,Attack,7,0,0,600000.0,0.028
2022,Southampton,James Ward-Prowse,james ward prowse,Midfield,3372,9,4,38000000.0,1.0
2022,Southampton,Kyle Walker-Peters,kyle walker peters,Defender,2653,1,0,25000000.0,0.863
2022,Southampton,Gavin Bazunu,gavin bazunu,Goalkeeper,2880,0,0,18000000.0,0.849
2022,Southampton,Roméo Lavia,romeo lavia,Midfield,2231,1,0,25000000.0,0.813
2022,Southampton,Ché Adams,che adams,Attack,1997,5,3,22000000.0,0.769
2022,Southampton,Armel Bella-Kotchap,armel bella kotchap,Defender,1885,0,2,20000000.0,0.744
2022,Southampton,Mohammed Salisu,mohammed salisu,Defender,1973,0,1,18000000.0,0.741
2022,Southampton,Mohamed Elyounoussi,mohamed elyounoussi,Attack,2179,1,1,12000000.0,0.716
2022,Southampton,Jan Bednarek,jan bednarek,Defender,1773,0,0,14000000.0,0.687
2022,Southampton,Romain Perraud,romain perraud,Defender,1837,2,2,12000000.0,0.675
2022,Southampton,Kamaldeen Sulemana,kamaldeen sulemana,Attack,967,2,1,22000000.0,0.647
2022,Southampton,Joe Aribo,joe aribo,Midfield,1229,2,0,15000000.0,0.631
2022,Southampton,Adam Armstrong,adam armstrong,Attack,1334,2,1,12000000.0,0.615
2022,Southampton,Duje Caleta-Car,duje caleta car,Defender,944,1,0,14000000.0,0.588
2022,Southampton,Carlos Alcaraz,carlos alcaraz,Midfield,1034,4,2,12000000.0,0.58
2022,Southampton,Ainsley Maitland-Niles,ainsley maitland niles,Defender,1404,0,1,8000000.0,0.573
2022,Southampton,Tino Livramento,tino livramento,Defender,26,0,0,25000000.0,0.551
2022,Southampton,Paul Onuachu,paul onuachu,Attack,405,0,0,17000000.0,0.548
2022,Southampton,Stuart Armstrong,stuart armstrong,Midfield,1405,2,1,6000000.0,0.538
2022,Southampton,Sékou Mara,sekou mara,Attack,542,1,2,12000000.0,0.521
2022,Southampton,Moussa Djenepo,moussa djenepo,Attack,705,0,2,10000000.0,0.518
2022,Southampton,Nathan Redmond,nathan redmond,Attack,1,0,0,18000000.0,0.508
2022,Southampton,Ibrahima Diallo,ibrahima diallo,Midfield,816,0,0,8000000.0,0.504
2022,Southampton,Lyanco,lyanco,Defender,1175,1,1,4000000.0,0.46
2022,Southampton,Samuel Edozie,samuel edozie,Attack,559,0,0,7000000.0,0.457
2022,Southampton,Mislav Orsic,mislav orsic,Attack,6,0,0,10000000.0,0.435
2022,Southampton,Juan Larios,juan larios,Defender,152,0,0,7000000.0,0.408
2022,Southampton,Oriol Romeu,oriol romeu,Midfield,75,0,0,5000000.0,0.358
2022,Southampton,Theo Walcott,theo walcott,Attack,1133,2,2,1800000.0,0.356
2022,Southampton,James Bree,james bree,Defender,368,0,0,3000000.0,0.329
2022,Southampton,Alex McCarthy,alex mccarthy,Goalkeeper,540,0,0,2000000.0,0.299
2022,Southampton,Yan Valery,yan valery,Defender,45,0,0,2500000.0,0.268
2022,Southampton,Dom Ballard,dom ballard,Attack,24,0,0,300000.0,0.003
2022,Tottenham Hotspur,Harry Kane,harry kane,Attack,3408,30,3,90000000.0,1.0
2022,Tottenham Hotspur,Heung-min Son,heung min son,Attack,2899,10,6,60000000.0,0.881
2022,Tottenham Hotspur,Pierre-Emile Højbjerg,pierre emile h jbjerg,Midfield,3133,4,5,45000000.0,0.866
2022,Tottenham Hotspur,Cristian Romero,cristian romero,Defender,2365,0,1,60000000.0,0.818
2022,Tottenham Hotspur,Dejan Kulusevski,dejan kulusevski,Midfield,2079,2,7,55000000.0,0.772
2022,Tottenham Hotspur,Eric Dier,eric dier,Defender,2816,2,1,25000000.0,0.743
2022,Tottenham Hotspur,Rodrigo Bentancur,rodrigo bentancur,Midfield,1506,5,2,40000000.0,0.658
2022,Tottenham Hotspur,Ben Davies,ben davies,Defender,2290,2,2,20000000.0,0.648
2022,Tottenham Hotspur,Richarlison,richarlison,Attack,1006,1,4,55000000.0,0.646
2022,Tottenham Hotspur,Emerson Royal,emerson royal,Defender,1736,2,1,25000000.0,0.616
2022,Tottenham Hotspur,Pedro Porro,pedro porro,Defender,1136,3,3,35000000.0,0.595
2022,Tottenham Hotspur,Clément Lenglet,clement lenglet,Defender,2027,0,2,12000000.0,0.543
2022,Tottenham Hotspur,Yves Bissouma,yves bissouma,Midfield,1004,0,0,25000000.0,0.53
2022,Tottenham Hotspur,Ivan Perišić,ivan perisic,Attack,2111,1,8,10000000.0,0.526
2022,Tottenham Hotspur,Oliver Skipp,oliver skipp,Midfield,1496,1,0,15000000.0,0.513
2022,Tottenham Hotspur,Ryan Sessegnon,ryan sessegnon,Defender,811,2,0,22000000.0,0.489
2022,Tottenham Hotspur,Davinson Sánchez,davinson sanchez,Defender,852,0,0,20000000.0,0.48
2022,Tottenham Hotspur,Arnaut Danjuma,arnaut danjuma,Attack,163,1,0,27000000.0,0.443
2022,Tottenham Hotspur,Hugo Lloris,hugo lloris,Goalkeeper,2205,0,0,4000000.0,0.403
2022,Tottenham Hotspur,Matt Doherty,matt doherty,Defender,668,1,0,12000000.0,0.383
2022,Tottenham Hotspur,Pape Matar Sarr,pape matar sarr,Midfield,213,0,1,15000000.0,0.362
2022,Tottenham Hotspur,Bryan Gil,bryan gil,Attack,148,0,1,12000000.0,0.322
2022,Tottenham Hotspur,Djed Spence,djed spence,Defender,5,0,0,13000000.0,0.317
2022,Tottenham Hotspur,Japhet Tanganga,japhet tanganga,Defender,147,0,0,9000000.0,0.28
2022,Tottenham Hotspur,Lucas Moura,lucas moura,Attack,145,1,0,9000000.0,0.28
2022,Tottenham Hotspur,Fraser Forster,fraser forster,Goalkeeper,1215,0,0,1500000.0,0.143
2022,West Ham United,Declan Rice,declan rice,Midfield,3272,4,2,80000000.0,1.0
2022,West Ham United,Jarrod Bowen,jarrod bowen,Attack,3237,6,6,38000000.0,0.918
2022,West Ham United,Tomáš Souček,tomas soucek,Midfield,2819,2,3,35000000.0,0.859
2022,West Ham United,Lucas Paquetá,lucas paqueta,Midfield,2172,4,3,45000000.0,0.806
2022,West Ham United,Kurt Zouma,kurt zouma,Defender,1990,2,0,28000000.0,0.734
2022,West Ham United,Saïd Benrahma,said benrahma,Attack,2071,6,3,22000000.0,0.719
2022,West Ham United,Thilo Kehrer,thilo kehrer,Defender,2230,0,2,18000000.0,0.717
2022,West Ham United,Nayef Aguerd,nayef aguerd,Defender,1595,2,0,32000000.0,0.7
2022,West Ham United,Pablo Fornals,pablo fornals,Midfield,1503,3,1,25000000.0,0.663
2022,West Ham United,Vladimír Coufal,vladimir coufal,Defender,2139,0,1,9000000.0,0.634
2022,West Ham United,Gianluca Scamacca,gianluca scamacca,Attack,928,3,0,30000000.0,0.611
2022,West Ham United,Michail Antonio,michail antonio,Attack,1838,5,3,9000000.0,0.597
2022,West Ham United,Emerson,emerson,Defender,1322,1,0,12000000.0,0.564
2022,West Ham United,Lukasz Fabianski,lukasz fabianski,Goalkeeper,3113,0,0,1000000.0,0.525
2022,West Ham United,Aaron Cresswell,aaron cresswell,Defender,2237,0,1,2500000.0,0.513
2022,West Ham United,Ben Johnson,ben johnson,Defender,861,0,0,12000000.0,0.508
2022,West Ham United,Maxwel Cornet,maxwel cornet,Attack,234,0,0,15000000.0,0.454
2022,West Ham United,Flynn Downes,flynn downes,Midfield,757,0,0,8000000.0,0.453
2022,West Ham United,Alphonse Areola,alphonse areola,Goalkeeper,307,0,0,8000000.0,0.398
2022,West Ham United,Manuel Lanzini,manuel lanzini,Midfield,244,1,0,8000000.0,0.39
2022,West Ham United,Angelo Ogbonna,angelo ogbonna,Defender,1236,0,0,1000000.0,0.295
2022,West Ham United,Conor Coventry,conor coventry,Midfield,1,0,0,500000.0,0.072
2022,West Ham United,Divin Mubama,divin mubama,Attack,36,0,0,250000.0,0.004
2022,Wolverhampton Wanderers,Rúben Neves,ruben neves,Midfield,3023,6,1,40000000.0,0.952
2022,Wolverhampton Wanderers,Maximilian Kilman,maximilian kilman,Defender,3308,0,0,25000000.0,0.935
2022,Wolverhampton Wanderers,Matheus Nunes,matheus nunes,Defender,2478,1,1,45000000.0,0.9
2022,Wolverhampton Wanderers,José Sá,jose sa,Goalkeeper,3240,0,0,18000000.0,0.89
2022,Wolverhampton Wanderers,Nélson Semedo,nelson semedo,Defender,2635,0,1,15000000.0,0.797
2022,Wolverhampton Wanderers,Nathan Collins,nathan collins,Defender,1812,0,0,22000000.0,0.74
2022,Wolverhampton Wanderers,Daniel Podence,daniel podence,Attack,1770,6,0,20000000.0,0.724
2022,Wolverhampton Wanderers,Pedro Neto,pedro neto,Attack,970,0,1,32000000.0,0.68
2022,Wolverhampton Wanderers,Matheus Cunha,matheus cunha,Attack,972,2,0,30000000.0,0.673
2022,Wolverhampton Wanderers,Rayan Aït-Nouri,rayan ait nouri,Defender,1070,1,0,22000000.0,0.65
2022,Wolverhampton Wanderers,Gonçalo Guedes,goncalo guedes,Attack,709,1,1,32000000.0,0.648
2022,Wolverhampton Wanderers,Jonny Otto,jonny otto,Defender,1262,1,0,17000000.0,0.645
2022,Wolverhampton Wanderers,Adama Traoré,adama traore,Attack,1484,2,2,12000000.0,0.633
2022,Wolverhampton Wanderers,Mario Lemina,mario lemina,Midfield,1303,0,1,10000000.0,0.591
2022,Wolverhampton Wanderers,Hee-chan Hwang,hee chan hwang,Attack,1127,3,1,12000000.0,0.59
2022,Wolverhampton Wanderers,Pablo Sarabia,pablo sarabia,Midfield,770,1,0,16000000.0,0.579
2022,Wolverhampton Wanderers,João Gomes,joao gomes,Midfield,651,1,0,15000000.0,0.557
2022,Wolverhampton Wanderers,Sasa Kalajdzic,sasa kalajdzic,Attack,45,0,0,25000000.0,0.54
2022,Wolverhampton Wanderers,Craig Dawson,craig dawson,Defender,2135,1,0,2500000.0,0.538
2022,Wolverhampton Wanderers,Raúl Jiménez,raul jimenez,Attack,841,0,1,9000000.0,0.523
2022,Wolverhampton Wanderers,João Moutinho,joao moutinho,Midfield,1783,0,2,2000000.0,0.471
2022,Wolverhampton Wanderers,Diego Costa,diego costa,Attack,1247,1,0,3500000.0,0.468
2022,Wolverhampton Wanderers,Boubacar Traoré,boubacar traore,Midfield,407,0,1,5000000.0,0.406
2022,Wolverhampton Wanderers,Toti,toti,Defender,981,1,0,2500000.0,0.398
2022,Wolverhampton Wanderers,Daniel Bentley,daniel bentley,Goalkeeper,180,0,0,1800000.0,0.265
2022,Wolverhampton Wanderers,Hugo Bueno,hugo bueno,Defender,1315,0,1,200000.0,0.159
2022,Wolverhampton Wanderers,Connor Ronan,connor ronan,Midfield,1,0,0,800000.0,0.154
2022,Wolverhampton Wanderers,Joe Hodge,joe hodge,Midfield,173,0,0,500000.0,0.122
2023,AFC Bournemouth,Dominic Solanke,dominic solanke,Attack,3333,19,3,35000000.0,1.0
2023,AFC Bournemouth,Ilya Zabarnyi,ilya zabarnyi,Defender,3330,1,0,28000000.0,0.977
2023,AFC Bournemouth,Ryan Christie,ryan christie,Midfield,2920,0,5,12000000.0,0.841
2023,AFC Bournemouth,Marcos Senesi,marcos senesi,Defender,2247,4,5,20000000.0,0.812
2023,AFC Bournemouth,Lewis Cook,lewis cook,Midfield,2792,0,3,10000000.0,0.807
2023,AFC Bournemouth,Marcus Tavernier,marcus tavernier,Midfield,2133,3,4,20000000.0,0.799
2023,AFC Bournemouth,Milos Kerkez,milos kerkez,Defender,1976,0,1,20000000.0,0.78
2023,AFC Bournemouth,Antoine Semenyo,antoine semenyo,Attack,2113,8,2,10000000.0,0.725
2023,AFC Bournemouth,Philip Billing,philip billing,Midfield,1393,2,2,22000000.0,0.72
2023,AFC Bournemouth,Justin Kluivert,justin kluivert,Midfield,1935,7,1,11000000.0,0.714
2023,AFC Bournemouth,Lloyd Kelly,lloyd kelly,Defender,1556,0,1,16000000.0,0.707
2023,AFC Bournemouth,Dango Ouattara,dango ouattara,Attack,1220,1,2,20000000.0,0.689
2023,AFC Bournemouth,Max Aarons,max aarons,Defender,1234,0,1,18000000.0,0.68
2023,AFC Bournemouth,Neto,neto,Goalkeeper,2880,0,0,2500000.0,0.675
2023,AFC Bournemouth,Alex Scott,alex scott,Midfield,1010,1,1,20000000.0,0.664
2023,AFC Bournemouth,Luis Sinisterra,luis sinisterra,Attack,691,2,2,17000000.0,0.609
2023,AFC Bournemouth,Enes Ünal,enes unal,Attack,319,2,2,20000000.0,0.581
2023,AFC Bournemouth,Hamed Traoré,hamed traore,Attack,44,0,0,22000000.0,0.558
2023,AFC Bournemouth,Tyler Adams,tyler adams,Midfield,118,0,0,18000000.0,0.546
2023,AFC Bournemouth,Romain Faivre,romain faivre,Midfield,37,0,0,15000000.0,0.518
2023,AFC Bournemouth,Chris Mepham,chris mepham,Defender,613,0,1,7000000.0,0.509
2023,AFC Bournemouth,Adam Smith,adam smith,Defender,2157,0,2,1000000.0,0.495
2023,AFC Bournemouth,David Brooks,david brooks,Attack,273,1,1,9000000.0,0.494
2023,AFC Bournemouth,Jaidon Anthony,jaidon anthony,Attack,153,0,0,9000000.0,0.479
2023,AFC Bournemouth,Joe Rothwell,joe rothwell,Midfield,381,0,0,4000000.0,0.424
2023,AFC Bournemouth,Mark Travers,mark travers,Goalkeeper,360,0,0,3500000.0,0.407
2023,AFC Bournemouth,Ionuț Radu,ionut radu,Goalkeeper,180,0,0,3500000.0,0.386
2023,AFC Bournemouth,Kieffer Moore,kieffer moore,Attack,100,1,0,2500000.0,0.342
2023,AFC Bournemouth,James Hill,james hill,Defender,75,0,0,2000000.0,0.316
2023,AFC Bournemouth,Dominic Sadi,dominic sadi,Attack,1,0,0,100000.0,0.0
2023,Arsenal,Declan Rice,declan rice,Midfield,3231,7,9,110000000.0,0.954
2023,Arsenal,Bukayo Saka,bukayo saka,Attack,2936,16,9,130000000.0,0.943
2023,Arsenal,William Saliba,william saliba,Defender,3420,2,1,80000000.0,0.93
2023,Arsenal,Martin Ødegaard,martin degaard,Midfield,3104,8,10,95000000.0,0.918
2023,Arsenal,Gabriel,gabriel,Defender,3044,4,0,65000000.0,0.856
2023,Arsenal,Ben White,ben white,Defender,2995,4,4,55000000.0,0.827
2023,Arsenal,Kai Havertz,kai havertz,Attack,2640,13,7,60000000.0,0.798
2023,Arsenal,Gabriel Martinelli,gabriel martinelli,Attack,2029,6,4,80000000.0,0.768
2023,Arsenal,David Raya,david raya,Goalkeeper,2880,0,0,35000000.0,0.748
2023,Arsenal,Gabriel Jesus,gabriel jesus,Attack,1483,4,5,70000000.0,0.684
2023,Arsenal,Oleksandr Zinchenko,oleksandr zinchenko,Defender,1725,1,2,42000000.0,0.639
2023,Arsenal,Leandro Trossard,leandro trossard,Attack,1646,12,1,38000000.0,0.616
2023,Arsenal,Takehiro Tomiyasu,takehiro tomiyasu,Defender,1143,2,1,30000000.0,0.523
2023,Arsenal,Eddie Nketiah,eddie nketiah,Attack,1072,5,2,30000000.0,0.515
2023,Arsenal,Jakub Kiwior,jakub kiwior,Defender,945,1,3,25000000.0,0.474
2023,Arsenal,Aaron Ramsdale,aaron ramsdale,Goalkeeper,540,0,0,28000000.0,0.442
2023,Arsenal,Jurriën Timber,jurrien timber,Defender,71,0,0,40000000.0,0.439
2023,Arsenal,Thomas Partey,thomas partey,Midfield,789,0,0,20000000.0,0.423
2023,Arsenal,Emile Smith Rowe,emile smith rowe,Midfield,346,0,2,25000000.0,0.404
2023,Arsenal,Fábio Vieira,fabio vieira,Midfield,292,1,2,25000000.0,0.397
2023,Arsenal,Jorginho,jorginho,Midfield,920,0,2,15000000.0,0.397
2023,Arsenal,Reiss Nelson,reiss nelson,Attack,257,0,0,15000000.0,0.32
2023,Arsenal,Ethan Nwaneri,ethan nwaneri,Midfield,13,0,0,6000000.0,0.159
2023,Arsenal,Mohamed Elneny,mohamed elneny,Midfield,25,0,0,4500000.0,0.119
2023,Arsenal,Cédric Soares,cedric soares,Defender,59,0,0,2000000.0,0.007
2023,Aston Villa,Ollie Watkins,ollie watkins,Attack,3226,19,13,65000000.0,0.993
2023,Aston Villa,Douglas Luiz,douglas luiz,Midfield,3002,9,5,70000000.0,0.972
2023,Aston Villa,Ezri Konsa,ezri konsa,Defender,3074,1,0,35000000.0,0.918
2023,Aston Villa,John McGinn,john mcginn,Midfield,3010,6,4,30000000.0,0.896
2023,Aston Villa,Emiliano Martínez,emiliano martinez,Goalkeeper,3015,0,0,28000000.0,0.89
2023,Aston Villa,Pau Torres,pau torres,Defender,2463,2,0,45000000.0,0.865
2023,Aston Villa,Moussa Diaby,moussa diaby,Attack,2186,6,8,55000000.0,0.849
2023,Aston Villa,Leon Bailey,leon bailey,Attack,2076,10,9,35000000.0,0.794
2023,Aston Villa,Matty Cash,matty cash,Defender,2143,2,2,28000000.0,0.782
2023,Aston Villa,Boubacar Kamara,boubacar kamara,Midfield,1661,0,1,38000000.0,0.75
2023,Aston Villa,Lucas Digne,lucas digne,Defender,2413,1,3,12000000.0,0.738
2023,Aston Villa,Youri Tielemans,youri tielemans,Midfield,1621,2,6,25000000.0,0.707
2023,Aston Villa,Diego Carlos,diego carlos,Defender,1811,0,0,16000000.0,0.689
2023,Aston Villa,Jacob Ramsey,jacob ramsey,Midfield,851,1,1,42000000.0,0.659
2023,Aston Villa,Nicolò Zaniolo,nicolo zaniolo,Attack,830,2,0,20000000.0,0.588
2023,Aston Villa,Álex Moreno,alex moreno,Defender,1030,2,0,13000000.0,0.574
2023,Aston Villa,Clément Lenglet,clement lenglet,Defender,1155,0,1,10000000.0,0.565
2023,Aston Villa,Jhon Durán,jhon duran,Attack,462,5,0,17000000.0,0.528
2023,Aston Villa,Tyrone Mings,tyrone mings,Defender,31,0,0,22000000.0,0.498
2023,Aston Villa,Morgan Rogers,morgan rogers,Midfield,641,3,1,8000000.0,0.481
2023,Aston Villa,Leander Dendoncker,leander dendoncker,Midfield,119,1,0,11000000.0,0.445
2023,Aston Villa,Bertrand Traoré,bertrand traore,Attack,10,0,0,12000000.0,0.44
2023,Aston Villa,Philippe Coutinho,philippe coutinho,Midfield,24,0,0,10000000.0,0.425
2023,Aston Villa,Calum Chambers,calum chambers,Defender,150,0,1,5000000.0,0.377
2023,Aston Villa,Tim Iroegbunam,tim iroegbunam,Midfield,158,0,0,4000000.0,0.357
2023,Aston Villa,Jaden Philogene,jaden philogene,Attack,3,0,0,2800000.0,0.306
2023,Aston Villa,Robin Olsen,robin olsen,Goalkeeper,405,0,0,1500000.0,0.298
2023,Aston Villa,Kaine Kesler-Hayden,kaine kesler hayden,Defender,5,0,0,2200000.0,0.284
2023,Aston Villa,Omari Kellyman,omari kellyman,Midfield,35,0,0,1000000.0,0.215
2023,Aston Villa,Finley Munroe,finley munroe,Defender,3,0,0,100000.0,0.0
2023,Brentford,Vitaly Janelt,vitaly janelt,Midfield,3073,1,3,22000000.0,0.863
2023,Brentford,Nathan Collins,nathan collins,Defender,2650,1,1,25000000.0,0.829
2023,Brentford,Yoane Wissa,yoane wissa,Attack,2508,12,3,25000000.0,0.811
2023,Brentford,Mark Flekken,mark flekken,Goalkeeper,3285,0,1,12000000.0,0.806
2023,Brentford,Bryan Mbeumo,bryan mbeumo,Attack,1961,9,6,38000000.0,0.802
2023,Brentford,Mathias Jensen,mathias jensen,Midfield,2221,3,3,30000000.0,0.801
2023,Brentford,Christian Nørgaard,christian n rgaard,Midfield,2514,2,1,20000000.0,0.782
2023,Brentford,Ivan Toney,ivan toney,Attack,1449,4,2,50000000.0,0.776
2023,Brentford,Ethan Pinnock,ethan pinnock,Defender,2521,2,0,15000000.0,0.744
2023,Brentford,Kristoffer Ajer,kristoffer ajer,Defender,1833,2,1,15000000.0,0.66
2023,Brentford,Aaron Hickey,aaron hickey,Defender,720,0,0,30000000.0,0.618
2023,Brentford,Mads Roerslev,mads roerslev,Defender,1988,1,2,8000000.0,0.593
2023,Brentford,Keane Lewis-Potter,keane lewis potter,Midfield,1441,3,1,12000000.0,0.582
2023,Brentford,Neal Maupay,neal maupay,Attack,1424,6,3,12000000.0,0.58
2023,Brentford,Rico Henry,rico henry,Defender,402,0,1,28000000.0,0.57
2023,Brentford,Sergio Reguilón,sergio reguilon,Defender,1536,0,4,10000000.0,0.569
2023,Brentford,Kevin Schade,kevin schade,Attack,330,2,1,25000000.0,0.546
2023,Brentford,Frank Onyeka,frank onyeka,Midfield,1153,1,2,9000000.0,0.508
2023,Brentford,Mikkel Damsgaard,mikkel damsgaard,Midfield,836,0,2,10000000.0,0.483
2023,Brentford,Josh Dasilva,josh dasilva,Midfield,23,0,0,12000000.0,0.409
2023,Brentford,Yegor Yarmolyuk,yegor yarmolyuk,Midfield,674,0,0,5000000.0,0.37
2023,Brentford,Thomas Strakosha,thomas strakosha,Goalkeeper,135,0,0,3500000.0,0.256
2023,Brentford,Saman Ghoddos,saman ghoddos,Midfield,730,1,0,2000000.0,0.252
2023,Brentford,Ben Mee,ben mee,Defender,1276,2,0,1000000.0,0.225
2023,Brentford,Shandon Baptiste,shandon baptiste,Midfield,224,1,1,2500000.0,0.221
2023,Brentford,Zanka,zanka,Defender,1087,1,0,1000000.0,0.202
2023,Brentford,Myles Peart-Harris,myles peart harris,Midfield,11,0,0,700000.0,0.022
2023,Brentford,Michael Olakigbe,michael olakigbe,Attack,51,0,0,600000.0,0.006
2023,Brighton & Hove Albion,João Pedro,joao pedro,Attack,2047,9,3,45000000.0,0.83
2023,Brighton & Hove Albion,Simon Adingra,simon adingra,Attack,2232,6,1,30000000.0,0.808
2023,Brighton & Hove Albion,Lewis Dunk,lewis dunk,Defender,2872,3,1,12000000.0,0.787
2023,Brighton & Hove Albion,Evan Ferguson,evan ferguson,Attack,1365,6,0,60000000.0,0.775
2023,Brighton & Hove Albion,Pascal Groß,pascal gro,Midfield,3114,4,10,8000000.0,0.772
2023,Brighton & Hove Albion,Kaoru Mitoma,kaoru mitoma,Attack,1488,3,4,50000000.0,0.77
2023,Brighton & Hove Albion,Jan Paul van Hecke,jan paul van hecke,Defender,2368,0,0,15000000.0,0.747
2023,Brighton & Hove Albion,Billy Gilmour,billy gilmour,Midfield,2126,0,1,18000000.0,0.737
2023,Brighton & Hove Albion,Pervis Estupiñán,pervis estupinan,Defender,1245,2,3,35000000.0,0.699
2023,Brighton & Hove Albion,Bart Verbruggen,bart verbruggen,Goalkeeper,1890,0,0,15000000.0,0.686
2023,Brighton & Hove Albion,Igor Julio,igor julio,Defender,1636,0,0,17000000.0,0.667
2023,Brighton & Hove Albion,Carlos Baleba,carlos baleba,Midfield,1320,0,0,20000000.0,0.645
2023,Brighton & Hove Albion,Facundo Buonanotte,facundo buonanotte,Midfield,1369,3,1,18000000.0,0.64
2023,Brighton & Hove Albion,Adam Webster,adam webster,Defender,1143,0,0,20000000.0,0.622
2023,Brighton & Hove Albion,Joël Veltman,joel veltman,Defender,1582,1,1,10000000.0,0.6
2023,Brighton & Hove Albion,Ansu Fati,ansu fati,Attack,511,2,0,30000000.0,0.587
2023,Brighton & Hove Albion,Danny Welbeck,danny welbeck,Attack,1703,5,1,6000000.0,0.558
2023,Brighton & Hove Albion,Solly March,solly march,Attack,559,3,1,22000000.0,0.558
2023,Brighton & Hove Albion,Julio Enciso,julio enciso,Midfield,472,0,2,22000000.0,0.547
2023,Brighton & Hove Albion,Tariq Lamptey,tariq lamptey,Defender,914,0,3,12000000.0,0.535
2023,Brighton & Hove Albion,Jakub Moder,jakub moder,Midfield,613,0,0,10000000.0,0.476
2023,Brighton & Hove Albion,Mahmoud Dahoud,mahmoud dahoud,Midfield,454,0,1,12000000.0,0.476
2023,Brighton & Hove Albion,Jason Steele,jason steele,Goalkeeper,1530,0,0,3500000.0,0.475
2023,Brighton & Hove Albion,Jack Hinshelwood,jack hinshelwood,Midfield,871,3,0,7000000.0,0.469
2023,Brighton & Hove Albion,Valentín Barco,valentin barco,Midfield,308,0,0,13000000.0,0.466
2023,Brighton & Hove Albion,Adam Lallana,adam lallana,Midfield,846,0,1,1000000.0,0.245
2023,Brighton & Hove Albion,James Milner,james milner,Midfield,778,0,2,1000000.0,0.236
2023,Brighton & Hove Albion,Benicio Baker-Boaitey,benicio baker boaitey,Attack,37,0,0,400000.0,0.037
2023,Brighton & Hove Albion,Odeluga Offiah,odeluga offiah,Defender,127,0,0,300000.0,0.016
2023,Brighton & Hove Albion,Mark O'Mahony,mark o mahony,Attack,61,0,0,300000.0,0.008
2023,Burnley,Sander Berge,sander berge,Midfield,3006,1,2,20000000.0,1.0
2023,Burnley,James Trafford,james trafford,Goalkeeper,2520,0,0,15000000.0,0.882
2023,Burnley,Josh Brownhill,josh brownhill,Midfield,2252,4,2,18000000.0,0.88
2023,Burnley,Zeki Amdouni,zeki amdouni,Attack,1973,5,1,15000000.0,0.809
2023,Burnley,Josh Cullen,josh cullen,Midfield,2060,2,3,13000000.0,0.794
2023,Burnley,Dara O'Shea,dara o shea,Defender,2895,3,4,7000000.0,0.79
2023,Burnley,Lyle Foster,lyle foster,Attack,1909,5,3,13000000.0,0.774
2023,Burnley,Wilson Odobert,wilson odobert,Attack,2108,3,3,10000000.0,0.751
2023,Burnley,Jordan Beyer,jordan beyer,Defender,1238,0,1,16000000.0,0.723
2023,Burnley,Ameen Al-Dakhil,ameen al dakhil,Defender,1055,1,0,15000000.0,0.687
2023,Burnley,Vitinho,vitinho,Defender,2318,0,2,5000000.0,0.65
2023,Burnley,Lorenz Assignon,lorenz assignon,Defender,1238,1,2,10000000.0,0.636
2023,Burnley,Aaron Ramsey,aaron ramsey,Midfield,526,0,0,15000000.0,0.616
2023,Burnley,David Datro Fofana,david datro fofana,Attack,879,4,1,10000000.0,0.588
2023,Burnley,Maxime Estève,maxime esteve,Defender,1312,0,0,7000000.0,0.579
2023,Burnley,Mike Tresor,mike tresor,Midfield,413,0,0,13000000.0,0.575
2023,Burnley,Charlie Taylor,charlie taylor,Defender,2332,1,1,3000000.0,0.557
2023,Burnley,Arijanet Murić,arijanet muric,Goalkeeper,900,0,0,7000000.0,0.524
2023,Burnley,Connor Roberts,connor roberts,Defender,819,0,0,7000000.0,0.513
2023,Burnley,Luca Koleosho,luca koleosho,Attack,986,1,1,6000000.0,0.507
2023,Burnley,Anass Zaroury,anass zaroury,Attack,149,0,0,9000000.0,0.471
2023,Burnley,Hjalmar Ekdal,hjalmar ekdal,Defender,438,0,0,7000000.0,0.463
2023,Burnley,Nathan Redmond,nathan redmond,Attack,132,0,0,7000000.0,0.422
2023,Burnley,Jacob Bruun Larsen,jacob bruun larsen,Attack,1247,6,0,3000000.0,0.412
2023,Burnley,Benson Manuel,benson manuel,Attack,110,0,0,6000000.0,0.39
2023,Burnley,Hannes Delcroix,hannes delcroix,Defender,585,0,0,4000000.0,0.378
2023,Burnley,Michael Obafemi,michael obafemi,Attack,18,0,0,5000000.0,0.344
2023,Burnley,Han-Noah Massengo,han noah massengo,Midfield,14,0,0,4000000.0,0.302
2023,Burnley,Jóhann Berg Gudmundsson,johann berg gudmundsson,Attack,1192,1,3,1000000.0,0.2
2023,Burnley,Jay Rodríguez,jay rodriguez,Attack,813,2,1,1000000.0,0.15
2023,Burnley,Jack Cork,jack cork,Midfield,25,0,0,800000.0,0.003
2023,Chelsea,Moisés Caicedo,moises caicedo,Midfield,2874,1,3,80000000.0,0.967
2023,Chelsea,Conor Gallagher,conor gallagher,Midfield,3136,5,7,48000000.0,0.949
2023,Chelsea,Cole Palmer,cole palmer,Midfield,2628,22,11,55000000.0,0.898
2023,Chelsea,Enzo Fernández,enzo fernandez,Midfield,2215,3,2,80000000.0,0.883
2023,Chelsea,Nicolas Jackson,nicolas jackson,Attack,2810,14,5,35000000.0,0.876
2023,Chelsea,Axel Disasi,axel disasi,Defender,2581,2,0,42000000.0,0.865
2023,Chelsea,Raheem Sterling,raheem sterling,Attack,1983,8,4,45000000.0,0.795
2023,Chelsea,Levi Colwill,levi colwill,Defender,1798,1,1,55000000.0,0.792
2023,Chelsea,Malo Gusto,malo gusto,Defender,1756,0,6,32000000.0,0.732
2023,Chelsea,Mykhaylo Mudryk,mykhaylo mudryk,Attack,1579,5,2,35000000.0,0.719
2023,Chelsea,Marc Cucurella,marc cucurella,Defender,1785,0,2,25000000.0,0.711
2023,Chelsea,Djordje Petrovic,djordje petrovic,Goalkeeper,1986,0,0,15000000.0,0.686
2023,Chelsea,Benoît Badiashile,benoit badiashile,Defender,1338,0,1,32000000.0,0.679
2023,Chelsea,Robert Sánchez,robert sanchez,Goalkeeper,1434,0,0,28000000.0,0.678
2023,Chelsea,Christopher Nkunku,christopher nkunku,Attack,439,3,0,70000000.0,0.643
2023,Chelsea,Noni Madueke,noni madueke,Attack,1053,5,2,25000000.0,0.618
2023,Chelsea,Reece James,reece james,Defender,421,0,2,50000000.0,0.607
2023,Chelsea,Ben Chilwell,ben chilwell,Defender,757,0,1,30000000.0,0.598
2023,Chelsea,Armando Broja,armando broja,Attack,534,1,2,28000000.0,0.563
2023,Chelsea,Roméo Lavia,romeo lavia,Midfield,32,0,0,50000000.0,0.557
2023,Chelsea,Thiago Silva,thiago silva,Defender,2528,3,1,2000000.0,0.553
2023,Chelsea,Trevoh Chalobah,trevoh chalobah,Defender,950,1,0,13000000.0,0.539
2023,Chelsea,Lesley Ugochukwu,lesley ugochukwu,Midfield,297,0,0,25000000.0,0.521
2023,Chelsea,Ian Maatsen,ian maatsen,Defender,201,0,0,20000000.0,0.487
2023,Chelsea,Carney Chukwuemeka,carney chukwuemeka,Midfield,223,1,1,15000000.0,0.461
2023,Chelsea,Cesare Casadei,cesare casadei,Midfield,71,0,0,10000000.0,0.401
2023,Chelsea,Deivid Washington,deivid washington,Attack,11,0,0,9000000.0,0.383
2023,Chelsea,Alfie Gilchrist,alfie gilchrist,Defender,202,1,0,300000.0,0.066
2023,Chelsea,Josh Acheampong,josh acheampong,Defender,5,0,0,300000.0,0.041
2023,Chelsea,Jimi Tauriainen,jimi tauriainen,Midfield,1,0,0,200000.0,0.0
2023,Crystal Palace,Joachim Andersen,joachim andersen,Defender,3417,2,3,35000000.0,0.957
2023,Crystal Palace,Tyrick Mitchell,tyrick mitchell,Defender,3210,2,3,22000000.0,0.876
2023,Crystal Palace,Eberechi Eze,eberechi eze,Midfield,2066,11,4,48000000.0,0.837
2023,Crystal Palace,Marc Guéhi,marc guehi,Defender,2023,0,1,38000000.0,0.804
2023,Crystal Palace,Jefferson Lerma,jefferson lerma,Midfield,2404,1,1,20000000.0,0.771
2023,Crystal Palace,Michael Olise,michael olise,Attack,1278,10,6,50000000.0,0.75
2023,Crystal Palace,Jean-Philippe Mateta,jean philippe mateta,Attack,2285,16,5,10000000.0,0.673
2023,Crystal Palace,Odsonne Édouard,odsonne edouard,Attack,1555,7,0,20000000.0,0.671
2023,Crystal Palace,Cheick Doucouré,cheick doucoure,Midfield,922,0,0,35000000.0,0.665
2023,Crystal Palace,Chris Richards,chris richards,Defender,2091,1,1,10000000.0,0.65
2023,Crystal Palace,Adam Wharton,adam wharton,Midfield,1305,0,3,20000000.0,0.642
2023,Crystal Palace,Sam Johnstone,sam johnstone,Goalkeeper,1797,0,0,12000000.0,0.638
2023,Crystal Palace,Daniel Muñoz,daniel munoz,Defender,1440,0,4,15000000.0,0.623
2023,Crystal Palace,Dean Henderson,dean henderson,Goalkeeper,1620,0,0,12000000.0,0.617
2023,Crystal Palace,Will Hughes,will hughes,Midfield,1900,0,1,9000000.0,0.615
2023,Crystal Palace,Jordan Ayew,jordan ayew,Attack,2551,4,7,4000000.0,0.593
2023,Crystal Palace,Jeffrey Schlupp,jeffrey schlupp,Midfield,1354,2,2,7000000.0,0.521
2023,Crystal Palace,Matheus França,matheus franca,Midfield,225,0,1,15000000.0,0.481
2023,Crystal Palace,Naouirou Ahamada,naouirou ahamada,Midfield,331,0,0,8000000.0,0.417
2023,Crystal Palace,Joel Ward,joel ward,Defender,1982,0,1,1000000.0,0.359
2023,Crystal Palace,Nathaniel Clyne,nathaniel clyne,Defender,1338,0,0,1500000.0,0.333
2023,Crystal Palace,Jaïro Riedewald,jairo riedewald,Midfield,230,0,0,2000000.0,0.238
2023,Crystal Palace,Jesurun Rak-Sakyi,jesurun rak sakyi,Attack,132,0,0,2000000.0,0.226
2023,Crystal Palace,David Ozoh,david ozoh,Midfield,148,0,0,700000.0,0.101
2023,Crystal Palace,James Tomkins,james tomkins,Defender,8,0,0,700000.0,0.085
2023,Crystal Palace,Remi Matthews,remi matthews,Goalkeeper,3,0,0,350000.0,0.0
2023,Everton,Jarrad Branthwaite,jarrad branthwaite,Defender,3117,3,1,30000000.0,0.899
2023,Everton,Jordan Pickford,jordan pickford,Goalkeeper,3420,0,0,22000000.0,0.895
2023,Everton,James Garner,james garner,Midfield,3005,1,2,22000000.0,0.847
2023,Everton,Amadou Onana,amadou onana,Midfield,2090,2,0,50000000.0,0.844
2023,Everton,James Tarkowski,james tarkowski,Defender,3420,1,1,13000000.0,0.828
2023,Everton,Dwight McNeil,dwight mcneil,Attack,2898,3,6,20000000.0,0.822
2023,Everton,Vitaliy Mykolenko,vitaliy mykolenko,Defender,2471,2,0,28000000.0,0.815
2023,Everton,Jack Harrison,jack harrison,Attack,2219,3,3,22000000.0,0.755
2023,Everton,Dominic Calvert-Lewin,dominic calvert lewin,Attack,2186,7,2,22000000.0,0.751
2023,Everton,Abdoulaye Doucouré,abdoulaye doucoure,Midfield,2642,7,2,12000000.0,0.727
2023,Everton,Beto,beto,Attack,941,3,0,22000000.0,0.605
2023,Everton,Nathan Patterson,nathan patterson,Defender,1000,0,2,15000000.0,0.564
2023,Everton,Arnaut Danjuma,arnaut danjuma,Attack,589,1,0,17000000.0,0.531
2023,Everton,Idrissa Gueye,idrissa gueye,Midfield,1893,4,0,4000000.0,0.5
2023,Everton,Ben Godfrey,ben godfrey,Defender,1123,0,0,8000000.0,0.498
2023,Everton,André Gomes,andre gomes,Midfield,504,1,0,12000000.0,0.477
2023,Everton,Youssef Chermiti,youssef chermiti,Attack,196,0,0,9000000.0,0.405
2023,Everton,Michael Keane,michael keane,Defender,438,1,0,7000000.0,0.401
2023,Everton,Tom Cannon,tom cannon,Attack,1,0,0,5000000.0,0.307
2023,Everton,Ashley Young,ashley young,Defender,2290,0,0,600000.0,0.304
2023,Everton,Lewis Dobbin,lewis dobbin,Attack,227,1,0,2500000.0,0.245
2023,Everton,Séamus Coleman,seamus coleman,Defender,662,0,0,900000.0,0.166
2023,Everton,Lewis Warrington,lewis warrington,Midfield,1,0,0,500000.0,0.014
2023,Everton,Tyler Onyango,tyler onyango,Midfield,1,0,0,450000.0,0.0
2023,Fulham,João Palhinha,joao palhinha,Midfield,2709,4,1,55000000.0,0.917
2023,Fulham,Antonee Robinson,antonee robinson,Defender,3270,0,6,20000000.0,0.853
2023,Fulham,Bernd Leno,bernd leno,Goalkeeper,3420,0,0,13000000.0,0.816
2023,Fulham,Alex Iwobi,alex iwobi,Attack,2346,5,2,28000000.0,0.788
2023,Fulham,Andreas Pereira,andreas pereira,Midfield,2639,3,7,20000000.0,0.78
2023,Fulham,Timothy Castagne,timothy castagne,Defender,2634,1,3,17000000.0,0.758
2023,Fulham,Calvin Bassey,calvin bassey,Defender,2300,1,0,16000000.0,0.711
2023,Fulham,Issa Diop,issa diop,Defender,1425,0,0,22000000.0,0.65
2023,Fulham,Harry Wilson,harry wilson,Attack,1614,4,6,17000000.0,0.639
2023,Fulham,Tosin Adarabioyo,tosin adarabioyo,Defender,1617,2,0,15000000.0,0.623
2023,Fulham,Harrison Reed,harrison reed,Midfield,1326,0,2,18000000.0,0.613
2023,Fulham,Rodrigo Muniz,rodrigo muniz,Attack,1599,9,1,10000000.0,0.569
2023,Fulham,Kenny Tete,kenny tete,Defender,868,1,0,15000000.0,0.536
2023,Fulham,Aleksandar Mitrović,aleksandar mitrovic,Attack,32,0,0,28000000.0,0.518
2023,Fulham,Saša Lukić,sasa lukic,Midfield,1120,1,0,10000000.0,0.513
2023,Fulham,Bobby De Cordova-Reid,bobby de cordova reid,Midfield,1423,6,2,6000000.0,0.484
2023,Fulham,Raúl Jiménez,raul jimenez,Attack,1402,7,0,6000000.0,0.481
2023,Fulham,Willian,willian,Attack,2056,4,2,3000000.0,0.469
2023,Fulham,Adama Traoré,adama traore,Attack,364,2,3,9000000.0,0.412
2023,Fulham,Carlos Vinícius,carlos vinicius,Attack,306,2,0,6000000.0,0.353
2023,Fulham,Tom Cairney,tom cairney,Midfield,1478,1,4,2000000.0,0.35
2023,Fulham,Tim Ream,tim ream,Defender,1505,1,0,1000000.0,0.265
2023,Fulham,Fodé Ballo-Touré,fode ballo toure,Defender,65,0,0,3000000.0,0.236
2023,Fulham,Luke Harris,luke harris,Midfield,74,0,0,500000.0,0.009
2023,Liverpool,Luis Díaz,luis diaz,Attack,2646,8,5,75000000.0,0.933
2023,Liverpool,Alexis Mac Allister,alexis mac allister,Midfield,2612,5,5,70000000.0,0.921
2023,Liverpool,Virgil van Dijk,virgil van dijk,Defender,3178,2,2,32000000.0,0.905
2023,Liverpool,Mohamed Salah,mohamed salah,Attack,2536,18,10,65000000.0,0.903
2023,Liverpool,Dominik Szoboszlai,dominik szoboszlai,Midfield,2111,3,2,75000000.0,0.866
2023,Liverpool,Trent Alexander-Arnold,trent alexander arnold,Defender,2163,3,4,70000000.0,0.865
2023,Liverpool,Darwin Núñez,darwin nunez,Attack,2045,11,8,70000000.0,0.85
2023,Liverpool,Alisson,alisson,Goalkeeper,2520,0,0,32000000.0,0.822
2023,Liverpool,Cody Gakpo,cody gakpo,Attack,1646,8,5,50000000.0,0.762
2023,Liverpool,Ibrahima Konaté,ibrahima konate,Defender,1573,0,0,45000000.0,0.741
2023,Liverpool,Andrew Robertson,andrew robertson,Defender,1692,3,2,35000000.0,0.728
2023,Liverpool,Joe Gomez,joe gomez,Defender,1776,0,1,25000000.0,0.701
2023,Liverpool,Diogo Jota,diogo jota,Attack,1151,10,3,50000000.0,0.7
2023,Liverpool,Harvey Elliott,harvey elliott,Midfield,1335,3,6,35000000.0,0.683
2023,Liverpool,Curtis Jones,curtis jones,Midfield,1166,1,1,35000000.0,0.662
2023,Liverpool,Ryan Gravenberch,ryan gravenberch,Midfield,1121,1,0,35000000.0,0.656
2023,Liverpool,Wataru Endo,wataru endo,Midfield,1720,1,0,13000000.0,0.621
2023,Liverpool,Caoimhín Kelleher,caoimhin kelleher,Goalkeeper,900,0,0,18000000.0,0.554
2023,Liverpool,Konstantinos Tsimikas,konstantinos tsimikas,Defender,677,0,3,22000000.0,0.548
2023,Liverpool,Jarell Quansah,jarell quansah,Defender,1190,2,0,12000000.0,0.545
2023,Liverpool,Conor Bradley,conor bradley,Defender,760,1,3,15000000.0,0.516
2023,Liverpool,Joel Matip,joel matip,Defender,782,0,0,12000000.0,0.494
2023,Liverpool,Stefan Bajcetic,stefan bajcetic,Midfield,25,0,0,11000000.0,0.389
2023,Liverpool,Thiago Alcántara,thiago alcantara,Midfield,5,0,0,10000000.0,0.375
2023,Liverpool,Kaide Gordon,kaide gordon,Attack,1,0,0,1200000.0,0.138
2023,Liverpool,Owen Beck,owen beck,Defender,7,0,0,600000.0,0.061
2023,Liverpool,James McConnell,james mcconnell,Midfield,3,0,0,500000.0,0.04
2023,Liverpool,Bobby Clark,bobby clark,Midfield,87,0,0,350000.0,0.011
2023,Luton Town,Carlton Morris,carlton morris,Attack,2868,11,4,13000000.0,0.92
2023,Luton Town,Teden Mengi,teden mengi,Defender,2470,1,0,12000000.0,0.863
2023,Luton Town,Alfie Doughty,alfie doughty,Midfield,2937,2,8,7000000.0,0.854
2023,Luton Town,Ross Barkley,ross barkley,Midfield,2622,5,4,8000000.0,0.833
2023,Luton Town,Thomas Kaminski,thomas kaminski,Goalkeeper,3406,0,0,2800000.0,0.799
2023,Luton Town,Chiedozie Ogbene,chiedozie ogbene,Attack,1992,4,1,8000000.0,0.759
2023,Luton Town,Issa Kaboré,issa kabore,Defender,1732,0,2,10000000.0,0.755
2023,Luton Town,Albert Sambi Lokonga,albert sambi lokonga,Midfield,1310,1,3,15000000.0,0.754
2023,Luton Town,Elijah Adebayo,elijah adebayo,Attack,1416,10,0,12000000.0,0.74
2023,Luton Town,Tahith Chong,tahith chong,Midfield,1987,4,0,4500000.0,0.689
2023,Luton Town,Gabriel Osho,gabriel osho,Defender,1848,2,0,3000000.0,0.624
2023,Luton Town,Amari'i Bell,amari i bell,Defender,1723,0,0,2500000.0,0.588
2023,Luton Town,Marvelous Nakamba,marvelous nakamba,Midfield,1133,0,0,4000000.0,0.575
2023,Luton Town,Jacob Brown,jacob brown,Attack,1020,2,0,4000000.0,0.562
2023,Luton Town,Tom Lockyer,tom lockyer,Defender,1172,1,1,3000000.0,0.545
2023,Luton Town,Reece Burke,reece burke,Defender,1664,0,4,1800000.0,0.542
2023,Luton Town,Ryan Giles,ryan giles,Defender,501,0,0,4500000.0,0.515
2023,Luton Town,Andros Townsend,andros townsend,Attack,1209,1,3,1800000.0,0.488
2023,Luton Town,Mads Andersen,mads andersen,Defender,399,1,0,3000000.0,0.454
2023,Luton Town,Pelly Ruddock Mpanzu,pelly ruddock mpanzu,Midfield,1093,0,0,1500000.0,0.453
2023,Luton Town,Daiki Hashioka,daiki hashioka,Defender,595,0,0,2000000.0,0.429
2023,Luton Town,Jordan Clark,jordan clark,Midfield,1306,1,1,1000000.0,0.429
2023,Luton Town,Cauley Woodrow,cauley woodrow,Attack,408,1,1,1000000.0,0.324
2023,Luton Town,Fred Onyedinma,fred onyedinma,Midfield,407,0,0,500000.0,0.241
2023,Luton Town,Luke Berry,luke berry,Midfield,311,2,1,400000.0,0.203
2023,Luton Town,James Shea,james shea,Goalkeeper,14,0,0,200000.0,0.085
2023,Luton Town,Joe Johnson,joe johnson,Defender,75,0,0,100000.0,0.009
2023,Luton Town,Zack Nelson,zack nelson,Midfield,4,0,0,100000.0,0.0
2023,Manchester City,Erling Haaland,erling haaland,Attack,2558,27,4,180000000.0,0.948
2023,Manchester City,Phil Foden,phil foden,Midfield,2871,19,8,130000000.0,0.926
2023,Manchester City,Rodri,rodri,Midfield,2938,8,9,110000000.0,0.901
2023,Manchester City,Julián Alvarez,julian alvarez,Attack,2659,11,9,90000000.0,0.823
2023,Manchester City,Bernardo Silva,bernardo silva,Midfield,2582,6,9,80000000.0,0.789
2023,Manchester City,Rúben Dias,ruben dias,Defender,2557,0,0,80000000.0,0.786
2023,Manchester City,Josko Gvardiol,josko gvardiol,Defender,2329,4,2,75000000.0,0.742
2023,Manchester City,Ederson,ederson,Goalkeeper,2788,0,0,40000000.0,0.678
2023,Manchester City,Manuel Akanji,manuel akanji,Defender,2514,2,0,42000000.0,0.651
2023,Manchester City,Jérémy Doku,jeremy doku,Attack,1594,3,10,65000000.0,0.613
2023,Manchester City,Nathan Aké,nathan ake,Defender,2044,2,2,40000000.0,0.577
2023,Manchester City,Kevin De Bruyne,kevin de bruyne,Midfield,1228,4,10,60000000.0,0.547
2023,Manchester City,Jack Grealish,jack grealish,Attack,1001,3,1,65000000.0,0.532
2023,Manchester City,Matheus Nunes,matheus nunes,Defender,834,0,2,50000000.0,0.457
2023,Manchester City,Mateo Kovacic,mateo kovacic,Midfield,1548,1,0,30000000.0,0.452
2023,Manchester City,Kyle Walker,kyle walker,Defender,2768,0,4,13000000.0,0.451
2023,Manchester City,John Stones,john stones,Defender,1064,1,0,38000000.0,0.433
2023,Manchester City,Rico Lewis,rico lewis,Defender,807,2,0,38000000.0,0.398
2023,Manchester City,Oscar Bobb,oscar bobb,Attack,295,1,1,25000000.0,0.245
2023,Manchester City,Aymeric Laporte,aymeric laporte,Defender,11,0,0,25000000.0,0.206
2023,Manchester City,Stefan Ortega,stefan ortega,Goalkeeper,632,0,0,9000000.0,0.086
2023,Manchester City,Sergio Gómez,sergio gomez,Defender,48,0,1,10000000.0,0.028
2023,Manchester United,Bruno Fernandes,bruno fernandes,Midfield,3120,10,8,70000000.0,0.965
2023,Manchester United,André Onana,andre onana,Goalkeeper,3420,0,0,40000000.0,0.923
2023,Manchester United,Diogo Dalot,diogo dalot,Defender,3174,2,3,35000000.0,0.876
2023,Manchester United,Marcus Rashford,marcus rashford,Attack,2278,7,3,60000000.0,0.845
2023,Manchester United,Rasmus Højlund,rasmus h jlund,Attack,2171,10,2,65000000.0,0.844
2023,Manchester United,Alejandro Garnacho,alejandro garnacho,Attack,2576,7,4,40000000.0,0.824
2023,Manchester United,Kobbie Mainoo,kobbie mainoo,Midfield,1940,3,1,35000000.0,0.731
2023,Manchester United,Casemiro,casemiro,Midfield,1985,1,2,30000000.0,0.715
2023,Manchester United,Scott McTominay,scott mctominay,Midfield,1892,7,1,32000000.0,0.713
2023,Manchester United,Aaron Wan-Bissaka,aaron wan bissaka,Defender,1782,0,2,20000000.0,0.636
2023,Manchester United,Antony,antony,Attack,1323,1,1,28000000.0,0.628
2023,Manchester United,Luke Shaw,luke shaw,Defender,963,0,0,38000000.0,0.628
2023,Manchester United,Harry Maguire,harry maguire,Defender,1650,2,3,20000000.0,0.62
2023,Manchester United,Raphaël Varane,raphael varane,Defender,1371,1,0,25000000.0,0.618
2023,Manchester United,Lisandro Martínez,lisandro martinez,Defender,648,0,1,45000000.0,0.615
2023,Manchester United,Mason Mount,mason mount,Midfield,514,1,0,40000000.0,0.583
2023,Manchester United,Sofyan Amrabat,sofyan amrabat,Midfield,932,0,0,22000000.0,0.549
2023,Manchester United,Jadon Sancho,jadon sancho,Attack,76,0,0,45000000.0,0.548
2023,Manchester United,Victor Lindelöf,victor lindelof,Defender,1332,1,1,15000000.0,0.544
2023,Manchester United,Christian Eriksen,christian eriksen,Midfield,1140,1,2,10000000.0,0.465
2023,Manchester United,Amad Diallo,amad diallo,Attack,388,1,1,18000000.0,0.458
2023,Manchester United,Anthony Martial,anthony martial,Attack,444,1,0,15000000.0,0.44
2023,Manchester United,Hannibal,hannibal,Midfield,131,1,0,12000000.0,0.372
2023,Manchester United,Donny van de Beek,donny van de beek,Midfield,2,0,0,13000000.0,0.368
2023,Manchester United,Facundo Pellistri,facundo pellistri,Attack,165,0,1,10000000.0,0.351
2023,Manchester United,Willy Kambwala,willy kambwala,Defender,326,0,0,5000000.0,0.274
2023,Manchester United,Jonny Evans,jonny evans,Defender,1396,0,1,2000000.0,0.273
2023,Manchester United,Omari Forson,omari forson,Attack,68,0,1,1000000.0,0.022
2023,Manchester United,Dan Gore,dan gore,Midfield,1,0,0,900000.0,0.0
2023,Newcastle United,Bruno Guimarães,bruno guimaraes,Midfield,3269,7,8,85000000.0,1.0
2023,Newcastle United,Anthony Gordon,anthony gordon,Attack,2906,11,10,50000000.0,0.901
2023,Newcastle United,Alexander Isak,alexander isak,Attack,2266,21,2,70000000.0,0.857
2023,Newcastle United,Sean Longstaff,sean longstaff,Midfield,2747,6,2,25000000.0,0.81
2023,Newcastle United,Fabian Schär,fabian schar,Defender,3056,4,1,10000000.0,0.754
2023,Newcastle United,Dan Burn,dan burn,Defender,2732,2,2,10000000.0,0.714
2023,Newcastle United,Sven Botman,sven botman,Defender,1378,2,2,45000000.0,0.703
2023,Newcastle United,Miguel Almirón,miguel almiron,Attack,1947,3,1,20000000.0,0.689
2023,Newcastle United,Joelinton,joelinton,Midfield,1282,2,1,42000000.0,0.684
2023,Newcastle United,Tino Livramento,tino livramento,Defender,1306,1,0,35000000.0,0.668
2023,Newcastle United,Kieran Trippier,kieran trippier,Defender,2240,1,10,11000000.0,0.664
2023,Newcastle United,Sandro Tonali,sandro tonali,Midfield,440,1,0,60000000.0,0.618
2023,Newcastle United,Nick Pope,nick pope,Goalkeeper,1346,0,0,20000000.0,0.616
2023,Newcastle United,Harvey Barnes,harvey barnes,Attack,794,5,3,35000000.0,0.606
2023,Newcastle United,Jacob Murphy,jacob murphy,Attack,1193,3,7,15000000.0,0.567
2023,Newcastle United,Joe Willock,joe willock,Midfield,419,1,0,35000000.0,0.56
2023,Newcastle United,Lewis Miley,lewis miley,Midfield,1208,1,3,13000000.0,0.555
2023,Newcastle United,Lewis Hall,lewis hall,Defender,775,1,0,18000000.0,0.535
2023,Newcastle United,Elliot Anderson,elliot anderson,Midfield,1024,0,2,13000000.0,0.532
2023,Newcastle United,Callum Wilson,callum wilson,Attack,985,9,1,13000000.0,0.527
2023,Newcastle United,Jamaal Lascelles,jamaal lascelles,Defender,1081,1,0,7000000.0,0.475
2023,Newcastle United,Matt Targett,matt targett,Defender,78,0,0,13000000.0,0.416
2023,Newcastle United,Martin Dúbravka,martin dubravka,Goalkeeper,1984,0,0,1000000.0,0.385
2023,Newcastle United,Emil Krafth,emil krafth,Defender,910,0,0,2500000.0,0.348
2023,Newcastle United,Matt Ritchie,matt ritchie,Midfield,120,1,0,1000000.0,0.157
2023,Newcastle United,Loris Karius,loris karius,Goalkeeper,90,0,0,1000000.0,0.154
2023,Newcastle United,Paul Dummett,paul dummett,Defender,18,0,0,900000.0,0.134
2023,Newcastle United,Joe White,joe white,Midfield,12,0,0,300000.0,0.02
2023,Newcastle United,Alex Murphy,alex murphy,Defender,11,0,0,250000.0,0.001
2023,Nottingham Forest,Morgan Gibbs-White,morgan gibbs white,Midfield,3162,5,10,40000000.0,1.0
2023,Nottingham Forest,Murillo,murillo,Defender,2793,0,2,25000000.0,0.896
2023,Nottingham Forest,Anthony Elanga,anthony elanga,Attack,2434,5,9,22000000.0,0.835
2023,Nottingham Forest,Danilo,danilo,Midfield,1797,2,2,28000000.0,0.784
2023,Nottingham Forest,Orel Mangala,orel mangala,Midfield,1570,1,0,22000000.0,0.725
2023,Nottingham Forest,Callum Hudson-Odoi,callum hudson odoi,Attack,1857,8,1,15000000.0,0.715
2023,Nottingham Forest,Ibrahim Sangaré,ibrahim sangare,Midfield,1038,0,0,32000000.0,0.704
2023,Nottingham Forest,Ryan Yates,ryan yates,Midfield,1986,1,1,12000000.0,0.704
2023,Nottingham Forest,Neco Williams,neco williams,Defender,1634,0,1,17000000.0,0.702
2023,Nottingham Forest,Taiwo Awoniyi,taiwo awoniyi,Attack,1046,6,3,28000000.0,0.689
2023,Nottingham Forest,Nicolás Domínguez,nicolas dominguez,Midfield,1503,2,2,17000000.0,0.685
2023,Nottingham Forest,Moussa Niakhaté,moussa niakhate,Defender,1457,1,0,16000000.0,0.672
2023,Nottingham Forest,Ola Aina,ola aina,Defender,1701,1,1,10000000.0,0.645
2023,Nottingham Forest,Matt Turner,matt turner,Goalkeeper,1530,0,0,10000000.0,0.624
2023,Nottingham Forest,Chris Wood,chris wood,Attack,1807,14,1,7000000.0,0.615
2023,Nottingham Forest,Matz Sels,matz sels,Goalkeeper,1440,0,0,7000000.0,0.568
2023,Nottingham Forest,Nuno Tavares,nuno tavares,Defender,455,0,0,16000000.0,0.545
2023,Nottingham Forest,Giovanni Reyna,giovanni reyna,Midfield,230,0,1,20000000.0,0.544
2023,Nottingham Forest,Andrew Omobamidele,andrew omobamidele,Defender,782,0,0,11000000.0,0.541
2023,Nottingham Forest,Gonzalo Montiel,gonzalo montiel,Defender,802,0,2,10000000.0,0.531
2023,Nottingham Forest,Harry Toffolo,harry toffolo,Defender,1455,1,3,5000000.0,0.529
2023,Nottingham Forest,Joe Worrall,joe worrall,Defender,440,0,0,12000000.0,0.508
2023,Nottingham Forest,Serge Aurier,serge aurier,Defender,834,0,2,8000000.0,0.508
2023,Nottingham Forest,Odysseas Vlachodimos,odysseas vlachodimos,Goalkeeper,450,0,0,10000000.0,0.487
2023,Nottingham Forest,Scott McKenna,scott mckenna,Defender,417,0,0,10000000.0,0.483
2023,Nottingham Forest,Andrey Santos,andrey santos,Midfield,7,0,0,15000000.0,0.481
2023,Nottingham Forest,Willy Boly,willy boly,Defender,1443,2,1,2500000.0,0.443
2023,Nottingham Forest,Divock Origi,divock origi,Attack,600,0,1,5000000.0,0.421
2023,Nottingham Forest,Rodrigo Ribeiro,rodrigo ribeiro,Attack,14,0,0,3000000.0,0.284
2023,Nottingham Forest,Felipe,felipe,Defender,373,0,0,1500000.0,0.245
2023,Nottingham Forest,Cheikhou Kouyaté,cheikhou kouyate,Midfield,208,0,0,1000000.0,0.174
2023,Nottingham Forest,Brandon Aguilera,brandon aguilera,Midfield,4,0,0,300000.0,0.001
2023,Sheffield United,Gustavo Hamer,gustavo hamer,Midfield,2924,4,6,16000000.0,0.986
2023,Sheffield United,Anel Ahmedhodzic,anel ahmedhodzic,Defender,2650,2,0,18000000.0,0.963
2023,Sheffield United,Vini Souza,vini souza,Midfield,2672,1,0,12000000.0,0.917
2023,Sheffield United,Auston Trusty,auston trusty,Defender,2572,0,0,8000000.0,0.854
2023,Sheffield United,Cameron Archer,cameron archer,Attack,1840,4,1,15000000.0,0.83
2023,Sheffield United,James McAtee,james mcatee,Midfield,1828,3,3,12000000.0,0.801
2023,Sheffield United,Jayden Bogle,jayden bogle,Defender,2793,3,0,3800000.0,0.794
2023,Sheffield United,Luke Thomas,luke thomas,Defender,919,0,0,10000000.0,0.655
2023,Sheffield United,Jack Robinson,jack robinson,Defender,2886,1,1,1000000.0,0.646
2023,Sheffield United,Ben Brereton Díaz,ben brereton diaz,Attack,1110,6,1,7000000.0,0.638
2023,Sheffield United,Oli McBurnie,oli mcburnie,Attack,1285,6,3,4500000.0,0.608
2023,Sheffield United,Wes Foderingham,wes foderingham,Goalkeeper,2648,0,0,900000.0,0.601
2023,Sheffield United,Mason Holgate,mason holgate,Defender,714,0,0,5000000.0,0.543
2023,Sheffield United,John Egan,john egan,Defender,484,0,0,6000000.0,0.534
2023,Sheffield United,Ivo Grbic,ivo grbic,Goalkeeper,772,0,0,3500000.0,0.508
2023,Sheffield United,Tom Davies,tom davies,Midfield,214,0,0,6000000.0,0.497
2023,Sheffield United,Oliver Norwood,oliver norwood,Midfield,1433,1,0,1500000.0,0.496
2023,Sheffield United,George Baldock,george baldock,Defender,970,0,1,2500000.0,0.494
2023,Sheffield United,Andre Brooks,andre brooks,Midfield,942,0,0,2500000.0,0.491
2023,Sheffield United,William Osula,william osula,Attack,784,0,0,3000000.0,0.491
2023,Sheffield United,Bénie Traoré,benie traore,Attack,385,0,0,4000000.0,0.471
2023,Sheffield United,Yasser Larouci,yasser larouci,Defender,533,0,0,3000000.0,0.457
2023,Sheffield United,Ben Osborn,ben osborn,Midfield,1363,0,2,1000000.0,0.438
2023,Sheffield United,Max Lowe,max lowe,Defender,500,0,1,2500000.0,0.43
2023,Sheffield United,Rhian Brewster,rhian brewster,Attack,340,0,0,3000000.0,0.43
2023,Sheffield United,Anis Ben Slimane,anis ben slimane,Midfield,412,0,0,2500000.0,0.418
2023,Sheffield United,Rhys Norrington-Davies,rhys norrington davies,Defender,111,0,0,2500000.0,0.377
2023,Sheffield United,Oliver Arblaster,oliver arblaster,Midfield,946,0,0,450000.0,0.284
2023,Sheffield United,John Fleck,john fleck,Midfield,89,0,0,1000000.0,0.263
2023,Sheffield United,Daniel Jebbison,daniel jebbison,Attack,20,0,0,1000000.0,0.254
2023,Sheffield United,Chris Basham,chris basham,Defender,318,0,0,300000.0,0.149
2023,Sheffield United,Sam Curtis,sam curtis,Defender,27,0,0,150000.0,0.026
2023,Sheffield United,Ryan Oné,ryan one,Attack,7,0,0,125000.0,0.001
2023,Tottenham Hotspur,Cristian Romero,cristian romero,Defender,2792,5,0,60000000.0,0.902
2023,Tottenham Hotspur,Pedro Porro,pedro porro,Defender,3093,3,7,45000000.0,0.893
2023,Tottenham Hotspur,Guglielmo Vicario,guglielmo vicario,Goalkeeper,3420,0,0,35000000.0,0.892
2023,Tottenham Hotspur,Heung-min Son,heung min son,Attack,2948,17,10,50000000.0,0.892
2023,Tottenham Hotspur,Dejan Kulusevski,dejan kulusevski,Midfield,2766,8,3,55000000.0,0.886
2023,Tottenham Hotspur,James Maddison,james maddison,Midfield,2154,4,9,70000000.0,0.852
2023,Tottenham Hotspur,Micky van de Ven,micky van de ven,Defender,2343,3,0,50000000.0,0.822
2023,Tottenham Hotspur,Brennan Johnson,brennan johnson,Attack,2333,5,10,48000000.0,0.814
2023,Tottenham Hotspur,Destiny Udogie,destiny udogie,Defender,2398,2,3,45000000.0,0.811
2023,Tottenham Hotspur,Pape Matar Sarr,pape matar sarr,Midfield,2085,3,3,40000000.0,0.756
2023,Tottenham Hotspur,Yves Bissouma,yves bissouma,Midfield,2083,0,0,35000000.0,0.735
2023,Tottenham Hotspur,Richarlison,richarlison,Attack,1492,11,4,40000000.0,0.687
2023,Tottenham Hotspur,Rodrigo Bentancur,rodrigo bentancur,Midfield,1007,1,1,35000000.0,0.61
2023,Tottenham Hotspur,Pierre-Emile Højbjerg,pierre emile h jbjerg,Midfield,1293,0,0,20000000.0,0.556
2023,Tottenham Hotspur,Emerson Royal,emerson royal,Defender,1155,1,0,18000000.0,0.523
2023,Tottenham Hotspur,Radu Drăgușin,radu dragusin,Defender,424,0,0,25000000.0,0.489
2023,Tottenham Hotspur,Timo Werner,timo werner,Attack,815,2,3,17000000.0,0.474
2023,Tottenham Hotspur,Ben Davies,ben davies,Defender,1086,1,0,12000000.0,0.452
2023,Tottenham Hotspur,Oliver Skipp,oliver skipp,Midfield,694,0,0,15000000.0,0.441
2023,Tottenham Hotspur,Giovani Lo Celso,giovani lo celso,Midfield,494,2,2,16000000.0,0.427
2023,Tottenham Hotspur,Manor Solomon,manor solomon,Attack,198,0,2,18000000.0,0.411
2023,Tottenham Hotspur,Bryan Gil,bryan gil,Attack,201,0,0,16000000.0,0.393
2023,Tottenham Hotspur,Davinson Sánchez,davinson sanchez,Defender,76,0,0,15000000.0,0.368
2023,Tottenham Hotspur,Eric Dier,eric dier,Defender,199,0,0,12000000.0,0.348
2023,Tottenham Hotspur,Alejo Veliz,alejo veliz,Attack,45,1,0,11000000.0,0.316
2023,Tottenham Hotspur,Ivan Perišić,ivan perisic,Attack,98,0,1,7000000.0,0.252
2023,Tottenham Hotspur,Dane Scarlett,dane scarlett,Attack,19,0,0,1800000.0,0.031
2023,Tottenham Hotspur,Jamie Donley,jamie donley,Midfield,3,0,0,1500000.0,0.0
2023,West Ham United,Jarrod Bowen,jarrod bowen,Attack,3022,16,6,50000000.0,0.957
2023,West Ham United,Lucas Paquetá,lucas paqueta,Midfield,2639,4,6,65000000.0,0.936
2023,West Ham United,James Ward-Prowse,james ward prowse,Midfield,3004,7,7,35000000.0,0.918
2023,West Ham United,Tomáš Souček,tomas soucek,Midfield,2874,7,2,35000000.0,0.902
2023,West Ham United,Mohammed Kudus,mohammed kudus,Attack,2489,8,6,50000000.0,0.89
2023,West Ham United,Kurt Zouma,kurt zouma,Defender,2839,3,0,25000000.0,0.862
2023,West Ham United,Edson Álvarez,edson alvarez,Midfield,2383,1,1,35000000.0,0.839
2023,West Ham United,Emerson,emerson,Defender,3143,1,2,12000000.0,0.825
2023,West Ham United,Vladimír Coufal,vladimir coufal,Defender,3139,0,7,9000000.0,0.794
2023,West Ham United,Nayef Aguerd,nayef aguerd,Defender,1859,1,0,38000000.0,0.781
2023,West Ham United,Alphonse Areola,alphonse areola,Goalkeeper,2700,0,0,10000000.0,0.749
2023,West Ham United,Konstantinos Mavropanos,konstantinos mavropanos,Defender,1501,1,0,18000000.0,0.658
2023,West Ham United,Michail Antonio,michail antonio,Attack,1711,6,2,6000000.0,0.571
2023,West Ham United,Saïd Benrahma,said benrahma,Attack,615,0,1,22000000.0,0.566
2023,West Ham United,Kalvin Phillips,kalvin phillips,Midfield,396,0,0,28000000.0,0.563
2023,West Ham United,Pablo Fornals,pablo fornals,Midfield,419,0,0,17000000.0,0.514
2023,West Ham United,Ben Johnson,ben johnson,Defender,539,0,0,8000000.0,0.451
2023,West Ham United,Danny Ings,danny ings,Attack,390,1,0,9000000.0,0.445
2023,West Ham United,Thilo Kehrer,thilo kehrer,Defender,19,0,0,13000000.0,0.435
2023,West Ham United,Maxwel Cornet,maxwel cornet,Attack,110,1,0,10000000.0,0.42
2023,West Ham United,Lukasz Fabianski,lukasz fabianski,Goalkeeper,721,0,0,700000.0,0.222
2023,West Ham United,Aaron Cresswell,aaron cresswell,Defender,432,0,0,900000.0,0.211
2023,West Ham United,Angelo Ogbonna,angelo ogbonna,Defender,634,0,0,700000.0,0.211
2023,West Ham United,Divin Mubama,divin mubama,Attack,75,0,0,1000000.0,0.177
2023,West Ham United,Kaelan Casey,kaelan casey,Defender,1,0,0,1000000.0,0.167
2023,West Ham United,George Earthy,george earthy,Midfield,32,1,0,200000.0,0.004
2023,Wolverhampton Wanderers,Maximilian Kilman,maximilian kilman,Defender,3420,2,0,35000000.0,0.952
2023,Wolverhampton Wanderers,Matheus Cunha,matheus cunha,Attack,2454,12,7,42000000.0,0.858
2023,Wolverhampton Wanderers,João Gomes,joao gomes,Midfield,2659,2,1,28000000.0,0.839
2023,Wolverhampton Wanderers,José Sá,jose sa,Goalkeeper,3038,0,0,16000000.0,0.823
2023,Wolverhampton Wanderers,Rayan Aït-Nouri,rayan ait nouri,Defender,2343,2,1,32000000.0,0.816
2023,Wolverhampton Wanderers,Nélson Semedo,nelson semedo,Defender,3093,0,1,12000000.0,0.799
2023,Wolverhampton Wanderers,Toti,toti,Defender,2776,1,3,17000000.0,0.799
2023,Wolverhampton Wanderers,Pedro Neto,pedro neto,Attack,1519,2,9,55000000.0,0.778
2023,Wolverhampton Wanderers,Mario Lemina,mario lemina,Midfield,2975,4,1,10000000.0,0.766
2023,Wolverhampton Wanderers,Hee-chan Hwang,hee chan hwang,Attack,2124,12,3,25000000.0,0.764
2023,Wolverhampton Wanderers,Pablo Sarabia,pablo sarabia,Midfield,1751,4,7,12000000.0,0.642
2023,Wolverhampton Wanderers,Jean-Ricner Bellegarde,jean ricner bellegarde,Midfield,957,2,1,15000000.0,0.573
2023,Wolverhampton Wanderers,Tommy Doyle,tommy doyle,Midfield,1214,0,0,7000000.0,0.522
2023,Wolverhampton Wanderers,Craig Dawson,craig dawson,Defender,2211,1,1,2000000.0,0.505
2023,Wolverhampton Wanderers,Fábio Silva,fabio silva,Attack,262,0,0,15000000.0,0.492
2023,Wolverhampton Wanderers,Santiago Bueno,santiago bueno,Defender,820,0,0,8000000.0,0.49
2023,Wolverhampton Wanderers,Boubacar Traoré,boubacar traore,Midfield,803,0,0,6000000.0,0.457
2023,Wolverhampton Wanderers,Sasa Kalajdzic,sasa kalajdzic,Attack,159,2,0,12000000.0,0.456
2023,Wolverhampton Wanderers,Matt Doherty,matt doherty,Defender,1141,1,0,4000000.0,0.453
2023,Wolverhampton Wanderers,Hugo Bueno,hugo bueno,Defender,732,0,0,6000000.0,0.449
2023,Wolverhampton Wanderers,Jonny Otto,jonny otto,Defender,4,0,0,13000000.0,0.446
2023,Wolverhampton Wanderers,Enso González,enso gonzalez,Attack,1,0,0,4000000.0,0.32
2023,Wolverhampton Wanderers,Daniel Bentley,daniel bentley,Goalkeeper,382,0,0,2000000.0,0.291
2023,Wolverhampton Wanderers,Nathan Fraser,nathan fraser,Attack,184,0,0,1000000.0,0.193
2023,Wolverhampton Wanderers,Tawanda Chirewa,tawanda chirewa,Midfield,139,0,0,500000.0,0.114
2023,Wolverhampton Wanderers,Leon Chiwome,leon chiwome,Attack,175,0,0,200000.0,0.02
2024,AFC Bournemouth,Milos Kerkez,milos kerkez,Defender,3342,2,6,35000000.0,0.971
2024,AFC Bournemouth,Ilya Zabarnyi,ilya zabarnyi,Defender,3114,0,1,40000000.0,0.965
2024,AFC Bournemouth,Antoine Semenyo,antoine semenyo,Attack,3210,11,6,35000000.0,0.955
2024,AFC Bournemouth,Dean Huijsen,dean huijsen,Defender,2422,3,2,42000000.0,0.89
2024,AFC Bournemouth,Justin Kluivert,justin kluivert,Midfield,2356,12,6,35000000.0,0.853
2024,AFC Bournemouth,Evanilson,evanilson,Attack,2336,10,5,35000000.0,0.85
2024,AFC Bournemouth,Lewis Cook,lewis cook,Midfield,2978,1,3,15000000.0,0.791
2024,AFC Bournemouth,Dango Ouattara,dango ouattara,Attack,2011,7,4,25000000.0,0.757
2024,AFC Bournemouth,Kepa Arrizabalaga,kepa arrizabalaga,Goalkeeper,2790,0,0,11000000.0,0.719
2024,AFC Bournemouth,Marcus Tavernier,marcus tavernier,Midfield,1940,3,6,20000000.0,0.713
2024,AFC Bournemouth,Tyler Adams,tyler adams,Midfield,1965,0,3,18000000.0,0.699
2024,AFC Bournemouth,Ryan Christie,ryan christie,Midfield,2131,2,3,12000000.0,0.654
2024,AFC Bournemouth,Marcos Senesi,marcos senesi,Defender,1107,0,0,24000000.0,0.643
2024,AFC Bournemouth,Alex Scott,alex scott,Midfield,751,0,0,20000000.0,0.571
2024,AFC Bournemouth,David Brooks,david brooks,Attack,948,2,0,12000000.0,0.512
2024,AFC Bournemouth,Luis Sinisterra,luis sinisterra,Attack,230,1,1,17000000.0,0.482
2024,AFC Bournemouth,Max Aarons,max aarons,Defender,85,0,0,16000000.0,0.455
2024,AFC Bournemouth,Enes Ünal,enes unal,Attack,332,2,1,13000000.0,0.451
2024,AFC Bournemouth,Philip Billing,philip billing,Midfield,176,0,0,14000000.0,0.445
2024,AFC Bournemouth,Julián Araujo,julian araujo,Defender,498,0,0,10000000.0,0.429
2024,AFC Bournemouth,Julio Soler,julio soler,Defender,9,0,0,8000000.0,0.335
2024,AFC Bournemouth,Mark Travers,mark travers,Goalkeeper,450,0,0,4000000.0,0.276
2024,AFC Bournemouth,Daniel Jebbison,daniel jebbison,Attack,105,1,0,4000000.0,0.235
2024,AFC Bournemouth,Adam Smith,adam smith,Defender,1595,0,0,1000000.0,0.191
2024,AFC Bournemouth,Neto,neto,Goalkeeper,180,0,0,2500000.0,0.169
2024,AFC Bournemouth,James Hill,james hill,Defender,449,0,1,2000000.0,0.165
2024,Arsenal,Declan Rice,declan rice,Midfield,2833,4,7,110000000.0,0.899
2024,Arsenal,William Saliba,william saliba,Defender,3041,2,0,80000000.0,0.89
2024,Arsenal,David Raya,david raya,Goalkeeper,3420,0,0,40000000.0,0.861
2024,Arsenal,Martin Ødegaard,martin degaard,Midfield,2332,3,8,100000000.0,0.83
2024,Arsenal,Gabriel,gabriel,Defender,2365,3,3,75000000.0,0.804
2024,Arsenal,Bukayo Saka,bukayo saka,Attack,1736,6,11,150000000.0,0.803
2024,Arsenal,Jurriën Timber,jurrien timber,Defender,2423,1,3,50000000.0,0.768
2024,Arsenal,Gabriel Martinelli,gabriel martinelli,Attack,2299,8,4,55000000.0,0.763
2024,Arsenal,Kai Havertz,kai havertz,Attack,1875,9,3,70000000.0,0.739
2024,Arsenal,Leandro Trossard,leandro trossard,Attack,2551,8,8,30000000.0,0.729
2024,Arsenal,Thomas Partey,thomas partey,Midfield,2800,4,2,15000000.0,0.685
2024,Arsenal,Mikel Merino,mikel merino,Midfield,1581,7,2,35000000.0,0.632
2024,Arsenal,Ben White,ben white,Defender,1198,0,2,50000000.0,0.625
2024,Arsenal,Ethan Nwaneri,ethan nwaneri,Midfield,889,4,2,55000000.0,0.598
2024,Arsenal,Myles Lewis-Skelly,myles lewis skelly,Defender,1371,1,0,28000000.0,0.584
2024,Arsenal,Riccardo Calafiori,riccardo calafiori,Defender,985,2,1,40000000.0,0.576
2024,Arsenal,Gabriel Jesus,gabriel jesus,Attack,603,3,0,45000000.0,0.544
2024,Arsenal,Jakub Kiwior,jakub kiwior,Defender,1117,1,0,22000000.0,0.529
2024,Arsenal,Oleksandr Zinchenko,oleksandr zinchenko,Defender,522,0,1,22000000.0,0.459
2024,Arsenal,Takehiro Tomiyasu,takehiro tomiyasu,Defender,6,0,0,35000000.0,0.448
2024,Arsenal,Raheem Sterling,raheem sterling,Attack,496,0,2,15000000.0,0.416
2024,Arsenal,Jorginho,jorginho,Midfield,705,0,0,8000000.0,0.374
2024,Arsenal,Kieran Tierney,kieran tierney,Defender,252,1,0,10000000.0,0.345
2024,Arsenal,Nathan Butler-Oyedeji,nathan butler oyedeji,Attack,6,0,0,500000.0,0.001
2024,Aston Villa,Morgan Rogers,morgan rogers,Midfield,3131,8,11,50000000.0,0.98
2024,Aston Villa,Youri Tielemans,youri tielemans,Midfield,3032,3,7,35000000.0,0.923
2024,Aston Villa,Ollie Watkins,ollie watkins,Attack,2610,16,8,50000000.0,0.915
2024,Aston Villa,Ezri Konsa,ezri konsa,Defender,2937,2,0,35000000.0,0.911
2024,Aston Villa,Emiliano Martínez,emiliano martinez,Goalkeeper,3195,0,0,25000000.0,0.902
2024,Aston Villa,Pau Torres,pau torres,Defender,2020,0,0,40000000.0,0.813
2024,Aston Villa,Amadou Onana,amadou onana,Midfield,1624,3,0,55000000.0,0.803
2024,Aston Villa,Matty Cash,matty cash,Defender,2077,1,1,28000000.0,0.776
2024,Aston Villa,Boubacar Kamara,boubacar kamara,Midfield,1728,1,0,38000000.0,0.77
2024,Aston Villa,John McGinn,john mcginn,Midfield,2231,1,4,18000000.0,0.74
2024,Aston Villa,Jacob Ramsey,jacob ramsey,Midfield,1628,1,5,32000000.0,0.736
2024,Aston Villa,Lucas Digne,lucas digne,Defender,2360,0,5,12000000.0,0.705
2024,Aston Villa,Leon Bailey,leon bailey,Attack,1144,1,2,32000000.0,0.676
2024,Aston Villa,Ian Maatsen,ian maatsen,Defender,1127,1,2,28000000.0,0.657
2024,Aston Villa,Jhon Durán,jhon duran,Attack,626,7,0,40000000.0,0.639
2024,Aston Villa,Axel Disasi,axel disasi,Defender,852,1,0,25000000.0,0.608
2024,Aston Villa,Marco Asensio,marco asensio,Midfield,745,3,1,20000000.0,0.567
2024,Aston Villa,Donyell Malen,donyell malen,Attack,298,3,0,25000000.0,0.539
2024,Aston Villa,Diego Carlos,diego carlos,Defender,828,0,0,11000000.0,0.503
2024,Aston Villa,Emiliano Buendía,emiliano buendia,Attack,89,0,0,18000000.0,0.472
2024,Aston Villa,Tyrone Mings,tyrone mings,Defender,1121,0,0,6000000.0,0.464
2024,Aston Villa,Ross Barkley,ross barkley,Midfield,567,3,1,8000000.0,0.43
2024,Aston Villa,Andrés García,andres garcia,Defender,317,0,0,7000000.0,0.382
2024,Aston Villa,Kosta Nedeljkovic,kosta nedeljkovic,Defender,121,0,0,8500000.0,0.382
2024,Aston Villa,Robin Olsen,robin olsen,Goalkeeper,225,0,0,1500000.0,0.178
2024,Aston Villa,Lamare Bogarde,lamare bogarde,Midfield,475,0,0,450000.0,0.059
2024,Brentford,Bryan Mbeumo,bryan mbeumo,Attack,3417,20,8,50000000.0,1.0
2024,Brentford,Nathan Collins,nathan collins,Defender,3420,2,5,28000000.0,0.933
2024,Brentford,Yoane Wissa,yoane wissa,Attack,2929,19,5,30000000.0,0.884
2024,Brentford,Keane Lewis-Potter,keane lewis potter,Midfield,3100,1,4,23000000.0,0.873
2024,Brentford,Mikkel Damsgaard,mikkel damsgaard,Midfield,2930,2,11,25000000.0,0.863
2024,Brentford,Kevin Schade,kevin schade,Attack,2301,11,2,27000000.0,0.798
2024,Brentford,Mark Flekken,mark flekken,Goalkeeper,3276,0,2,10000000.0,0.798
2024,Brentford,Sepp van den Berg,sepp van den berg,Defender,2588,0,1,20000000.0,0.797
2024,Brentford,Vitaly Janelt,vitaly janelt,Midfield,2267,1,3,22000000.0,0.77
2024,Brentford,Christian Nørgaard,christian n rgaard,Midfield,2830,5,4,12000000.0,0.766
2024,Brentford,Kristoffer Ajer,kristoffer ajer,Defender,1443,0,0,18000000.0,0.651
2024,Brentford,Ethan Pinnock,ethan pinnock,Defender,1913,2,0,8000000.0,0.612
2024,Brentford,Yegor Yarmolyuk,yegor yarmolyuk,Midfield,1443,0,0,12000000.0,0.604
2024,Brentford,Mathias Jensen,mathias jensen,Midfield,852,0,2,16000000.0,0.568
2024,Brentford,Mads Roerslev,mads roerslev,Defender,1097,0,2,12000000.0,0.564
2024,Brentford,Michael Kayode,michael kayode,Defender,528,0,1,18000000.0,0.544
2024,Brentford,Fábio Carvalho,fabio carvalho,Midfield,445,2,1,18000000.0,0.534
2024,Brentford,Igor Thiago,igor thiago,Attack,169,0,0,22000000.0,0.525
2024,Brentford,Rico Henry,rico henry,Defender,95,0,0,17000000.0,0.487
2024,Brentford,Frank Onyeka,frank onyeka,Midfield,23,0,0,9000000.0,0.405
2024,Brentford,Yunus Konak,yunus konak,Midfield,37,0,0,4500000.0,0.327
2024,Brentford,Hákon Valdimarsson,hakon valdimarsson,Goalkeeper,144,0,0,2500000.0,0.271
2024,Brentford,Ben Mee,ben mee,Defender,181,0,0,1000000.0,0.17
2024,Brentford,Ji-soo Kim,ji soo kim,Defender,28,0,0,600000.0,0.093
2024,Brentford,Ryan Trevitt,ryan trevitt,Midfield,3,0,0,275000.0,0.0
2024,Brighton & Hove Albion,Kaoru Mitoma,kaoru mitoma,Attack,2609,10,4,45000000.0,0.906
2024,Brighton & Hove Albion,Jan Paul van Hecke,jan paul van hecke,Defender,2961,1,1,32000000.0,0.897
2024,Brighton & Hove Albion,Bart Verbruggen,bart verbruggen,Goalkeeper,3240,0,1,25000000.0,0.894
2024,Brighton & Hove Albion,Carlos Baleba,carlos baleba,Midfield,2673,3,1,35000000.0,0.875
2024,Brighton & Hove Albion,João Pedro,joao pedro,Attack,1953,10,6,50000000.0,0.841
2024,Brighton & Hove Albion,Pervis Estupiñán,pervis estupinan,Defender,2403,1,1,30000000.0,0.818
2024,Brighton & Hove Albion,Yankuba Minteh,yankuba minteh,Attack,1844,6,4,30000000.0,0.749
2024,Brighton & Hove Albion,Georginio Rutter,georginio rutter,Attack,1666,5,3,32000000.0,0.737
2024,Brighton & Hove Albion,Jack Hinshelwood,jack hinshelwood,Midfield,1848,5,3,24000000.0,0.716
2024,Brighton & Hove Albion,Yasin Ayari,yasin ayari,Midfield,1968,2,1,17000000.0,0.678
2024,Brighton & Hove Albion,Simon Adingra,simon adingra,Attack,1093,2,2,30000000.0,0.657
2024,Brighton & Hove Albion,Mats Wieffer,mats wieffer,Defender,1008,1,5,27000000.0,0.63
2024,Brighton & Hove Albion,Igor Julio,igor julio,Defender,960,0,0,22000000.0,0.593
2024,Brighton & Hove Albion,Matt O'Riley,matt o riley,Midfield,938,2,3,22000000.0,0.59
2024,Brighton & Hove Albion,Evan Ferguson,evan ferguson,Attack,388,1,0,32000000.0,0.579
2024,Brighton & Hove Albion,Brajan Gruda,brajan gruda,Midfield,681,1,4,25000000.0,0.578
2024,Brighton & Hove Albion,Lewis Dunk,lewis dunk,Defender,2083,0,0,8000000.0,0.576
2024,Brighton & Hove Albion,Ferdi Kadıoğlu,ferdi kad oglu,Defender,387,1,0,30000000.0,0.569
2024,Brighton & Hove Albion,Danny Welbeck,danny welbeck,Attack,2121,10,4,5000000.0,0.509
2024,Brighton & Hove Albion,Joël Veltman,joel veltman,Defender,1699,0,0,7000000.0,0.508
2024,Brighton & Hove Albion,Adam Webster,adam webster,Defender,888,0,0,12000000.0,0.491
2024,Brighton & Hove Albion,Tariq Lamptey,tariq lamptey,Defender,860,2,2,12000000.0,0.487
2024,Brighton & Hove Albion,Diego Gómez,diego gomez,Midfield,511,1,1,13000000.0,0.456
2024,Brighton & Hove Albion,Billy Gilmour,billy gilmour,Midfield,98,0,0,18000000.0,0.455
2024,Brighton & Hove Albion,Jakub Moder,jakub moder,Midfield,9,0,0,10000000.0,0.354
2024,Brighton & Hove Albion,Solly March,solly march,Attack,163,0,0,8000000.0,0.339
2024,Brighton & Hove Albion,Eiran Cashin,eiran cashin,Defender,19,0,0,8000000.0,0.321
2024,Brighton & Hove Albion,Jeremy Sarmiento,jeremy sarmiento,Attack,8,0,0,7000000.0,0.299
2024,Brighton & Hove Albion,Jason Steele,jason steele,Goalkeeper,180,0,0,3500000.0,0.214
2024,Brighton & Hove Albion,James Milner,james milner,Midfield,173,0,0,1000000.0,0.021
2024,Chelsea,Cole Palmer,cole palmer,Midfield,3200,15,9,130000000.0,0.981
2024,Chelsea,Moisés Caicedo,moises caicedo,Midfield,3356,1,4,80000000.0,0.94
2024,Chelsea,Enzo Fernández,enzo fernandez,Midfield,2949,6,7,75000000.0,0.884
2024,Chelsea,Levi Colwill,levi colwill,Defender,3150,2,1,55000000.0,0.869
2024,Chelsea,Marc Cucurella,marc cucurella,Defender,2992,5,2,30000000.0,0.776
2024,Chelsea,Nicolas Jackson,nicolas jackson,Attack,2240,10,5,55000000.0,0.761
2024,Chelsea,Pedro Neto,pedro neto,Attack,2269,4,6,50000000.0,0.753
2024,Chelsea,Robert Sánchez,robert sanchez,Goalkeeper,2880,0,0,20000000.0,0.713
2024,Chelsea,Noni Madueke,noni madueke,Attack,2047,7,4,40000000.0,0.699
2024,Chelsea,Malo Gusto,malo gusto,Defender,1858,0,1,35000000.0,0.66
2024,Chelsea,Jadon Sancho,jadon sancho,Attack,1765,3,5,30000000.0,0.63
2024,Chelsea,Christopher Nkunku,christopher nkunku,Attack,910,3,2,45000000.0,0.578
2024,Chelsea,Wesley Fofana,wesley fofana,Defender,1176,0,0,30000000.0,0.559
2024,Chelsea,Roméo Lavia,romeo lavia,Midfield,802,0,1,40000000.0,0.55
2024,Chelsea,Reece James,reece james,Defender,1063,1,1,30000000.0,0.546
2024,Chelsea,Tosin Adarabioyo,tosin adarabioyo,Defender,1405,1,1,20000000.0,0.537
2024,Chelsea,João Félix,joao felix,Attack,363,1,1,30000000.0,0.463
2024,Chelsea,Benoît Badiashile,benoit badiashile,Defender,333,0,0,28000000.0,0.45
2024,Chelsea,Mykhaylo Mudryk,mykhaylo mudryk,Attack,146,0,0,30000000.0,0.437
2024,Chelsea,Filip Jørgensen,filip j rgensen,Goalkeeper,540,0,0,20000000.0,0.434
2024,Chelsea,Kiernan Dewsbury-Hall,kiernan dewsbury hall,Midfield,258,0,1,22000000.0,0.412
2024,Chelsea,Renato Veiga,renato veiga,Defender,176,0,0,8000000.0,0.277
2024,Chelsea,Marc Guiu,marc guiu,Attack,70,0,0,8000000.0,0.265
2024,Chelsea,Mathis Amougou,mathis amougou,Midfield,7,0,0,5000000.0,0.199
2024,Chelsea,Tyrique George,tyrique george,Attack,178,1,1,3500000.0,0.176
2024,Chelsea,Josh Acheampong,josh acheampong,Defender,169,0,0,1000000.0,0.02
2024,Crystal Palace,Marc Guéhi,marc guehi,Defender,3060,3,2,45000000.0,0.931
2024,Crystal Palace,Eberechi Eze,eberechi eze,Midfield,2603,8,8,55000000.0,0.904
2024,Crystal Palace,Daniel Muñoz,daniel munoz,Defender,3232,4,6,25000000.0,0.873
2024,Crystal Palace,Tyrick Mitchell,tyrick mitchell,Defender,3103,0,5,25000000.0,0.858
2024,Crystal Palace,Maxence Lacroix,maxence lacroix,Defender,3119,1,1,22000000.0,0.843
2024,Crystal Palace,Jean-Philippe Mateta,jean philippe mateta,Attack,2656,14,2,30000000.0,0.83
2024,Crystal Palace,Dean Henderson,dean henderson,Goalkeeper,3420,0,0,15000000.0,0.827
2024,Crystal Palace,Ismaïla Sarr,ismaila sarr,Attack,2721,8,7,22000000.0,0.797
2024,Crystal Palace,Adam Wharton,adam wharton,Midfield,1327,0,2,35000000.0,0.695
2024,Crystal Palace,Trevoh Chalobah,trevoh chalobah,Defender,1974,3,1,17000000.0,0.675
2024,Crystal Palace,Jefferson Lerma,jefferson lerma,Midfield,2277,0,1,12000000.0,0.664
2024,Crystal Palace,Chris Richards,chris richards,Defender,1925,1,0,12000000.0,0.623
2024,Crystal Palace,Daichi Kamada,daichi kamada,Midfield,1553,0,0,15000000.0,0.609
2024,Crystal Palace,Will Hughes,will hughes,Midfield,2120,0,4,9000000.0,0.608
2024,Crystal Palace,Eddie Nketiah,eddie nketiah,Attack,1025,3,2,22000000.0,0.598
2024,Crystal Palace,Cheick Doucouré,cheick doucoure,Midfield,445,0,0,35000000.0,0.592
2024,Crystal Palace,Ben Chilwell,ben chilwell,Defender,254,1,0,18000000.0,0.481
2024,Crystal Palace,Odsonne Édouard,odsonne edouard,Attack,142,0,0,18000000.0,0.468
2024,Crystal Palace,Chadi Riad,chadi riad,Defender,90,0,0,15000000.0,0.438
2024,Crystal Palace,Romain Esse,romain esse,Attack,136,1,1,12000000.0,0.414
2024,Crystal Palace,Matheus França,matheus franca,Midfield,52,1,0,10000000.0,0.38
2024,Crystal Palace,Jeffrey Schlupp,jeffrey schlupp,Midfield,94,0,0,6000000.0,0.317
2024,Crystal Palace,Justin Devenny,justin devenny,Midfield,496,1,1,3000000.0,0.272
2024,Crystal Palace,Nathaniel Clyne,nathaniel clyne,Defender,481,0,0,1500000.0,0.178
2024,Crystal Palace,Joel Ward,joel ward,Defender,72,0,0,600000.0,0.008
2024,Everton,Jarrad Branthwaite,jarrad branthwaite,Defender,2510,0,1,50000000.0,0.894
2024,Everton,Vitaliy Mykolenko,vitaliy mykolenko,Defender,3084,1,2,28000000.0,0.885
2024,Everton,Jordan Pickford,jordan pickford,Goalkeeper,3420,0,1,20000000.0,0.881
2024,Everton,Iliman Ndiaye,iliman ndiaye,Attack,2440,9,0,22000000.0,0.778
2024,Everton,James Tarkowski,james tarkowski,Defender,2924,1,1,10000000.0,0.732
2024,Everton,Jack Harrison,jack harrison,Attack,2083,1,1,16000000.0,0.695
2024,Everton,Dwight McNeil,dwight mcneil,Attack,1371,4,8,25000000.0,0.67
2024,Everton,Dominic Calvert-Lewin,dominic calvert lewin,Attack,1613,3,2,20000000.0,0.669
2024,Everton,James Garner,james garner,Midfield,1595,0,1,20000000.0,0.667
2024,Everton,Abdoulaye Doucouré,abdoulaye doucoure,Midfield,2577,3,2,8000000.0,0.663
2024,Everton,Beto,beto,Attack,1528,8,0,20000000.0,0.659
2024,Everton,Orel Mangala,orel mangala,Midfield,1261,1,0,20000000.0,0.628
2024,Everton,Jake O'Brien,jake o brien,Defender,1569,2,0,15000000.0,0.627
2024,Everton,Jesper Lindstrøm,jesper lindstr m,Attack,1241,0,1,20000000.0,0.626
2024,Everton,Idrissa Gueye,idrissa gueye,Midfield,3070,0,3,2000000.0,0.54
2024,Everton,Carlos Alcaraz,carlos alcaraz,Midfield,771,2,3,14000000.0,0.524
2024,Everton,Nathan Patterson,nathan patterson,Defender,345,0,1,15000000.0,0.483
2024,Everton,Armando Broja,armando broja,Attack,332,0,0,13000000.0,0.463
2024,Everton,Tim Iroegbunam,tim iroegbunam,Midfield,564,0,1,10000000.0,0.456
2024,Everton,Michael Keane,michael keane,Defender,1046,3,0,6000000.0,0.446
2024,Everton,Youssef Chermiti,youssef chermiti,Attack,42,0,0,9000000.0,0.381
2024,Everton,Mason Holgate,mason holgate,Defender,5,0,0,5000000.0,0.301
2024,Everton,Ashley Young,ashley young,Defender,1870,1,3,500000.0,0.219
2024,Everton,Séamus Coleman,seamus coleman,Defender,215,0,0,500000.0,0.025
2024,Everton,Harrison Armstrong,harrison armstrong,Midfield,47,0,0,500000.0,0.005
2024,Fulham,Antonee Robinson,antonee robinson,Defender,3167,0,10,35000000.0,0.97
2024,Fulham,Calvin Bassey,calvin bassey,Defender,3074,1,0,25000000.0,0.91
2024,Fulham,Alex Iwobi,alex iwobi,Attack,2998,9,6,25000000.0,0.901
2024,Fulham,Joachim Andersen,joachim andersen,Defender,2674,0,0,32000000.0,0.9
2024,Fulham,Bernd Leno,bernd leno,Goalkeeper,3420,0,1,11000000.0,0.829
2024,Fulham,Emile Smith Rowe,emile smith rowe,Midfield,2060,6,3,32000000.0,0.828
2024,Fulham,Sander Berge,sander berge,Midfield,2227,0,0,25000000.0,0.811
2024,Fulham,Andreas Pereira,andreas pereira,Midfield,2026,2,6,20000000.0,0.754
2024,Fulham,Saša Lukić,sasa lukic,Midfield,2360,0,2,10000000.0,0.691
2024,Fulham,Kenny Tete,kenny tete,Defender,1779,0,2,15000000.0,0.683
2024,Fulham,Timothy Castagne,timothy castagne,Defender,1643,0,1,15000000.0,0.667
2024,Fulham,Issa Diop,issa diop,Defender,1335,0,0,16000000.0,0.641
2024,Fulham,Harry Wilson,harry wilson,Attack,1159,6,2,17000000.0,0.629
2024,Fulham,Rodrigo Muniz,rodrigo muniz,Attack,950,8,1,20000000.0,0.629
2024,Fulham,Adama Traoré,adama traore,Attack,1770,2,7,10000000.0,0.622
2024,Fulham,Raúl Jiménez,raul jimenez,Attack,2507,12,3,5000000.0,0.606
2024,Fulham,Reiss Nelson,reiss nelson,Attack,488,1,1,15000000.0,0.532
2024,Fulham,Ryan Sessegnon,ryan sessegnon,Defender,580,4,2,9000000.0,0.467
2024,Fulham,Jorge Cuenca,jorge cuenca,Defender,350,0,0,6000000.0,0.381
2024,Fulham,Harrison Reed,harrison reed,Midfield,98,0,0,7000000.0,0.374
2024,Fulham,Carlos Vinícius,carlos vinicius,Attack,13,0,0,4000000.0,0.281
2024,Fulham,Jay Stansfield,jay stansfield,Attack,1,0,0,3500000.0,0.26
2024,Fulham,Tom Cairney,tom cairney,Midfield,613,2,0,2000000.0,0.249
2024,Fulham,Willian,willian,Attack,252,0,0,1000000.0,0.105
2024,Fulham,Josh King,josh king,Midfield,127,0,0,1000000.0,0.09
2024,Fulham,Martial Godo,martial godo,Attack,21,0,0,600000.0,0.002
2024,Ipswich Town,Liam Delap,liam delap,Attack,2616,12,2,35000000.0,0.935
2024,Ipswich Town,Leif Davis,leif davis,Defender,2746,1,3,25000000.0,0.908
2024,Ipswich Town,Dara O'Shea,dara o shea,Defender,3123,0,2,14000000.0,0.881
2024,Ipswich Town,Omari Hutchinson,omari hutchinson,Midfield,2593,3,2,22000000.0,0.872
2024,Ipswich Town,Jacob Greaves,jacob greaves,Defender,2205,1,0,20000000.0,0.81
2024,Ipswich Town,Jens Cajuste,jens cajuste,Midfield,1978,1,1,12000000.0,0.714
2024,Ipswich Town,Julio Enciso,julio enciso,Midfield,1165,2,3,22000000.0,0.689
2024,Ipswich Town,Kalvin Phillips,kalvin phillips,Midfield,1240,0,0,15000000.0,0.648
2024,Ipswich Town,Jack Clarke,jack clarke,Attack,1170,0,4,15000000.0,0.639
2024,Ipswich Town,Jaden Philogene,jaden philogene,Attack,800,2,0,18000000.0,0.616
2024,Ipswich Town,Arijanet Murić,arijanet muric,Goalkeeper,1620,0,0,8000000.0,0.615
2024,Ipswich Town,Ben Johnson,ben johnson,Defender,1349,1,2,9000000.0,0.596
2024,Ipswich Town,Sammie Szmodics,sammie szmodics,Midfield,1002,4,0,12000000.0,0.589
2024,Ipswich Town,Axel Tuanzebe,axel tuanzebe,Defender,1717,0,1,5000000.0,0.566
2024,Ipswich Town,Conor Chaplin,conor chaplin,Attack,854,1,1,8000000.0,0.517
2024,Ipswich Town,Sam Morsy,sam morsy,Midfield,2757,1,1,900000.0,0.476
2024,Ipswich Town,Cameron Burgess,cameron burgess,Defender,1540,0,2,2500000.0,0.453
2024,Ipswich Town,Chiedozie Ogbene,chiedozie ogbene,Attack,239,0,0,8000000.0,0.438
2024,Ipswich Town,Nathan Broadhead,nathan broadhead,Attack,697,2,0,5000000.0,0.436
2024,Ipswich Town,George Hirst,george hirst,Attack,647,3,1,5000000.0,0.429
2024,Ipswich Town,Ben Godfrey,ben godfrey,Defender,159,0,0,8000000.0,0.428
2024,Ipswich Town,Harry Clarke,harry clarke,Defender,378,0,0,5000000.0,0.395
2024,Ipswich Town,Jack Taylor,jack taylor,Midfield,838,1,0,3000000.0,0.387
2024,Ipswich Town,Luke Woolfenden,luke woolfenden,Defender,1187,0,0,2000000.0,0.379
2024,Ipswich Town,Ali Al-Hamadi,ali al hamadi,Attack,125,0,0,2500000.0,0.272
2024,Ipswich Town,Conor Townsend,conor townsend,Defender,335,0,1,1200000.0,0.203
2024,Ipswich Town,Marcus Harness,marcus harness,Midfield,43,0,0,800000.0,0.113
2024,Ipswich Town,Massimo Luongo,massimo luongo,Midfield,196,0,0,500000.0,0.072
2024,Ipswich Town,George Edmundson,george edmundson,Defender,1,0,0,350000.0,0.0
2024,Leicester City,Wout Faes,wout faes,Defender,2812,1,0,20000000.0,0.916
2024,Leicester City,Bilal El Khannouss,bilal el khannouss,Midfield,2197,2,3,30000000.0,0.901
2024,Leicester City,James Justin,james justin,Defender,2921,2,2,15000000.0,0.881
2024,Leicester City,Victor Kristiansen,victor kristiansen,Defender,2489,0,1,16000000.0,0.833
2024,Leicester City,Wilfred Ndidi,wilfred ndidi,Midfield,2337,0,5,18000000.0,0.833
2024,Leicester City,Mads Hermansen,mads hermansen,Goalkeeper,2385,0,0,15000000.0,0.808
2024,Leicester City,Boubakary Soumaré,boubakary soumare,Midfield,2170,0,0,14000000.0,0.767
2024,Leicester City,Facundo Buonanotte,facundo buonanotte,Midfield,1514,5,2,22000000.0,0.754
2024,Leicester City,Harry Winks,harry winks,Midfield,1540,0,2,12000000.0,0.654
2024,Leicester City,Stephy Mavididi,stephy mavididi,Attack,1617,4,1,11000000.0,0.65
2024,Leicester City,Oliver Skipp,oliver skipp,Midfield,1122,0,0,12000000.0,0.597
2024,Leicester City,Abdul Fatawu,abdul fatawu,Attack,577,0,2,13000000.0,0.536
2024,Leicester City,Caleb Okoli,caleb okoli,Defender,1124,1,0,8000000.0,0.528
2024,Leicester City,Luke Thomas,luke thomas,Defender,1113,0,0,6000000.0,0.477
2024,Leicester City,Jordan Ayew,jordan ayew,Attack,1663,5,0,3500000.0,0.46
2024,Leicester City,Conor Coady,conor coady,Defender,1714,1,0,3000000.0,0.441
2024,Leicester City,Jamie Vardy,jamie vardy,Attack,2839,9,4,1000000.0,0.407
2024,Leicester City,Jannik Vestergaard,jannik vestergaard,Defender,1395,0,0,3000000.0,0.397
2024,Leicester City,Bobby De Cordova-Reid,bobby de cordova reid,Midfield,741,1,3,4000000.0,0.357
2024,Leicester City,Ricardo Pereira,ricardo pereira,Defender,385,0,0,5000000.0,0.346
2024,Leicester City,Hamza Choudhury,hamza choudhury,Midfield,130,0,0,4500000.0,0.293
2024,Leicester City,Woyo Coulibaly,woyo coulibaly,Defender,107,0,0,2000000.0,0.151
2024,Leicester City,Michael Golding,michael golding,Midfield,1,0,0,2000000.0,0.137
2024,Leicester City,Kasey McAteer,kasey mcateer,Midfield,853,1,1,900000.0,0.117
2024,Leicester City,Danny Ward,danny ward,Goalkeeper,135,0,0,1500000.0,0.106
2024,Liverpool,Ryan Gravenberch,ryan gravenberch,Midfield,3169,0,4,70000000.0,0.943
2024,Liverpool,Mohamed Salah,mohamed salah,Attack,3380,29,18,55000000.0,0.937
2024,Liverpool,Alexis Mac Allister,alexis mac allister,Midfield,2609,5,5,90000000.0,0.909
2024,Liverpool,Dominik Szoboszlai,dominik szoboszlai,Midfield,2497,6,7,80000000.0,0.881
2024,Liverpool,Luis Díaz,luis diaz,Attack,2413,13,7,85000000.0,0.878
2024,Liverpool,Trent Alexander-Arnold,trent alexander arnold,Defender,2377,3,7,75000000.0,0.858
2024,Liverpool,Ibrahima Konaté,ibrahima konate,Defender,2565,1,2,60000000.0,0.852
2024,Liverpool,Virgil van Dijk,virgil van dijk,Defender,3330,3,1,28000000.0,0.846
2024,Liverpool,Cody Gakpo,cody gakpo,Attack,1938,10,5,70000000.0,0.797
2024,Liverpool,Alisson,alisson,Goalkeeper,2509,0,0,25000000.0,0.734
2024,Liverpool,Curtis Jones,curtis jones,Midfield,1711,3,4,50000000.0,0.728
2024,Liverpool,Andrew Robertson,andrew robertson,Defender,2492,0,1,20000000.0,0.704
2024,Liverpool,Darwin Núñez,darwin nunez,Attack,1118,5,3,50000000.0,0.658
2024,Liverpool,Diogo Jota,diogo jota,Attack,1194,6,4,45000000.0,0.653
2024,Liverpool,Caoimhín Kelleher,caoimhin kelleher,Goalkeeper,900,0,0,22000000.0,0.528
2024,Liverpool,Conor Bradley,conor bradley,Defender,748,0,2,25000000.0,0.526
2024,Liverpool,Harvey Elliott,harvey elliott,Midfield,360,1,2,35000000.0,0.523
2024,Liverpool,Joe Gomez,joe gomez,Defender,519,0,0,28000000.0,0.513
2024,Liverpool,Konstantinos Tsimikas,konstantinos tsimikas,Defender,833,0,1,20000000.0,0.508
2024,Liverpool,Jarell Quansah,jarell quansah,Defender,488,0,0,22000000.0,0.479
2024,Liverpool,Federico Chiesa,federico chiesa,Attack,104,0,0,18000000.0,0.408
2024,Liverpool,Wataru Endo,wataru endo,Midfield,260,0,0,10000000.0,0.352
2024,Liverpool,Vitezslav Jaros,vitezslav jaros,Goalkeeper,11,0,0,5000000.0,0.234
2024,Liverpool,Jayden Danns,jayden danns,Attack,10,0,0,800000.0,0.001
2024,Manchester City,Erling Haaland,erling haaland,Attack,2743,22,3,200000000.0,0.935
2024,Manchester City,Josko Gvardiol,josko gvardiol,Defender,3280,5,0,75000000.0,0.889
2024,Manchester City,Phil Foden,phil foden,Midfield,1781,7,2,130000000.0,0.768
2024,Manchester City,Rúben Dias,ruben dias,Defender,2269,0,0,70000000.0,0.758
2024,Manchester City,Bernardo Silva,bernardo silva,Midfield,2668,4,4,45000000.0,0.756
2024,Manchester City,Savinho,savinho,Attack,1772,1,10,55000000.0,0.67
2024,Manchester City,Rico Lewis,rico lewis,Defender,1893,1,2,40000000.0,0.649
2024,Manchester City,Ederson,ederson,Goalkeeper,2321,0,4,25000000.0,0.648
2024,Manchester City,Jérémy Doku,jeremy doku,Attack,1514,3,6,55000000.0,0.638
2024,Manchester City,Manuel Akanji,manuel akanji,Defender,2014,0,0,32000000.0,0.638
2024,Manchester City,Mateo Kovacic,mateo kovacic,Midfield,2203,6,2,25000000.0,0.633
2024,Manchester City,Omar Marmoush,omar marmoush,Attack,1183,7,2,75000000.0,0.633
2024,Manchester City,Matheus Nunes,matheus nunes,Defender,1672,1,6,35000000.0,0.607
2024,Manchester City,Kevin De Bruyne,kevin de bruyne,Midfield,1705,4,7,27000000.0,0.581
2024,Manchester City,Rodri,rodri,Midfield,73,0,0,130000000.0,0.56
2024,Manchester City,Nico González,nico gonzalez,Midfield,764,1,0,40000000.0,0.511
2024,Manchester City,İlkay Gündoğan,ilkay gundogan,Midfield,2229,1,7,7000000.0,0.492
2024,Manchester City,Jack Grealish,jack grealish,Attack,715,1,1,35000000.0,0.49
2024,Manchester City,Nathan Aké,nathan ake,Defender,683,0,0,35000000.0,0.486
2024,Manchester City,John Stones,john stones,Defender,545,2,0,32000000.0,0.459
2024,Manchester City,Vitor Reis,vitor reis,Defender,1,0,0,30000000.0,0.385
2024,Manchester City,Stefan Ortega,stefan ortega,Goalkeeper,1099,0,0,9000000.0,0.383
2024,Manchester City,Kyle Walker,kyle walker,Defender,967,0,0,10000000.0,0.379
2024,Manchester City,James McAtee,james mcatee,Midfield,342,3,0,18000000.0,0.369
2024,Manchester City,Oscar Bobb,oscar bobb,Attack,14,0,0,25000000.0,0.366
2024,Manchester City,Abdukodir Khusanov,abdukodir khusanov,Defender,504,0,0,12000000.0,0.343
2024,Manchester City,Claudio Echeverri,claudio echeverri,Midfield,5,0,0,18000000.0,0.328
2024,Manchester City,Nico O'Reilly,nico o reilly,Defender,527,2,0,7000000.0,0.285
2024,Manchester City,Jahmai Simpson-Pusey,jahmai simpson pusey,Defender,95,0,0,2000000.0,0.09
2024,Manchester City,Divin Mubama,divin mubama,Attack,27,0,0,1000000.0,0.003
2024,Manchester United,Bruno Fernandes,bruno fernandes,Midfield,3023,8,11,55000000.0,0.995
2024,Manchester United,André Onana,andre onana,Goalkeeper,3060,0,0,32000000.0,0.91
2024,Manchester United,Diogo Dalot,diogo dalot,Defender,2813,0,3,35000000.0,0.892
2024,Manchester United,Noussair Mazraoui,noussair mazraoui,Defender,2849,0,2,32000000.0,0.882
2024,Manchester United,Alejandro Garnacho,alejandro garnacho,Attack,2196,6,2,45000000.0,0.854
2024,Manchester United,Rasmus Højlund,rasmus h jlund,Attack,2014,4,1,45000000.0,0.83
2024,Manchester United,Matthijs de Ligt,matthijs de ligt,Defender,2128,2,0,40000000.0,0.825
2024,Manchester United,Manuel Ugarte,manuel ugarte,Midfield,1792,1,2,50000000.0,0.818
2024,Manchester United,Kobbie Mainoo,kobbie mainoo,Midfield,1656,0,0,55000000.0,0.816
2024,Manchester United,Lisandro Martínez,lisandro martinez,Defender,1754,2,1,50000000.0,0.813
2024,Manchester United,Amad Diallo,amad diallo,Attack,1903,8,8,40000000.0,0.796
2024,Manchester United,Marcus Rashford,marcus rashford,Attack,1426,6,4,50000000.0,0.771
2024,Manchester United,Leny Yoro,leny yoro,Defender,1164,0,0,55000000.0,0.752
2024,Manchester United,Joshua Zirkzee,joshua zirkzee,Attack,1394,3,2,35000000.0,0.707
2024,Manchester United,Harry Maguire,harry maguire,Defender,1756,1,0,15000000.0,0.613
2024,Manchester United,Patrick Dorgu,patrick dorgu,Attack,843,0,0,25000000.0,0.579
2024,Manchester United,Mason Mount,mason mount,Midfield,621,1,0,28000000.0,0.569
2024,Manchester United,Casemiro,casemiro,Midfield,1498,1,0,12000000.0,0.542
2024,Manchester United,Scott McTominay,scott mctominay,Midfield,17,0,0,32000000.0,0.512
2024,Manchester United,Antony,antony,Attack,135,0,0,20000000.0,0.449
2024,Manchester United,Luke Shaw,luke shaw,Defender,348,0,0,16000000.0,0.44
2024,Manchester United,Victor Lindelöf,victor lindelof,Defender,697,0,0,10000000.0,0.407
2024,Manchester United,Tyrell Malacia,tyrell malacia,Defender,99,0,0,15000000.0,0.397
2024,Manchester United,Christian Eriksen,christian eriksen,Midfield,1056,1,2,6000000.0,0.369
2024,Manchester United,Altay Bayındır,altay bay nd r,Goalkeeper,360,0,0,10000000.0,0.363
2024,Manchester United,Chido Obi,chido obi,Attack,160,0,0,5000000.0,0.221
2024,Manchester United,Toby Collyer,toby collyer,Midfield,174,0,0,3000000.0,0.138
2024,Manchester United,Jonny Evans,jonny evans,Defender,314,0,0,2000000.0,0.089
2024,Manchester United,Ayden Heaven,ayden heaven,Defender,171,0,0,1500000.0,0.022
2024,Newcastle United,Bruno Guimarães,bruno guimaraes,Midfield,3287,5,6,80000000.0,0.966
2024,Newcastle United,Alexander Isak,alexander isak,Attack,2774,23,6,100000000.0,0.933
2024,Newcastle United,Anthony Gordon,anthony gordon,Attack,2446,6,6,65000000.0,0.838
2024,Newcastle United,Sandro Tonali,sandro tonali,Midfield,2629,4,2,45000000.0,0.812
2024,Newcastle United,Tino Livramento,tino livramento,Defender,2843,0,1,35000000.0,0.805
2024,Newcastle United,Joelinton,joelinton,Midfield,2404,4,3,40000000.0,0.769
2024,Newcastle United,Lewis Hall,lewis hall,Defender,2193,0,5,25000000.0,0.683
2024,Newcastle United,Dan Burn,dan burn,Defender,3330,1,1,7000000.0,0.654
2024,Newcastle United,Harvey Barnes,harvey barnes,Attack,1754,9,5,30000000.0,0.654
2024,Newcastle United,Jacob Murphy,jacob murphy,Attack,2382,8,12,16000000.0,0.647
2024,Newcastle United,Fabian Schär,fabian schar,Defender,2938,4,0,9000000.0,0.639
2024,Newcastle United,Nick Pope,nick pope,Goalkeeper,2520,0,0,10000000.0,0.603
2024,Newcastle United,Joe Willock,joe willock,Midfield,1073,0,2,28000000.0,0.563
2024,Newcastle United,Sven Botman,sven botman,Defender,415,0,0,45000000.0,0.546
2024,Newcastle United,Sean Longstaff,sean longstaff,Midfield,787,0,0,22000000.0,0.497
2024,Newcastle United,Lewis Miley,lewis miley,Midfield,304,1,0,22000000.0,0.439
2024,Newcastle United,Lloyd Kelly,lloyd kelly,Defender,301,0,1,18000000.0,0.413
2024,Newcastle United,Miguel Almirón,miguel almiron,Attack,150,0,0,16000000.0,0.379
2024,Newcastle United,Kieran Trippier,kieran trippier,Defender,1309,0,3,5000000.0,0.367
2024,Newcastle United,Callum Wilson,callum wilson,Attack,357,0,0,11000000.0,0.355
2024,Newcastle United,Matt Targett,matt targett,Defender,19,0,0,8000000.0,0.273
2024,Newcastle United,William Osula,william osula,Attack,124,1,0,7000000.0,0.268
2024,Newcastle United,Emil Krafth,emil krafth,Defender,334,0,0,2500000.0,0.16
2024,Newcastle United,Martin Dúbravka,martin dubravka,Goalkeeper,900,0,0,1000000.0,0.108
2024,Nottingham Forest,Murillo,murillo,Defender,3191,2,0,55000000.0,0.973
2024,Nottingham Forest,Morgan Gibbs-White,morgan gibbs white,Midfield,2824,7,10,50000000.0,0.916
2024,Nottingham Forest,Nikola Milenković,nikola milenkovic,Defender,3330,5,2,28000000.0,0.888
2024,Nottingham Forest,Elliot Anderson,elliot anderson,Midfield,2743,2,6,30000000.0,0.83
2024,Nottingham Forest,Anthony Elanga,anthony elanga,Attack,2510,6,11,35000000.0,0.826
2024,Nottingham Forest,Ola Aina,ola aina,Defender,3002,2,1,20000000.0,0.8
2024,Nottingham Forest,Neco Williams,neco williams,Defender,2592,1,3,20000000.0,0.752
2024,Nottingham Forest,Callum Hudson-Odoi,callum hudson odoi,Attack,2205,5,3,24000000.0,0.734
2024,Nottingham Forest,Chris Wood,chris wood,Attack,2979,20,3,10000000.0,0.693
2024,Nottingham Forest,Matz Sels,matz sels,Goalkeeper,3420,0,0,7000000.0,0.691
2024,Nottingham Forest,Nicolás Domínguez,nicolas dominguez,Midfield,1971,0,1,17000000.0,0.655
2024,Nottingham Forest,Ryan Yates,ryan yates,Midfield,1904,2,1,13000000.0,0.607
2024,Nottingham Forest,Ibrahim Sangaré,ibrahim sangare,Midfield,590,0,1,28000000.0,0.568
2024,Nottingham Forest,Danilo,danilo,Midfield,276,0,0,28000000.0,0.531
2024,Nottingham Forest,Morato,morato,Defender,893,0,0,15000000.0,0.51
2024,Nottingham Forest,Jota Silva,jota silva,Attack,840,3,2,14000000.0,0.493
2024,Nottingham Forest,Taiwo Awoniyi,taiwo awoniyi,Attack,399,1,0,18000000.0,0.479
2024,Nottingham Forest,Álex Moreno,alex moreno,Defender,960,0,1,11000000.0,0.471
2024,Nottingham Forest,Ramón Sosa,ramon sosa,Attack,280,1,0,13000000.0,0.417
2024,Nottingham Forest,Harry Toffolo,harry toffolo,Defender,135,0,0,4000000.0,0.223
2024,Nottingham Forest,Willy Boly,willy boly,Defender,146,0,0,2000000.0,0.121
2024,Nottingham Forest,Eric da Silva Moreira,eric da silva moreira,Defender,28,0,0,1000000.0,0.003
2024,Southampton,Taylor Harwood-Bellis,taylor harwood bellis,Defender,2828,1,0,25000000.0,0.987
2024,Southampton,Kyle Walker-Peters,kyle walker peters,Defender,2922,0,2,18000000.0,0.955
2024,Southampton,Mateus Fernandes,mateus fernandes,Midfield,2922,2,4,15000000.0,0.931
2024,Southampton,Aaron Ramsdale,aaron ramsdale,Goalkeeper,2700,0,0,16000000.0,0.909
2024,Southampton,Tyler Dibling,tyler dibling,Attack,1874,2,1,25000000.0,0.857
2024,Southampton,Jan Bednarek,jan bednarek,Defender,2535,2,0,11000000.0,0.836
2024,Southampton,Flynn Downes,flynn downes,Midfield,2155,1,0,15000000.0,0.826
2024,Southampton,Lesley Ugochukwu,lesley ugochukwu,Midfield,1663,1,1,20000000.0,0.797
2024,Southampton,Cameron Archer,cameron archer,Attack,1433,2,0,14000000.0,0.718
2024,Southampton,Yukinari Sugawara,yukinari sugawara,Defender,1557,1,1,12000000.0,0.714
2024,Southampton,Adam Armstrong,adam armstrong,Attack,1254,2,2,16000000.0,0.711
2024,Southampton,Kamaldeen Sulemana,kamaldeen sulemana,Attack,1406,1,1,13000000.0,0.704
2024,Southampton,Joe Aribo,joe aribo,Midfield,2020,3,0,6000000.0,0.683
2024,Southampton,Paul Onuachu,paul onuachu,Attack,1045,4,1,8000000.0,0.588
2024,Southampton,Albert Grønbaek,albert gr nbaek,Midfield,143,0,0,15000000.0,0.55
2024,Southampton,Armel Bella-Kotchap,armel bella kotchap,Defender,329,0,0,12000000.0,0.545
2024,Southampton,Ryan Manning,ryan manning,Defender,1468,0,1,3500000.0,0.534
2024,Southampton,Will Smallbone,will smallbone,Midfield,682,1,0,7000000.0,0.521
2024,Southampton,Ben Brereton Díaz,ben brereton diaz,Attack,448,0,0,8000000.0,0.507
2024,Southampton,Maxwel Cornet,maxwel cornet,Attack,71,0,0,9000000.0,0.471
2024,Southampton,Samuel Edozie,samuel edozie,Attack,64,0,0,8000000.0,0.454
2024,Southampton,Nathan Wood,nathan wood,Defender,772,0,0,3800000.0,0.45
2024,Southampton,Jack Stephens,jack stephens,Defender,1394,1,0,2000000.0,0.448
2024,Southampton,James Bree,james bree,Defender,1073,0,1,2500000.0,0.435
2024,Southampton,Ross Stewart,ross stewart,Attack,385,1,0,4500000.0,0.42
2024,Southampton,Welington,welington,Defender,480,0,0,3500000.0,0.399
2024,Southampton,Ryan Fraser,ryan fraser,Attack,306,0,0,3000000.0,0.354
2024,Southampton,Charlie Taylor,charlie taylor,Defender,353,0,0,2800000.0,0.351
2024,Southampton,Ronnie Edwards,ronnie edwards,Defender,12,0,0,3800000.0,0.346
2024,Southampton,Joachim Kayi Sanda,joachim kayi sanda,Defender,12,0,0,1500000.0,0.22
2024,Southampton,Adam Lallana,adam lallana,Midfield,355,0,2,900000.0,0.198
2024,Southampton,Alex McCarthy,alex mccarthy,Goalkeeper,450,0,0,500000.0,0.131
2024,Southampton,Joe Lumley,joe lumley,Goalkeeper,270,0,0,600000.0,0.131
2024,Southampton,Samuel Amo-Ameyaw,samuel amo ameyaw,Attack,26,0,0,300000.0,0.004
2024,Tottenham Hotspur,Dejan Kulusevski,dejan kulusevski,Midfield,2391,7,4,60000000.0,0.967
2024,Tottenham Hotspur,Pedro Porro,pedro porro,Defender,2609,2,6,45000000.0,0.964
2024,Tottenham Hotspur,Brennan Johnson,brennan johnson,Attack,2179,11,5,50000000.0,0.911
2024,Tottenham Hotspur,Dominic Solanke,dominic solanke,Attack,2206,9,3,45000000.0,0.902
2024,Tottenham Hotspur,Guglielmo Vicario,guglielmo vicario,Goalkeeper,2160,0,0,35000000.0,0.864
2024,Tottenham Hotspur,Destiny Udogie,destiny udogie,Defender,1932,0,1,45000000.0,0.86
2024,Tottenham Hotspur,James Maddison,james maddison,Midfield,1817,9,7,50000000.0,0.856
2024,Tottenham Hotspur,Pape Matar Sarr,pape matar sarr,Midfield,1914,3,2,40000000.0,0.843
2024,Tottenham Hotspur,Heung-min Son,heung min son,Attack,2117,7,10,30000000.0,0.838
2024,Tottenham Hotspur,Cristian Romero,cristian romero,Defender,1420,1,1,55000000.0,0.807
2024,Tottenham Hotspur,Archie Gray,archie gray,Midfield,1744,0,0,35000000.0,0.8
2024,Tottenham Hotspur,Rodrigo Bentancur,rodrigo bentancur,Midfield,1653,2,0,30000000.0,0.767
2024,Tottenham Hotspur,Micky van de Ven,micky van de ven,Defender,1018,0,2,55000000.0,0.745
2024,Tottenham Hotspur,Yves Bissouma,yves bissouma,Midfield,1406,2,0,28000000.0,0.72
2024,Tottenham Hotspur,Djed Spence,djed spence,Defender,1791,1,2,15000000.0,0.701
2024,Tottenham Hotspur,Mathys Tel,mathys tel,Attack,913,2,2,40000000.0,0.689
2024,Tottenham Hotspur,Radu Drăgușin,radu dragusin,Defender,1251,0,0,25000000.0,0.682
2024,Tottenham Hotspur,Lucas Bergvall,lucas bergvall,Midfield,1205,0,1,25000000.0,0.675
2024,Tottenham Hotspur,Kevin Danso,kevin danso,Defender,843,0,0,25000000.0,0.62
2024,Tottenham Hotspur,Wilson Odobert,wilson odobert,Attack,849,1,0,18000000.0,0.579
2024,Tottenham Hotspur,Richarlison,richarlison,Attack,500,4,1,25000000.0,0.567
2024,Tottenham Hotspur,Ben Davies,ben davies,Defender,1330,0,0,8000000.0,0.551
2024,Tottenham Hotspur,Antonín Kinský,antonin kinsky,Goalkeeper,540,0,0,15000000.0,0.509
2024,Tottenham Hotspur,Timo Werner,timo werner,Attack,508,0,3,15000000.0,0.504
2024,Tottenham Hotspur,Mikey Moore,mikey moore,Attack,361,0,1,15000000.0,0.482
2024,Tottenham Hotspur,Sergio Reguilón,sergio reguilon,Defender,195,0,0,8000000.0,0.377
2024,Tottenham Hotspur,Fraser Forster,fraser forster,Goalkeeper,630,0,0,1200000.0,0.206
2024,Tottenham Hotspur,Dane Scarlett,dane scarlett,Attack,31,0,1,1800000.0,0.165
2024,Tottenham Hotspur,Brandon Austin,brandon austin,Goalkeeper,90,0,0,600000.0,0.037
2024,Tottenham Hotspur,Alfie Dorrington,alfie dorrington,Defender,13,0,0,500000.0,0.002
2024,West Ham United,Jarrod Bowen,jarrod bowen,Attack,2980,13,10,45000000.0,0.943
2024,West Ham United,Maximilian Kilman,maximilian kilman,Defender,3349,0,2,30000000.0,0.937
2024,West Ham United,Mohammed Kudus,mohammed kudus,Attack,2603,5,3,50000000.0,0.911
2024,West Ham United,Aaron Wan-Bissaka,aaron wan bissaka,Defender,3155,2,5,22000000.0,0.875
2024,West Ham United,Lucas Paquetá,lucas paqueta,Midfield,2385,4,0,35000000.0,0.841
2024,West Ham United,Tomáš Souček,tomas soucek,Midfield,2571,9,2,22000000.0,0.805
2024,West Ham United,Edson Álvarez,edson alvarez,Midfield,1782,0,1,30000000.0,0.749
2024,West Ham United,Jean-Clair Todibo,jean clair todibo,Defender,1833,0,0,28000000.0,0.747
2024,West Ham United,Konstantinos Mavropanos,konstantinos mavropanos,Defender,2037,0,0,17000000.0,0.709
2024,West Ham United,Emerson,emerson,Defender,2125,2,1,12000000.0,0.676
2024,West Ham United,Alphonse Areola,alphonse areola,Goalkeeper,2259,0,0,10000000.0,0.67
2024,West Ham United,Carlos Soler,carlos soler,Midfield,1404,1,1,20000000.0,0.654
2024,West Ham United,Crysencio Summerville,crysencio summerville,Attack,780,1,1,22000000.0,0.591
2024,West Ham United,James Ward-Prowse,james ward prowse,Midfield,1440,1,2,10000000.0,0.572
2024,West Ham United,Guido Rodríguez,guido rodriguez,Midfield,1155,0,1,12000000.0,0.561
2024,West Ham United,Niclas Füllkrug,niclas fullkrug,Attack,788,3,2,12000000.0,0.517
2024,West Ham United,Luís Guilherme,luis guilherme,Attack,139,0,0,18000000.0,0.49
2024,West Ham United,Vladimír Coufal,vladimir coufal,Defender,1061,0,0,7000000.0,0.482
2024,West Ham United,Danny Ings,danny ings,Attack,270,1,2,7000000.0,0.388
2024,West Ham United,Michail Antonio,michail antonio,Attack,844,1,1,4000000.0,0.387
2024,West Ham United,Oliver Scarles,oliver scarles,Defender,663,0,0,4000000.0,0.365
2024,West Ham United,Andrew Irving,andrew irving,Midfield,162,0,0,5000000.0,0.333
2024,West Ham United,Lukasz Fabianski,lukasz fabianski,Goalkeeper,1161,0,0,700000.0,0.208
2024,West Ham United,Aaron Cresswell,aaron cresswell,Defender,823,0,0,700000.0,0.168
2024,West Ham United,Kaelan Casey,kaelan casey,Defender,1,0,0,1000000.0,0.114
2024,West Ham United,Lewis Orford,lewis orford,Midfield,47,0,0,400000.0,0.006
2024,Wolverhampton Wanderers,Rayan Aït-Nouri,rayan ait nouri,Defender,3128,4,7,35000000.0,0.952
2024,Wolverhampton Wanderers,João Gomes,joao gomes,Midfield,2989,3,1,40000000.0,0.948
2024,Wolverhampton Wanderers,Matheus Cunha,matheus cunha,Attack,2603,15,6,55000000.0,0.933
2024,Wolverhampton Wanderers,Jørgen Strand Larsen,j rgen strand larsen,Attack,2603,14,4,27000000.0,0.857
2024,Wolverhampton Wanderers,Toti,toti,Defender,2615,0,1,25000000.0,0.85
2024,Wolverhampton Wanderers,André,andre,Midfield,2485,0,0,25000000.0,0.834
2024,Wolverhampton Wanderers,Nélson Semedo,nelson semedo,Defender,2896,0,4,10000000.0,0.788
2024,Wolverhampton Wanderers,José Sá,jose sa,Goalkeeper,2610,0,0,8000000.0,0.728
2024,Wolverhampton Wanderers,Jean-Ricner Bellegarde,jean ricner bellegarde,Midfield,1684,2,7,18000000.0,0.696
2024,Wolverhampton Wanderers,Emmanuel Agbadou,emmanuel agbadou,Defender,1411,1,0,17000000.0,0.655
2024,Wolverhampton Wanderers,Santiago Bueno,santiago bueno,Defender,1682,0,0,8000000.0,0.609
2024,Wolverhampton Wanderers,Marshall Munetsi,marshall munetsi,Midfield,1079,2,1,15000000.0,0.599
2024,Wolverhampton Wanderers,Mario Lemina,mario lemina,Midfield,1363,1,3,9000000.0,0.581
2024,Wolverhampton Wanderers,Gonçalo Guedes,goncalo guedes,Attack,987,2,4,13000000.0,0.572
2024,Wolverhampton Wanderers,Rodrigo Gomes,rodrigo gomes,Midfield,799,2,0,15000000.0,0.563
2024,Wolverhampton Wanderers,Hee-chan Hwang,hee chan hwang,Attack,649,2,0,17000000.0,0.558
2024,Wolverhampton Wanderers,Matt Doherty,matt doherty,Defender,2112,2,1,2500000.0,0.54
2024,Wolverhampton Wanderers,Sam Johnstone,sam johnstone,Goalkeeper,630,0,0,10000000.0,0.498
2024,Wolverhampton Wanderers,Pablo Sarabia,pablo sarabia,Midfield,805,3,2,7000000.0,0.483
2024,Wolverhampton Wanderers,Tommy Doyle,tommy doyle,Midfield,476,0,1,10000000.0,0.479
2024,Wolverhampton Wanderers,Daniel Podence,daniel podence,Attack,46,0,0,13000000.0,0.452
2024,Wolverhampton Wanderers,Nasser Djiga,nasser djiga,Defender,65,0,0,10000000.0,0.426
2024,Wolverhampton Wanderers,Carlos Forbs,carlos forbs,Attack,233,0,1,8000000.0,0.424
2024,Wolverhampton Wanderers,Yerson Mosquera,yerson mosquera,Defender,442,0,0,6000000.0,0.42
2024,Wolverhampton Wanderers,Craig Dawson,craig dawson,Defender,970,0,0,2000000.0,0.37
2024,Wolverhampton Wanderers,Boubacar Traoré,boubacar traore,Midfield,1,0,0,6000000.0,0.363
2024,Wolverhampton Wanderers,Pedro Lima,pedro lima,Defender,70,0,0,5000000.0,0.353
2024,Wolverhampton Wanderers,Chiquinho,chiquinho,Attack,6,0,0,3000000.0,0.29
2024,Wolverhampton Wanderers,Daniel Bentley,daniel bentley,Goalkeeper,180,0,0,2000000.0,0.269
2024,Wolverhampton Wanderers,Alfie Pond,alfie pond,Defender,1,0,0,250000.0,0.024
2024,Wolverhampton Wanderers,Tom King,tom king,Goalkeeper,1,0,0,200000.0,0.0
2025,AFC Bournemouth,Antoine Semenyo,antoine semenyo,Attack,3205,17,4,75000000.0,0.975
2025,AFC Bournemouth,Djordje Petrovic,djordje petrovic,Goalkeeper,3420,0,0,28000000.0,0.882
2025,AFC Bournemouth,Adrien Truffert,adrien truffert,Defender,3380,1,5,25000000.0,0.864
2025,AFC Bournemouth,Alex Scott,alex scott,Midfield,2860,3,1,40000000.0,0.859
2025,AFC Bournemouth,Marcos Senesi,marcos senesi,Defender,3290,0,5,22000000.0,0.838
2025,AFC Bournemouth,Evanilson,evanilson,Attack,2762,6,3,35000000.0,0.832
2025,AFC Bournemouth,Marcus Tavernier,marcus tavernier,Midfield,2743,7,4,23000000.0,0.779
2025,AFC Bournemouth,Álex Jiménez,alex jimenez,Defender,2327,1,0,22000000.0,0.725
2025,AFC Bournemouth,Junior Kroupi,junior kroupi,Attack,1683,13,0,40000000.0,0.722
2025,AFC Bournemouth,Tyler Adams,tyler adams,Midfield,1779,2,2,25000000.0,0.677
2025,AFC Bournemouth,Bafodé Diakité,bafode diakite,Defender,1275,0,0,35000000.0,0.658
2025,AFC Bournemouth,Rayan,rayan,Attack,1120,5,2,40000000.0,0.656
2025,AFC Bournemouth,James Hill,james hill,Defender,2104,0,3,15000000.0,0.653
2025,AFC Bournemouth,Justin Kluivert,justin kluivert,Midfield,953,2,0,30000000.0,0.602
2025,AFC Bournemouth,Amine Adli,amine adli,Attack,1082,3,2,20000000.0,0.568
2025,AFC Bournemouth,David Brooks,david brooks,Attack,1199,1,3,14000000.0,0.539
2025,AFC Bournemouth,Lewis Cook,lewis cook,Midfield,872,0,1,13000000.0,0.492
2025,AFC Bournemouth,Veljko Milosavljevic,veljko milosavljevic,Defender,367,0,0,20000000.0,0.485
2025,AFC Bournemouth,Ryan Christie,ryan christie,Midfield,986,2,0,9000000.0,0.461
2025,AFC Bournemouth,Hamed Traoré,hamed traore,Attack,16,0,1,20000000.0,0.444
2025,AFC Bournemouth,Ben Gannon-Doak,ben gannon doak,Attack,105,0,1,16000000.0,0.427
2025,AFC Bournemouth,Alex Tóth,alex toth,Midfield,137,0,0,12000000.0,0.397
2025,AFC Bournemouth,Enes Ünal,enes unal,Attack,214,1,0,8000000.0,0.357
2025,AFC Bournemouth,Julio Soler,julio soler,Defender,34,0,0,8000000.0,0.336
2025,AFC Bournemouth,Adam Smith,adam smith,Defender,1080,0,2,500000.0,0.126
2025,AFC Bournemouth,Ben Winterburn,ben winterburn,Midfield,6,0,0,500000.0,0.001
2025,Arsenal,Declan Rice,declan rice,Midfield,3099,4,7,120000000.0,0.972
2025,Arsenal,Martín Zubimendi,martin zubimendi,Midfield,3002,5,1,80000000.0,0.875
2025,Arsenal,Bukayo Saka,bukayo saka,Attack,2226,7,7,120000000.0,0.867
2025,Arsenal,William Saliba,william saliba,Defender,2615,1,0,90000000.0,0.853
2025,Arsenal,Gabriel,gabriel,Defender,2751,3,4,75000000.0,0.831
2025,Arsenal,Jurriën Timber,jurrien timber,Defender,2457,3,6,70000000.0,0.781
2025,Arsenal,David Raya,david raya,Goalkeeper,3330,0,0,35000000.0,0.74
2025,Arsenal,Viktor Gyökeres,viktor gyokeres,Attack,2231,14,1,65000000.0,0.739
2025,Arsenal,Eberechi Eze,eberechi eze,Midfield,1900,7,2,60000000.0,0.682
2025,Arsenal,Martin Ødegaard,martin degaard,Midfield,1371,1,7,65000000.0,0.635
2025,Arsenal,Piero Hincapié,piero hincapie,Defender,1792,1,2,50000000.0,0.63
2025,Arsenal,Riccardo Calafiori,riccardo calafiori,Defender,1708,1,2,50000000.0,0.62
2025,Arsenal,Noni Madueke,noni madueke,Attack,1217,3,1,50000000.0,0.561
2025,Arsenal,Gabriel Martinelli,gabriel martinelli,Attack,1073,1,4,45000000.0,0.522
2025,Arsenal,Kai Havertz,kai havertz,Attack,583,2,3,50000000.0,0.485
2025,Arsenal,Leandro Trossard,leandro trossard,Attack,2008,6,6,20000000.0,0.463
2025,Arsenal,Cristhian Mosquera,cristhian mosquera,Defender,989,0,0,35000000.0,0.459
2025,Arsenal,Mikel Merino,mikel merino,Midfield,1027,4,3,30000000.0,0.431
2025,Arsenal,Myles Lewis-Skelly,myles lewis skelly,Defender,698,0,0,35000000.0,0.424
2025,Arsenal,Ethan Nwaneri,ethan nwaneri,Midfield,165,0,0,45000000.0,0.413
2025,Arsenal,Ben White,ben white,Defender,704,0,1,30000000.0,0.392
2025,Arsenal,Gabriel Jesus,gabriel jesus,Attack,421,3,0,20000000.0,0.272
2025,Arsenal,Max Dowman,max dowman,Attack,153,1,1,20000000.0,0.24
2025,Arsenal,Christian Nørgaard,christian n rgaard,Midfield,101,0,0,7000000.0,0.012
2025,Arsenal,Kepa Arrizabalaga,kepa arrizabalaga,Goalkeeper,90,0,0,7000000.0,0.011
2025,Aston Villa,Morgan Rogers,morgan rogers,Midfield,3285,10,7,80000000.0,1.0
2025,Aston Villa,Ezri Konsa,ezri konsa,Defender,3036,0,0,40000000.0,0.895
2025,Aston Villa,Ollie Watkins,ollie watkins,Attack,2854,16,3,30000000.0,0.842
2025,Aston Villa,Matty Cash,matty cash,Defender,3022,3,3,22000000.0,0.829
2025,Aston Villa,Emiliano Martínez,emiliano martinez,Goalkeeper,2835,0,1,15000000.0,0.765
2025,Aston Villa,Amadou Onana,amadou onana,Midfield,1764,2,0,45000000.0,0.753
2025,Aston Villa,Youri Tielemans,youri tielemans,Midfield,1863,0,4,35000000.0,0.738
2025,Aston Villa,Boubacar Kamara,boubacar kamara,Midfield,1418,1,3,40000000.0,0.698
2025,Aston Villa,Ian Maatsen,ian maatsen,Defender,1599,0,2,30000000.0,0.689
2025,Aston Villa,John McGinn,john mcginn,Midfield,2158,5,5,15000000.0,0.683
2025,Aston Villa,Pau Torres,pau torres,Defender,1676,0,0,22000000.0,0.665
2025,Aston Villa,Emiliano Buendía,emiliano buendia,Attack,1760,6,2,18000000.0,0.654
2025,Aston Villa,Evann Guessand,evann guessand,Attack,916,1,1,28000000.0,0.599
2025,Aston Villa,Lucas Digne,lucas digne,Defender,1852,0,6,8000000.0,0.578
2025,Aston Villa,Douglas Luiz,douglas luiz,Midfield,922,1,0,20000000.0,0.563
2025,Aston Villa,Jadon Sancho,jadon sancho,Attack,873,0,2,20000000.0,0.557
2025,Aston Villa,Donyell Malen,donyell malen,Attack,645,4,1,25000000.0,0.554
2025,Aston Villa,Lamare Bogarde,lamare bogarde,Midfield,1048,0,0,15000000.0,0.548
2025,Aston Villa,Harvey Elliott,harvey elliott,Midfield,110,0,0,30000000.0,0.508
2025,Aston Villa,Tammy Abraham,tammy abraham,Attack,277,2,0,20000000.0,0.485
2025,Aston Villa,Leon Bailey,leon bailey,Attack,452,0,1,16000000.0,0.482
2025,Aston Villa,Tyrone Mings,tyrone mings,Defender,1323,0,1,4000000.0,0.439
2025,Aston Villa,Victor Lindelöf,victor lindelof,Defender,944,0,1,6000000.0,0.437
2025,Aston Villa,Ross Barkley,ross barkley,Midfield,852,3,1,5000000.0,0.406
2025,Aston Villa,Alysson,alysson,Attack,47,0,0,8000000.0,0.358
2025,Aston Villa,Andrés García,andres garcia,Defender,83,0,0,7000000.0,0.348
2025,Aston Villa,Marco Bizot,marco bizot,Goalkeeper,585,0,0,2500000.0,0.299
2025,Aston Villa,Jamaldeen Jimoh-Aloba,jamaldeen jimoh aloba,Midfield,8,0,0,300000.0,0.001
2025,Brentford,Igor Thiago,igor thiago,Attack,3287,22,1,50000000.0,0.995
2025,Brentford,Michael Kayode,michael kayode,Defender,3264,1,1,35000000.0,0.939
2025,Brentford,Caoimhín Kelleher,caoimhin kelleher,Goalkeeper,3330,0,0,25000000.0,0.896
2025,Brentford,Nathan Collins,nathan collins,Defender,2972,1,2,30000000.0,0.881
2025,Brentford,Kevin Schade,kevin schade,Attack,2758,8,4,35000000.0,0.878
2025,Brentford,Sepp van den Berg,sepp van den berg,Defender,2761,0,2,32000000.0,0.865
2025,Brentford,Yegor Yarmolyuk,yegor yarmolyuk,Midfield,2667,1,2,30000000.0,0.844
2025,Brentford,Dango Ouattara,dango ouattara,Attack,2282,7,8,35000000.0,0.821
2025,Brentford,Mikkel Damsgaard,mikkel damsgaard,Midfield,2058,4,4,30000000.0,0.771
2025,Brentford,Keane Lewis-Potter,keane lewis potter,Midfield,1970,3,3,25000000.0,0.733
2025,Brentford,Kristoffer Ajer,kristoffer ajer,Defender,1809,0,1,18000000.0,0.665
2025,Brentford,Mathias Jensen,mathias jensen,Midfield,2252,3,1,12000000.0,0.657
2025,Brentford,Vitaly Janelt,vitaly janelt,Midfield,1437,1,4,18000000.0,0.62
2025,Brentford,Rico Henry,rico henry,Defender,1329,0,0,15000000.0,0.58
2025,Brentford,Aaron Hickey,aaron hickey,Defender,686,0,0,16000000.0,0.512
2025,Brentford,Antoni Milambo,antoni milambo,Midfield,45,0,0,18000000.0,0.453
2025,Brentford,Fábio Carvalho,fabio carvalho,Midfield,100,1,0,14000000.0,0.422
2025,Brentford,Reiss Nelson,reiss nelson,Attack,118,0,1,12000000.0,0.401
2025,Brentford,Jordan Henderson,jordan henderson,Midfield,1921,1,3,2000000.0,0.35
2025,Brentford,Kaye Furo,kaye furo,Attack,1,0,0,8000000.0,0.326
2025,Brentford,Frank Onyeka,frank onyeka,Midfield,88,0,1,7000000.0,0.317
2025,Brentford,Ethan Pinnock,ethan pinnock,Defender,321,0,0,4000000.0,0.261
2025,Brentford,Romelle Donovan,romelle donovan,Attack,38,0,1,3500000.0,0.207
2025,Brentford,Hákon Valdimarsson,hakon valdimarsson,Goalkeeper,90,0,0,2500000.0,0.163
2025,Brentford,Josh Dasilva,josh dasilva,Midfield,2,0,0,2000000.0,0.119
2025,Brentford,Myles Peart-Harris,myles peart harris,Midfield,1,0,0,900000.0,0.0
2025,Brighton & Hove Albion,Bart Verbruggen,bart verbruggen,Goalkeeper,3420,0,0,40000000.0,0.963
2025,Brighton & Hove Albion,Jan Paul van Hecke,jan paul van hecke,Defender,3211,3,3,35000000.0,0.924
2025,Brighton & Hove Albion,Ferdi Kadıoğlu,ferdi kad oglu,Defender,3134,1,0,30000000.0,0.897
2025,Brighton & Hove Albion,Yankuba Minteh,yankuba minteh,Attack,2401,3,4,40000000.0,0.844
2025,Brighton & Hove Albion,Carlos Baleba,carlos baleba,Midfield,1662,0,0,55000000.0,0.794
2025,Brighton & Hove Albion,Diego Gómez,diego gomez,Midfield,2139,5,1,25000000.0,0.759
2025,Brighton & Hove Albion,Yasin Ayari,yasin ayari,Midfield,1925,3,3,30000000.0,0.755
2025,Brighton & Hove Albion,Georginio Rutter,georginio rutter,Attack,1791,3,4,30000000.0,0.74
2025,Brighton & Hove Albion,Mats Wieffer,mats wieffer,Defender,1908,2,3,25000000.0,0.732
2025,Brighton & Hove Albion,Kaoru Mitoma,kaoru mitoma,Attack,1722,3,1,25000000.0,0.711
2025,Brighton & Hove Albion,Jack Hinshelwood,jack hinshelwood,Midfield,1751,4,4,22000000.0,0.699
2025,Brighton & Hove Albion,Maxim De Cuyper,maxim de cuyper,Defender,1414,2,3,22000000.0,0.66
2025,Brighton & Hove Albion,Lewis Dunk,lewis dunk,Defender,2837,1,0,4000000.0,0.63
2025,Brighton & Hove Albion,Brajan Gruda,brajan gruda,Midfield,716,1,1,28000000.0,0.606
2025,Brighton & Hove Albion,Danny Welbeck,danny welbeck,Attack,2266,13,1,4000000.0,0.563
2025,Brighton & Hove Albion,Charalampos Kostoulas,charalampos kostoulas,Attack,353,2,1,25000000.0,0.551
2025,Brighton & Hove Albion,Olivier Boscagli,olivier boscagli,Defender,800,0,1,15000000.0,0.544
2025,Brighton & Hove Albion,Stefanos Tzimas,stefanos tzimas,Attack,132,1,1,22000000.0,0.51
2025,Brighton & Hove Albion,Matt O'Riley,matt o riley,Midfield,203,1,0,20000000.0,0.507
2025,Brighton & Hove Albion,Pascal Groß,pascal gro,Midfield,1637,1,3,3500000.0,0.474
2025,Brighton & Hove Albion,Diego Coppola,diego coppola,Defender,194,0,0,10000000.0,0.426
2025,Brighton & Hove Albion,Tom Watson,tom watson,Attack,56,0,0,10000000.0,0.41
2025,Brighton & Hove Albion,Joël Veltman,joel veltman,Defender,1050,1,0,2500000.0,0.367
2025,Brighton & Hove Albion,Solly March,solly march,Attack,38,0,0,2000000.0,0.223
2025,Brighton & Hove Albion,James Milner,james milner,Midfield,778,1,1,750000.0,0.196
2025,Brighton & Hove Albion,Harry Howell,harry howell,Midfield,93,0,0,300000.0,0.011
2025,Burnley,Maxime Estève,maxime esteve,Defender,2938,0,0,25000000.0,0.973
2025,Burnley,Jaidon Anthony,jaidon anthony,Attack,2735,8,4,18000000.0,0.906
2025,Burnley,Lesley Ugochukwu,lesley ugochukwu,Midfield,2351,3,2,25000000.0,0.899
2025,Burnley,Florentino,florentino,Midfield,2114,0,2,20000000.0,0.841
2025,Burnley,Quilindschy Hartman,quilindschy hartman,Defender,1830,0,5,18000000.0,0.792
2025,Burnley,Bashir Humphreys,bashir humphreys,Defender,1578,0,2,15000000.0,0.737
2025,Burnley,Zian Flemming,zian flemming,Attack,1776,11,0,12000000.0,0.734
2025,Burnley,Kyle Walker,kyle walker,Defender,3097,0,2,2500000.0,0.707
2025,Burnley,Hannibal,hannibal,Midfield,1231,1,4,16000000.0,0.701
2025,Burnley,Loum Tchaouna,loum tchaouna,Attack,1270,2,1,15000000.0,0.698
2025,Burnley,Lyle Foster,lyle foster,Attack,1372,3,2,10000000.0,0.66
2025,Burnley,Josh Cullen,josh cullen,Midfield,1520,2,2,7000000.0,0.635
2025,Burnley,Hjalmar Ekdal,hjalmar ekdal,Defender,1540,0,0,6000000.0,0.618
2025,Burnley,Marcus Edwards,marcus edwards,Attack,1065,1,3,8000000.0,0.594
2025,Burnley,Lucas Pires,lucas pires,Defender,1406,0,0,5000000.0,0.579
2025,Burnley,Armando Broja,armando broja,Attack,849,1,1,8000000.0,0.566
2025,Burnley,Martin Dúbravka,martin dubravka,Goalkeeper,3150,0,0,750000.0,0.564
2025,Burnley,James Ward-Prowse,james ward prowse,Midfield,1097,0,1,6000000.0,0.562
2025,Burnley,Axel Tuanzebe,axel tuanzebe,Defender,1202,1,0,5000000.0,0.553
2025,Burnley,Jacob Bruun Larsen,jacob bruun larsen,Attack,1023,0,1,5000000.0,0.53
2025,Burnley,Josh Laurent,josh laurent,Midfield,1759,1,0,2000000.0,0.51
2025,Burnley,Zeki Amdouni,zeki amdouni,Attack,69,0,0,9000000.0,0.482
2025,Burnley,Max Weiß,max wei,Goalkeeper,270,0,0,4000000.0,0.407
2025,Burnley,Joe Worrall,joe worrall,Defender,497,0,0,3000000.0,0.4
2025,Burnley,Oliver Sonne,oliver sonne,Defender,165,1,0,4000000.0,0.393
2025,Burnley,Mike Tresor,mike tresor,Midfield,37,0,0,3000000.0,0.341
2025,Burnley,Jaydon Banel,jaydon banel,Attack,9,0,0,1000000.0,0.201
2025,Burnley,Ashley Barnes,ashley barnes,Attack,41,0,0,200000.0,0.005
2025,Chelsea,Enzo Fernández,enzo fernandez,Midfield,3121,10,4,90000000.0,0.976
2025,Chelsea,Moisés Caicedo,moises caicedo,Midfield,2802,3,1,110000000.0,0.959
2025,Chelsea,João Pedro,joao pedro,Attack,2674,15,8,75000000.0,0.896
2025,Chelsea,Pedro Neto,pedro neto,Attack,2643,5,6,60000000.0,0.865
2025,Chelsea,Cole Palmer,cole palmer,Midfield,1965,10,1,110000000.0,0.852
2025,Chelsea,Marc Cucurella,marc cucurella,Defender,2710,1,4,50000000.0,0.851
2025,Chelsea,Trevoh Chalobah,trevoh chalobah,Defender,2782,3,0,40000000.0,0.833
2025,Chelsea,Robert Sánchez,robert sanchez,Goalkeeper,3041,0,1,22000000.0,0.794
2025,Chelsea,Reece James,reece james,Defender,1960,2,5,60000000.0,0.777
2025,Chelsea,Malo Gusto,malo gusto,Defender,2268,2,3,35000000.0,0.751
2025,Chelsea,Estêvão,estevao,Attack,846,2,2,80000000.0,0.67
2025,Chelsea,Wesley Fofana,wesley fofana,Defender,1726,0,1,28000000.0,0.654
2025,Chelsea,Andrey Santos,andrey santos,Midfield,1255,1,0,45000000.0,0.652
2025,Chelsea,Alejandro Garnacho,alejandro garnacho,Attack,1268,1,4,40000000.0,0.639
2025,Chelsea,Jorrel Hato,jorrel hato,Defender,1143,0,0,35000000.0,0.607
2025,Chelsea,Liam Delap,liam delap,Attack,1101,1,1,32000000.0,0.591
2025,Chelsea,Jamie Gittens,jamie gittens,Attack,490,0,2,40000000.0,0.54
2025,Chelsea,Levi Colwill,levi colwill,Defender,225,0,0,50000000.0,0.533
2025,Chelsea,Josh Acheampong,josh acheampong,Defender,663,1,0,25000000.0,0.504
2025,Chelsea,Tosin Adarabioyo,tosin adarabioyo,Defender,789,0,0,18000000.0,0.481
2025,Chelsea,Roméo Lavia,romeo lavia,Midfield,377,0,0,25000000.0,0.468
2025,Chelsea,Benoît Badiashile,benoit badiashile,Defender,471,0,0,18000000.0,0.44
2025,Chelsea,Mamadou Sarr,mamadou sarr,Defender,101,0,0,25000000.0,0.432
2025,Chelsea,Filip Jørgensen,filip j rgensen,Goalkeeper,378,0,0,15000000.0,0.406
2025,Chelsea,Dário Essugo,dario essugo,Midfield,26,0,0,17000000.0,0.376
2025,Chelsea,Facundo Buonanotte,facundo buonanotte,Midfield,81,0,0,16000000.0,0.375
2025,Chelsea,Marc Guiu,marc guiu,Attack,266,0,1,12000000.0,0.364
2025,Chelsea,Shumaira Mheuka,shumaira mheuka,Attack,1,0,0,800000.0,0.0
2025,Crystal Palace,Marc Guéhi,marc guehi,Defender,3150,3,4,65000000.0,0.978
2025,Crystal Palace,Maxence Lacroix,maxence lacroix,Defender,3087,1,2,40000000.0,0.92
2025,Crystal Palace,Dean Henderson,dean henderson,Goalkeeper,3330,0,0,28000000.0,0.913
2025,Crystal Palace,Adam Wharton,adam wharton,Midfield,2563,1,5,60000000.0,0.9
2025,Crystal Palace,Tyrick Mitchell,tyrick mitchell,Defender,3255,1,2,25000000.0,0.892
2025,Crystal Palace,Chris Richards,chris richards,Defender,2826,1,0,25000000.0,0.84
2025,Crystal Palace,Jean-Philippe Mateta,jean philippe mateta,Attack,2223,12,0,35000000.0,0.803
2025,Crystal Palace,Daniel Muñoz,daniel munoz,Defender,2404,4,3,27000000.0,0.798
2025,Crystal Palace,Ismaïla Sarr,ismaila sarr,Attack,2177,9,1,35000000.0,0.797
2025,Crystal Palace,Yéremy Pino,yeremy pino,Attack,2092,2,2,35000000.0,0.787
2025,Crystal Palace,Brennan Johnson,brennan johnson,Attack,1723,2,1,35000000.0,0.743
2025,Crystal Palace,Daichi Kamada,daichi kamada,Midfield,1909,0,1,12000000.0,0.654
2025,Crystal Palace,Jaydee Canvot,jaydee canvot,Defender,1334,0,0,20000000.0,0.638
2025,Crystal Palace,Jefferson Lerma,jefferson lerma,Midfield,1724,0,4,8000000.0,0.59
2025,Crystal Palace,Will Hughes,will hughes,Midfield,1568,0,0,6000000.0,0.541
2025,Crystal Palace,Justin Devenny,justin devenny,Midfield,789,1,0,12000000.0,0.52
2025,Crystal Palace,Eddie Nketiah,eddie nketiah,Attack,416,2,0,16000000.0,0.505
2025,Crystal Palace,Chadi Riad,chadi riad,Defender,554,0,1,12000000.0,0.491
2025,Crystal Palace,Christantus Uche,christantus uche,Attack,159,0,1,15000000.0,0.467
2025,Crystal Palace,Romain Esse,romain esse,Attack,40,0,0,10000000.0,0.411
2025,Crystal Palace,Odsonne Édouard,odsonne edouard,Attack,2,0,0,8000000.0,0.383
2025,Crystal Palace,Walter Benítez,walter benitez,Goalkeeper,90,0,0,5000000.0,0.345
2025,Crystal Palace,Borna Sosa,borna sosa,Defender,99,0,0,4000000.0,0.323
2025,Crystal Palace,Nathaniel Clyne,nathaniel clyne,Defender,597,0,1,500000.0,0.167
2025,Crystal Palace,Rio Cardines,rio cardines,Defender,90,0,0,300000.0,0.053
2025,Crystal Palace,Kaden Rodney,kaden rodney,Midfield,3,0,0,200000.0,0.0
2025,Everton,James Garner,james garner,Midfield,3414,2,7,35000000.0,0.957
2025,Everton,Iliman Ndiaye,iliman ndiaye,Attack,2789,6,3,50000000.0,0.926
2025,Everton,Vitaliy Mykolenko,vitaliy mykolenko,Defender,2961,0,1,25000000.0,0.865
2025,Everton,Jordan Pickford,jordan pickford,Goalkeeper,3420,0,0,15000000.0,0.859
2025,Everton,Kiernan Dewsbury-Hall,kiernan dewsbury hall,Midfield,2638,8,6,32000000.0,0.856
2025,Everton,Jake O'Brien,jake o brien,Defender,3124,1,1,18000000.0,0.846
2025,Everton,Thierno Barry,thierno barry,Attack,1915,8,0,30000000.0,0.764
2025,Everton,James Tarkowski,james tarkowski,Defender,3330,2,3,7000000.0,0.759
2025,Everton,Jack Grealish,jack grealish,Attack,1632,2,6,25000000.0,0.71
2025,Everton,Beto,beto,Attack,1565,9,1,20000000.0,0.676
2025,Everton,Jarrad Branthwaite,jarrad branthwaite,Defender,681,1,1,45000000.0,0.667
2025,Everton,Tim Iroegbunam,tim iroegbunam,Midfield,1486,0,3,15000000.0,0.633
2025,Everton,Dwight McNeil,dwight mcneil,Attack,1169,0,1,20000000.0,0.629
2025,Everton,Michael Keane,michael keane,Defender,2590,3,1,4000000.0,0.607
2025,Everton,Tyler Dibling,tyler dibling,Attack,350,0,0,30000000.0,0.581
2025,Everton,Merlin Röhl,merlin rohl,Midfield,678,1,0,16000000.0,0.546
2025,Everton,Tyrique George,tyrique george,Attack,353,0,0,22000000.0,0.545
2025,Everton,Carlos Alcaraz,carlos alcaraz,Midfield,685,0,1,15000000.0,0.539
2025,Everton,Harrison Armstrong,harrison armstrong,Midfield,528,0,0,12000000.0,0.494
2025,Everton,Nathan Patterson,nathan patterson,Defender,240,0,0,10000000.0,0.439
2025,Everton,Idrissa Gueye,idrissa gueye,Midfield,2102,2,3,1000000.0,0.387
2025,Everton,Séamus Coleman,seamus coleman,Defender,20,0,0,300000.0,0.002
2025,Fulham,Sander Berge,sander berge,Midfield,2911,0,1,25000000.0,0.911
2025,Fulham,Joachim Andersen,joachim andersen,Defender,2877,0,1,25000000.0,0.907
2025,Fulham,Calvin Bassey,calvin bassey,Defender,2532,1,1,28000000.0,0.885
2025,Fulham,Harry Wilson,harry wilson,Attack,2694,10,7,25000000.0,0.885
2025,Fulham,Alex Iwobi,alex iwobi,Attack,2436,4,3,25000000.0,0.855
2025,Fulham,Bernd Leno,bernd leno,Goalkeeper,3420,0,0,8000000.0,0.785
2025,Fulham,Emile Smith Rowe,emile smith rowe,Midfield,1928,3,0,22000000.0,0.775
2025,Fulham,Ryan Sessegnon,ryan sessegnon,Defender,1822,3,3,20000000.0,0.747
2025,Fulham,Antonee Robinson,antonee robinson,Defender,1492,1,0,25000000.0,0.745
2025,Fulham,Kevin,kevin,Attack,1038,1,2,30000000.0,0.721
2025,Fulham,Oscar Bobb,oscar bobb,Attack,1037,0,1,30000000.0,0.721
2025,Fulham,Josh King,josh king,Midfield,1304,1,2,20000000.0,0.687
2025,Fulham,Rodrigo Muniz,rodrigo muniz,Attack,997,1,1,25000000.0,0.687
2025,Fulham,Saša Lukić,sasa lukic,Midfield,1734,1,3,12000000.0,0.654
2025,Fulham,Kenny Tete,kenny tete,Defender,1795,1,0,11000000.0,0.647
2025,Fulham,Timothy Castagne,timothy castagne,Defender,1842,0,0,10000000.0,0.637
2025,Fulham,Samuel Chukwueze,samuel chukwueze,Attack,1074,3,4,15000000.0,0.613
2025,Fulham,Raúl Jiménez,raul jimenez,Attack,2199,9,3,4000000.0,0.529
2025,Fulham,Issa Diop,issa diop,Defender,814,1,0,10000000.0,0.517
2025,Fulham,Jorge Cuenca,jorge cuenca,Defender,938,0,0,8000000.0,0.495
2025,Fulham,Adama Traoré,adama traore,Attack,377,0,0,8000000.0,0.429
2025,Fulham,Jonah Kusi-Asare,jonah kusi asare,Attack,49,0,0,4000000.0,0.278
2025,Fulham,Harrison Reed,harrison reed,Midfield,89,1,0,3000000.0,0.236
2025,Fulham,Tom Cairney,tom cairney,Midfield,765,2,0,750000.0,0.089
2025,Leeds United,Ethan Ampadu,ethan ampadu,Midfield,3123,1,1,25000000.0,1.0
2025,Leeds United,Pascal Struijk,pascal struijk,Defender,2937,0,1,22000000.0,0.96
2025,Leeds United,Dominic Calvert-Lewin,dominic calvert lewin,Attack,2730,14,1,22000000.0,0.934
2025,Leeds United,Joe Rodon,joe rodon,Defender,2954,2,0,15000000.0,0.915
2025,Leeds United,Gabriel Gudmundsson,gabriel gudmundsson,Defender,2639,0,0,20000000.0,0.91
2025,Leeds United,Anton Stach,anton stach,Midfield,2378,5,3,25000000.0,0.905
2025,Leeds United,Brenden Aaronson,brenden aaronson,Midfield,2470,4,5,18000000.0,0.876
2025,Leeds United,Jayden Bogle,jayden bogle,Defender,2805,1,4,12000000.0,0.868
2025,Leeds United,Jaka Bijol,jaka bijol,Defender,1893,1,2,18000000.0,0.802
2025,Leeds United,Noah Okafor,noah okafor,Attack,1569,8,1,18000000.0,0.76
2025,Leeds United,James Justin,james justin,Defender,1896,2,1,12000000.0,0.752
2025,Leeds United,Lucas Perri,lucas perri,Goalkeeper,1440,0,0,16000000.0,0.729
2025,Leeds United,Ilia Gruev,ilia gruev,Midfield,1324,0,3,12000000.0,0.678
2025,Leeds United,Sean Longstaff,sean longstaff,Midfield,1006,2,2,16000000.0,0.673
2025,Leeds United,Ao Tanaka,ao tanaka,Midfield,1318,2,0,10000000.0,0.655
2025,Leeds United,Wilfried Gnonto,wilfried gnonto,Attack,524,0,3,18000000.0,0.626
2025,Leeds United,Lukas Nmecha,lukas nmecha,Attack,1073,6,1,10000000.0,0.624
2025,Leeds United,Daniel James,daniel james,Attack,553,0,0,12000000.0,0.58
2025,Leeds United,Joël Piroe,joel piroe,Attack,246,0,0,13000000.0,0.55
2025,Leeds United,Jack Harrison,jack harrison,Attack,263,0,0,10000000.0,0.52
2025,Leeds United,Sebastiaan Bornauw,sebastiaan bornauw,Defender,433,0,0,8000000.0,0.514
2025,Leeds United,Karl Darlow,karl darlow,Goalkeeper,1980,0,0,200000.0,0.254
2025,Leeds United,Sam Byram,sam byram,Defender,8,0,0,600000.0,0.138
2025,Liverpool,Dominik Szoboszlai,dominik szoboszlai,Midfield,3233,6,7,100000000.0,0.962
2025,Liverpool,Ryan Gravenberch,ryan gravenberch,Midfield,2996,5,3,90000000.0,0.917
2025,Liverpool,Florian Wirtz,florian wirtz,Midfield,2390,5,4,110000000.0,0.88
2025,Liverpool,Alexis Mac Allister,alexis mac allister,Midfield,2663,2,4,80000000.0,0.858
2025,Liverpool,Cody Gakpo,cody gakpo,Attack,2749,7,5,65000000.0,0.834
2025,Liverpool,Ibrahima Konaté,ibrahima konate,Defender,3100,1,0,50000000.0,0.831
2025,Liverpool,Hugo Ekitiké,hugo ekitike,Attack,1811,11,4,90000000.0,0.778
2025,Liverpool,Virgil van Dijk,virgil van dijk,Defender,3420,6,0,18000000.0,0.698
2025,Liverpool,Milos Kerkez,milos kerkez,Defender,2261,2,1,40000000.0,0.696
2025,Liverpool,Alexander Isak,alexander isak,Attack,702,3,1,100000000.0,0.666
2025,Liverpool,Curtis Jones,curtis jones,Midfield,1930,1,2,35000000.0,0.635
2025,Liverpool,Mohamed Salah,mohamed salah,Attack,2150,7,7,30000000.0,0.635
2025,Liverpool,Alisson,alisson,Goalkeeper,2340,0,0,17000000.0,0.563
2025,Liverpool,Jeremie Frimpong,jeremie frimpong,Defender,1040,0,2,35000000.0,0.531
2025,Liverpool,Conor Bradley,conor bradley,Defender,933,0,2,30000000.0,0.493
2025,Liverpool,Giorgi Mamardashvili,giorgi mamardashvili,Goalkeeper,868,0,0,28000000.0,0.474
2025,Liverpool,Rio Ngumoha,rio ngumoha,Attack,551,2,1,20000000.0,0.38
2025,Liverpool,Andrew Robertson,andrew robertson,Defender,1172,1,0,10000000.0,0.338
2025,Liverpool,Joe Gomez,joe gomez,Defender,600,0,2,15000000.0,0.338
2025,Liverpool,Federico Chiesa,federico chiesa,Attack,318,2,1,15000000.0,0.305
2025,Liverpool,Trey Nyoni,trey nyoni,Midfield,21,0,0,6000000.0,0.118
2025,Liverpool,Wataru Endo,wataru endo,Midfield,170,0,1,5000000.0,0.105
2025,Liverpool,Freddie Woodman,freddie woodman,Goalkeeper,212,0,0,3000000.0,0.025
2025,Manchester City,Erling Haaland,erling haaland,Attack,2959,27,8,200000000.0,0.987
2025,Manchester City,Gianluigi Donnarumma,gianluigi donnarumma,Goalkeeper,3060,0,0,45000000.0,0.838
2025,Manchester City,Matheus Nunes,matheus nunes,Defender,2865,1,7,45000000.0,0.812
2025,Manchester City,Nico O'Reilly,nico o reilly,Defender,2649,5,3,50000000.0,0.796
2025,Manchester City,Phil Foden,phil foden,Midfield,2085,7,5,80000000.0,0.773
2025,Manchester City,Bernardo Silva,bernardo silva,Midfield,2888,2,4,27000000.0,0.76
2025,Manchester City,Rúben Dias,ruben dias,Defender,2140,2,0,60000000.0,0.749
2025,Manchester City,Jérémy Doku,jeremy doku,Attack,1786,5,7,65000000.0,0.711
2025,Manchester City,Rayan Cherki,rayan cherki,Midfield,1786,4,12,65000000.0,0.711
2025,Manchester City,Tijjani Reijnders,tijjani reijnders,Midfield,1636,5,2,60000000.0,0.683
2025,Manchester City,Rodri,rodri,Midfield,1514,1,0,65000000.0,0.676
2025,Manchester City,Josko Gvardiol,josko gvardiol,Defender,1374,2,2,70000000.0,0.666
2025,Manchester City,Nico González,nico gonzalez,Midfield,1567,1,0,45000000.0,0.643
2025,Manchester City,Abdukodir Khusanov,abdukodir khusanov,Defender,1429,0,0,35000000.0,0.597
2025,Manchester City,Omar Marmoush,omar marmoush,Attack,699,3,3,60000000.0,0.561
2025,Manchester City,Rayan Aït-Nouri,rayan ait nouri,Defender,976,0,2,40000000.0,0.553
2025,Manchester City,Savinho,savinho,Attack,821,1,2,40000000.0,0.532
2025,Manchester City,Rico Lewis,rico lewis,Defender,402,0,1,32000000.0,0.453
2025,Manchester City,James Trafford,james trafford,Goalkeeper,360,0,0,25000000.0,0.421
2025,Manchester City,Nathan Aké,nathan ake,Defender,688,0,0,15000000.0,0.408
2025,Manchester City,John Stones,john stones,Defender,439,0,0,15000000.0,0.376
2025,Manchester City,Mateo Kovacic,mateo kovacic,Midfield,126,0,1,12000000.0,0.311
2025,Manchester City,Max Alleyne,max alleyne,Defender,135,0,0,800000.0,0.018
2025,Manchester United,Bryan Mbeumo,bryan mbeumo,Attack,2625,11,3,80000000.0,0.925
2025,Manchester United,Matheus Cunha,matheus cunha,Attack,2503,10,4,70000000.0,0.891
2025,Manchester United,Bruno Fernandes,bruno fernandes,Midfield,3068,9,21,40000000.0,0.885
2025,Manchester United,Amad Diallo,amad diallo,Attack,2346,2,4,50000000.0,0.826
2025,Manchester United,Senne Lammens,senne lammens,Goalkeeper,2880,0,0,30000000.0,0.822
2025,Manchester United,Diogo Dalot,diogo dalot,Defender,2616,1,3,30000000.0,0.789
2025,Manchester United,Benjamin Sesko,benjamin sesko,Attack,1637,11,1,65000000.0,0.774
2025,Manchester United,Leny Yoro,leny yoro,Defender,1739,0,2,50000000.0,0.751
2025,Manchester United,Kobbie Mainoo,kobbie mainoo,Midfield,1654,1,2,50000000.0,0.74
2025,Manchester United,Luke Shaw,luke shaw,Defender,3233,1,1,10000000.0,0.715
2025,Manchester United,Patrick Dorgu,patrick dorgu,Attack,1445,4,4,35000000.0,0.666
2025,Manchester United,Lisandro Martínez,lisandro martinez,Defender,1231,0,0,40000000.0,0.657
2025,Manchester United,Matthijs de Ligt,matthijs de ligt,Defender,1170,1,0,38000000.0,0.643
2025,Manchester United,Casemiro,casemiro,Midfield,2589,9,2,8000000.0,0.605
2025,Manchester United,Mason Mount,mason mount,Midfield,1017,3,0,30000000.0,0.592
2025,Manchester United,Manuel Ugarte,manuel ugarte,Midfield,881,0,0,30000000.0,0.575
2025,Manchester United,Noussair Mazraoui,noussair mazraoui,Defender,984,0,0,20000000.0,0.532
2025,Manchester United,Ayden Heaven,ayden heaven,Defender,923,0,1,20000000.0,0.524
2025,Manchester United,Harry Maguire,harry maguire,Defender,1655,1,2,10000000.0,0.52
2025,Manchester United,Joshua Zirkzee,joshua zirkzee,Attack,609,2,1,22000000.0,0.499
2025,Manchester United,Altay Bayındır,altay bay nd r,Goalkeeper,540,0,0,8000000.0,0.352
2025,Manchester United,Tyrell Malacia,tyrell malacia,Defender,15,0,0,5000000.0,0.222
2025,Manchester United,Tyler Fredricson,tyler fredricson,Defender,2,0,0,3000000.0,0.151
2025,Manchester United,Jack Fletcher,jack fletcher,Midfield,107,0,0,1000000.0,0.013
2025,Newcastle United,Sandro Tonali,sandro tonali,Midfield,2545,0,2,80000000.0,0.943
2025,Newcastle United,Bruno Guimarães,bruno guimaraes,Midfield,2460,9,6,75000000.0,0.922
2025,Newcastle United,Malick Thiaw,malick thiaw,Defender,2964,4,0,45000000.0,0.913
2025,Newcastle United,Nick Woltemade,nick woltemade,Attack,1914,8,3,65000000.0,0.827
2025,Newcastle United,Anthony Gordon,anthony gordon,Attack,1814,6,2,60000000.0,0.801
2025,Newcastle United,Lewis Hall,lewis hall,Defender,2180,1,1,35000000.0,0.769
2025,Newcastle United,Harvey Barnes,harvey barnes,Attack,1961,7,1,32000000.0,0.726
2025,Newcastle United,Sven Botman,sven botman,Defender,1839,1,1,35000000.0,0.723
2025,Newcastle United,Joelinton,joelinton,Midfield,1956,2,1,30000000.0,0.716
2025,Newcastle United,Tino Livramento,tino livramento,Defender,1328,0,1,40000000.0,0.675
2025,Newcastle United,Anthony Elanga,anthony elanga,Attack,1313,0,1,40000000.0,0.673
2025,Newcastle United,Jacob Ramsey,jacob ramsey,Midfield,1445,2,3,35000000.0,0.67
2025,Newcastle United,Lewis Miley,lewis miley,Midfield,1494,1,4,25000000.0,0.626
2025,Newcastle United,Jacob Murphy,jacob murphy,Attack,1620,3,2,15000000.0,0.566
2025,Newcastle United,Nick Pope,nick pope,Goalkeeper,2417,0,0,7000000.0,0.559
2025,Newcastle United,Yoane Wissa,yoane wissa,Attack,521,1,1,30000000.0,0.522
2025,Newcastle United,Joe Willock,joe willock,Midfield,980,0,2,16000000.0,0.489
2025,Newcastle United,Dan Burn,dan burn,Defender,2199,1,3,5000000.0,0.478
2025,Newcastle United,William Osula,william osula,Attack,811,7,0,15000000.0,0.457
2025,Newcastle United,Aaron Ramsdale,aaron ramsdale,Goalkeeper,1003,0,0,12000000.0,0.449
2025,Newcastle United,Fabian Schär,fabian schar,Defender,1091,0,0,6000000.0,0.356
2025,Newcastle United,Kieran Trippier,kieran trippier,Defender,1592,0,1,2500000.0,0.292
2025,Newcastle United,Jamaal Lascelles,jamaal lascelles,Defender,19,0,0,4000000.0,0.151
2025,Newcastle United,Emil Krafth,emil krafth,Defender,45,0,0,2000000.0,0.049
2025,Newcastle United,Alex Murphy,alex murphy,Defender,7,0,0,1500000.0,0.001
2025,Nottingham Forest,Elliot Anderson,elliot anderson,Midfield,3335,4,4,60000000.0,0.995
2025,Nottingham Forest,Morgan Gibbs-White,morgan gibbs white,Midfield,3113,15,4,60000000.0,0.969
2025,Nottingham Forest,Nikola Milenković,nikola milenkovic,Defender,3375,0,0,30000000.0,0.887
2025,Nottingham Forest,Neco Williams,neco williams,Defender,3206,2,3,25000000.0,0.838
2025,Nottingham Forest,Murillo,murillo,Defender,2133,1,0,50000000.0,0.823
2025,Nottingham Forest,Igor Jesus,igor jesus,Attack,2315,6,4,22000000.0,0.711
2025,Nottingham Forest,Callum Hudson-Odoi,callum hudson odoi,Attack,1848,3,4,30000000.0,0.706
2025,Nottingham Forest,Omari Hutchinson,omari hutchinson,Midfield,1684,1,7,30000000.0,0.687
2025,Nottingham Forest,Ibrahim Sangaré,ibrahim sangare,Midfield,2080,2,2,22000000.0,0.683
2025,Nottingham Forest,Dan Ndoye,dan ndoye,Attack,1176,1,1,35000000.0,0.652
2025,Nottingham Forest,Ola Aina,ola aina,Defender,1590,0,0,20000000.0,0.61
2025,Nottingham Forest,Dilane Bakwa,dilane bakwa,Attack,552,0,2,28000000.0,0.541
2025,Nottingham Forest,Nicolás Domínguez,nicolas dominguez,Midfield,1177,1,1,16000000.0,0.525
2025,Nottingham Forest,Morato,morato,Defender,1341,1,0,14000000.0,0.522
2025,Nottingham Forest,Nicolò Savona,nicolo savona,Defender,1026,2,0,15000000.0,0.496
2025,Nottingham Forest,Matz Sels,matz sels,Goalkeeper,2667,0,0,4000000.0,0.476
2025,Nottingham Forest,Lorenzo Lucca,lorenzo lucca,Attack,127,1,0,25000000.0,0.473
2025,Nottingham Forest,Arnaud Kalimuendo,arnaud kalimuendo,Attack,88,0,0,25000000.0,0.468
2025,Nottingham Forest,James McAtee,james mcatee,Midfield,289,0,1,20000000.0,0.456
2025,Nottingham Forest,Oleksandr Zinchenko,oleksandr zinchenko,Defender,353,0,0,15000000.0,0.416
2025,Nottingham Forest,Jair Cunha,jair cunha,Defender,516,0,0,12000000.0,0.399
2025,Nottingham Forest,Jota Silva,jota silva,Attack,11,0,0,15000000.0,0.376
2025,Nottingham Forest,Taiwo Awoniyi,taiwo awoniyi,Attack,481,4,2,9000000.0,0.348
2025,Nottingham Forest,Ryan Yates,ryan yates,Midfield,603,0,2,8000000.0,0.344
2025,Nottingham Forest,Chris Wood,chris wood,Attack,907,3,0,6000000.0,0.333
2025,Nottingham Forest,John Victor,john victor,Goalkeeper,438,0,0,7000000.0,0.302
2025,Nottingham Forest,Luca Netz,luca netz,Defender,355,0,0,6000000.0,0.268
2025,Nottingham Forest,Stefan Ortega,stefan ortega,Goalkeeper,270,0,0,5000000.0,0.228
2025,Nottingham Forest,Zach Abbott,zach abbott,Defender,166,0,0,3000000.0,0.132
2025,Nottingham Forest,Angus Gunn,angus gunn,Goalkeeper,45,0,0,1500000.0,0.005
2025,Sunderland,Robin Roefs,robin roefs,Goalkeeper,3150,0,0,25000000.0,0.967
2025,Sunderland,Noah Sadiki,noah sadiki,Midfield,2896,0,1,30000000.0,0.959
2025,Sunderland,Enzo Le Fée,enzo le fee,Midfield,2936,5,6,25000000.0,0.94
2025,Sunderland,Trai Hume,trai hume,Defender,3039,2,1,22000000.0,0.935
2025,Sunderland,Nordi Mukiele,nordi mukiele,Defender,2787,3,4,18000000.0,0.876
2025,Sunderland,Omar Alderete,omar alderete,Defender,2802,1,1,15000000.0,0.854
2025,Sunderland,Brian Brobbey,brian brobbey,Attack,1934,7,1,25000000.0,0.812
2025,Sunderland,Granit Xhaka,granit xhaka,Midfield,2901,1,6,10000000.0,0.811
2025,Sunderland,Dan Ballard,dan ballard,Defender,2148,2,2,20000000.0,0.809
2025,Sunderland,Habib Diarra,habib diarra,Midfield,1409,2,3,32000000.0,0.779
2025,Sunderland,Chemsdine Talbi,chemsdine talbi,Attack,1564,4,2,25000000.0,0.765
2025,Sunderland,Lutsharel Geertruida,lutsharel geertruida,Defender,1685,0,0,20000000.0,0.751
2025,Sunderland,Wilson Isidor,wilson isidor,Attack,1159,6,0,18000000.0,0.67
2025,Sunderland,Chris Rigg,chris rigg,Midfield,766,1,1,25000000.0,0.664
2025,Sunderland,Simon Adingra,simon adingra,Attack,658,1,1,22000000.0,0.633
2025,Sunderland,Eliezer Mayenda,eliezer mayenda,Attack,756,2,0,18000000.0,0.618
2025,Sunderland,Reinildo Mandava,reinildo mandava,Defender,1969,0,2,5000000.0,0.6
2025,Sunderland,Nilson Angulo,nilson angulo,Attack,406,0,0,17000000.0,0.566
2025,Sunderland,Dennis Cirkin,dennis cirkin,Defender,320,0,0,8000000.0,0.454
2025,Sunderland,Bertrand Traoré,bertrand traore,Attack,639,1,0,5000000.0,0.431
2025,Sunderland,Romaine Mundle,romaine mundle,Attack,401,0,0,6000000.0,0.425
2025,Sunderland,Melker Ellborg,melker ellborg,Goalkeeper,270,0,0,3000000.0,0.315
2025,Sunderland,Arthur Masuaku,arthur masuaku,Defender,127,0,0,3000000.0,0.297
2025,Sunderland,Jenson Seelt,jenson seelt,Defender,134,0,0,2000000.0,0.243
2025,Sunderland,Luke O'Nien,luke o nien,Defender,564,0,1,1000000.0,0.204
2025,Sunderland,Jocelin Ta Bi,jocelin ta bi,Attack,39,0,0,375000.0,0.005
2025,Tottenham Hotspur,Micky van de Ven,micky van de ven,Defender,3043,4,1,65000000.0,1.0
2025,Tottenham Hotspur,Pedro Porro,pedro porro,Defender,2798,1,2,40000000.0,0.908
2025,Tottenham Hotspur,Guglielmo Vicario,guglielmo vicario,Goalkeeper,2790,0,0,23000000.0,0.839
2025,Tottenham Hotspur,Cristian Romero,cristian romero,Defender,1873,4,1,50000000.0,0.814
2025,Tottenham Hotspur,Xavi Simons,xavi simons,Midfield,1757,2,5,50000000.0,0.799
2025,Tottenham Hotspur,Mohammed Kudus,mohammed kudus,Attack,1546,2,6,55000000.0,0.783
2025,Tottenham Hotspur,Djed Spence,djed spence,Defender,2056,0,0,30000000.0,0.775
2025,Tottenham Hotspur,Richarlison,richarlison,Attack,1960,11,4,28000000.0,0.754
2025,Tottenham Hotspur,João Palhinha,joao palhinha,Midfield,2198,5,2,18000000.0,0.731
2025,Tottenham Hotspur,Archie Gray,archie gray,Midfield,1480,2,2,35000000.0,0.718
2025,Tottenham Hotspur,Rodrigo Bentancur,rodrigo bentancur,Midfield,1892,1,1,22000000.0,0.715
2025,Tottenham Hotspur,Destiny Udogie,destiny udogie,Defender,1342,0,1,35000000.0,0.7
2025,Tottenham Hotspur,Pape Matar Sarr,pape matar sarr,Midfield,1389,2,4,32000000.0,0.695
2025,Tottenham Hotspur,Randal Kolo Muani,randal kolo muani,Attack,1669,1,1,22000000.0,0.686
2025,Tottenham Hotspur,Conor Gallagher,conor gallagher,Midfield,1191,1,1,35000000.0,0.68
2025,Tottenham Hotspur,Lucas Bergvall,lucas bergvall,Midfield,967,1,3,40000000.0,0.667
2025,Tottenham Hotspur,Mathys Tel,mathys tel,Attack,1342,4,1,25000000.0,0.659
2025,Tottenham Hotspur,Dominic Solanke,dominic solanke,Attack,1001,3,0,35000000.0,0.655
2025,Tottenham Hotspur,Kevin Danso,kevin danso,Defender,1491,0,0,20000000.0,0.651
2025,Tottenham Hotspur,Wilson Odobert,wilson odobert,Attack,981,0,2,22000000.0,0.595
2025,Tottenham Hotspur,Radu Drăgușin,radu dragusin,Defender,516,0,0,20000000.0,0.523
2025,Tottenham Hotspur,James Maddison,james maddison,Midfield,34,0,0,25000000.0,0.487
2025,Tottenham Hotspur,Antonín Kinský,antonin kinsky,Goalkeeper,630,0,0,13000000.0,0.484
2025,Tottenham Hotspur,Yves Bissouma,yves bissouma,Midfield,605,0,0,12000000.0,0.471
2025,Tottenham Hotspur,Souza,souza,Defender,144,0,0,12000000.0,0.411
2025,Tottenham Hotspur,Ben Davies,ben davies,Defender,138,1,0,5000000.0,0.302
2025,Tottenham Hotspur,Dane Scarlett,dane scarlett,Attack,7,0,0,2000000.0,0.172
2025,Tottenham Hotspur,Callum Olusesi,callum olusesi,Midfield,14,0,0,500000.0,0.002
2025,West Ham United,Jarrod Bowen,jarrod bowen,Attack,3409,9,11,35000000.0,1.0
2025,West Ham United,Mateus Fernandes,mateus fernandes,Midfield,3026,3,4,35000000.0,0.955
2025,West Ham United,El Hadji Malick Diouf,el hadji malick diouf,Defender,2711,0,5,28000000.0,0.89
2025,West Ham United,Crysencio Summerville,crysencio summerville,Attack,2484,5,4,30000000.0,0.872
2025,West Ham United,Konstantinos Mavropanos,konstantinos mavropanos,Defender,2532,3,0,15000000.0,0.79
2025,West Ham United,Aaron Wan-Bissaka,aaron wan bissaka,Defender,2084,0,3,22000000.0,0.786
2025,West Ham United,Lucas Paquetá,lucas paqueta,Midfield,1522,4,1,35000000.0,0.779
2025,West Ham United,Jean-Clair Todibo,jean clair todibo,Defender,1819,0,1,23000000.0,0.761
2025,West Ham United,Taty Castellanos,taty castellanos,Attack,1396,6,0,28000000.0,0.736
2025,West Ham United,Maximilian Kilman,maximilian kilman,Defender,1558,0,0,22000000.0,0.724
2025,West Ham United,Tomáš Souček,tomas soucek,Midfield,2199,5,0,12000000.0,0.723
2025,West Ham United,Mads Hermansen,mads hermansen,Goalkeeper,1620,0,1,15000000.0,0.683
2025,West Ham United,Axel Disasi,axel disasi,Defender,1255,0,0,15000000.0,0.64
2025,West Ham United,Kyle Walker-Peters,kyle walker peters,Defender,1380,1,0,13000000.0,0.637
2025,West Ham United,Soungoutou Magassa,soungoutou magassa,Midfield,979,1,0,17000000.0,0.624
2025,West Ham United,Pablo,pablo,Attack,828,0,1,18000000.0,0.613
2025,West Ham United,Alphonse Areola,alphonse areola,Goalkeeper,1800,0,1,7000000.0,0.608
2025,West Ham United,Freddie Potts,freddie potts,Midfield,1167,0,1,10000000.0,0.579
2025,West Ham United,Nayef Aguerd,nayef aguerd,Defender,180,0,0,18000000.0,0.537
2025,West Ham United,Igor Julio,igor julio,Defender,103,0,0,18000000.0,0.528
2025,West Ham United,Oliver Scarles,oliver scarles,Defender,660,0,1,10000000.0,0.52
2025,West Ham United,Callum Wilson,callum wilson,Attack,1242,7,1,5000000.0,0.5
2025,West Ham United,Niclas Füllkrug,niclas fullkrug,Attack,409,0,0,10000000.0,0.49
2025,West Ham United,Luís Guilherme,luis guilherme,Attack,121,0,0,12000000.0,0.479
2025,West Ham United,Guido Rodríguez,guido rodriguez,Midfield,177,0,0,6000000.0,0.398
2025,West Ham United,Andrew Irving,andrew irving,Midfield,157,0,0,4000000.0,0.345
2025,West Ham United,Callum Marshall,callum marshall,Attack,58,0,0,1800000.0,0.233
2025,West Ham United,Ezra Mayers,ezra mayers,Defender,113,0,0,500000.0,0.078
2025,West Ham United,Mohamadou Kanté,mohamadou kante,Midfield,66,0,0,300000.0,0.008
2025,Wolverhampton Wanderers,João Gomes,joao gomes,Midfield,2835,1,1,35000000.0,0.966
2025,Wolverhampton Wanderers,Jørgen Strand Larsen,j rgen strand larsen,Attack,2315,4,1,45000000.0,0.927
2025,Wolverhampton Wanderers,André,andre,Midfield,2766,1,0,25000000.0,0.912
2025,Wolverhampton Wanderers,Ladislav Krejci,ladislav krejci,Defender,2361,2,1,22000000.0,0.838
2025,Wolverhampton Wanderers,Santiago Bueno,santiago bueno,Defender,2553,3,2,10000000.0,0.76
2025,Wolverhampton Wanderers,Hugo Bueno,hugo bueno,Defender,2366,1,2,12000000.0,0.758
2025,Wolverhampton Wanderers,Mateus Mané,mateus mane,Midfield,1790,3,2,20000000.0,0.744
2025,Wolverhampton Wanderers,Yerson Mosquera,yerson mosquera,Defender,2143,0,0,12000000.0,0.726
2025,Wolverhampton Wanderers,Tolu Arokodare,tolu arokodare,Attack,1408,3,1,22000000.0,0.703
2025,Wolverhampton Wanderers,Toti,toti,Defender,1427,0,0,20000000.0,0.693
2025,Wolverhampton Wanderers,Jackson Tchatchoua,jackson tchatchoua,Defender,1837,0,1,12000000.0,0.683
2025,Wolverhampton Wanderers,Jean-Ricner Bellegarde,jean ricner bellegarde,Midfield,1250,1,1,16000000.0,0.638
2025,Wolverhampton Wanderers,Emmanuel Agbadou,emmanuel agbadou,Defender,1101,0,0,18000000.0,0.633
2025,Wolverhampton Wanderers,Jhon Arias,jhon arias,Attack,1124,1,0,15000000.0,0.612
2025,Wolverhampton Wanderers,José Sá,jose sa,Goalkeeper,2070,0,0,5000000.0,0.599
2025,Wolverhampton Wanderers,Rodrigo Gomes,rodrigo gomes,Midfield,958,3,0,15000000.0,0.589
2025,Wolverhampton Wanderers,Marshall Munetsi,marshall munetsi,Midfield,874,1,1,15000000.0,0.577
2025,Wolverhampton Wanderers,Hee-chan Hwang,hee chan hwang,Attack,1455,2,2,8000000.0,0.575
2025,Wolverhampton Wanderers,David Møller Wolfe,david m ller wolfe,Defender,1048,0,2,10000000.0,0.547
2025,Wolverhampton Wanderers,Adam Armstrong,adam armstrong,Attack,1147,2,2,8000000.0,0.532
2025,Wolverhampton Wanderers,Fer López,fer lopez,Midfield,230,0,1,16000000.0,0.495
2025,Wolverhampton Wanderers,Angel Gomes,angel gomes,Midfield,465,0,0,12000000.0,0.489
2025,Wolverhampton Wanderers,Sam Johnstone,sam johnstone,Goalkeeper,1080,0,0,5000000.0,0.459
2025,Wolverhampton Wanderers,Ki-Jana Hoever,ki jana hoever,Defender,428,0,0,5000000.0,0.367
2025,Wolverhampton Wanderers,Pedro Lima,pedro lima,Defender,259,0,0,4000000.0,0.314
2025,Wolverhampton Wanderers,Sasa Kalajdzic,sasa kalajdzic,Attack,14,0,0,4000000.0,0.279
2025,Wolverhampton Wanderers,Matt Doherty,matt doherty,Defender,792,0,0,1500000.0,0.258
2025,Wolverhampton Wanderers,Daniel Bentley,daniel bentley,Goalkeeper,270,0,0,1000000.0,0.131
2025,Wolverhampton Wanderers,Tawanda Chirewa,tawanda chirewa,Midfield,25,0,0,500000.0,0.004
