season_start,team,player,position,minutes,goals,assists,contributions,importance,player_key
2017,AFC Bournemouth,Joshua King,"MF,FW",2453,8,3,11,0.83,joshua king
2017,AFC Bournemouth,Nathan Aké,DF,3353,2,3,5,0.77,nathan ake
2017,AFC Bournemouth,Callum Wilson,FW,1981,8,2,10,0.711,callum wilson
2017,AFC Bournemouth,Charlie Daniels,"DF,MF",3002,1,3,4,0.672,charlie daniels
2017,AFC Bournemouth,Ryan Fraser,MF,2004,5,3,8,0.642,ryan fraser
2017,AFC Bournemouth,Jordon Ibe,MF,1995,2,6,8,0.641,jordon ibe
2017,AFC Bournemouth,Asmir Begović,GK,3420,0,0,0,0.6,asmir begovic
2017,AFC Bournemouth,Steve Cook,DF,2767,2,1,3,0.595,steve cook
2017,AFC Bournemouth,Andrew Surman,MF,1856,2,5,7,0.58,andrew surman
2017,AFC Bournemouth,Simon Francis,DF,2704,0,1,1,0.511,simon francis
2017,AFC Bournemouth,Adam Smith,"DF,MF",2071,1,3,4,0.509,adam smith
2017,AFC Bournemouth,Junior Stanislas,"MF,FW",1286,5,2,7,0.48,junior stanislas
2017,AFC Bournemouth,Lewis Cook,MF,2237,0,2,2,0.465,lewis cook
2017,AFC Bournemouth,Dan Gosling,MF,1947,2,1,3,0.451,dan gosling
2017,AFC Bournemouth,Jermain Defoe,FW,1088,4,1,5,0.373,jermain defoe
2017,AFC Bournemouth,Harry Arter,MF,960,1,0,1,0.205,harry arter
2017,AFC Bournemouth,Lys Mousset,"MF,FW",596,2,0,2,0.177,lys mousset
2017,AFC Bournemouth,Marc Pugh,MF,985,0,0,0,0.173,marc pugh
2017,AFC Bournemouth,Benik Afobe,FW,611,0,0,0,0.107,benik afobe
2017,AFC Bournemouth,Tyrone Mings,DF,201,0,0,0,0.035,tyrone mings
2017,AFC Bournemouth,Jack Simpson,DF,71,0,0,0,0.012,jack simpson
2017,AFC Bournemouth,Emerson Hyndman,MF,58,0,0,0,0.01,emerson hyndman
2017,Arsenal,Alexandre Lacazette,FW,2202,14,4,18,0.805,alexandre lacazette
2017,Arsenal,Granit Xhaka,MF,3260,1,7,8,0.778,granit xhaka
2017,Arsenal,Aaron Ramsey,MF,1846,7,8,15,0.673,aaron ramsey
2017,Arsenal,Héctor Bellerín,"MF,DF",3051,2,3,5,0.673,hector bellerin
2017,Arsenal,Mesut Özil,"MF,FW",2163,4,8,12,0.665,mesut ozil
2017,Arsenal,Nacho Monreal,DF,2243,5,2,7,0.568,nacho monreal
2017,Arsenal,Petr Čech,GK,3039,0,0,0,0.559,petr cech
2017,Arsenal,Sead Kolašinac,"MF,DF",2147,2,4,6,0.528,sead kolasinac
2017,Arsenal,Alex Iwobi,"MF,FW",1830,3,5,8,0.515,alex iwobi
2017,Arsenal,Shkodran Mustafi,DF,2273,3,1,4,0.507,shkodran mustafi
2017,Arsenal,Pierre-Emerick Aubameyang,FW,1057,10,4,14,0.506,pierre emerick aubameyang
2017,Arsenal,Alexis Sánchez,MF,1503,7,3,10,0.499,alexis sanchez
2017,Arsenal,Laurent Koscielny,DF,2225,2,0,2,0.454,laurent koscielny
2017,Arsenal,Danny Welbeck,"MF,FW",1194,5,2,7,0.375,danny welbeck
2017,Arsenal,Jack Wilshere,MF,1193,1,3,4,0.308,jack wilshere
2017,Arsenal,Henrikh Mkhitaryan,"MF,FW",794,2,4,6,0.279,henrikh mkhitaryan
2017,Arsenal,Olivier Giroud,FW,388,4,1,5,0.183,olivier giroud
2017,Arsenal,Mohamed Elneny,MF,867,0,1,1,0.182,mohamed elneny
2017,Arsenal,Ainsley Maitland-Niles,"DF,MF",914,0,0,0,0.168,ainsley maitland niles
2017,Arsenal,Calum Chambers,DF,866,0,0,0,0.159,calum chambers
2017,Arsenal,Rob Holding,DF,822,0,0,0,0.151,rob holding
2017,Arsenal,Per Mertesacker,DF,366,1,0,1,0.09,per mertesacker
2017,Arsenal,David Ospina,GK,381,0,0,0,0.07,david ospina
2017,Arsenal,Alex Oxlade-Chamberlain,MF,241,0,0,0,0.044,alex oxlade chamberlain
2017,Arsenal,Konstantinos Mavropanos,DF,195,0,0,0,0.036,konstantinos mavropanos
2017,Arsenal,Francis Coquelin,DF,159,0,0,0,0.029,francis coquelin
2017,Arsenal,Reiss Nelson,MF,145,0,0,0,0.027,reiss nelson
2017,Arsenal,Eddie Nketiah,FW,20,0,1,1,0.026,eddie nketiah
2017,Arsenal,Joe Willock,MF,82,0,0,0,0.015,joe willock
2017,Arsenal,Theo Walcott,"FW,MF",69,0,0,0,0.013,theo walcott
2017,Brighton & Hove Albion,Pascal Groß,"MF,FW",2928,7,8,15,0.914,pascal gro
2017,Brighton & Hove Albion,Glenn Murray,FW,2192,12,0,12,0.705,glenn murray
2017,Brighton & Hove Albion,Davy Pröpper,MF,3119,0,4,4,0.654,davy propper
2017,Brighton & Hove Albion,Lewis Dunk,DF,3420,1,1,2,0.653,lewis dunk
2017,Brighton & Hove Albion,Dale Stephens,MF,3240,0,3,3,0.648,dale stephens
2017,Brighton & Hove Albion,Shane Duffy,DF,3292,0,1,1,0.604,shane duffy
2017,Brighton & Hove Albion,Mathew Ryan,GK,3420,0,0,0,0.6,mathew ryan
2017,Brighton & Hove Albion,José Izquierdo,MF,1984,5,3,8,0.561,jose izquierdo
2017,Brighton & Hove Albion,Anthony Knockaert,MF,2421,3,1,4,0.531,anthony knockaert
2017,Brighton & Hove Albion,Gaëtan Bong,DF,2236,0,0,0,0.392,gaetan bong
2017,Brighton & Hove Albion,Solly March,MF,1851,1,1,2,0.378,solly march
2017,Brighton & Hove Albion,Bruno,DF,2016,0,0,0,0.354,bruno
2017,Brighton & Hove Albion,Tomer Hemed,FW,849,2,2,4,0.256,tomer hemed
2017,Brighton & Hove Albion,Ezequiel Schelotto,DF,1318,0,0,0,0.231,ezequiel schelotto
2017,Brighton & Hove Albion,Markus Suttner,DF,1179,0,0,0,0.207,markus suttner
2017,Brighton & Hove Albion,Beram Kayal,MF,745,0,0,0,0.131,beram kayal
2017,Brighton & Hove Albion,Jürgen Locadia,"FW,MF",224,1,1,2,0.093,jurgen locadia
2017,Brighton & Hove Albion,Leonardo Ulloa,FW,267,1,0,1,0.074,leonardo ulloa
2017,Brighton & Hove Albion,Izzy Brown,"MF,FW",311,0,0,0,0.055,izzy brown
2017,Brighton & Hove Albion,Connor Goldson,DF,200,0,0,0,0.035,connor goldson
2017,Brighton & Hove Albion,Jamie Murphy,MF,168,0,0,0,0.029,jamie murphy
2017,Brighton & Hove Albion,Liam Rosenior,DF,164,0,0,0,0.029,liam rosenior
2017,Brighton & Hove Albion,Sam Baldock,"FW,MF",32,0,0,0,0.006,sam baldock
2017,Brighton & Hove Albion,Uwe Hünemeier,DF,18,0,0,0,0.003,uwe hunemeier
2017,Burnley,Jóhann Berg Guðmundsson,MF,2833,2,8,10,0.861,johann berg gu mundsson
2017,Burnley,Jack Cork,MF,3420,2,1,3,0.709,jack cork
2017,Burnley,Ashley Barnes,FW,2165,9,0,9,0.707,ashley barnes
2017,Burnley,Chris Wood,FW,1624,10,1,11,0.685,chris wood
2017,Burnley,Jeff Hendrick,MF,2331,2,2,4,0.554,jeff hendrick
2017,Burnley,Nick Pope,GK,3115,0,0,0,0.546,nick pope
2017,Burnley,Matthew Lowton,DF,2295,0,3,3,0.512,matthew lowton
2017,Burnley,Stephen Ward,DF,2460,1,1,2,0.504,stephen ward
2017,Burnley,James Tarkowski,DF,2790,0,0,0,0.489,james tarkowski
2017,Burnley,Ben Mee,DF,2610,0,0,0,0.458,ben mee
2017,Burnley,Steven Defour,MF,1997,1,1,2,0.423,steven defour
2017,Burnley,Kevin Long,DF,1440,1,2,3,0.362,kevin long
2017,Burnley,Sam Vokes,FW,998,4,1,5,0.357,sam vokes
2017,Burnley,Scott Arfield,MF,1333,2,1,3,0.343,scott arfield
2017,Burnley,Robbie Brady,MF,1277,1,2,3,0.333,robbie brady
2017,Burnley,Aaron Lennon,MF,1118,0,2,2,0.269,aaron lennon
2017,Burnley,Ashley Westwood,MF,1111,0,1,1,0.231,ashley westwood
2017,Burnley,Phil Bardsley,DF,1125,0,0,0,0.197,phil bardsley
2017,Burnley,Charlie Taylor,DF,950,0,0,0,0.167,charlie taylor
2017,Burnley,Tom Heaton,GK,305,0,0,0,0.054,tom heaton
2017,Burnley,Georges-Kévin N'Koudou,MF,228,0,0,0,0.04,georges kevin n koudou
2017,Burnley,Nahki Wells,FW,55,0,0,0,0.01,nahki wells
2017,Burnley,Jonathan Walters,"FW,MF",39,0,0,0,0.007,jonathan walters
2017,Burnley,Aiden O'Neill,MF,1,0,0,0,0.0,aiden o neill
2017,Chelsea,Eden Hazard,"FW,MF",2422,12,4,16,0.813,eden hazard
2017,Chelsea,César Azpilicueta,DF,3330,2,6,8,0.788,cesar azpilicueta
2017,Chelsea,Álvaro Morata,FW,2061,11,6,17,0.771,alvaro morata
2017,Chelsea,Marcos Alonso,MF,2855,7,2,9,0.726,marcos alonso
2017,Chelsea,Willian,"MF,FW",1890,6,7,13,0.646,willian
2017,Chelsea,N'Golo Kanté,MF,2994,1,1,2,0.587,n golo kante
2017,Chelsea,Thibaut Courtois,GK,3150,0,0,0,0.568,thibaut courtois
2017,Chelsea,Cesc Fàbregas,MF,2306,2,4,6,0.557,cesc fabregas
2017,Chelsea,Victor Moses,MF,2110,3,3,6,0.521,victor moses
2017,Chelsea,Antonio Rüdiger,DF,2338,2,1,3,0.492,antonio rudiger
2017,Chelsea,Tiemoué Bakayoko,MF,2126,2,2,4,0.477,tiemoue bakayoko
2017,Chelsea,Pedro,"MF,FW",1523,4,2,6,0.416,pedro
2017,Chelsea,Gary Cahill,DF,2086,0,0,0,0.376,gary cahill
2017,Chelsea,Andreas Christensen,DF,2069,0,0,0,0.373,andreas christensen
2017,Chelsea,Davide Zappacosta,MF,1098,1,1,2,0.245,davide zappacosta
2017,Chelsea,Olivier Giroud,FW,613,3,1,4,0.205,olivier giroud
2017,Chelsea,David Luiz,"DF,MF",840,1,0,1,0.175,david luiz
2017,Chelsea,Michy Batshuayi,FW,360,2,1,3,0.135,michy batshuayi
2017,Chelsea,Danny Drinkwater,MF,527,1,0,1,0.118,danny drinkwater
2017,Chelsea,Emerson Palmieri,MF,280,0,1,1,0.074,emerson palmieri
2017,Chelsea,Willy Caballero,GK,270,0,0,0,0.049,willy caballero
2017,Chelsea,Ross Barkley,MF,129,0,0,0,0.023,ross barkley
2017,Chelsea,Charly Musonda Jr.,MF,37,0,0,0,0.007,charly musonda jr
2017,Chelsea,Callum Hudson-Odoi,"FW,MF",29,0,0,0,0.005,callum hudson odoi
2017,Chelsea,Jeremie Boga,MF,17,0,0,0,0.003,jeremie boga
2017,Chelsea,Ethan Ampadu,"DF,MF",11,0,0,0,0.002,ethan ampadu
2017,Crystal Palace,Luka Milivojević,MF,3080,10,1,11,0.959,luka milivojevic
2017,Crystal Palace,Andros Townsend,"FW,MF",3120,2,7,9,0.9,andros townsend
2017,Crystal Palace,Wilfried Zaha,"FW,MF",2549,9,3,12,0.89,wilfried zaha
2017,Crystal Palace,Christian Benteke,FW,2240,3,5,8,0.697,christian benteke
2017,Crystal Palace,James McArthur,MF,2431,5,1,6,0.668,james mcarthur
2017,Crystal Palace,Patrick van Aanholt,"DF,MF",2184,5,1,6,0.62,patrick van aanholt
2017,Crystal Palace,James Tomkins,DF,2387,3,0,3,0.559,james tomkins
2017,Crystal Palace,Ruben Loftus-Cheek,MF,1874,2,3,5,0.527,ruben loftus cheek
2017,Crystal Palace,Yohan Cabaye,MF,2376,0,1,1,0.49,yohan cabaye
2017,Crystal Palace,Wayne Hennessey,GK,2430,0,0,0,0.467,wayne hennessey
2017,Crystal Palace,Mamadou Sakho,DF,1600,1,2,3,0.408,mamadou sakho
2017,Crystal Palace,Jeffrey Schlupp,"DF,MF",1745,0,1,1,0.369,jeffrey schlupp
2017,Crystal Palace,Joel Ward,"DF,MF",1613,0,1,1,0.344,joel ward
2017,Crystal Palace,Scott Dann,DF,1435,1,0,1,0.309,scott dann
2017,Crystal Palace,Timothy Fosu-Mensah,DF,1596,0,0,0,0.307,timothy fosu mensah
2017,Crystal Palace,Martin Kelly,DF,1195,0,0,0,0.23,martin kelly
2017,Crystal Palace,Bakary Sako,FW,478,3,0,3,0.192,bakary sako
2017,Crystal Palace,Julián Speroni,GK,990,0,0,0,0.19,julian speroni
2017,Crystal Palace,Aaron Wan-Bissaka,DF,627,0,0,0,0.121,aaron wan bissaka
2017,Crystal Palace,Jason Puncheon,MF,571,0,0,0,0.11,jason puncheon
2017,Crystal Palace,Jaïro Riedewald,"MF,DF",442,0,0,0,0.085,jairo riedewald
2017,Crystal Palace,Alexander Sørloth,FW,360,0,0,0,0.069,alexander s rloth
2017,Crystal Palace,Lee Chung-yong,FW,135,0,0,0,0.026,lee chung yong
2017,Crystal Palace,Damien Delaney,DF,96,0,0,0,0.018,damien delaney
2017,Crystal Palace,Levi Lumeka,MF,26,0,0,0,0.005,levi lumeka
2017,Crystal Palace,Freddie Ladapo,FW,17,0,0,0,0.003,freddie ladapo
2017,Crystal Palace,Sullay Kaikai,"FW,MF",14,0,0,0,0.003,sullay kaikai
2017,Crystal Palace,Pape Souaré,DF,9,0,0,0,0.002,pape souare
2017,Everton,Wayne Rooney,"MF,FW",2268,10,2,12,0.798,wayne rooney
2017,Everton,Dominic Calvert-Lewin,"FW,MF",1882,4,6,10,0.664,dominic calvert lewin
2017,Everton,Gylfi Sigurðsson,"MF,FW",2259,4,3,7,0.63,gylfi sigur sson
2017,Everton,Jordan Pickford,GK,3420,0,0,0,0.6,jordan pickford
2017,Everton,Idrissa Gueye,MF,2750,2,1,3,0.582,idrissa gueye
2017,Everton,Oumar Niasse,FW,1087,8,2,10,0.524,oumar niasse
2017,Everton,Leighton Baines,"DF,MF",1909,2,3,5,0.502,leighton baines
2017,Everton,Michael Keane,DF,2560,0,1,1,0.482,michael keane
2017,Everton,Tom Davies,MF,1900,2,1,3,0.433,tom davies
2017,Everton,Theo Walcott,"MF,FW",1152,3,3,6,0.402,theo walcott
2017,Everton,Cuco Martina,"DF,MF",1830,0,2,2,0.388,cuco martina
2017,Everton,Morgan Schneiderlin,MF,2130,0,0,0,0.374,morgan schneiderlin
2017,Everton,Phil Jagielka,DF,2065,0,0,0,0.362,phil jagielka
2017,Everton,Ashley Williams,DF,1834,1,0,1,0.355,ashley williams
2017,Everton,Cenk Tosun,FW,986,5,0,5,0.34,cenk tosun
2017,Everton,Jonjoe Kenny,"DF,MF",1590,0,1,1,0.312,jonjoe kenny
2017,Everton,Séamus Coleman,DF,1035,0,1,1,0.215,seamus coleman
2017,Everton,Mason Holgate,"DF,MF",1184,0,0,0,0.208,mason holgate
2017,Everton,Yannick Bolasie,"MF,FW",851,1,0,1,0.183,yannick bolasie
2017,Everton,Aaron Lennon,"MF,FW",793,0,0,0,0.139,aaron lennon
2017,Everton,Nikola Vlašić,MF,576,0,0,0,0.101,nikola vlasic
2017,Everton,Sandro Ramírez,FW,278,0,0,0,0.049,sandro ramirez
2017,Everton,Davy Klaassen,MF,251,0,0,0,0.044,davy klaassen
2017,Everton,James McCarthy,MF,205,0,0,0,0.036,james mccarthy
2017,Everton,Beni Baningime,MF,198,0,0,0,0.035,beni baningime
2017,Everton,Ademola Lookman,MF,159,0,0,0,0.028,ademola lookman
2017,Everton,Eliaquim Mangala,DF,134,0,0,0,0.024,eliaquim mangala
2017,Everton,Kevin Mirallas,"MF,FW",138,0,0,0,0.024,kevin mirallas
2017,Everton,Ramiro Funes Mori,DF,121,0,0,0,0.021,ramiro funes mori
2017,Everton,Muhamed Bešić,"DF,MF",46,0,0,0,0.008,muhamed besic
2017,Huddersfield Town,Aaron Mooy,MF,3067,4,3,7,0.888,aaron mooy
2017,Huddersfield Town,Steve Mounié,FW,1855,7,1,8,0.725,steve mounie
2017,Huddersfield Town,Mathias Jørgensen,DF,3420,0,2,2,0.7,mathias j rgensen
2017,Huddersfield Town,Laurent Depoitre,FW,1820,6,1,7,0.669,laurent depoitre
2017,Huddersfield Town,Jonas Lössl,GK,3420,0,1,1,0.65,jonas lossl
2017,Huddersfield Town,Christopher Schindler,DF,3264,0,1,1,0.623,christopher schindler
2017,Huddersfield Town,Tom Ince,MF,2452,2,0,2,0.53,tom ince
2017,Huddersfield Town,Rajiv van La Parra,MF,2137,3,0,3,0.525,rajiv van la parra
2017,Huddersfield Town,Collin Quaner,MF,1280,0,4,4,0.425,collin quaner
2017,Huddersfield Town,Jonathan Hogg,MF,2398,0,0,0,0.421,jonathan hogg
2017,Huddersfield Town,Tommy Smith,DF,1904,0,1,1,0.384,tommy smith
2017,Huddersfield Town,Florent Hadergjonaj,"DF,MF",1674,0,1,1,0.344,florent hadergjonaj
2017,Huddersfield Town,Elias Kachunga,MF,1329,1,1,2,0.333,elias kachunga
2017,Huddersfield Town,Chris Löwe,DF,1588,0,0,0,0.279,chris lowe
2017,Huddersfield Town,Alex Pritchard,"MF,FW",998,1,1,2,0.275,alex pritchard
2017,Huddersfield Town,Scott Malone,DF,1119,0,1,1,0.246,scott malone
2017,Huddersfield Town,Danny Williams,MF,1124,0,0,0,0.197,danny williams
2017,Huddersfield Town,Terence Kongolo,DF,1049,0,0,0,0.184,terence kongolo
2017,Huddersfield Town,Philip Billing,MF,764,0,0,0,0.134,philip billing
2017,Huddersfield Town,Abdelhamid Sabiri,MF,220,0,1,1,0.089,abdelhamid sabiri
2017,Huddersfield Town,Joe Lolley,MF,221,1,0,1,0.089,joe lolley
2017,Huddersfield Town,Martin Cranie,DF,180,0,0,0,0.032,martin cranie
2017,Huddersfield Town,Kasey Palmer,MF,170,0,0,0,0.03,kasey palmer
2017,Huddersfield Town,Dean Whitehead,"DF,MF",71,0,0,0,0.012,dean whitehead
2017,Huddersfield Town,Michael Hefele,DF,33,0,0,0,0.006,michael hefele
2017,Leicester City,Jamie Vardy,FW,3247,20,1,21,0.951,jamie vardy
2017,Leicester City,Riyad Mahrez,MF,2950,12,10,22,0.918,riyad mahrez
2017,Leicester City,Harry Maguire,DF,3420,2,4,6,0.709,harry maguire
2017,Leicester City,Marc Albrighton,MF,2538,2,7,9,0.609,marc albrighton
2017,Leicester City,Wilfred Ndidi,MF,2896,0,3,3,0.563,wilfred ndidi
2017,Leicester City,Kasper Schmeichel,GK,2965,0,0,0,0.52,kasper schmeichel
2017,Leicester City,Wes Morgan,DF,2817,0,0,0,0.494,wes morgan
2017,Leicester City,Danny Simpson,DF,2306,0,0,0,0.405,danny simpson
2017,Leicester City,Shinji Okazaki,MF,1324,6,2,8,0.378,shinji okazaki
2017,Leicester City,Demarai Gray,MF,1697,3,1,4,0.37,demarai gray
2017,Leicester City,Ben Chilwell,"DF,MF",1853,0,2,2,0.361,ben chilwell
2017,Leicester City,Christian Fuchs,DF,1921,0,1,1,0.355,christian fuchs
2017,Leicester City,Vicente Iborra,MF,1410,3,0,3,0.302,vicente iborra
2017,Leicester City,Kelechi Iheanacho,"MF,FW",830,3,3,6,0.255,kelechi iheanacho
2017,Leicester City,Matty James,MF,993,0,0,0,0.174,matty james
2017,Leicester City,Adrien Silva,MF,761,0,1,1,0.152,adrien silva
2017,Leicester City,Aleksandar Dragović,DF,769,0,0,0,0.135,aleksandar dragovic
2017,Leicester City,Fousseni Diabaté,"MF,FW",587,0,1,1,0.121,fousseni diabate
2017,Leicester City,Andy King,MF,537,1,0,1,0.112,andy king
2017,Leicester City,Daniel Amartey,DF,487,0,0,0,0.085,daniel amartey
2017,Leicester City,Hamza Choudhury,MF,378,0,1,1,0.084,hamza choudhury
2017,Leicester City,Islam Slimani,FW,249,1,1,2,0.08,islam slimani
2017,Leicester City,Ben Hamer,GK,275,0,0,0,0.048,ben hamer
2017,Leicester City,Eldin Jakupović,GK,180,0,0,0,0.032,eldin jakupovic
2017,Leicester City,Yohan Benalouane,DF,90,0,0,0,0.016,yohan benalouane
2017,Leicester City,Leonardo Ulloa,FW,22,0,0,0,0.004,leonardo ulloa
2017,Leicester City,Harvey Barnes,"FW,MF",10,0,0,0,0.002,harvey barnes
2017,Liverpool,Mohamed Salah,FW,2907,32,10,42,1.0,mohamed salah
2017,Liverpool,Roberto Firmino,FW,2763,15,7,22,0.78,roberto firmino
2017,Liverpool,Sadio Mané,"FW,MF",2190,10,7,17,0.614,sadio mane
2017,Liverpool,Georginio Wijnaldum,MF,2387,1,2,3,0.521,georginio wijnaldum
2017,Liverpool,Emre Can,MF,2091,3,4,7,0.498,emre can
2017,Liverpool,Dejan Lovren,DF,2127,2,1,3,0.468,dejan lovren
2017,Liverpool,Jordan Henderson,MF,2171,1,1,2,0.467,jordan henderson
2017,Liverpool,Andy Robertson,DF,1940,1,5,6,0.458,andy robertson
2017,Liverpool,Joël Matip,DF,1997,1,0,1,0.422,joel matip
2017,Liverpool,Joe Gomez,DF,1902,0,2,2,0.412,joe gomez
2017,Liverpool,Alex Oxlade-Chamberlain,MF,1493,3,7,10,0.403,alex oxlade chamberlain
2017,Liverpool,James Milner,MF,1775,0,3,3,0.395,james milner
2017,Liverpool,Loris Karius,GK,1710,0,0,0,0.353,loris karius
2017,Liverpool,Philippe Coutinho,"MF,FW",1109,7,6,13,0.353,philippe coutinho
2017,Liverpool,Simon Mignolet,GK,1710,0,0,0,0.353,simon mignolet
2017,Liverpool,Trent Alexander-Arnold,"DF,MF",1573,1,1,2,0.344,trent alexander arnold
2017,Liverpool,Ragnar Klavan,DF,1451,1,0,1,0.309,ragnar klavan
2017,Liverpool,Alberto Moreno,DF,1266,0,0,0,0.261,alberto moreno
2017,Liverpool,Virgil van Dijk,DF,1260,0,0,0,0.26,virgil van dijk
2017,Liverpool,Dominic Solanke,FW,596,1,1,2,0.142,dominic solanke
2017,Liverpool,Daniel Sturridge,FW,431,2,1,3,0.118,daniel sturridge
2017,Liverpool,Danny Ings,FW,267,1,0,1,0.065,danny ings
2017,Liverpool,Adam Lallana,MF,244,0,0,0,0.05,adam lallana
2017,Liverpool,Nathaniel Clyne,DF,174,0,0,0,0.036,nathaniel clyne
2017,Liverpool,Marko Grujić,MF,16,0,0,0,0.003,marko grujic
2017,Liverpool,Divock Origi,"FW,MF",10,0,0,0,0.002,divock origi
2017,Liverpool,Ben Woodburn,"FW,MF",7,0,0,0,0.001,ben woodburn
2017,Manchester City,Kevin De Bruyne,MF,3073,8,16,24,0.908,kevin de bruyne
2017,Manchester City,Raheem Sterling,"FW,MF",2586,18,11,29,0.886,raheem sterling
2017,Manchester City,Leroy Sané,"FW,MF",2419,10,15,25,0.799,leroy sane
2017,Manchester City,Sergio Agüero,FW,1963,21,6,27,0.741,sergio aguero
2017,Manchester City,David Silva,MF,2430,9,11,20,0.732,david silva
2017,Manchester City,Fernandinho,MF,2881,5,3,8,0.652,fernandinho
2017,Manchester City,Nicolás Otamendi,DF,2967,4,0,4,0.613,nicolas otamendi
2017,Manchester City,Kyle Walker,DF,2784,0,6,6,0.606,kyle walker
2017,Manchester City,Ederson Moraes,GK,3194,0,0,0,0.6,ederson moraes
2017,Manchester City,Gabriel Jesus,FW,1668,13,3,16,0.534,gabriel jesus
2017,Manchester City,Bernardo Silva,FW,1533,6,4,10,0.426,bernardo silva
2017,Manchester City,Fabian Delph,DF,1741,1,2,3,0.368,fabian delph
2017,Manchester City,İlkay Gündoğan,MF,1517,4,1,5,0.354,ilkay gundogan
2017,Manchester City,Danilo,DF,1349,3,2,5,0.322,danilo
2017,Manchester City,Vincent Kompany,DF,1394,1,1,2,0.289,vincent kompany
2017,Manchester City,John Stones,DF,1302,0,0,0,0.245,john stones
2017,Manchester City,Aymeric Laporte,DF,806,0,0,0,0.151,aymeric laporte
2017,Manchester City,Oleksandr Zinchenko,DF,532,0,0,0,0.1,oleksandr zinchenko
2017,Manchester City,Eliaquim Mangala,DF,488,0,0,0,0.092,eliaquim mangala
2017,Manchester City,Benjamin Mendy,"DF,MF",363,0,1,1,0.082,benjamin mendy
2017,Manchester City,Yaya Touré,MF,236,0,2,2,0.072,yaya toure
2017,Manchester City,Claudio Bravo,GK,226,0,0,0,0.042,claudio bravo
2017,Manchester City,Phil Foden,"FW,MF",49,0,1,1,0.023,phil foden
2017,Manchester City,Brahim Díaz,"FW,MF",55,0,0,0,0.01,brahim diaz
2017,Manchester City,Lukas Nmecha,FW,16,0,0,0,0.003,lukas nmecha
2017,Manchester United,Romelu Lukaku,FW,2867,16,7,23,0.917,romelu lukaku
2017,Manchester United,Paul Pogba,MF,2148,6,10,16,0.665,paul pogba
2017,Manchester United,David de Gea,GK,3330,0,0,0,0.6,david de gea
2017,Manchester United,Nemanja Matić,MF,3118,1,1,2,0.597,nemanja matic
2017,Manchester United,Antonio Valencia,"DF,MF",2740,3,1,4,0.563,antonio valencia
2017,Manchester United,Jesse Lingard,"MF,FW",1817,8,5,13,0.553,jesse lingard
2017,Manchester United,Ashley Young,"DF,MF",2442,2,4,6,0.544,ashley young
2017,Manchester United,Marcus Rashford,"MF,FW",1813,7,5,12,0.535,marcus rashford
2017,Manchester United,Anthony Martial,"MF,FW",1582,9,5,14,0.529,anthony martial
2017,Manchester United,Chris Smalling,DF,2536,4,0,4,0.527,chris smalling
2017,Manchester United,Juan Mata,"MF,FW",1922,3,5,8,0.485,juan mata
2017,Manchester United,Phil Jones,DF,1973,0,0,0,0.355,phil jones
2017,Manchester United,Alexis Sánchez,"FW,MF",1043,2,3,5,0.275,alexis sanchez
2017,Manchester United,Henrikh Mkhitaryan,MF,922,1,5,6,0.27,henrikh mkhitaryan
2017,Manchester United,Ander Herrera,MF,1268,0,2,2,0.263,ander herrera
2017,Manchester United,Victor Lindelöf,DF,1285,0,0,0,0.232,victor lindelof
2017,Manchester United,Eric Bailly,DF,1001,1,0,1,0.198,eric bailly
2017,Manchester United,Marouane Fellaini,MF,621,4,0,4,0.181,marouane fellaini
2017,Manchester United,Luke Shaw,DF,790,0,0,0,0.142,luke shaw
2017,Manchester United,Marcos Rojo,DF,640,0,0,0,0.115,marcos rojo
2017,Manchester United,Scott McTominay,MF,634,0,0,0,0.114,scott mctominay
2017,Manchester United,Matteo Darmian,DF,444,0,0,0,0.08,matteo darmian
2017,Manchester United,Daley Blind,"DF,MF",362,0,0,0,0.065,daley blind
2017,Manchester United,Michael Carrick,MF,109,0,0,0,0.02,michael carrick
2017,Manchester United,Zlatan Ibrahimović,MF,106,0,0,0,0.019,zlatan ibrahimovic
2017,Manchester United,Sergio Romero,GK,90,0,0,0,0.016,sergio romero
2017,Manchester United,Axel Tuanzebe,DF,1,0,0,0,0.0,axel tuanzebe
2017,Newcastle United,Ayoze Pérez,MF,2492,8,5,13,0.911,ayoze perez
2017,Newcastle United,Matt Ritchie,MF,2804,3,5,8,0.821,matt ritchie
2017,Newcastle United,Jamaal Lascelles,DF,2928,3,0,3,0.692,jamaal lascelles
2017,Newcastle United,Dwight Gayle,FW,1958,6,3,9,0.678,dwight gayle
2017,Newcastle United,DeAndre Yedlin,DF,2845,0,2,2,0.645,deandre yedlin
2017,Newcastle United,Jonjo Shelvey,MF,2268,1,3,4,0.588,jonjo shelvey
2017,Newcastle United,Joselu,FW,1712,4,1,5,0.505,joselu
2017,Newcastle United,Florian Lejeune,DF,2103,0,2,2,0.492,florian lejeune
2017,Newcastle United,Christian Atsu,MF,1784,2,2,4,0.489,christian atsu
2017,Newcastle United,Mohamed Diamé,MF,2041,2,0,2,0.48,mohamed diame
2017,Newcastle United,Ciaran Clark,DF,1746,2,1,3,0.45,ciaran clark
2017,Newcastle United,Javier Manquillo,DF,1758,0,1,1,0.391,javier manquillo
2017,Newcastle United,Mikel Merino,MF,1347,1,1,2,0.338,mikel merino
2017,Newcastle United,Kenedy,MF,1023,2,2,4,0.333,kenedy
2017,Newcastle United,Paul Dummett,DF,1602,0,0,0,0.328,paul dummett
2017,Newcastle United,Isaac Hayden,MF,1374,1,0,1,0.312,isaac hayden
2017,Newcastle United,Jacob Murphy,MF,1148,1,1,2,0.297,jacob murphy
2017,Newcastle United,Rob Elliot,GK,1440,0,0,0,0.295,rob elliot
2017,Newcastle United,Martin Dúbravka,GK,1080,0,0,0,0.221,martin dubravka
2017,Newcastle United,Karl Darlow,GK,900,0,0,0,0.184,karl darlow
2017,Newcastle United,Chancel Mbemba,DF,672,0,0,0,0.138,chancel mbemba
2017,Newcastle United,Aleksandar Mitrović,FW,95,1,0,1,0.05,aleksandar mitrovic
2017,Newcastle United,Henri Saivet,MF,83,1,0,1,0.048,henri saivet
2017,Newcastle United,Rolando Aarons,MF,139,0,0,0,0.028,rolando aarons
2017,Newcastle United,Islam Slimani,FW,132,0,0,0,0.027,islam slimani
2017,Newcastle United,Jesús Gámez,DF,98,0,0,0,0.02,jesus gamez
2017,Newcastle United,Massadio Haïdara,"DF,MF",4,0,0,0,0.001,massadio haidara
2017,Southampton,Dušan Tadić,MF,2791,6,3,9,0.934,dusan tadic
2017,Southampton,Ryan Bertrand,"DF,MF",3135,0,4,4,0.778,ryan bertrand
2017,Southampton,Cédric Soares,"DF,MF",2794,0,3,3,0.668,cedric soares
2017,Southampton,Oriol Romeu,MF,2897,1,0,1,0.599,oriol romeu
2017,Southampton,James Ward-Prowse,MF,1716,3,3,6,0.595,james ward prowse
2017,Southampton,Nathan Redmond,MF,1945,1,3,4,0.55,nathan redmond
2017,Southampton,Wesley Hoedt,DF,2520,0,1,1,0.527,wesley hoedt
2017,Southampton,Charlie Austin,FW,1037,7,0,7,0.51,charlie austin
2017,Southampton,Maya Yoshida,DF,2051,2,0,2,0.481,maya yoshida
2017,Southampton,Jack Stephens,DF,1980,2,0,2,0.468,jack stephens
2017,Southampton,Shane Long,FW,1582,2,1,3,0.436,shane long
2017,Southampton,Manolo Gabbiadini,FW,1081,5,0,5,0.429,manolo gabbiadini
2017,Southampton,Steven Davis,MF,1521,3,0,3,0.424,steven davis
2017,Southampton,Mario Lemina,MF,1720,1,1,2,0.418,mario lemina
2017,Southampton,Sofiane Boufal,MF,1219,2,2,4,0.411,sofiane boufal
2017,Southampton,Fraser Forster,GK,1800,0,0,0,0.344,fraser forster
2017,Southampton,Pierre Højbjerg,MF,1670,0,0,0,0.32,pierre h jbjerg
2017,Southampton,Alex McCarthy,GK,1620,0,0,0,0.31,alex mccarthy
2017,Southampton,Virgil van Dijk,DF,994,0,0,0,0.19,virgil van dijk
2017,Southampton,Guido Carrillo,FW,450,0,1,1,0.131,guido carrillo
2017,Southampton,Jan Bednarek,DF,426,1,0,1,0.126,jan bednarek
2017,Southampton,Jérémy Pied,DF,180,0,1,1,0.079,jeremy pied
2017,Southampton,Matt Targett,DF,166,0,0,0,0.032,matt targett
2017,Southampton,Josh Sims,MF,163,0,0,0,0.031,josh sims
2017,Southampton,Sam McQueen,DF,148,0,0,0,0.028,sam mcqueen
2017,Southampton,Michael Obafemi,FW,9,0,0,0,0.002,michael obafemi
2017,Stoke City,Xherdan Shaqiri,"MF,FW",3039,8,7,15,0.979,xherdan shaqiri
2017,Stoke City,Joe Allen,MF,3139,2,6,8,0.811,joe allen
2017,Stoke City,Mame Biram Diouf,"MF,FW",2596,6,2,8,0.708,mame biram diouf
2017,Stoke City,Eric Maxim Choupo-Moting,"MF,FW",2314,5,5,10,0.707,eric maxim choupo moting
2017,Stoke City,Jack Butland,GK,3150,0,0,0,0.6,jack butland
2017,Stoke City,Kurt Zouma,DF,2888,1,0,1,0.577,kurt zouma
2017,Stoke City,Erik Pieters,"MF,DF",2718,0,1,1,0.544,erik pieters
2017,Stoke City,Ryan Shawcross,DF,2371,1,1,2,0.505,ryan shawcross
2017,Stoke City,Peter Crouch,FW,1567,5,2,7,0.485,peter crouch
2017,Stoke City,Darren Fletcher,MF,2219,1,1,2,0.476,darren fletcher
2017,Stoke City,Badou Ndiaye,MF,1138,2,1,3,0.297,badou ndiaye
2017,Stoke City,Geoff Cameron,"MF,DF",1525,0,0,0,0.29,geoff cameron
2017,Stoke City,Ramadan Sobhi,MF,1238,2,0,2,0.289,ramadan sobhi
2017,Stoke City,Kevin Wimmer,DF,1323,0,0,0,0.252,kevin wimmer
2017,Stoke City,Moritz Bauer,"DF,MF",1306,0,0,0,0.249,moritz bauer
2017,Stoke City,Bruno Martins Indi,DF,1243,0,0,0,0.237,bruno martins indi
2017,Stoke City,Jesé,"FW,MF",614,1,1,2,0.17,jese
2017,Stoke City,Saido Berahino,FW,494,0,1,1,0.121,saido berahino
2017,Stoke City,Glen Johnson,"DF,MF",547,0,0,0,0.104,glen johnson
2017,Stoke City,Tom Edwards,"DF,MF",481,0,0,0,0.092,tom edwards
2017,Stoke City,Charlie Adam,MF,411,0,0,0,0.078,charlie adam
2017,Stoke City,Kostas Stafylidis,DF,335,0,0,0,0.064,kostas stafylidis
2017,Stoke City,Lee Grant,GK,270,0,0,0,0.051,lee grant
2017,Stoke City,Ibrahim Afellay,MF,166,0,0,0,0.032,ibrahim afellay
2017,Stoke City,Josh Tymon,DF,163,0,0,0,0.031,josh tymon
2017,Stoke City,Stephen Ireland,MF,131,0,0,0,0.025,stephen ireland
2017,Stoke City,Tyrese Campbell,"FW,MF",79,0,0,0,0.015,tyrese campbell
2017,Stoke City,Bojan Krkić,MF,71,0,0,0,0.014,bojan krkic
2017,Stoke City,Lasse Sørensen,MF,75,0,0,0,0.014,lasse s rensen
2017,Stoke City,Julien Ngoy,"FW,MF",20,0,0,0,0.004,julien ngoy
2017,Swansea City,Jordan Ayew,"FW,MF",2852,7,2,9,0.9,jordan ayew
2017,Swansea City,Alfie Mawson,DF,3420,2,1,3,0.733,alfie mawson
2017,Swansea City,Tom Carroll,MF,2570,0,4,4,0.629,tom carroll
2017,Swansea City,Kyle Naughton,"DF,MF",3030,0,2,2,0.62,kyle naughton
2017,Swansea City,Łukasz Fabiański,GK,3420,0,0,0,0.6,ukasz fabianski
2017,Swansea City,Martin Olsson,"DF,MF",3149,0,1,1,0.597,martin olsson
2017,Swansea City,Tammy Abraham,FW,1726,5,1,6,0.569,tammy abraham
2017,Swansea City,Federico Fernández,DF,2676,1,1,2,0.558,federico fernandez
2017,Swansea City,Sam Clucas,MF,2044,3,1,4,0.536,sam clucas
2017,Swansea City,Ki Sung-yueng,MF,1868,2,2,4,0.505,ki sung yueng
2017,Swansea City,Mike van der Hoorn,DF,1944,1,0,1,0.385,mike van der hoorn
2017,Swansea City,Leroy Fer,MF,1397,1,1,2,0.334,leroy fer
2017,Swansea City,Andy King,MF,715,2,1,3,0.259,andy king
2017,Swansea City,André Ayew,"FW,MF",950,0,2,2,0.256,andre ayew
2017,Swansea City,Nathan Dyer,"FW,MF",1307,0,0,0,0.229,nathan dyer
2017,Swansea City,Wilfried Bony,FW,707,2,0,2,0.213,wilfried bony
2017,Swansea City,Luciano Narsingh,"FW,MF",625,1,0,1,0.154,luciano narsingh
2017,Swansea City,Roque Mesa,MF,754,0,0,0,0.132,roque mesa
2017,Swansea City,Renato Sanches,"MF,FW",702,0,0,0,0.123,renato sanches
2017,Swansea City,Oliver McBurnie,FW,276,0,1,1,0.093,oliver mcburnie
2017,Swansea City,Wayne Routledge,"MF,FW",429,0,0,0,0.075,wayne routledge
2017,Swansea City,Leon Britton,MF,302,0,0,0,0.053,leon britton
2017,Swansea City,Connor Roberts,MF,268,0,0,0,0.047,connor roberts
2017,Swansea City,Kyle Bartley,DF,235,0,0,0,0.041,kyle bartley
2017,Swansea City,Àngel Rangel,DF,156,0,0,0,0.027,angel rangel
2017,Swansea City,Jay Fulton,MF,19,0,0,0,0.003,jay fulton
2017,Tottenham Hotspur,Harry Kane,FW,3076,30,2,32,0.97,harry kane
2017,Tottenham Hotspur,Christian Eriksen,MF,3218,10,10,20,0.846,christian eriksen
2017,Tottenham Hotspur,Dele Alli,MF,2958,9,10,19,0.785,dele alli
2017,Tottenham Hotspur,Son Heung-min,"MF,FW",2301,12,6,18,0.651,son heung min
2017,Tottenham Hotspur,Hugo Lloris,GK,3240,0,0,0,0.6,hugo lloris
2017,Tottenham Hotspur,Jan Vertonghen,DF,3203,0,0,0,0.593,jan vertonghen
2017,Tottenham Hotspur,Eric Dier,"MF,DF",2824,0,2,2,0.548,eric dier
2017,Tottenham Hotspur,Ben Davies,"DF,MF",2324,2,6,8,0.53,ben davies
2017,Tottenham Hotspur,Davinson Sánchez,DF,2534,0,0,0,0.469,davinson sanchez
2017,Tottenham Hotspur,Kieran Trippier,"DF,MF",1914,0,5,5,0.417,kieran trippier
2017,Tottenham Hotspur,Mousa Dembélé,MF,1879,0,0,0,0.348,mousa dembele
2017,Tottenham Hotspur,Serge Aurier,"DF,MF",1428,2,2,4,0.314,serge aurier
2017,Tottenham Hotspur,Moussa Sissoko,MF,1402,1,1,2,0.285,moussa sissoko
2017,Tottenham Hotspur,Toby Alderweireld,DF,1178,0,0,0,0.218,toby alderweireld
2017,Tottenham Hotspur,Érik Lamela,MF,843,2,2,4,0.206,erik lamela
2017,Tottenham Hotspur,Victor Wanyama,MF,846,1,0,1,0.169,victor wanyama
2017,Tottenham Hotspur,Danny Rose,"DF,MF",800,0,1,1,0.161,danny rose
2017,Tottenham Hotspur,Harry Winks,MF,774,0,1,1,0.156,harry winks
2017,Tottenham Hotspur,Kyle Walker-Peters,DF,189,0,2,2,0.06,kyle walker peters
2017,Tottenham Hotspur,Fernando Llorente,FW,238,1,0,1,0.057,fernando llorente
2017,Tottenham Hotspur,Lucas Moura,MF,210,0,1,1,0.051,lucas moura
2017,Tottenham Hotspur,Michel Vorm,GK,90,0,0,0,0.017,michel vorm
2017,Tottenham Hotspur,Paulo Gazzaniga,GK,90,0,0,0,0.017,paulo gazzaniga
2017,Tottenham Hotspur,Georges-Kévin N'Koudou,"FW,MF",1,0,0,0,0.0,georges kevin n koudou
2017,Tottenham Hotspur,Vincent Janssen,FW,1,0,0,0,0.0,vincent janssen
2017,Watford,Abdoulaye Doucouré,MF,3324,7,3,10,1.0,abdoulaye doucoure
2017,Watford,Richarlison,"MF,FW",2823,5,4,9,0.87,richarlison
2017,Watford,Troy Deeney,FW,1844,5,2,7,0.613,troy deeney
2017,Watford,José Holebas,"DF,MF",2382,0,4,4,0.59,jose holebas
2017,Watford,Roberto Pereyra,"MF,FW",1624,5,2,7,0.573,roberto pereyra
2017,Watford,Andre Gray,FW,1498,5,2,7,0.55,andre gray
2017,Watford,Christian Kabasele,DF,2330,2,0,2,0.501,christian kabasele
2017,Watford,Tom Cleverley,MF,1901,1,2,3,0.463,tom cleverley
2017,Watford,Daryl Janmaat,"DF,MF",1820,3,0,3,0.449,daryl janmaat
2017,Watford,Adrian Mariappa,DF,2210,0,0,0,0.399,adrian mariappa
2017,Watford,André Carrillo,"MF,FW",1540,1,2,3,0.398,andre carrillo
2017,Watford,Kiko Femenía,"MF,DF",1713,1,1,2,0.389,kiko femenia
2017,Watford,Heurelho Gomes,GK,2128,0,0,0,0.384,heurelho gomes
2017,Watford,Will Hughes,MF,990,2,3,5,0.379,will hughes
2017,Watford,Étienne Capoue,MF,1542,1,0,1,0.318,etienne capoue
2017,Watford,Sebastian Prödl,DF,1570,0,0,0,0.283,sebastian prodl
2017,Watford,Orestis Karnezis,GK,1292,0,0,0,0.233,orestis karnezis
2017,Watford,Marvin Zeegelaar,"MF,DF",994,0,1,1,0.219,marvin zeegelaar
2017,Watford,Miguel Britos,DF,797,1,0,1,0.184,miguel britos
2017,Watford,Stefano Okaka,FW,453,1,1,2,0.162,stefano okaka
2017,Watford,Gerard Deulofeu,"MF,FW",435,1,0,1,0.119,gerard deulofeu
2017,Watford,Molla Wagué,DF,438,1,0,1,0.119,molla wague
2017,Watford,Craig Cathcart,DF,523,0,0,0,0.094,craig cathcart
2017,Watford,Ben Watson,MF,456,0,0,0,0.082,ben watson
2017,Watford,Nathaniel Chalobah,MF,447,0,0,0,0.081,nathaniel chalobah
2017,Watford,Nordin Amrabat,FW,198,0,0,0,0.036,nordin amrabat
2017,Watford,Younès Kaboul,DF,150,0,0,0,0.027,younes kaboul
2017,Watford,Jerome Sinclair,FW,31,0,0,0,0.006,jerome sinclair
2017,Watford,Dodi Lukebakio,"FW,MF",16,0,0,0,0.003,dodi lukebakio
2017,West Bromwich Albion,Salomón Rondón,FW,2767,7,3,10,0.89,salomon rondon
2017,West Bromwich Albion,Jay Rodriguez,"FW,MF",2812,7,1,8,0.818,jay rodriguez
2017,West Bromwich Albion,Ahmed Hegazi,DF,3386,2,0,2,0.68,ahmed hegazi
2017,West Bromwich Albion,Jake Livermore,MF,2674,2,2,4,0.634,jake livermore
2017,West Bromwich Albion,Chris Brunt,"MF,DF",1920,0,7,7,0.62,chris brunt
2017,West Bromwich Albion,Ben Foster,GK,3330,0,0,0,0.59,ben foster
2017,West Bromwich Albion,Jonny Evans,DF,2270,2,2,4,0.562,jonny evans
2017,West Bromwich Albion,Kieran Gibbs,"DF,MF",2827,0,1,1,0.541,kieran gibbs
2017,West Bromwich Albion,Matt Phillips,MF,2093,2,2,4,0.531,matt phillips
2017,West Bromwich Albion,Craig Dawson,DF,2510,2,0,2,0.525,craig dawson
2017,West Bromwich Albion,Allan Nyom,"DF,MF",2310,0,1,1,0.449,allan nyom
2017,West Bromwich Albion,Gareth Barry,MF,1923,1,1,2,0.421,gareth barry
2017,West Bromwich Albion,Grzegorz Krychowiak,MF,1641,0,2,2,0.371,grzegorz krychowiak
2017,West Bromwich Albion,James McClean,"MF,FW",1406,1,0,1,0.289,james mcclean
2017,West Bromwich Albion,Hal Robson-Kanu,FW,827,2,0,2,0.227,hal robson kanu
2017,West Bromwich Albion,Claudio Yacob,MF,903,0,0,0,0.16,claudio yacob
2017,West Bromwich Albion,Oliver Burke,FW,367,0,2,2,0.145,oliver burke
2017,West Bromwich Albion,Sam Field,MF,537,1,0,1,0.135,sam field
2017,West Bromwich Albion,Gareth McAuley,DF,458,0,0,0,0.081,gareth mcauley
2017,West Bromwich Albion,Nacer Chadli,"MF,FW",215,1,0,1,0.078,nacer chadli
2017,West Bromwich Albion,James Morrison,MF,207,1,0,1,0.077,james morrison
2017,West Bromwich Albion,Daniel Sturridge,FW,118,0,0,0,0.021,daniel sturridge
2017,West Bromwich Albion,Boaz Myhill,GK,90,0,0,0,0.016,boaz myhill
2017,West Bromwich Albion,Rekeem Harper,MF,21,0,0,0,0.004,rekeem harper
2017,West Ham United,Marko Arnautović,"FW,MF",2313,11,6,17,0.822,marko arnautovic
2017,West Ham United,Aaron Cresswell,"DF,MF",3069,1,3,4,0.654,aaron cresswell
2017,West Ham United,Manuel Lanzini,"MF,FW",2042,5,6,11,0.631,manuel lanzini
2017,West Ham United,Cheikhou Kouyaté,MF,2799,2,3,5,0.628,cheikhou kouyate
2017,West Ham United,Pablo Zabaleta,"MF,DF",3289,0,1,1,0.624,pablo zabaleta
2017,West Ham United,Angelo Ogbonna,DF,2880,1,0,1,0.549,angelo ogbonna
2017,West Ham United,Mark Noble,MF,2400,4,0,4,0.532,mark noble
2017,West Ham United,Javier Hernández,FW,1548,8,0,8,0.471,javier hernandez
2017,West Ham United,Arthur Masuaku,"MF,DF",1870,0,3,3,0.412,arthur masuaku
2017,West Ham United,Michail Antonio,"MF,FW",1354,3,1,4,0.341,michail antonio
2017,West Ham United,Joe Hart,GK,1710,0,1,1,0.335,joe hart
2017,West Ham United,Pedro Obiang,MF,1563,2,0,2,0.332,pedro obiang
2017,West Ham United,Adrián,GK,1710,0,0,0,0.312,adrian
2017,West Ham United,André Ayew,"MF,FW",895,3,2,5,0.281,andre ayew
2017,West Ham United,Winston Reid,DF,1452,0,0,0,0.265,winston reid
2017,West Ham United,Declan Rice,"DF,MF",1430,0,0,0,0.261,declan rice
2017,West Ham United,João Mário,MF,1022,2,1,3,0.257,joao mario
2017,West Ham United,James Collins,DF,1050,1,0,1,0.215,james collins
2017,West Ham United,Andy Carroll,FW,750,3,0,3,0.207,andy carroll
2017,West Ham United,Edimilson Fernandes,MF,845,0,1,1,0.178,edimilson fernandes
2017,West Ham United,José Fonte,DF,688,0,1,1,0.149,jose fonte
2017,West Ham United,Diafra Sakho,FW,306,2,0,2,0.103,diafra sakho
2017,West Ham United,Sam Byram,MF,248,0,0,0,0.045,sam byram
2017,West Ham United,Patrice Evra,"DF,MF",228,0,0,0,0.042,patrice evra
2017,West Ham United,Jordan Hugill,FW,25,0,0,0,0.005,jordan hugill
2017,West Ham United,Josh Cullen,"DF,MF",8,0,0,0,0.001,josh cullen
2017,West Ham United,Reece Oxford,DF,5,0,0,0,0.001,reece oxford
2018,AFC Bournemouth,Ryan Fraser,MF,3166,7,14,21,0.922,ryan fraser
2018,AFC Bournemouth,Callum Wilson,FW,2528,14,9,23,0.845,callum wilson
2018,AFC Bournemouth,Joshua King,"FW,MF",2961,12,3,15,0.782,joshua king
2018,AFC Bournemouth,Nathan Aké,DF,3411,4,0,4,0.67,nathan ake
2018,AFC Bournemouth,David Brooks,MF,2261,7,5,12,0.606,david brooks
2018,AFC Bournemouth,Steve Cook,DF,2786,1,1,2,0.525,steve cook
2018,AFC Bournemouth,Jefferson Lerma,MF,2506,2,0,2,0.476,jefferson lerma
2018,AFC Bournemouth,Adam Smith,"DF,MF",2066,1,1,2,0.398,adam smith
2018,AFC Bournemouth,Asmir Begović,GK,2160,0,0,0,0.38,asmir begovic
2018,AFC Bournemouth,Dan Gosling,MF,1739,2,1,3,0.358,dan gosling
2018,AFC Bournemouth,Charlie Daniels,"DF,MF",1585,1,0,1,0.296,charlie daniels
2018,AFC Bournemouth,Junior Stanislas,"MF,DF",1031,2,3,5,0.268,junior stanislas
2018,AFC Bournemouth,Andrew Surman,MF,1439,0,0,0,0.253,andrew surman
2018,AFC Bournemouth,Simon Francis,DF,1229,0,2,2,0.251,simon francis
2018,AFC Bournemouth,Nathaniel Clyne,DF,1143,0,1,1,0.218,nathaniel clyne
2018,AFC Bournemouth,Artur Boruc,GK,1080,0,0,0,0.19,artur boruc
2018,AFC Bournemouth,Jordon Ibe,MF,797,1,1,2,0.175,jordon ibe
2018,AFC Bournemouth,Chris Mepham,DF,850,0,1,1,0.167,chris mepham
2018,AFC Bournemouth,Lewis Cook,MF,723,0,0,0,0.127,lewis cook
2018,AFC Bournemouth,Diego Rico,"DF,MF",612,0,0,0,0.108,diego rico
2018,AFC Bournemouth,Lys Mousset,FW,368,1,0,1,0.082,lys mousset
2018,AFC Bournemouth,Dominic Solanke,FW,347,0,1,1,0.078,dominic solanke
2018,AFC Bournemouth,Jack Simpson,DF,403,0,0,0,0.071,jack simpson
2018,AFC Bournemouth,Mark Travers,GK,180,0,0,0,0.032,mark travers
2018,AFC Bournemouth,Tyrone Mings,DF,143,0,0,0,0.025,tyrone mings
2018,AFC Bournemouth,Emerson Hyndman,MF,38,0,0,0,0.007,emerson hyndman
2018,AFC Bournemouth,Jermain Defoe,FW,25,0,0,0,0.004,jermain defoe
2018,AFC Bournemouth,Sam Surridge,FW,13,0,0,0,0.002,sam surridge
2018,Arsenal,Pierre-Emerick Aubameyang,"FW,MF",2726,22,5,27,0.977,pierre emerick aubameyang
2018,Arsenal,Alexandre Lacazette,FW,2502,13,8,21,0.84,alexandre lacazette
2018,Arsenal,Granit Xhaka,MF,2498,4,2,6,0.617,granit xhaka
2018,Arsenal,Bernd Leno,GK,2836,0,0,0,0.6,bernd leno
2018,Arsenal,Shkodran Mustafi,DF,2611,2,0,2,0.582,shkodran mustafi
2018,Arsenal,Lucas Torreira,MF,2382,2,2,4,0.563,lucas torreira
2018,Arsenal,Alex Iwobi,"MF,FW",1970,3,6,9,0.55,alex iwobi
2018,Arsenal,Sokratis Papastathopoulos,DF,2198,1,2,3,0.509,sokratis papastathopoulos
2018,Arsenal,Henrikh Mkhitaryan,"MF,FW",1641,6,4,10,0.495,henrikh mkhitaryan
2018,Arsenal,Sead Kolašinac,"MF,DF",1887,0,5,5,0.473,sead kolasinac
2018,Arsenal,Mesut Özil,MF,1735,5,2,7,0.471,mesut ozil
2018,Arsenal,Mattéo Guendouzi,MF,2149,0,0,0,0.455,matteo guendouzi
2018,Arsenal,Nacho Monreal,DF,1861,1,3,4,0.453,nacho monreal
2018,Arsenal,Aaron Ramsey,MF,1331,4,6,10,0.43,aaron ramsey
2018,Arsenal,Héctor Bellerín,"DF,MF",1533,0,5,5,0.398,hector bellerin
2018,Arsenal,Laurent Koscielny,DF,1331,3,0,3,0.326,laurent koscielny
2018,Arsenal,Ainsley Maitland-Niles,"MF,DF",987,1,1,2,0.238,ainsley maitland niles
2018,Arsenal,Stephan Lichtsteiner,DF,938,0,0,0,0.198,stephan lichtsteiner
2018,Arsenal,Rob Holding,DF,807,0,0,0,0.171,rob holding
2018,Arsenal,Petr Čech,GK,584,0,0,0,0.124,petr cech
2018,Arsenal,Mohamed Elneny,MF,380,0,0,0,0.08,mohamed elneny
2018,Arsenal,Danny Welbeck,MF,153,1,1,2,0.062,danny welbeck
2018,Arsenal,Carl Jenkinson,MF,166,0,0,0,0.035,carl jenkinson
2018,Arsenal,Konstantinos Mavropanos,DF,148,0,0,0,0.031,konstantinos mavropanos
2018,Arsenal,Eddie Nketiah,FW,67,1,0,1,0.029,eddie nketiah
2018,Arsenal,Denis Suárez,MF,71,0,0,0,0.015,denis suarez
2018,Arsenal,Joe Willock,MF,64,0,0,0,0.014,joe willock
2018,Arsenal,Bukayo Saka,"FW,MF",8,0,0,0,0.002,bukayo saka
2018,Brighton & Hove Albion,Glenn Murray,FW,2508,13,1,14,0.878,glenn murray
2018,Brighton & Hove Albion,Shane Duffy,DF,3087,5,1,6,0.759,shane duffy
2018,Brighton & Hove Albion,Lewis Dunk,DF,3151,2,1,3,0.686,lewis dunk
2018,Brighton & Hove Albion,Solly March,"MF,FW",2463,1,5,6,0.64,solly march
2018,Brighton & Hove Albion,Mathew Ryan,GK,3060,0,0,0,0.583,mathew ryan
2018,Brighton & Hove Albion,Anthony Knockaert,"MF,FW",1837,2,6,8,0.578,anthony knockaert
2018,Brighton & Hove Albion,Davy Pröpper,MF,2546,1,1,2,0.542,davy propper
2018,Brighton & Hove Albion,Dale Stephens,MF,2485,1,1,2,0.53,dale stephens
2018,Brighton & Hove Albion,Pascal Groß,MF,1864,3,3,6,0.526,pascal gro
2018,Brighton & Hove Albion,Martín Montoya,DF,2167,0,1,1,0.441,martin montoya
2018,Brighton & Hove Albion,Bernardo,DF,1752,0,1,1,0.362,bernardo
2018,Brighton & Hove Albion,Gaëtan Bong,DF,1808,0,0,0,0.344,gaetan bong
2018,Brighton & Hove Albion,Yves Bissouma,MF,1774,0,0,0,0.338,yves bissouma
2018,Brighton & Hove Albion,Jürgen Locadia,"MF,FW",1236,2,0,2,0.292,jurgen locadia
2018,Brighton & Hove Albion,Florin Andone,FW,881,3,0,3,0.253,florin andone
2018,Brighton & Hove Albion,Bruno,DF,1131,0,1,1,0.244,bruno
2018,Brighton & Hove Albion,Beram Kayal,MF,940,1,1,2,0.236,beram kayal
2018,Brighton & Hove Albion,Alireza Jahanbakhsh,"MF,FW",1020,0,0,0,0.194,alireza jahanbakhsh
2018,Brighton & Hove Albion,José Izquierdo,"MF,FW",795,0,1,1,0.18,jose izquierdo
2018,Brighton & Hove Albion,Leon Balogun,DF,594,1,0,1,0.142,leon balogun
2018,Brighton & Hove Albion,David Button,GK,360,0,0,0,0.069,david button
2018,Burnley,Ashley Barnes,FW,2388,12,2,14,0.819,ashley barnes
2018,Burnley,Chris Wood,FW,2588,10,2,12,0.797,chris wood
2018,Burnley,Ashley Westwood,MF,2824,2,7,9,0.753,ashley westwood
2018,Burnley,Jack Cork,MF,3312,1,2,3,0.667,jack cork
2018,Burnley,Ben Mee,DF,3420,0,2,2,0.657,ben mee
2018,Burnley,James Tarkowski,DF,3086,3,1,4,0.656,james tarkowski
2018,Burnley,Charlie Taylor,DF,3243,0,1,1,0.598,charlie taylor
2018,Burnley,Jóhann Berg Guðmundsson,MF,1752,3,6,9,0.565,johann berg gu mundsson
2018,Burnley,Dwight McNeil,MF,1591,3,5,8,0.508,dwight mcneil
2018,Burnley,Jeff Hendrick,MF,2063,3,0,3,0.448,jeff hendrick
2018,Burnley,Matthew Lowton,DF,1750,0,0,0,0.307,matthew lowton
2018,Burnley,Joe Hart,GK,1710,0,0,0,0.3,joe hart
2018,Burnley,Tom Heaton,GK,1710,0,0,0,0.3,tom heaton
2018,Burnley,Phil Bardsley,DF,1670,0,0,0,0.293,phil bardsley
2018,Burnley,Aaron Lennon,MF,1215,1,1,2,0.27,aaron lennon
2018,Burnley,Sam Vokes,FW,915,3,0,3,0.246,sam vokes
2018,Burnley,Robbie Brady,MF,720,0,1,1,0.155,robbie brady
2018,Burnley,Kevin Long,DF,514,0,1,1,0.119,kevin long
2018,Burnley,Matěj Vydra,MF,318,1,1,2,0.113,matej vydra
2018,Burnley,Steven Defour,MF,448,0,0,0,0.079,steven defour
2018,Burnley,Stephen Ward,DF,228,0,0,0,0.04,stephen ward
2018,Burnley,Ben Gibson,DF,62,1,0,1,0.039,ben gibson
2018,Burnley,Peter Crouch,FW,92,0,0,0,0.016,peter crouch
2018,Cardiff City,Víctor Camarasa,MF,2569,5,4,9,0.851,victor camarasa
2018,Cardiff City,Sean Morrison,DF,3039,1,3,4,0.711,sean morrison
2018,Cardiff City,Sol Bamba,DF,2474,4,1,5,0.656,sol bamba
2018,Cardiff City,Bruno Ecuele Manga,DF,3376,0,1,1,0.637,bruno ecuele manga
2018,Cardiff City,Neil Etheridge,GK,3420,0,0,0,0.6,neil etheridge
2018,Cardiff City,Callum Paterson,"FW,MF",1998,4,1,5,0.573,callum paterson
2018,Cardiff City,Bobby De Cordova-Reid,"MF,FW",1424,5,2,7,0.561,bobby de cordova reid
2018,Cardiff City,Junior Hoilett,MF,2141,3,1,4,0.553,junior hoilett
2018,Cardiff City,Josh Murphy,"MF,FW",1817,3,2,5,0.541,josh murphy
2018,Cardiff City,Joe Bennett,DF,2639,0,1,1,0.507,joe bennett
2018,Cardiff City,Aron Gunnarsson,MF,2266,1,1,2,0.486,aron gunnarsson
2018,Cardiff City,Harry Arter,MF,1997,0,1,1,0.395,harry arter
2018,Cardiff City,Nathaniel Mendez-Laing,MF,985,4,1,5,0.395,nathaniel mendez laing
2018,Cardiff City,Joe Ralls,MF,1959,0,0,0,0.344,joe ralls
2018,Cardiff City,Lee Peltier,DF,1544,0,0,0,0.271,lee peltier
2018,Cardiff City,Kenneth Zohore,FW,753,1,1,2,0.221,kenneth zohore
2018,Cardiff City,Oumar Niasse,FW,931,0,0,0,0.163,oumar niasse
2018,Cardiff City,Danny Ward,FW,445,1,0,1,0.123,danny ward
2018,Cardiff City,Greg Cunningham,DF,630,0,0,0,0.111,greg cunningham
2018,Cardiff City,Kadeem Harris,MF,375,1,0,1,0.11,kadeem harris
2018,Cardiff City,Leandro Bacuna,MF,561,0,0,0,0.098,leandro bacuna
2018,Cardiff City,Jazz Richards,"DF,MF",132,0,0,0,0.023,jazz richards
2018,Cardiff City,Rhys Healey,FW,52,0,0,0,0.009,rhys healey
2018,Cardiff City,Gary Madine,FW,37,0,0,0,0.006,gary madine
2018,Cardiff City,Loïc Damour,MF,23,0,0,0,0.004,loic damour
2018,Chelsea,Eden Hazard,FW,2923,16,15,31,0.916,eden hazard
2018,Chelsea,César Azpilicueta,DF,3402,1,5,6,0.677,cesar azpilicueta
2018,Chelsea,N'Golo Kanté,MF,3092,4,4,8,0.649,n golo kante
2018,Chelsea,David Luiz,DF,3238,3,2,5,0.636,david luiz
2018,Chelsea,Jorginho,MF,3156,2,0,2,0.582,jorginho
2018,Chelsea,Kepa Arrizabalaga,GK,3240,0,0,0,0.571,kepa arrizabalaga
2018,Chelsea,Marcos Alonso,DF,2759,2,4,6,0.564,marcos alonso
2018,Chelsea,Antonio Rüdiger,DF,2871,1,0,1,0.519,antonio rudiger
2018,Chelsea,Willian,FW,2097,3,6,9,0.486,willian
2018,Chelsea,Pedro,FW,1778,8,2,10,0.443,pedro
2018,Chelsea,Mateo Kovačić,MF,1735,0,2,2,0.332,mateo kovacic
2018,Chelsea,Ross Barkley,MF,1245,3,5,8,0.323,ross barkley
2018,Chelsea,Ruben Loftus-Cheek,MF,998,6,2,8,0.279,ruben loftus cheek
2018,Chelsea,Gonzalo Higuaín,FW,1085,5,0,5,0.256,gonzalo higuain
2018,Chelsea,Álvaro Morata,FW,941,5,0,5,0.23,alvaro morata
2018,Chelsea,Olivier Giroud,FW,847,2,4,6,0.227,olivier giroud
2018,Chelsea,Emerson Palmieri,DF,663,0,0,0,0.117,emerson palmieri
2018,Chelsea,Andreas Christensen,DF,617,0,0,0,0.109,andreas christensen
2018,Chelsea,Callum Hudson-Odoi,FW,393,0,1,1,0.082,callum hudson odoi
2018,Chelsea,Cesc Fàbregas,MF,180,0,0,0,0.032,cesc fabregas
2018,Chelsea,Willy Caballero,GK,180,0,0,0,0.032,willy caballero
2018,Chelsea,Davide Zappacosta,DF,128,0,0,0,0.023,davide zappacosta
2018,Chelsea,Victor Moses,"FW,MF",28,0,0,0,0.005,victor moses
2018,Chelsea,Gary Cahill,DF,24,0,0,0,0.004,gary cahill
2018,Crystal Palace,Luka Milivojević,MF,3420,12,2,14,0.973,luka milivojevic
2018,Crystal Palace,Wilfried Zaha,"FW,MF",3036,10,5,15,0.933,wilfried zaha
2018,Crystal Palace,Andros Townsend,"FW,MF",3009,6,4,10,0.795,andros townsend
2018,Crystal Palace,James McArthur,MF,3058,3,6,9,0.776,james mcarthur
2018,Crystal Palace,Patrick van Aanholt,DF,3195,3,2,5,0.694,patrick van aanholt
2018,Crystal Palace,Aaron Wan-Bissaka,DF,3134,0,3,3,0.63,aaron wan bissaka
2018,Crystal Palace,James Tomkins,DF,2560,1,1,2,0.502,james tomkins
2018,Crystal Palace,Jeffrey Schlupp,MF,1670,4,1,5,0.426,jeffrey schlupp
2018,Crystal Palace,Mamadou Sakho,DF,2416,0,0,0,0.424,mamadou sakho
2018,Crystal Palace,Cheikhou Kouyaté,MF,1899,0,2,2,0.386,cheikhou kouyate
2018,Crystal Palace,Max Meyer,MF,1416,1,2,3,0.328,max meyer
2018,Crystal Palace,Vicente Guaita,GK,1754,0,0,0,0.308,vicente guaita
2018,Crystal Palace,Jordan Ayew,FW,1181,1,2,3,0.287,jordan ayew
2018,Crystal Palace,Wayne Hennessey,GK,1576,0,0,0,0.276,wayne hennessey
2018,Crystal Palace,Michy Batshuayi,FW,750,5,0,5,0.265,michy batshuayi
2018,Crystal Palace,Christian Benteke,FW,814,1,1,2,0.196,christian benteke
2018,Crystal Palace,Martin Kelly,DF,1111,0,0,0,0.195,martin kelly
2018,Crystal Palace,Scott Dann,DF,663,0,1,1,0.143,scott dann
2018,Crystal Palace,Joel Ward,DF,552,1,0,1,0.124,joel ward
2018,Crystal Palace,Connor Wickham,"FW,MF",67,0,1,1,0.038,connor wickham
2018,Crystal Palace,Alexander Sørloth,FW,185,0,0,0,0.032,alexander s rloth
2018,Crystal Palace,Julián Speroni,GK,90,0,0,0,0.016,julian speroni
2018,Crystal Palace,Bakary Sako,"FW,MF",29,0,0,0,0.005,bakary sako
2018,Crystal Palace,Jason Puncheon,MF,13,0,0,0,0.002,jason puncheon
2018,Crystal Palace,Luke Dreher,MF,1,0,0,0,0.0,luke dreher
2018,Crystal Palace,Pape Souaré,DF,1,0,0,0,0.0,pape souare
2018,Everton,Gylfi Sigurðsson,MF,3117,13,6,19,0.947,gylfi sigur sson
2018,Everton,Richarlison,"MF,FW",2665,13,1,14,0.762,richarlison
2018,Everton,Lucas Digne,DF,2965,4,4,8,0.689,lucas digne
2018,Everton,Jordan Pickford,GK,3420,0,0,0,0.6,jordan pickford
2018,Everton,Michael Keane,DF,2969,1,2,3,0.584,michael keane
2018,Everton,Kurt Zouma,DF,2612,2,2,4,0.542,kurt zouma
2018,Everton,Idrissa Gueye,MF,2822,0,2,2,0.537,idrissa gueye
2018,Everton,Séamus Coleman,DF,2558,2,2,4,0.533,seamus coleman
2018,Everton,Theo Walcott,MF,2119,5,2,7,0.519,theo walcott
2018,Everton,Dominic Calvert-Lewin,"FW,MF",1784,6,2,8,0.481,dominic calvert lewin
2018,Everton,Bernard,MF,2116,1,3,4,0.455,bernard
2018,Everton,André Gomes,MF,1980,1,1,2,0.389,andre gomes
2018,Everton,Cenk Tosun,FW,1059,3,3,6,0.312,cenk tosun
2018,Everton,Yerry Mina,DF,892,1,0,1,0.178,yerry mina
2018,Everton,Tom Davies,MF,980,0,0,0,0.172,tom davies
2018,Everton,Morgan Schneiderlin,MF,834,0,1,1,0.167,morgan schneiderlin
2018,Everton,Jonjoe Kenny,DF,791,0,1,1,0.16,jonjoe kenny
2018,Everton,Ademola Lookman,MF,618,0,2,2,0.151,ademola lookman
2018,Everton,Phil Jagielka,DF,331,1,0,1,0.079,phil jagielka
2018,Everton,Mason Holgate,DF,408,0,0,0,0.072,mason holgate
2018,Everton,Leighton Baines,DF,375,0,0,0,0.066,leighton baines
2018,Everton,Oumar Niasse,"FW,MF",63,0,0,0,0.011,oumar niasse
2018,Everton,James McCarthy,MF,15,0,0,0,0.003,james mccarthy
2018,Fulham,Aleksandar Mitrović,FW,3280,11,3,14,1.0,aleksandar mitrovic
2018,Fulham,Ryan Sessegnon,"MF,FW",2300,2,6,8,0.649,ryan sessegnon
2018,Fulham,Calum Chambers,"MF,DF",2588,2,0,2,0.531,calum chambers
2018,Fulham,Denis Odoi,DF,2594,0,1,1,0.503,denis odoi
2018,Fulham,Jean Seri,MF,2244,1,2,3,0.496,jean seri
2018,Fulham,Sergio Rico,GK,2610,0,0,0,0.477,sergio rico
2018,Fulham,André Schürrle,"FW,MF",1641,6,0,6,0.472,andre schurrle
2018,Fulham,Joe Bryan,"DF,MF",2345,0,1,1,0.458,joe bryan
2018,Fulham,Tom Cairney,"MF,FW",2194,1,1,2,0.458,tom cairney
2018,Fulham,Ryan Babel,"FW,MF",1251,5,3,8,0.457,ryan babel
2018,Fulham,Maxime Le Marchand,DF,2250,0,1,1,0.44,maxime le marchand
2018,Fulham,Cyrus Christie,"MF,DF",1948,0,1,1,0.385,cyrus christie
2018,Fulham,Tim Ream,DF,2047,0,0,0,0.374,tim ream
2018,Fulham,Luciano Vietto,"FW,MF",986,1,4,5,0.323,luciano vietto
2018,Fulham,Frank Anguissa,MF,1517,0,0,0,0.278,frank anguissa
2018,Fulham,Aboubakar Kamara,"MF,FW",693,3,0,3,0.212,aboubakar kamara
2018,Fulham,Alfie Mawson,DF,1131,0,0,0,0.207,alfie mawson
2018,Fulham,Kevin McDonald,MF,841,0,0,0,0.154,kevin mcdonald
2018,Fulham,Timothy Fosu-Mensah,DF,793,0,0,0,0.145,timothy fosu mensah
2018,Fulham,Floyd Ayité,"MF,FW",476,1,0,1,0.116,floyd ayite
2018,Fulham,Marcus Bettinelli,GK,630,0,0,0,0.115,marcus bettinelli
2018,Fulham,Håvard Nordtveit,DF,362,0,1,1,0.095,havard nordtveit
2018,Fulham,Stefan Johansen,MF,417,0,0,0,0.076,stefan johansen
2018,Fulham,Fabricio,GK,180,0,0,0,0.033,fabricio
2018,Fulham,Neeskens Kebano,"FW,MF",108,0,0,0,0.02,neeskens kebano
2018,Fulham,Ibrahima Cissé,MF,88,0,0,0,0.016,ibrahima cisse
2018,Fulham,Lazar Marković,"FW,MF",45,0,0,0,0.008,lazar markovic
2018,Fulham,Harvey Elliott,"FW,MF",20,0,0,0,0.004,harvey elliott
2018,Huddersfield Town,Aaron Mooy,MF,2330,3,1,4,0.749,aaron mooy
2018,Huddersfield Town,Steve Mounié,FW,1778,2,3,5,0.727,steve mounie
2018,Huddersfield Town,Mathias Jørgensen,DF,2147,3,1,4,0.715,mathias j rgensen
2018,Huddersfield Town,Christopher Schindler,DF,3260,1,0,1,0.68,christopher schindler
2018,Huddersfield Town,Terence Kongolo,DF,2716,1,1,2,0.66,terence kongolo
2018,Huddersfield Town,Jonas Lössl,GK,2778,0,1,1,0.591,jonas lossl
2018,Huddersfield Town,Philip Billing,MF,2188,2,0,2,0.563,philip billing
2018,Huddersfield Town,Alex Pritchard,"FW,MF",2081,2,0,2,0.543,alex pritchard
2018,Huddersfield Town,Chris Löwe,"MF,DF",2057,0,2,2,0.539,chris lowe
2018,Huddersfield Town,Jonathan Hogg,MF,2367,0,1,1,0.516,jonathan hogg
2018,Huddersfield Town,Erik Durm,"DF,MF",2055,0,1,1,0.458,erik durm
2018,Huddersfield Town,Karlan Grant,"FW,MF",877,3,0,3,0.401,karlan grant
2018,Huddersfield Town,Isaac Mbenza,"MF,FW",986,1,1,2,0.341,isaac mbenza
2018,Huddersfield Town,Juninho Bacuna,"MF,DF",1412,1,0,1,0.34,juninho bacuna
2018,Huddersfield Town,Florent Hadergjonaj,"MF,DF",1842,0,0,0,0.339,florent hadergjonaj
2018,Huddersfield Town,Laurent Depoitre,FW,1068,0,1,1,0.277,laurent depoitre
2018,Huddersfield Town,Elias Kachunga,"MF,FW",1182,0,0,0,0.218,elias kachunga
2018,Huddersfield Town,Jon Gorenc Stanković,"MF,DF",715,1,0,1,0.212,jon gorenc stankovic
2018,Huddersfield Town,Tommy Smith,DF,1141,0,0,0,0.21,tommy smith
2018,Huddersfield Town,Adama Diakhaby,"FW,MF",552,0,0,0,0.102,adama diakhaby
2018,Huddersfield Town,Ben Hamer,GK,552,0,0,0,0.102,ben hamer
2018,Huddersfield Town,Rajiv van La Parra,"MF,FW",405,0,0,0,0.075,rajiv van la parra
2018,Huddersfield Town,Jason Puncheon,"MF,FW",382,0,0,0,0.07,jason puncheon
2018,Huddersfield Town,Danny Williams,MF,96,0,0,0,0.018,danny williams
2018,Huddersfield Town,Joel Coleman,GK,90,0,0,0,0.017,joel coleman
2018,Huddersfield Town,Ramadan Sobhi,MF,79,0,0,0,0.015,ramadan sobhi
2018,Huddersfield Town,Matty Daly,MF,75,0,0,0,0.014,matty daly
2018,Huddersfield Town,Aaron Rowe,MF,69,0,0,0,0.013,aaron rowe
2018,Huddersfield Town,Abdelhamid Sabiri,FW,48,0,0,0,0.009,abdelhamid sabiri
2018,Huddersfield Town,Demeaco Duhaney,DF,45,0,0,0,0.008,demeaco duhaney
2018,Huddersfield Town,Collin Quaner,FW,39,0,0,0,0.007,collin quaner
2018,Leicester City,Jamie Vardy,FW,2726,18,4,22,0.878,jamie vardy
2018,Leicester City,James Maddison,"MF,FW",2831,7,7,14,0.751,james maddison
2018,Leicester City,Ricardo Pereira,"DF,MF",3123,2,6,8,0.693,ricardo pereira
2018,Leicester City,Ben Chilwell,DF,3240,0,4,4,0.641,ben chilwell
2018,Leicester City,Wilfred Ndidi,MF,3296,2,0,2,0.615,wilfred ndidi
2018,Leicester City,Kasper Schmeichel,GK,3420,0,0,0,0.6,kasper schmeichel
2018,Leicester City,Harry Maguire,DF,2596,3,0,3,0.51,harry maguire
2018,Leicester City,Demarai Gray,"MF,FW",1985,4,1,5,0.439,demarai gray
2018,Leicester City,Wes Morgan,DF,1925,3,0,3,0.392,wes morgan
2018,Leicester City,Jonny Evans,DF,1996,1,0,1,0.368,jonny evans
2018,Leicester City,Nampalys Mendy,MF,2092,0,0,0,0.367,nampalys mendy
2018,Leicester City,Marc Albrighton,"MF,FW",1625,2,2,4,0.358,marc albrighton
2018,Leicester City,Youri Tielemans,MF,1086,3,4,7,0.318,youri tielemans
2018,Leicester City,Kelechi Iheanacho,"FW,MF",941,1,3,4,0.238,kelechi iheanacho
2018,Leicester City,Harvey Barnes,"MF,FW",1004,1,2,3,0.231,harvey barnes
2018,Leicester City,Rachid Ghezzal,"MF,FW",743,1,0,1,0.149,rachid ghezzal
2018,Leicester City,Daniel Amartey,DF,641,0,0,0,0.112,daniel amartey
2018,Leicester City,Hamza Choudhury,MF,595,0,0,0,0.104,hamza choudhury
2018,Leicester City,Shinji Okazaki,FW,288,0,1,1,0.069,shinji okazaki
2018,Leicester City,Çağlar Söyüncü,DF,372,0,0,0,0.065,caglar soyuncu
2018,Leicester City,Danny Simpson,DF,292,0,0,0,0.051,danny simpson
2018,Leicester City,Vicente Iborra,MF,229,0,0,0,0.04,vicente iborra
2018,Leicester City,Christian Fuchs,DF,207,0,0,0,0.036,christian fuchs
2018,Leicester City,Adrien Silva,MF,88,0,0,0,0.015,adrien silva
2018,Leicester City,Fousseni Diabaté,MF,54,0,0,0,0.009,fousseni diabate
2018,Liverpool,Mohamed Salah,FW,3250,22,8,30,0.97,mohamed salah
2018,Liverpool,Sadio Mané,"FW,MF",3077,22,1,23,0.846,sadio mane
2018,Liverpool,Andy Robertson,DF,3216,0,11,11,0.711,andy robertson
2018,Liverpool,Roberto Firmino,"FW,MF",2607,12,6,18,0.697,roberto firmino
2018,Liverpool,Virgil van Dijk,DF,3384,4,2,6,0.674,virgil van dijk
2018,Liverpool,Trent Alexander-Arnold,DF,2462,1,12,13,0.605,trent alexander arnold
2018,Liverpool,Alisson,GK,3420,0,0,0,0.6,alisson
2018,Liverpool,Georginio Wijnaldum,MF,2725,3,0,3,0.518,georginio wijnaldum
2018,Liverpool,James Milner,"MF,DF",1789,5,4,9,0.434,james milner
2018,Liverpool,Jordan Henderson,MF,1987,1,3,4,0.402,jordan henderson
2018,Liverpool,Fabinho,MF,2017,1,2,3,0.394,fabinho
2018,Liverpool,Xherdan Shaqiri,MF,1064,6,3,9,0.307,xherdan shaqiri
2018,Liverpool,Naby Keïta,MF,1390,2,1,3,0.284,naby keita
2018,Liverpool,Joël Matip,DF,1537,1,0,1,0.283,joel matip
2018,Liverpool,Dejan Lovren,DF,986,1,0,1,0.186,dejan lovren
2018,Liverpool,Joe Gomez,DF,1063,0,0,0,0.186,joe gomez
2018,Liverpool,Daniel Sturridge,FW,509,2,1,3,0.129,daniel sturridge
2018,Liverpool,Divock Origi,FW,371,3,1,4,0.118,divock origi
2018,Liverpool,Adam Lallana,"MF,FW",468,0,0,0,0.082,adam lallana
2018,Liverpool,Alberto Moreno,DF,154,0,0,0,0.027,alberto moreno
2018,Liverpool,Nathaniel Clyne,DF,111,0,0,0,0.019,nathaniel clyne
2018,Liverpool,Alex Oxlade-Chamberlain,"FW,MF",21,0,0,0,0.004,alex oxlade chamberlain
2018,Liverpool,Rafael Camacho,"FW,MF",1,0,0,0,0.0,rafael camacho
2018,Manchester City,Raheem Sterling,"FW,MF",2771,17,9,26,0.845,raheem sterling
2018,Manchester City,Sergio Agüero,FW,2459,21,8,29,0.831,sergio aguero
2018,Manchester City,Bernardo Silva,"MF,FW",2854,7,7,14,0.694,bernardo silva
2018,Manchester City,Aymeric Laporte,DF,3057,3,3,6,0.619,aymeric laporte
2018,Manchester City,David Silva,MF,2401,6,8,14,0.614,david silva
2018,Manchester City,Ederson Moraes,GK,3420,0,1,1,0.614,ederson moraes
2018,Manchester City,Leroy Sané,FW,1867,10,10,20,0.603,leroy sane
2018,Manchester City,Kyle Walker,DF,2779,1,1,2,0.515,kyle walker
2018,Manchester City,İlkay Gündoğan,MF,2137,6,3,9,0.499,ilkay gundogan
2018,Manchester City,Fernandinho,MF,2377,1,3,4,0.472,fernandinho
2018,Manchester City,Riyad Mahrez,"FW,MF",1343,7,4,11,0.387,riyad mahrez
2018,Manchester City,Gabriel Jesus,FW,1036,7,3,10,0.32,gabriel jesus
2018,Manchester City,John Stones,DF,1764,0,0,0,0.309,john stones
2018,Manchester City,Oleksandr Zinchenko,DF,1151,0,3,3,0.243,oleksandr zinchenko
2018,Manchester City,Vincent Kompany,DF,1224,1,0,1,0.229,vincent kompany
2018,Manchester City,Benjamin Mendy,"DF,MF",900,0,5,5,0.227,benjamin mendy
2018,Manchester City,Kevin De Bruyne,MF,975,2,2,4,0.226,kevin de bruyne
2018,Manchester City,Nicolás Otamendi,DF,1236,0,0,0,0.217,nicolas otamendi
2018,Manchester City,Danilo,DF,807,1,0,1,0.155,danilo
2018,Manchester City,Fabian Delph,DF,725,0,1,1,0.141,fabian delph
2018,Manchester City,Phil Foden,MF,335,1,0,1,0.073,phil foden
2018,Manchester United,Paul Pogba,MF,3006,13,9,22,0.927,paul pogba
2018,Manchester United,Marcus Rashford,"FW,MF",2334,10,6,16,0.7,marcus rashford
2018,Manchester United,David de Gea,GK,3420,0,0,0,0.6,david de gea
2018,Manchester United,Romelu Lukaku,FW,2136,12,0,12,0.593,romelu lukaku
2018,Manchester United,Luke Shaw,DF,2591,1,4,5,0.545,luke shaw
2018,Manchester United,Ashley Young,DF,2569,2,2,4,0.523,ashley young
2018,Manchester United,Anthony Martial,"FW,MF",1621,10,2,12,0.503,anthony martial
2018,Manchester United,Victor Lindelöf,DF,2601,1,1,2,0.493,victor lindelof
2018,Manchester United,Nemanja Matić,MF,2436,1,0,1,0.446,nemanja matic
2018,Manchester United,Jesse Lingard,"FW,MF",1663,4,2,6,0.401,jesse lingard
2018,Manchester United,Chris Smalling,DF,2127,1,0,1,0.391,chris smalling
2018,Manchester United,Ander Herrera,MF,1403,2,3,5,0.337,ander herrera
2018,Manchester United,Juan Mata,"MF,FW",1289,3,2,5,0.317,juan mata
2018,Manchester United,Phil Jones,DF,1263,0,1,1,0.24,phil jones
2018,Manchester United,Alexis Sánchez,"FW,MF",880,1,3,4,0.227,alexis sanchez
2018,Manchester United,Fred,MF,1041,1,1,2,0.219,fred
2018,Manchester United,Diogo Dalot,"DF,MF",1013,0,2,2,0.214,diogo dalot
2018,Manchester United,Scott McTominay,"MF,DF",867,2,0,2,0.188,scott mctominay
2018,Manchester United,Marouane Fellaini,MF,752,0,1,1,0.15,marouane fellaini
2018,Manchester United,Andreas Pereira,MF,599,1,1,2,0.141,andreas pereira
2018,Manchester United,Eric Bailly,DF,638,0,0,0,0.112,eric bailly
2018,Manchester United,Antonio Valencia,"DF,MF",466,0,0,0,0.082,antonio valencia
2018,Manchester United,Matteo Darmian,"DF,MF",443,0,0,0,0.078,matteo darmian
2018,Manchester United,Marcos Rojo,DF,212,0,0,0,0.037,marcos rojo
2018,Manchester United,Mason Greenwood,FW,117,0,0,0,0.021,mason greenwood
2018,Manchester United,Tahith Chong,"FW,MF",38,0,0,0,0.007,tahith chong
2018,Manchester United,Angel Gomes,"FW,MF",27,0,0,0,0.005,angel gomes
2018,Manchester United,James Garner,MF,1,0,0,0,0.0,james garner
2018,Newcastle United,Salomón Rondón,FW,2603,11,7,18,0.857,salomon rondon
2018,Newcastle United,Ayoze Pérez,"MF,FW",2917,12,2,14,0.823,ayoze perez
2018,Newcastle United,Matt Ritchie,"DF,MF",2928,2,8,10,0.736,matt ritchie
2018,Newcastle United,Martin Dúbravka,GK,3420,0,0,0,0.6,martin dubravka
2018,Newcastle United,Jamaal Lascelles,DF,2745,0,1,1,0.504,jamaal lascelles
2018,Newcastle United,DeAndre Yedlin,"DF,MF",2473,1,2,3,0.501,deandre yedlin
2018,Newcastle United,Fabian Schär,DF,1999,4,1,5,0.462,fabian schar
2018,Newcastle United,Isaac Hayden,MF,1859,1,4,5,0.437,isaac hayden
2018,Newcastle United,Mohamed Diamé,MF,2166,0,0,0,0.38,mohamed diame
2018,Newcastle United,Paul Dummett,DF,1990,0,0,0,0.349,paul dummett
2018,Newcastle United,Christian Atsu,MF,1493,1,0,1,0.284,christian atsu
2018,Newcastle United,Federico Fernández,DF,1484,0,1,1,0.283,federico fernandez
2018,Newcastle United,Kenedy,MF,1348,1,1,2,0.281,kenedy
2018,Newcastle United,Javier Manquillo,DF,1101,0,3,3,0.26,javier manquillo
2018,Newcastle United,Ki Sung-yueng,MF,1302,0,1,1,0.251,ki sung yueng
2018,Newcastle United,Ciaran Clark,DF,858,3,0,3,0.217,ciaran clark
2018,Newcastle United,Jonjo Shelvey,MF,948,1,1,2,0.211,jonjo shelvey
2018,Newcastle United,Florian Lejeune,DF,1054,0,0,0,0.185,florian lejeune
2018,Newcastle United,Joselu,FW,596,2,0,2,0.149,joselu
2018,Newcastle United,Sean Longstaff,MF,687,1,0,1,0.143,sean longstaff
2018,Newcastle United,Miguel Almirón,"MF,FW",759,0,0,0,0.133,miguel almiron
2018,Newcastle United,Yoshinori Mutō,"FW,MF",524,1,0,1,0.114,yoshinori muto
2018,Newcastle United,Jacob Murphy,MF,302,0,1,1,0.075,jacob murphy
2018,Newcastle United,Antonio Barreca,"DF,MF",5,0,0,0,0.001,antonio barreca
2018,Southampton,Nathan Redmond,"MF,FW",3270,6,4,10,1.0,nathan redmond
2018,Southampton,Pierre Højbjerg,MF,2760,4,3,7,0.786,pierre h jbjerg
2018,Southampton,Danny Ings,FW,1651,7,3,10,0.703,danny ings
2018,Southampton,James Ward-Prowse,MF,1945,7,0,7,0.637,james ward prowse
2018,Southampton,Shane Long,FW,1272,5,1,6,0.473,shane long
2018,Southampton,Stuart Armstrong,"MF,FW",1432,3,2,5,0.463,stuart armstrong
2018,Southampton,Ryan Bertrand,"DF,MF",2160,1,0,1,0.436,ryan bertrand
2018,Southampton,Jan Bednarek,DF,2151,0,1,1,0.435,jan bednarek
2018,Southampton,Yan Valery,"MF,DF",1712,2,1,3,0.434,yan valery
2018,Southampton,Oriol Romeu,MF,2136,1,0,1,0.432,oriol romeu
2018,Southampton,Alex McCarthy,GK,2250,0,0,0,0.413,alex mccarthy
2018,Southampton,Cédric Soares,"DF,MF",1495,1,2,3,0.394,cedric soares
2018,Southampton,Matt Targett,"MF,DF",1186,1,3,4,0.378,matt targett
2018,Southampton,Mario Lemina,MF,1613,1,1,2,0.376,mario lemina
2018,Southampton,Jannik Vestergaard,DF,2027,0,0,0,0.372,jannik vestergaard
2018,Southampton,Jack Stephens,DF,1700,1,0,1,0.352,jack stephens
2018,Southampton,Charlie Austin,FW,983,2,2,4,0.34,charlie austin
2018,Southampton,Maya Yoshida,DF,1518,0,1,1,0.319,maya yoshida
2018,Southampton,Wesley Hoedt,DF,1170,0,0,0,0.215,wesley hoedt
2018,Southampton,Angus Gunn,GK,1080,0,0,0,0.198,angus gunn
2018,Southampton,Mohamed Elyounoussi,MF,793,0,0,0,0.146,mohamed elyounoussi
2018,Southampton,Manolo Gabbiadini,"MF,FW",476,1,0,1,0.127,manolo gabbiadini
2018,Southampton,Michael Obafemi,FW,137,1,1,2,0.105,michael obafemi
2018,Southampton,Josh Sims,MF,212,0,1,1,0.079,josh sims
2018,Southampton,Steven Davis,MF,98,0,1,1,0.058,steven davis
2018,Southampton,Callum Slattery,MF,112,0,0,0,0.021,callum slattery
2018,Southampton,Fraser Forster,GK,90,0,0,0,0.017,fraser forster
2018,Southampton,Kayne Ramsey,DF,90,0,0,0,0.017,kayne ramsey
2018,Southampton,Sam Gallagher,"FW,MF",34,0,0,0,0.006,sam gallagher
2018,Southampton,Tyreke Johnson,"FW,MF",1,0,0,0,0.0,tyreke johnson
2018,Tottenham Hotspur,Christian Eriksen,"MF,FW",2774,8,12,20,0.941,christian eriksen
2018,Tottenham Hotspur,Harry Kane,FW,2424,17,4,21,0.89,harry kane
2018,Tottenham Hotspur,Son Heung-min,"FW,MF",2039,12,6,18,0.755,son heung min
2018,Tottenham Hotspur,Lucas Moura,"FW,MF",2121,10,0,10,0.619,lucas moura
2018,Tottenham Hotspur,Hugo Lloris,GK,2970,0,0,0,0.6,hugo lloris
2018,Tottenham Hotspur,Toby Alderweireld,DF,2922,0,0,0,0.59,toby alderweireld
2018,Tottenham Hotspur,Kieran Trippier,"DF,MF",2276,1,3,4,0.536,kieran trippier
2018,Tottenham Hotspur,Moussa Sissoko,MF,2330,0,3,3,0.528,moussa sissoko
2018,Tottenham Hotspur,Dele Alli,"MF,FW",1825,5,3,8,0.521,dele alli
2018,Tottenham Hotspur,Davinson Sánchez,DF,1942,1,1,2,0.43,davinson sanchez
2018,Tottenham Hotspur,Danny Rose,"DF,MF",1798,0,3,3,0.42,danny rose
2018,Tottenham Hotspur,Jan Vertonghen,DF,1911,1,0,1,0.405,jan vertonghen
2018,Tottenham Hotspur,Ben Davies,"DF,MF",1844,0,0,0,0.373,ben davies
2018,Tottenham Hotspur,Eric Dier,MF,1506,3,0,3,0.361,eric dier
2018,Tottenham Hotspur,Harry Winks,MF,1597,1,0,1,0.342,harry winks
2018,Tottenham Hotspur,Érik Lamela,"MF,FW",974,4,2,6,0.311,erik lamela
2018,Tottenham Hotspur,Fernando Llorente,FW,694,1,4,5,0.235,fernando llorente
2018,Tottenham Hotspur,Juan Foyth,DF,888,1,0,1,0.198,juan foyth
2018,Tottenham Hotspur,Serge Aurier,"DF,MF",564,0,2,2,0.152,serge aurier
2018,Tottenham Hotspur,Kyle Walker-Peters,"DF,MF",376,0,3,3,0.133,kyle walker peters
2018,Tottenham Hotspur,Victor Wanyama,MF,516,1,0,1,0.123,victor wanyama
2018,Tottenham Hotspur,Mousa Dembélé,MF,515,0,0,0,0.104,mousa dembele
2018,Tottenham Hotspur,Paulo Gazzaniga,GK,270,0,0,0,0.055,paulo gazzaniga
2018,Tottenham Hotspur,Oliver Skipp,MF,220,0,0,0,0.044,oliver skipp
2018,Tottenham Hotspur,Michel Vorm,GK,180,0,0,0,0.036,michel vorm
2018,Tottenham Hotspur,Georges-Kévin N'Koudou,"FW,MF",5,0,1,1,0.02,georges kevin n koudou
2018,Tottenham Hotspur,Vincent Janssen,FW,39,0,0,0,0.008,vincent janssen
2018,Tottenham Hotspur,Luke Amos,MF,3,0,0,0,0.001,luke amos
2018,Watford,Abdoulaye Doucouré,MF,3062,5,6,11,0.831,abdoulaye doucoure
2018,Watford,Troy Deeney,FW,2545,9,5,14,0.82,troy deeney
2018,Watford,Gerard Deulofeu,FW,2066,10,5,15,0.762,gerard deulofeu
2018,Watford,Roberto Pereyra,MF,2815,6,1,7,0.681,roberto pereyra
2018,Watford,José Holebas,DF,2393,3,6,9,0.66,jose holebas
2018,Watford,Craig Cathcart,DF,3096,3,0,3,0.623,craig cathcart
2018,Watford,Étienne Capoue,MF,2944,1,3,4,0.623,etienne capoue
2018,Watford,Ben Foster,GK,3420,0,0,0,0.6,ben foster
2018,Watford,Will Hughes,MF,2418,2,4,6,0.584,will hughes
2018,Watford,Andre Gray,FW,1366,7,2,9,0.48,andre gray
2018,Watford,Kiko Femenía,DF,2049,1,1,2,0.413,kiko femenia
2018,Watford,Adrian Mariappa,DF,1927,0,0,0,0.338,adrian mariappa
2018,Watford,Daryl Janmaat,DF,1520,0,2,2,0.32,daryl janmaat
2018,Watford,Christian Kabasele,DF,1586,0,0,0,0.278,christian kabasele
2018,Watford,Isaac Success,"FW,MF",1052,1,1,2,0.238,isaac success
2018,Watford,Ken Sema,MF,754,1,2,3,0.212,ken sema
2018,Watford,Adam Masina,DF,1004,0,1,1,0.203,adam masina
2018,Watford,Tom Cleverley,MF,478,1,0,1,0.111,tom cleverley
2018,Watford,Domingos Quina,MF,338,1,0,1,0.086,domingos quina
2018,Watford,Nathaniel Chalobah,MF,270,0,0,0,0.047,nathaniel chalobah
2018,Watford,Miguel Britos,DF,185,0,0,0,0.032,miguel britos
2018,Watford,Marc Navarro,DF,84,0,0,0,0.015,marc navarro
2018,Watford,Ben Wilmot,DF,28,0,0,0,0.005,ben wilmot
2018,Watford,Stefano Okaka,FW,24,0,0,0,0.004,stefano okaka
2018,Watford,Sebastian Prödl,"DF,MF",13,0,0,0,0.002,sebastian prodl
2018,West Ham United,Felipe Anderson,MF,3043,9,4,13,0.905,felipe anderson
2018,West Ham United,Marko Arnautović,FW,1990,10,4,14,0.749,marko arnautovic
2018,West Ham United,Mark Noble,MF,2291,5,5,10,0.688,mark noble
2018,West Ham United,Michail Antonio,"MF,FW",2103,6,4,10,0.655,michail antonio
2018,West Ham United,Łukasz Fabiański,GK,3420,0,0,0,0.6,ukasz fabianski
2018,West Ham United,Robert Snodgrass,MF,2220,2,5,7,0.589,robert snodgrass
2018,West Ham United,Declan Rice,MF,3003,2,0,2,0.584,declan rice
2018,West Ham United,Issa Diop,DF,2970,1,0,1,0.55,issa diop
2018,West Ham United,Javier Hernández,FW,1334,7,1,8,0.463,javier hernandez
2018,West Ham United,Pablo Zabaleta,DF,2092,0,1,1,0.396,pablo zabaleta
2018,West Ham United,Angelo Ogbonna,DF,1874,1,1,2,0.386,angelo ogbonna
2018,West Ham United,Fabián Balbuena,DF,2013,1,0,1,0.382,fabian balbuena
2018,West Ham United,Arthur Masuaku,DF,1759,0,1,1,0.337,arthur masuaku
2018,West Ham United,Aaron Cresswell,DF,1589,0,1,1,0.307,aaron cresswell
2018,West Ham United,Pedro Obiang,MF,1128,0,1,1,0.226,pedro obiang
2018,West Ham United,Ryan Fredericks,DF,1086,1,0,1,0.219,ryan fredericks
2018,West Ham United,Manuel Lanzini,MF,686,1,1,2,0.177,manuel lanzini
2018,West Ham United,Lucas Pérez,FW,475,3,0,3,0.169,lucas perez
2018,West Ham United,Andriy Yarmolenko,"MF,FW",459,2,0,2,0.138,andriy yarmolenko
2018,West Ham United,Grady Diangana,MF,609,0,1,1,0.135,grady diangana
2018,West Ham United,Samir Nasri,MF,245,0,2,2,0.1,samir nasri
2018,West Ham United,Jack Wilshere,MF,392,0,1,1,0.097,jack wilshere
2018,West Ham United,Andy Carroll,FW,461,0,0,0,0.081,andy carroll
2018,West Ham United,Carlos Sánchez,MF,245,0,0,0,0.043,carlos sanchez
2018,West Ham United,Ben Johnson,DF,62,0,0,0,0.011,ben johnson
2018,West Ham United,Xande Silva,"FW,MF",18,0,0,0,0.003,xande silva
2018,Wolverhampton Wanderers,Raúl Jiménez,FW,3111,13,7,20,0.946,raul jimenez
2018,Wolverhampton Wanderers,Matt Doherty,MF,3144,4,5,9,0.732,matt doherty
2018,Wolverhampton Wanderers,João Moutinho,MF,3032,1,8,9,0.712,joao moutinho
2018,Wolverhampton Wanderers,Diogo Jota,"FW,MF",2355,9,5,14,0.693,diogo jota
2018,Wolverhampton Wanderers,Rúben Neves,MF,3007,4,3,7,0.668,ruben neves
2018,Wolverhampton Wanderers,Willy Boly,DF,3167,4,0,4,0.636,willy boly
2018,Wolverhampton Wanderers,Conor Coady,DF,3420,0,0,0,0.6,conor coady
2018,Wolverhampton Wanderers,Rui Patrício,GK,3329,0,0,0,0.584,rui patricio
2018,Wolverhampton Wanderers,Ryan Bennett,DF,3060,1,0,1,0.557,ryan bennett
2018,Wolverhampton Wanderers,Jonny Castro,MF,2771,1,1,2,0.526,jonny castro
2018,Wolverhampton Wanderers,Leander Dendoncker,MF,1467,2,0,2,0.297,leander dendoncker
2018,Wolverhampton Wanderers,Hélder Costa,"MF,FW",1341,1,2,3,0.295,helder costa
2018,Wolverhampton Wanderers,Romain Saïss,"MF,DF",1149,2,0,2,0.242,romain saiss
2018,Wolverhampton Wanderers,Ivan Cavaleiro,"FW,MF",693,3,1,4,0.202,ivan cavaleiro
2018,Wolverhampton Wanderers,Adama Traoré,"MF,FW",902,1,1,2,0.198,adama traore
2018,Wolverhampton Wanderers,Morgan Gibbs-White,"MF,FW",663,0,1,1,0.136,morgan gibbs white
2018,Wolverhampton Wanderers,Rúben Vinagre,MF,710,0,0,0,0.125,ruben vinagre
2018,Wolverhampton Wanderers,Léo Bonatini,FW,135,0,1,1,0.044,leo bonatini
2018,Wolverhampton Wanderers,John Ruddy,GK,90,0,0,0,0.016,john ruddy
2018,Wolverhampton Wanderers,Max Kilman,DF,1,0,0,0,0.0,max kilman
2018,Wolverhampton Wanderers,Will Norris,GK,1,0,0,0,0.0,will norris
2019,AFC Bournemouth,Callum Wilson,FW,2908,8,1,9,0.884,callum wilson
2019,AFC Bournemouth,Joshua King,"FW,MF",2011,6,4,10,0.762,joshua king
2019,AFC Bournemouth,Aaron Ramsdale,GK,3330,0,1,1,0.64,aaron ramsdale
2019,AFC Bournemouth,Nathan Aké,DF,2503,2,2,4,0.611,nathan ake
2019,AFC Bournemouth,Jefferson Lerma,MF,2703,1,2,3,0.607,jefferson lerma
2019,AFC Bournemouth,Diego Rico,DF,2332,0,4,4,0.58,diego rico
2019,AFC Bournemouth,Harry Wilson,"MF,FW",1646,7,0,7,0.577,harry wilson
2019,AFC Bournemouth,Ryan Fraser,"MF,FW",2067,1,4,5,0.572,ryan fraser
2019,AFC Bournemouth,Philip Billing,MF,2530,1,1,2,0.536,philip billing
2019,AFC Bournemouth,Steve Cook,DF,2428,1,0,1,0.477,steve cook
2019,AFC Bournemouth,Dominic Solanke,FW,1651,3,1,4,0.457,dominic solanke
2019,AFC Bournemouth,Adam Smith,DF,2055,0,1,1,0.41,adam smith
2019,AFC Bournemouth,Dan Gosling,MF,1264,3,1,4,0.388,dan gosling
2019,AFC Bournemouth,Jack Stacey,DF,1549,0,2,2,0.359,jack stacey
2019,AFC Bournemouth,Junior Stanislas,"MF,DF",712,3,0,3,0.248,junior stanislas
2019,AFC Bournemouth,Lewis Cook,MF,1352,0,0,0,0.244,lewis cook
2019,AFC Bournemouth,Chris Mepham,DF,912,1,0,1,0.204,chris mepham
2019,AFC Bournemouth,Simon Francis,DF,969,0,0,0,0.175,simon francis
2019,AFC Bournemouth,David Brooks,MF,506,1,0,1,0.131,david brooks
2019,AFC Bournemouth,Lloyd Kelly,DF,639,0,0,0,0.115,lloyd kelly
2019,AFC Bournemouth,Arnaut Danjuma,MF,630,0,0,0,0.114,arnaut danjuma
2019,AFC Bournemouth,Jack Simpson,DF,241,0,0,0,0.043,jack simpson
2019,AFC Bournemouth,Andrew Surman,MF,235,0,0,0,0.042,andrew surman
2019,AFC Bournemouth,Charlie Daniels,DF,126,0,0,0,0.023,charlie daniels
2019,AFC Bournemouth,Mark Travers,GK,90,0,0,0,0.016,mark travers
2019,AFC Bournemouth,Jordon Ibe,"FW,MF",50,0,0,0,0.009,jordon ibe
2019,AFC Bournemouth,Sam Surridge,FW,27,0,0,0,0.005,sam surridge
2019,Arsenal,Pierre-Emerick Aubameyang,"FW,MF",3136,22,3,25,1.0,pierre emerick aubameyang
2019,Arsenal,David Luiz,DF,2809,2,1,3,0.585,david luiz
2019,Arsenal,Alexandre Lacazette,FW,1874,10,4,14,0.583,alexandre lacazette
2019,Arsenal,Nicolas Pépé,"MF,FW",2010,5,6,11,0.561,nicolas pepe
2019,Arsenal,Granit Xhaka,MF,2586,1,2,3,0.543,granit xhaka
2019,Arsenal,Bernd Leno,GK,2649,0,0,0,0.507,bernd leno
2019,Arsenal,Bukayo Saka,"MF,DF",1753,1,5,6,0.431,bukayo saka
2019,Arsenal,Sead Kolašinac,DF,1701,0,2,2,0.357,sead kolasinac
2019,Arsenal,Dani Ceballos,MF,1692,0,2,2,0.356,dani ceballos
2019,Arsenal,Sokratis Papastathopoulos,DF,1696,2,0,2,0.356,sokratis papastathopoulos
2019,Arsenal,Mattéo Guendouzi,MF,1748,0,1,1,0.35,matteo guendouzi
2019,Arsenal,Mesut Özil,MF,1438,1,2,3,0.323,mesut ozil
2019,Arsenal,Lucas Torreira,MF,1512,1,1,2,0.321,lucas torreira
2019,Arsenal,Ainsley Maitland-Niles,DF,1386,0,2,2,0.297,ainsley maitland niles
2019,Arsenal,Shkodran Mustafi,DF,1207,0,1,1,0.247,shkodran mustafi
2019,Arsenal,Calum Chambers,DF,1102,1,1,2,0.243,calum chambers
2019,Arsenal,Héctor Bellerín,"DF,MF",1158,1,0,1,0.238,hector bellerin
2019,Arsenal,Kieran Tierney,"DF,MF",989,1,1,2,0.221,kieran tierney
2019,Arsenal,Joe Willock,MF,857,1,1,2,0.196,joe willock
2019,Arsenal,Gabriel Martinelli,MF,663,3,0,3,0.175,gabriel martinelli
2019,Arsenal,Eddie Nketiah,FW,633,2,0,2,0.153,eddie nketiah
2019,Arsenal,Emiliano Martínez,GK,771,0,0,0,0.148,emiliano martinez
2019,Arsenal,Reiss Nelson,"MF,FW",631,1,0,1,0.137,reiss nelson
2019,Arsenal,Rob Holding,DF,581,0,0,0,0.111,rob holding
2019,Arsenal,Cédric Soares,MF,249,1,0,1,0.064,cedric soares
2019,Arsenal,Nacho Monreal,DF,270,0,0,0,0.052,nacho monreal
2019,Arsenal,Pablo Marí,DF,113,0,0,0,0.022,pablo mari
2019,Arsenal,Henrikh Mkhitaryan,MF,112,0,0,0,0.021,henrikh mkhitaryan
2019,Arsenal,Emile Smith Rowe,MF,97,0,0,0,0.019,emile smith rowe
2019,Aston Villa,Jack Grealish,"FW,MF",3233,8,6,14,1.0,jack grealish
2019,Aston Villa,Tyrone Mings,DF,2902,2,2,4,0.653,tyrone mings
2019,Aston Villa,Douglas Luiz,MF,2612,3,2,5,0.628,douglas luiz
2019,Aston Villa,Anwar El Ghazi,"FW,MF",2051,4,4,8,0.609,anwar el ghazi
2019,Aston Villa,John McGinn,MF,2312,3,3,6,0.601,john mcginn
2019,Aston Villa,Trézéguet,"FW,MF",1950,6,1,7,0.562,trezeguet
2019,Aston Villa,Conor Hourihane,MF,1534,3,5,8,0.513,conor hourihane
2019,Aston Villa,Matt Targett,"DF,MF",2291,1,2,3,0.511,matt targett
2019,Aston Villa,Wesley Moraes,FW,1782,5,1,6,0.502,wesley moraes
2019,Aston Villa,Ezri Konsa,DF,2039,1,2,3,0.464,ezri konsa
2019,Aston Villa,Frederic Guilbert,"DF,MF",2041,0,2,2,0.436,frederic guilbert
2019,Aston Villa,Marvelous Nakamba,MF,1836,0,0,0,0.341,marvelous nakamba
2019,Aston Villa,Tom Heaton,GK,1794,0,0,0,0.333,tom heaton
2019,Aston Villa,Kortney Hause,DF,1545,1,0,1,0.315,kortney hause
2019,Aston Villa,Björn Engels,DF,1447,1,0,1,0.297,bjorn engels
2019,Aston Villa,Ahmed Elmohamady,DF,1031,1,1,2,0.248,ahmed elmohamady
2019,Aston Villa,Mbwana Samatta,FW,943,1,0,1,0.204,mbwana samatta
2019,Aston Villa,Neil Taylor,DF,1091,0,0,0,0.202,neil taylor
2019,Aston Villa,Pepe Reina,GK,1080,0,0,0,0.2,pepe reina
2019,Aston Villa,Keinan Davis,FW,548,0,0,0,0.102,keinan davis
2019,Aston Villa,Ørjan Nyland,GK,539,0,0,0,0.1,rjan nyland
2019,Aston Villa,Jota,"MF,FW",335,0,1,1,0.091,jota
2019,Aston Villa,Danny Drinkwater,MF,259,0,0,0,0.048,danny drinkwater
2019,Aston Villa,Henri Lansbury,MF,195,0,0,0,0.036,henri lansbury
2019,Aston Villa,Jonathan Kodjia,FW,117,0,0,0,0.022,jonathan kodjia
2019,Aston Villa,Indiana Vassilev,"FW,MF",51,0,0,0,0.009,indiana vassilev
2019,Aston Villa,Borja Bastón,FW,18,0,0,0,0.003,borja baston
2019,Aston Villa,Jed Steer,GK,7,0,0,0,0.001,jed steer
2019,Brighton & Hove Albion,Neal Maupay,FW,2766,10,3,13,0.885,neal maupay
2019,Brighton & Hove Albion,Lewis Dunk,DF,3230,3,3,6,0.751,lewis dunk
2019,Brighton & Hove Albion,Mathew Ryan,GK,3420,0,0,0,0.6,mathew ryan
2019,Brighton & Hove Albion,Leandro Trossard,"MF,FW",2011,5,3,8,0.599,leandro trossard
2019,Brighton & Hove Albion,Adam Webster,DF,2668,3,1,4,0.591,adam webster
2019,Brighton & Hove Albion,Davy Pröpper,MF,2829,1,2,3,0.589,davy propper
2019,Brighton & Hove Albion,Dan Burn,DF,2880,0,0,0,0.505,dan burn
2019,Brighton & Hove Albion,Pascal Groß,"MF,FW",1796,2,4,6,0.5,pascal gro
2019,Brighton & Hove Albion,Aaron Mooy,"MF,FW",2085,2,2,4,0.489,aaron mooy
2019,Brighton & Hove Albion,Dale Stephens,MF,2530,0,1,1,0.475,dale stephens
2019,Brighton & Hove Albion,Martín Montoya,"DF,MF",1896,0,1,1,0.363,martin montoya
2019,Brighton & Hove Albion,Aaron Connolly,FW,1258,3,1,4,0.344,aaron connolly
2019,Brighton & Hove Albion,Yves Bissouma,MF,1259,1,0,1,0.252,yves bissouma
2019,Brighton & Hove Albion,Shane Duffy,DF,1238,1,0,1,0.248,shane duffy
2019,Brighton & Hove Albion,Solly March,"MF,FW",1143,0,1,1,0.231,solly march
2019,Brighton & Hove Albion,Steven Alzate,"MF,DF",1188,0,0,0,0.208,steven alzate
2019,Brighton & Hove Albion,Glenn Murray,FW,797,1,1,2,0.201,glenn murray
2019,Brighton & Hove Albion,Tariq Lamptey,"DF,MF",588,0,1,1,0.134,tariq lamptey
2019,Brighton & Hove Albion,Bernardo,"DF,MF",679,0,0,0,0.119,bernardo
2019,Brighton & Hove Albion,Alireza Jahanbakhsh,"MF,FW",311,2,0,2,0.116,alireza jahanbakhsh
2019,Brighton & Hove Albion,Ezequiel Schelotto,"DF,MF",361,0,0,0,0.063,ezequiel schelotto
2019,Brighton & Hove Albion,Alexis Mac Allister,"MF,FW",352,0,0,0,0.062,alexis mac allister
2019,Brighton & Hove Albion,Florin Andone,FW,73,1,0,1,0.044,florin andone
2019,Brighton & Hove Albion,Jürgen Locadia,MF,86,0,0,0,0.015,jurgen locadia
2019,Brighton & Hove Albion,Gaëtan Bong,DF,59,0,0,0,0.01,gaetan bong
2019,Burnley,Chris Wood,FW,2437,14,1,15,0.828,chris wood
2019,Burnley,Dwight McNeil,MF,3338,2,6,8,0.799,dwight mcneil
2019,Burnley,Ashley Westwood,MF,3150,2,6,8,0.766,ashley westwood
2019,Burnley,James Tarkowski,DF,3420,2,2,4,0.707,james tarkowski
2019,Burnley,Nick Pope,GK,3420,0,0,0,0.6,nick pope
2019,Burnley,Jay Rodriguez,FW,2016,8,1,9,0.594,jay rodriguez
2019,Burnley,Ben Mee,DF,2880,1,1,2,0.559,ben mee
2019,Burnley,Jack Cork,MF,2613,0,0,0,0.458,jack cork
2019,Burnley,Jeff Hendrick,MF,1931,2,2,4,0.445,jeff hendrick
2019,Burnley,Erik Pieters,"DF,MF",1878,0,4,4,0.436,erik pieters
2019,Burnley,Ashley Barnes,FW,1352,6,0,6,0.397,ashley barnes
2019,Burnley,Charlie Taylor,DF,1945,0,1,1,0.368,charlie taylor
2019,Burnley,Phil Bardsley,DF,1890,0,1,1,0.358,phil bardsley
2019,Burnley,Matthew Lowton,DF,1530,0,1,1,0.295,matthew lowton
2019,Burnley,Matěj Vydra,FW,819,2,1,3,0.224,matej vydra
2019,Burnley,Jóhann Berg Guðmundsson,MF,621,1,1,2,0.162,johann berg gu mundsson
2019,Burnley,Robbie Brady,MF,454,1,2,3,0.16,robbie brady
2019,Burnley,Josh Brownhill,MF,805,0,0,0,0.141,josh brownhill
2019,Burnley,Kevin Long,DF,564,0,0,0,0.099,kevin long
2019,Burnley,Aaron Lennon,MF,496,0,0,0,0.087,aaron lennon
2019,Burnley,Danny Drinkwater,MF,58,0,0,0,0.01,danny drinkwater
2019,Burnley,Max Thompson,FW,3,0,0,0,0.001,max thompson
2019,Chelsea,Willian,"FW,MF",2600,9,7,16,0.839,willian
2019,Chelsea,Tammy Abraham,FW,2215,15,3,18,0.812,tammy abraham
2019,Chelsea,Mason Mount,"MF,FW",2867,7,5,12,0.799,mason mount
2019,Chelsea,César Azpilicueta,"DF,MF",3229,2,6,8,0.778,cesar azpilicueta
2019,Chelsea,Christian Pulisic,"FW,MF",1722,9,4,13,0.609,christian pulisic
2019,Chelsea,Jorginho,MF,2379,4,2,6,0.575,jorginho
2019,Chelsea,Kepa Arrizabalaga,GK,2970,0,0,0,0.552,kepa arrizabalaga
2019,Chelsea,Mateo Kovačić,MF,2073,1,3,4,0.474,mateo kovacic
2019,Chelsea,Kurt Zouma,DF,2344,0,0,0,0.436,kurt zouma
2019,Chelsea,Marcos Alonso,"DF,MF",1430,4,2,6,0.399,marcos alonso
2019,Chelsea,N'Golo Kanté,MF,1732,3,0,3,0.389,n golo kante
2019,Chelsea,Antonio Rüdiger,DF,1710,2,0,2,0.362,antonio rudiger
2019,Chelsea,Olivier Giroud,FW,993,8,0,8,0.362,olivier giroud
2019,Chelsea,Reece James,"DF,MF",1515,0,2,2,0.326,reece james
2019,Chelsea,Andreas Christensen,DF,1751,0,0,0,0.325,andreas christensen
2019,Chelsea,Ross Barkley,MF,1103,1,4,5,0.316,ross barkley
2019,Chelsea,Callum Hudson-Odoi,"MF,FW",863,1,5,6,0.294,callum hudson odoi
2019,Chelsea,Fikayo Tomori,DF,1291,1,0,1,0.262,fikayo tomori
2019,Chelsea,Emerson Palmieri,"DF,MF",1024,0,0,0,0.19,emerson palmieri
2019,Chelsea,Pedro,"MF,FW",661,1,1,2,0.167,pedro
2019,Chelsea,Michy Batshuayi,FW,239,1,1,2,0.089,michy batshuayi
2019,Chelsea,Willy Caballero,GK,450,0,0,0,0.084,willy caballero
2019,Chelsea,Ruben Loftus-Cheek,"MF,FW",208,0,1,1,0.061,ruben loftus cheek
2019,Chelsea,Billy Gilmour,MF,194,0,0,0,0.036,billy gilmour
2019,Chelsea,Tariq Lamptey,"DF,MF",32,0,0,0,0.006,tariq lamptey
2019,Chelsea,Faustino Anjorin,MF,20,0,0,0,0.004,faustino anjorin
2019,Chelsea,Armando Broja,FW,5,0,0,0,0.001,armando broja
2019,Crystal Palace,Jordan Ayew,"FW,MF",3148,9,2,11,0.976,jordan ayew
2019,Crystal Palace,Wilfried Zaha,"MF,FW",3280,4,3,7,0.855,wilfried zaha
2019,Crystal Palace,James McArthur,MF,3090,0,3,3,0.674,james mcarthur
2019,Crystal Palace,Patrick van Aanholt,DF,2507,3,2,5,0.64,patrick van aanholt
2019,Crystal Palace,Luka Milivojević,MF,2513,3,1,4,0.605,luka milivojevic
2019,Crystal Palace,Vicente Guaita,GK,3150,0,0,0,0.576,vicente guaita
2019,Crystal Palace,Cheikhou Kouyaté,MF,2528,1,1,2,0.535,cheikhou kouyate
2019,Crystal Palace,Joel Ward,DF,2382,0,0,0,0.436,joel ward
2019,Crystal Palace,Gary Cahill,DF,2167,0,1,1,0.433,gary cahill
2019,Crystal Palace,James Tomkins,DF,1582,1,1,2,0.362,james tomkins
2019,Crystal Palace,Christian Benteke,FW,1261,2,1,3,0.34,christian benteke
2019,Crystal Palace,Jeffrey Schlupp,MF,1036,3,1,4,0.335,jeffrey schlupp
2019,Crystal Palace,Martin Kelly,DF,1549,0,1,1,0.32,martin kelly
2019,Crystal Palace,Andros Townsend,MF,1294,1,1,2,0.309,andros townsend
2019,Crystal Palace,James McCarthy,MF,1680,0,0,0,0.307,james mccarthy
2019,Crystal Palace,Scott Dann,DF,1266,0,1,1,0.268,scott dann
2019,Crystal Palace,Mamadou Sakho,DF,931,0,0,0,0.17,mamadou sakho
2019,Crystal Palace,Jaïro Riedewald,"DF,MF",769,0,0,0,0.141,jairo riedewald
2019,Crystal Palace,Max Meyer,"MF,FW",655,0,0,0,0.12,max meyer
2019,Crystal Palace,Connor Wickham,"FW,MF",96,1,1,2,0.09,connor wickham
2019,Crystal Palace,Cenk Tosun,FW,177,1,0,1,0.069,cenk tosun
2019,Crystal Palace,Wayne Hennessey,GK,270,0,0,0,0.049,wayne hennessey
2019,Crystal Palace,Tyrick Mitchell,DF,195,0,0,0,0.036,tyrick mitchell
2019,Crystal Palace,Brandon Pierrick,MF,15,0,0,0,0.003,brandon pierrick
2019,Crystal Palace,Víctor Camarasa,MF,6,0,0,0,0.001,victor camarasa
2019,Everton,Richarlison,"FW,MF",3070,13,3,16,0.939,richarlison
2019,Everton,Dominic Calvert-Lewin,FW,2626,13,1,14,0.811,dominic calvert lewin
2019,Everton,Lucas Digne,DF,3030,0,7,7,0.707,lucas digne
2019,Everton,Jordan Pickford,GK,3420,0,0,0,0.6,jordan pickford
2019,Everton,Gylfi Sigurðsson,MF,2560,2,3,5,0.574,gylfi sigur sson
2019,Everton,Michael Keane,DF,2559,2,0,2,0.499,michael keane
2019,Everton,Yerry Mina,DF,2284,2,1,3,0.476,yerry mina
2019,Everton,Mason Holgate,DF,2054,0,3,3,0.435,mason holgate
2019,Everton,Djibril Sidibé,"DF,MF",1824,0,4,4,0.42,djibril sidibe
2019,Everton,Tom Davies,MF,2027,1,0,1,0.381,tom davies
2019,Everton,Theo Walcott,MF,1287,2,3,5,0.351,theo walcott
2019,Everton,Bernard,MF,1280,3,2,5,0.35,bernard
2019,Everton,Séamus Coleman,DF,1839,0,1,1,0.348,seamus coleman
2019,Everton,Alex Iwobi,MF,1596,1,0,1,0.305,alex iwobi
2019,Everton,André Gomes,MF,1458,0,1,1,0.281,andre gomes
2019,Everton,Moise Kean,FW,852,2,2,4,0.249,moise kean
2019,Everton,Fabian Delph,MF,1190,0,0,0,0.209,fabian delph
2019,Everton,Morgan Schneiderlin,MF,1001,0,0,0,0.176,morgan schneiderlin
2019,Everton,Anthony Gordon,MF,440,0,1,1,0.102,anthony gordon
2019,Everton,Cenk Tosun,FW,291,1,0,1,0.076,cenk tosun
2019,Everton,Leighton Baines,"DF,MF",404,0,0,0,0.071,leighton baines
2019,Everton,Jarrad Branthwaite,DF,300,0,0,0,0.053,jarrad branthwaite
2019,Everton,Jean-Philippe Gbamin,MF,136,0,0,0,0.024,jean philippe gbamin
2019,Everton,Oumar Niasse,"FW,MF",22,0,0,0,0.004,oumar niasse
2019,Leicester City,Jamie Vardy,FW,3033,23,5,28,0.932,jamie vardy
2019,Leicester City,Youri Tielemans,MF,2828,3,6,9,0.625,youri tielemans
2019,Leicester City,Jonny Evans,DF,3383,1,1,2,0.622,jonny evans
2019,Leicester City,Kasper Schmeichel,GK,3420,0,0,0,0.6,kasper schmeichel
2019,Leicester City,James Maddison,"MF,FW",2624,6,3,9,0.589,james maddison
2019,Leicester City,Harvey Barnes,MF,2083,6,8,14,0.565,harvey barnes
2019,Leicester City,Çağlar Söyüncü,DF,3036,1,1,2,0.561,caglar soyuncu
2019,Leicester City,Ayoze Pérez,"MF,FW",2004,8,4,12,0.523,ayoze perez
2019,Leicester City,Ricardo Pereira,DF,2520,3,2,5,0.514,ricardo pereira
2019,Leicester City,Wilfred Ndidi,MF,2674,2,1,3,0.512,wilfred ndidi
2019,Leicester City,Ben Chilwell,DF,2373,3,3,6,0.502,ben chilwell
2019,Leicester City,Kelechi Iheanacho,FW,960,5,3,8,0.283,kelechi iheanacho
2019,Leicester City,Dennis Praet,MF,1134,1,2,3,0.242,dennis praet
2019,Leicester City,Marc Albrighton,MF,867,0,3,3,0.195,marc albrighton
2019,Leicester City,James Justin,"DF,MF",1012,0,1,1,0.192,james justin
2019,Leicester City,Hamza Choudhury,MF,893,1,1,2,0.185,hamza choudhury
2019,Leicester City,Demarai Gray,MF,622,2,3,5,0.181,demarai gray
2019,Leicester City,Christian Fuchs,"DF,MF",772,0,0,0,0.135,christian fuchs
2019,Leicester City,Wes Morgan,DF,436,0,0,0,0.076,wes morgan
2019,Leicester City,Luke Thomas,MF,267,0,1,1,0.061,luke thomas
2019,Leicester City,Ryan Bennett,DF,331,0,0,0,0.058,ryan bennett
2019,Leicester City,Nampalys Mendy,MF,291,0,0,0,0.051,nampalys mendy
2019,Leicester City,George Hirst,FW,11,0,0,0,0.002,george hirst
2019,Leicester City,Matty James,MF,6,0,0,0,0.001,matty james
2019,Liverpool,Mohamed Salah,FW,2876,19,10,29,0.905,mohamed salah
2019,Liverpool,Sadio Mané,FW,2747,18,7,25,0.827,sadio mane
2019,Liverpool,Trent Alexander-Arnold,DF,3175,4,13,17,0.792,trent alexander arnold
2019,Liverpool,Roberto Firmino,FW,2988,9,8,17,0.759,roberto firmino
2019,Liverpool,Andy Robertson,DF,3111,2,12,14,0.739,andy robertson
2019,Liverpool,Virgil van Dijk,DF,3420,5,1,6,0.683,virgil van dijk
2019,Liverpool,Georginio Wijnaldum,MF,2935,4,0,4,0.57,georginio wijnaldum
2019,Liverpool,Jordan Henderson,MF,2238,4,5,9,0.517,jordan henderson
2019,Liverpool,Alisson,GK,2543,0,1,1,0.46,alisson
2019,Liverpool,Fabinho,MF,2079,2,3,5,0.434,fabinho
2019,Liverpool,Joe Gomez,DF,2004,0,0,0,0.352,joe gomez
2019,Liverpool,Alex Oxlade-Chamberlain,"MF,FW",1485,4,1,5,0.329,alex oxlade chamberlain
2019,Liverpool,James Milner,"MF,DF",937,2,2,4,0.22,james milner
2019,Liverpool,Naby Keïta,MF,815,2,3,5,0.212,naby keita
2019,Liverpool,Divock Origi,FW,717,4,1,5,0.195,divock origi
2019,Liverpool,Adrián,GK,875,0,0,0,0.154,adrian
2019,Liverpool,Dejan Lovren,DF,777,0,1,1,0.15,dejan lovren
2019,Liverpool,Joël Matip,DF,703,1,0,1,0.137,joel matip
2019,Liverpool,Adam Lallana,MF,382,1,1,2,0.095,adam lallana
2019,Liverpool,Xherdan Shaqiri,MF,185,1,0,1,0.046,xherdan shaqiri
2019,Liverpool,Takumi Minamino,FW,249,0,0,0,0.044,takumi minamino
2019,Liverpool,Neco Williams,DF,230,0,0,0,0.04,neco williams
2019,Liverpool,Curtis Jones,MF,126,1,0,1,0.036,curtis jones
2019,Liverpool,Harvey Elliott,"FW,MF",8,0,0,0,0.001,harvey elliott
2019,Manchester City,Kevin De Bruyne,MF,2791,13,20,33,0.945,kevin de bruyne
2019,Manchester City,Raheem Sterling,"FW,MF",2651,20,1,21,0.772,raheem sterling
2019,Manchester City,Gabriel Jesus,FW,2030,14,7,21,0.651,gabriel jesus
2019,Manchester City,Riyad Mahrez,"FW,MF",1944,11,9,20,0.622,riyad mahrez
2019,Manchester City,Ederson Moraes,GK,3071,0,0,0,0.6,ederson moraes
2019,Manchester City,Bernardo Silva,"FW,MF",2030,6,7,13,0.554,bernardo silva
2019,Manchester City,David Silva,MF,1826,6,10,16,0.551,david silva
2019,Manchester City,Rodri,MF,2486,3,2,5,0.546,rodri
2019,Manchester City,Kyle Walker,DF,2392,1,4,5,0.528,kyle walker
2019,Manchester City,Sergio Agüero,FW,1452,16,3,19,0.514,sergio aguero
2019,Manchester City,Fernandinho,DF,2397,0,1,1,0.48,fernandinho
2019,Manchester City,İlkay Gündoğan,MF,2020,2,1,3,0.431,ilkay gundogan
2019,Manchester City,Nicolás Otamendi,DF,1715,2,0,2,0.359,nicolas otamendi
2019,Manchester City,Benjamin Mendy,DF,1492,0,2,2,0.316,benjamin mendy
2019,Manchester City,Phil Foden,"FW,MF",901,5,2,7,0.261,phil foden
2019,Manchester City,Oleksandr Zinchenko,DF,1276,0,0,0,0.249,oleksandr zinchenko
2019,Manchester City,João Cancelo,DF,1208,0,0,0,0.236,joao cancelo
2019,Manchester City,Aymeric Laporte,DF,1097,1,0,1,0.226,aymeric laporte
2019,Manchester City,John Stones,DF,1122,0,0,0,0.219,john stones
2019,Manchester City,Eric García,DF,793,0,0,0,0.155,eric garcia
2019,Manchester City,Angeliño,DF,423,0,0,0,0.083,angelino
2019,Manchester City,Claudio Bravo,GK,347,0,0,0,0.068,claudio bravo
2019,Manchester City,Tommy Doyle,MF,16,0,0,0,0.003,tommy doyle
2019,Manchester City,Leroy Sané,"FW,MF",12,0,0,0,0.002,leroy sane
2019,Manchester United,Marcus Rashford,"MF,FW",2643,17,7,24,0.864,marcus rashford
2019,Manchester United,Anthony Martial,FW,2624,17,6,23,0.844,anthony martial
2019,Manchester United,Harry Maguire,DF,3420,1,1,2,0.633,harry maguire
2019,Manchester United,Aaron Wan-Bissaka,"DF,MF",3070,0,4,4,0.605,aaron wan bissaka
2019,Manchester United,David de Gea,GK,3420,0,0,0,0.6,david de gea
2019,Manchester United,Victor Lindelöf,DF,3092,1,0,1,0.559,victor lindelof
2019,Manchester United,Daniel James,"MF,FW",2287,3,6,9,0.551,daniel james
2019,Manchester United,Bruno Fernandes,MF,1186,8,7,15,0.458,bruno fernandes
2019,Manchester United,Mason Greenwood,"MF,FW",1320,10,1,11,0.415,mason greenwood
2019,Manchester United,Scott McTominay,MF,1772,4,1,5,0.394,scott mctominay
2019,Manchester United,Fred,MF,2163,0,0,0,0.379,fred
2019,Manchester United,Andreas Pereira,MF,1484,1,3,4,0.327,andreas pereira
2019,Manchester United,Nemanja Matić,MF,1581,0,2,2,0.311,nemanja matic
2019,Manchester United,Luke Shaw,DF,1733,0,0,0,0.304,luke shaw
2019,Manchester United,Paul Pogba,MF,1204,1,3,4,0.278,paul pogba
2019,Manchester United,Brandon Williams,"DF,MF",1006,1,0,1,0.193,brandon williams
2019,Manchester United,Jesse Lingard,MF,935,1,0,1,0.181,jesse lingard
2019,Manchester United,Ashley Young,"DF,MF",955,0,0,0,0.168,ashley young
2019,Manchester United,Juan Mata,MF,758,0,2,2,0.166,juan mata
2019,Manchester United,Axel Tuanzebe,DF,189,0,0,0,0.033,axel tuanzebe
2019,Manchester United,Eric Bailly,DF,150,0,0,0,0.026,eric bailly
2019,Manchester United,Phil Jones,DF,135,0,0,0,0.024,phil jones
2019,Manchester United,Timothy Fosu-Mensah,DF,136,0,0,0,0.024,timothy fosu mensah
2019,Manchester United,Marcos Rojo,DF,122,0,0,0,0.021,marcos rojo
2019,Manchester United,Odion Ighalo,FW,101,0,0,0,0.018,odion ighalo
2019,Manchester United,Diogo Dalot,DF,67,0,0,0,0.012,diogo dalot
2019,Manchester United,Tahith Chong,"FW,MF",37,0,0,0,0.006,tahith chong
2019,Manchester United,Angel Gomes,"FW,MF",21,0,0,0,0.004,angel gomes
2019,Manchester United,James Garner,MF,9,0,0,0,0.002,james garner
2019,Newcastle United,Miguel Almirón,"MF,FW",3021,4,2,6,0.83,miguel almiron
2019,Newcastle United,Jonjo Shelvey,MF,2119,6,2,8,0.772,jonjo shelvey
2019,Newcastle United,Allan Saint-Maximin,MF,1863,3,4,7,0.677,allan saint maximin
2019,Newcastle United,Joelinton,"FW,MF",2683,2,2,4,0.671,joelinton
2019,Newcastle United,Federico Fernández,DF,2620,2,2,4,0.66,federico fernandez
2019,Newcastle United,Martin Dúbravka,GK,3420,0,0,0,0.6,martin dubravka
2019,Newcastle United,Isaac Hayden,MF,2223,1,2,3,0.54,isaac hayden
2019,Newcastle United,Jetro Willems,"DF,MF",1493,2,2,4,0.462,jetro willems
2019,Newcastle United,Dwight Gayle,FW,850,4,2,6,0.449,dwight gayle
2019,Newcastle United,Jamaal Lascelles,DF,2076,1,0,1,0.414,jamaal lascelles
2019,Newcastle United,Fabian Schär,DF,1672,2,0,2,0.393,fabian schar
2019,Newcastle United,Matt Ritchie,"MF,DF",1315,2,1,3,0.381,matt ritchie
2019,Newcastle United,Sean Longstaff,MF,1378,1,1,2,0.342,sean longstaff
2019,Newcastle United,Javier Manquillo,"DF,MF",1599,0,1,1,0.331,javier manquillo
2019,Newcastle United,Andy Carroll,FW,632,0,4,4,0.311,andy carroll
2019,Newcastle United,Ciaran Clark,DF,1186,2,0,2,0.308,ciaran clark
2019,Newcastle United,Christian Atsu,MF,749,0,3,3,0.281,christian atsu
2019,Newcastle United,Emil Krafth,DF,1020,0,1,1,0.229,emil krafth
2019,Newcastle United,DeAndre Yedlin,"DF,MF",938,1,0,1,0.215,deandre yedlin
2019,Newcastle United,Paul Dummett,DF,1228,0,0,0,0.215,paul dummett
2019,Newcastle United,Matthew Longstaff,MF,575,2,0,2,0.201,matthew longstaff
2019,Newcastle United,Florian Lejeune,DF,442,2,0,2,0.178,florian lejeune
2019,Newcastle United,Danny Rose,DF,863,0,0,0,0.151,danny rose
2019,Newcastle United,Valentino Lazaro,"MF,DF",480,1,0,1,0.134,valentino lazaro
2019,Newcastle United,Nabil Bentaleb,MF,751,0,0,0,0.132,nabil bentaleb
2019,Newcastle United,Yoshinori Mutō,MF,212,0,0,0,0.037,yoshinori muto
2019,Newcastle United,Ki Sung-yueng,MF,137,0,0,0,0.024,ki sung yueng
2019,Newcastle United,Kelland Watts,DF,17,0,0,0,0.003,kelland watts
2019,Norwich City,Teemu Pukki,FW,2886,11,3,14,0.934,teemu pukki
2019,Norwich City,Todd Cantwell,MF,2489,6,2,8,0.689,todd cantwell
2019,Norwich City,Emi Buendía,MF,2464,1,7,8,0.685,emi buendia
2019,Norwich City,Max Aarons,DF,3240,0,1,1,0.629,max aarons
2019,Norwich City,Kenny McLean,MF,2968,1,1,2,0.607,kenny mclean
2019,Norwich City,Tim Krul,GK,3240,0,0,0,0.6,tim krul
2019,Norwich City,Alexander Tettey,"MF,DF",2338,1,1,2,0.49,alexander tettey
2019,Norwich City,Ben Godfrey,DF,2644,0,0,0,0.49,ben godfrey
2019,Norwich City,Jamal Lewis,DF,2304,1,0,1,0.455,jamal lewis
2019,Norwich City,Onel Hernández,MF,1384,1,2,3,0.342,onel hernandez
2019,Norwich City,Christoph Zimmermann,DF,1430,0,1,1,0.293,christoph zimmermann
2019,Norwich City,Sam Byram,DF,1293,0,0,0,0.239,sam byram
2019,Norwich City,Grant Hanley,DF,1262,0,0,0,0.234,grant hanley
2019,Norwich City,Marco Stiepermann,MF,1180,0,0,0,0.219,marco stiepermann
2019,Norwich City,Tom Trybull,MF,1130,0,0,0,0.209,tom trybull
2019,Norwich City,Josip Drmić,FW,647,1,0,1,0.148,josip drmic
2019,Norwich City,Mario Vrančić,MF,636,1,0,1,0.146,mario vrancic
2019,Norwich City,Ibrahim Amadou,"DF,MF",759,0,0,0,0.141,ibrahim amadou
2019,Norwich City,Ondrej Duda,MF,724,0,0,0,0.134,ondrej duda
2019,Norwich City,Lukas Rupp,MF,695,0,0,0,0.129,lukas rupp
2019,Norwich City,Moritz Leitner,MF,685,0,0,0,0.127,moritz leitner
2019,Norwich City,Timm Klose,DF,585,0,0,0,0.108,timm klose
2019,Norwich City,Adam Idah,FW,228,0,0,0,0.042,adam idah
2019,Norwich City,Dennis Srbeny,"FW,MF",47,1,0,1,0.037,dennis srbeny
2019,Norwich City,Michael McGovern,GK,159,0,0,0,0.029,michael mcgovern
2019,Norwich City,Josh Martin,MF,37,0,0,0,0.007,josh martin
2019,Norwich City,Patrick Roberts,"FW,MF",26,0,0,0,0.005,patrick roberts
2019,Norwich City,Ralf Fährmann,GK,21,0,0,0,0.004,ralf fahrmann
2019,Norwich City,Akin Famewo,DF,1,0,0,0,0.0,akin famewo
2019,Norwich City,Jordan Thomas,DF,1,0,0,0,0.0,jordan thomas
2019,Sheffield United,Enda Stevens,MF,3345,2,4,6,0.827,enda stevens
2019,Sheffield United,George Baldock,MF,3420,2,3,5,0.8,george baldock
2019,Sheffield United,John Lundstram,MF,2458,5,3,8,0.751,john lundstram
2019,Sheffield United,John Fleck,MF,2516,5,2,7,0.721,john fleck
2019,Sheffield United,John Egan,DF,3187,2,0,2,0.639,john egan
2019,Sheffield United,Oliver Norwood,MF,3090,1,1,2,0.622,oliver norwood
2019,Sheffield United,Lys Mousset,FW,1240,6,4,10,0.618,lys mousset
2019,Sheffield United,Oliver McBurnie,FW,2113,6,0,6,0.611,oliver mcburnie
2019,Sheffield United,Chris Basham,DF,3242,0,1,1,0.609,chris basham
2019,Sheffield United,Dean Henderson,GK,3240,0,0,0,0.568,dean henderson
2019,Sheffield United,Jack O'Connell,DF,2916,0,1,1,0.552,jack o connell
2019,Sheffield United,David McGoldrick,FW,1815,2,2,4,0.478,david mcgoldrick
2019,Sheffield United,Billy Sharp,FW,1051,3,2,5,0.384,billy sharp
2019,Sheffield United,Sander Berge,MF,943,1,1,2,0.245,sander berge
2019,Sheffield United,Callum Robinson,FW,676,1,1,2,0.199,callum robinson
2019,Sheffield United,Ben Osborn,MF,594,0,0,0,0.104,ben osborn
2019,Sheffield United,Jack Robinson,DF,504,0,0,0,0.088,jack robinson
2019,Sheffield United,Luke Freeman,MF,366,0,0,0,0.064,luke freeman
2019,Sheffield United,Muhamed Bešić,MF,250,0,0,0,0.044,muhamed besic
2019,Sheffield United,Phil Jagielka,DF,244,0,0,0,0.043,phil jagielka
2019,Sheffield United,Simon Moore,GK,180,0,0,0,0.032,simon moore
2019,Sheffield United,Richairo Živković,FW,112,0,0,0,0.02,richairo zivkovic
2019,Sheffield United,Leon Clarke,FW,35,0,0,0,0.006,leon clarke
2019,Sheffield United,Jack Rodwell,"DF,MF",16,0,0,0,0.003,jack rodwell
2019,Sheffield United,Ravel Morrison,MF,13,0,0,0,0.002,ravel morrison
2019,Sheffield United,Kieron Freeman,"DF,MF",7,0,0,0,0.001,kieron freeman
2019,Southampton,Danny Ings,FW,2804,22,2,24,0.892,danny ings
2019,Southampton,James Ward-Prowse,MF,3420,5,3,8,0.733,james ward prowse
2019,Southampton,Nathan Redmond,"MF,FW",2762,4,4,8,0.618,nathan redmond
2019,Southampton,Jan Bednarek,DF,3057,1,1,2,0.57,jan bednarek
2019,Southampton,Ryan Bertrand,"DF,MF",2742,1,1,2,0.514,ryan bertrand
2019,Southampton,Pierre Højbjerg,MF,2752,0,1,1,0.499,pierre h jbjerg
2019,Southampton,Jack Stephens,DF,2451,1,3,4,0.497,jack stephens
2019,Southampton,Alex McCarthy,GK,2520,0,0,0,0.442,alex mccarthy
2019,Southampton,Stuart Armstrong,MF,1715,5,3,8,0.434,stuart armstrong
2019,Southampton,Oriol Romeu,MF,1860,0,0,0,0.326,oriol romeu
2019,Southampton,Shane Long,FW,1395,2,2,4,0.311,shane long
2019,Southampton,Ché Adams,FW,1111,4,2,6,0.295,che adams
2019,Southampton,Jannik Vestergaard,DF,1497,1,0,1,0.279,jannik vestergaard
2019,Southampton,Cédric Soares,"DF,MF",1306,0,1,1,0.246,cedric soares
2019,Southampton,Moussa Djenepo,"MF,FW",928,2,2,4,0.229,moussa djenepo
2019,Southampton,Michael Obafemi,FW,665,3,2,5,0.2,michael obafemi
2019,Southampton,Sofiane Boufal,MF,764,0,2,2,0.167,sofiane boufal
2019,Southampton,Angus Gunn,GK,900,0,0,0,0.158,angus gunn
2019,Southampton,Yan Valery,"DF,MF",779,0,0,0,0.137,yan valery
2019,Southampton,Kyle Walker-Peters,DF,703,0,0,0,0.123,kyle walker peters
2019,Southampton,William Smallbone,MF,393,0,2,2,0.102,william smallbone
2019,Southampton,Maya Yoshida,DF,560,0,0,0,0.098,maya yoshida
2019,Southampton,Kevin Danso,DF,277,0,1,1,0.065,kevin danso
2019,Southampton,Jake Vokins,DF,90,0,0,0,0.016,jake vokins
2019,Southampton,Nathan Tella,"FW,MF",3,0,0,0,0.001,nathan tella
2019,Tottenham Hotspur,Harry Kane,FW,2587,18,2,20,0.906,harry kane
2019,Tottenham Hotspur,Son Heung-min,"MF,FW",2476,11,10,21,0.902,son heung min
2019,Tottenham Hotspur,Toby Alderweireld,DF,2957,2,2,4,0.676,toby alderweireld
2019,Tottenham Hotspur,Serge Aurier,"DF,MF",2700,1,5,6,0.662,serge aurier
2019,Tottenham Hotspur,Lucas Moura,"MF,FW",2242,4,4,8,0.607,lucas moura
2019,Tottenham Hotspur,Dele Alli,"MF,FW",1847,8,4,12,0.603,dele alli
2019,Tottenham Hotspur,Moussa Sissoko,MF,2452,2,1,3,0.555,moussa sissoko
2019,Tottenham Hotspur,Davinson Sánchez,DF,2431,0,0,0,0.493,davinson sanchez
2019,Tottenham Hotspur,Harry Winks,MF,2221,0,0,0,0.451,harry winks
2019,Tottenham Hotspur,Jan Vertonghen,DF,1645,1,1,2,0.372,jan vertonghen
2019,Tottenham Hotspur,Hugo Lloris,GK,1807,0,0,0,0.367,hugo lloris
2019,Tottenham Hotspur,Giovani Lo Celso,MF,1492,0,2,2,0.341,giovani lo celso
2019,Tottenham Hotspur,Paulo Gazzaniga,GK,1613,0,0,0,0.327,paulo gazzaniga
2019,Tottenham Hotspur,Eric Dier,"DF,MF",1344,0,2,2,0.311,eric dier
2019,Tottenham Hotspur,Érik Lamela,"MF,FW",1215,2,1,3,0.304,erik lamela
2019,Tottenham Hotspur,Christian Eriksen,"MF,FW",1097,2,2,4,0.299,christian eriksen
2019,Tottenham Hotspur,Ben Davies,DF,1431,0,0,0,0.29,ben davies
2019,Tottenham Hotspur,Tanguy Ndombele,MF,1009,2,2,4,0.281,tanguy ndombele
2019,Tottenham Hotspur,Steven Bergwijn,"MF,FW",704,3,1,4,0.219,steven bergwijn
2019,Tottenham Hotspur,Danny Rose,"DF,MF",893,0,0,0,0.181,danny rose
2019,Tottenham Hotspur,Japhet Tanganga,"DF,MF",525,0,0,0,0.107,japhet tanganga
2019,Tottenham Hotspur,Ryan Sessegnon,"MF,DF",342,0,0,0,0.069,ryan sessegnon
2019,Tottenham Hotspur,Kyle Walker-Peters,DF,241,0,0,0,0.049,kyle walker peters
2019,Tottenham Hotspur,Oliver Skipp,MF,77,0,0,0,0.016,oliver skipp
2019,Tottenham Hotspur,Gedson Fernandes,MF,68,0,0,0,0.014,gedson fernandes
2019,Tottenham Hotspur,Juan Foyth,DF,68,0,0,0,0.014,juan foyth
2019,Tottenham Hotspur,Victor Wanyama,MF,25,0,0,0,0.005,victor wanyama
2019,Tottenham Hotspur,Georges-Kévin N'Koudou,"FW,MF",3,0,0,0,0.001,georges kevin n koudou
2019,Tottenham Hotspur,Troy Parrott,FW,7,0,0,0,0.001,troy parrott
2019,Watford,Troy Deeney,FW,2225,10,2,12,0.79,troy deeney
2019,Watford,Abdoulaye Doucouré,MF,3156,4,2,6,0.754,abdoulaye doucoure
2019,Watford,Gerard Deulofeu,"MF,FW",2098,4,5,9,0.668,gerard deulofeu
2019,Watford,Ismaila Sarr,MF,2028,5,4,9,0.656,ismaila sarr
2019,Watford,Ben Foster,GK,3420,0,0,0,0.6,ben foster
2019,Watford,Étienne Capoue,MF,2627,0,3,3,0.561,etienne capoue
2019,Watford,Craig Dawson,DF,2361,2,0,2,0.481,craig dawson
2019,Watford,Will Hughes,MF,2252,1,1,2,0.462,will hughes
2019,Watford,Christian Kabasele,DF,2250,0,2,2,0.461,christian kabasele
2019,Watford,Craig Cathcart,DF,2488,0,0,0,0.436,craig cathcart
2019,Watford,Kiko Femenía,DF,2237,0,0,0,0.392,kiko femenia
2019,Watford,Roberto Pereyra,"MF,FW",1648,3,0,3,0.389,roberto pereyra
2019,Watford,Adam Masina,DF,1821,1,0,1,0.353,adam masina
2019,Watford,Adrian Mariappa,DF,1513,0,0,0,0.265,adrian mariappa
2019,Watford,Danny Welbeck,"FW,MF",822,2,0,2,0.211,danny welbeck
2019,Watford,Tom Cleverley,MF,971,1,0,1,0.204,tom cleverley
2019,Watford,Andre Gray,FW,755,2,0,2,0.199,andre gray
2019,Watford,Nathaniel Chalobah,MF,930,0,1,1,0.196,nathaniel chalobah
2019,Watford,José Holebas,DF,1025,0,0,0,0.18,jose holebas
2019,Watford,Daryl Janmaat,"DF,MF",607,0,1,1,0.14,daryl janmaat
2019,Watford,Ignacio Pussetto,"FW,MF",74,0,0,0,0.013,ignacio pussetto
2019,Watford,Isaac Success,"FW,MF",70,0,0,0,0.012,isaac success
2019,Watford,Dimitri Foulquier,MF,59,0,0,0,0.01,dimitri foulquier
2019,Watford,Sebastian Prödl,DF,56,0,0,0,0.01,sebastian prodl
2019,Watford,Domingos Quina,MF,22,0,0,0,0.004,domingos quina
2019,Watford,João Pedro,"FW,MF",25,0,0,0,0.004,joao pedro
2019,West Ham United,Declan Rice,MF,3420,1,3,4,0.723,declan rice
2019,West Ham United,Michail Antonio,"FW,MF",1768,10,3,13,0.71,michail antonio
2019,West Ham United,Mark Noble,MF,2674,4,3,7,0.685,mark noble
2019,West Ham United,Sébastien Haller,FW,2266,7,1,8,0.644,sebastien haller
2019,West Ham United,Issa Diop,DF,2766,3,1,4,0.608,issa diop
2019,West Ham United,Pablo Fornals,MF,2172,2,5,7,0.596,pablo fornals
2019,West Ham United,Robert Snodgrass,MF,1509,5,5,10,0.572,robert snodgrass
2019,West Ham United,Aaron Cresswell,DF,2727,3,0,3,0.571,aaron cresswell
2019,West Ham United,Angelo Ogbonna,DF,2786,2,0,2,0.55,angelo ogbonna
2019,West Ham United,Ryan Fredericks,DF,2237,0,3,3,0.485,ryan fredericks
2019,West Ham United,Felipe Anderson,MF,1497,1,4,5,0.416,felipe anderson
2019,West Ham United,Łukasz Fabiański,GK,2117,0,0,0,0.371,ukasz fabianski
2019,West Ham United,Andriy Yarmolenko,MF,991,5,1,6,0.358,andriy yarmolenko
2019,West Ham United,Jarrod Bowen,MF,917,1,4,5,0.315,jarrod bowen
2019,West Ham United,Manuel Lanzini,MF,1379,0,2,2,0.303,manuel lanzini
2019,West Ham United,Tomáš Souček,MF,1040,3,0,3,0.275,tomas soucek
2019,West Ham United,Fabián Balbuena,DF,1177,1,0,1,0.237,fabian balbuena
2019,West Ham United,Arthur Masuaku,"DF,MF",937,0,1,1,0.195,arthur masuaku
2019,West Ham United,Roberto,GK,687,0,0,0,0.121,roberto
2019,West Ham United,Pablo Zabaleta,"DF,MF",592,0,0,0,0.104,pablo zabaleta
2019,West Ham United,Jeremy Ngakia,DF,440,0,0,0,0.077,jeremy ngakia
2019,West Ham United,David Martin,GK,436,0,0,0,0.076,david martin
2019,West Ham United,Javier Hernández,FW,107,1,0,1,0.05,javier hernandez
2019,West Ham United,Ben Johnson,DF,270,0,0,0,0.047,ben johnson
2019,West Ham United,Jack Wilshere,MF,215,0,0,0,0.038,jack wilshere
2019,West Ham United,Darren Randolph,GK,180,0,0,0,0.032,darren randolph
2019,West Ham United,Albian Ajeti,FW,139,0,0,0,0.024,albian ajeti
2019,West Ham United,Carlos Sánchez,MF,117,0,0,0,0.021,carlos sanchez
2019,West Ham United,Nathan Holland,"FW,MF",33,0,0,0,0.006,nathan holland
2019,Wolverhampton Wanderers,Raúl Jiménez,FW,3236,17,6,23,0.968,raul jimenez
2019,Wolverhampton Wanderers,Adama Traoré,"FW,MF",2605,4,9,13,0.683,adama traore
2019,Wolverhampton Wanderers,João Moutinho,MF,3108,1,6,7,0.667,joao moutinho
2019,Wolverhampton Wanderers,Matt Doherty,MF,2839,4,3,7,0.62,matt doherty
2019,Wolverhampton Wanderers,Rúben Neves,MF,3056,2,2,4,0.606,ruben neves
2019,Wolverhampton Wanderers,Conor Coady,DF,3420,0,0,0,0.6,conor coady
2019,Wolverhampton Wanderers,Rui Patrício,GK,3420,0,0,0,0.6,rui patricio
2019,Wolverhampton Wanderers,Jonny Castro,MF,2887,2,2,4,0.576,jonny castro
2019,Wolverhampton Wanderers,Leander Dendoncker,"MF,DF",2795,4,0,4,0.56,leander dendoncker
2019,Wolverhampton Wanderers,Diogo Jota,FW,2284,7,1,8,0.54,diogo jota
2019,Wolverhampton Wanderers,Romain Saïss,DF,2705,2,1,3,0.527,romain saiss
2019,Wolverhampton Wanderers,Willy Boly,DF,1979,0,1,1,0.365,willy boly
2019,Wolverhampton Wanderers,Pedro Neto,"FW,MF",939,3,3,6,0.269,pedro neto
2019,Wolverhampton Wanderers,Rúben Vinagre,MF,652,0,0,0,0.114,ruben vinagre
2019,Wolverhampton Wanderers,Ryan Bennett,DF,606,0,0,0,0.106,ryan bennett
2019,Wolverhampton Wanderers,Patrick Cutrone,FW,297,2,0,2,0.087,patrick cutrone
2019,Wolverhampton Wanderers,Daniel Podence,FW,289,1,0,1,0.068,daniel podence
2019,Wolverhampton Wanderers,Max Kilman,DF,185,0,0,0,0.032,max kilman
2019,Wolverhampton Wanderers,Jesús Vallejo,DF,163,0,0,0,0.029,jesus vallejo
2019,Wolverhampton Wanderers,Morgan Gibbs-White,MF,129,0,0,0,0.023,morgan gibbs white
2019,Wolverhampton Wanderers,Bruno Jordão,MF,7,0,0,0,0.001,bruno jordao
2020,Arsenal,Pierre-Emerick Aubameyang,"FW,MF",2332,10,3,13,0.794,pierre emerick aubameyang
2020,Arsenal,Alexandre Lacazette,FW,1923,13,2,15,0.769,alexandre lacazette
2020,Arsenal,Bukayo Saka,MF,2553,5,3,8,0.703,bukayo saka
2020,Arsenal,Nicolas Pépé,"MF,FW",1616,10,1,11,0.603,nicolas pepe
2020,Arsenal,Bernd Leno,GK,3131,0,0,0,0.6,bernd leno
2020,Arsenal,Granit Xhaka,"MF,DF",2522,1,2,3,0.563,granit xhaka
2020,Arsenal,Kieran Tierney,DF,2299,1,3,4,0.547,kieran tierney
2020,Arsenal,Rob Holding,DF,2558,0,1,1,0.517,rob holding
2020,Arsenal,Héctor Bellerín,"DF,MF",2089,1,2,3,0.48,hector bellerin
2020,Arsenal,Emile Smith Rowe,MF,1440,2,4,6,0.436,emile smith rowe
2020,Arsenal,Gabriel Magalhães,DF,1996,2,0,2,0.436,gabriel magalhaes
2020,Arsenal,Willian,"MF,FW",1406,1,5,6,0.429,willian
2020,Arsenal,Dani Ceballos,MF,1615,0,3,3,0.389,dani ceballos
2020,Arsenal,Thomas Partey,MF,1534,0,2,2,0.347,thomas partey
2020,Arsenal,Mohamed Elneny,MF,1544,1,0,1,0.323,mohamed elneny
2020,Arsenal,David Luiz,DF,1396,1,0,1,0.294,david luiz
2020,Arsenal,Martin Ødegaard,MF,866,1,2,3,0.246,martin degaard
2020,Arsenal,Calum Chambers,DF,753,0,2,2,0.198,calum chambers
2020,Arsenal,Gabriel Martinelli,"MF,FW",589,2,1,3,0.193,gabriel martinelli
2020,Arsenal,Pablo Marí,DF,900,0,0,0,0.172,pablo mari
2020,Arsenal,Cédric Soares,DF,746,0,1,1,0.17,cedric soares
2020,Arsenal,Eddie Nketiah,FW,423,2,1,3,0.161,eddie nketiah
2020,Arsenal,Ainsley Maitland-Niles,"MF,DF",490,0,0,0,0.094,ainsley maitland niles
2020,Arsenal,Mathew Ryan,GK,270,0,0,0,0.052,mathew ryan
2020,Arsenal,Joe Willock,MF,238,0,0,0,0.046,joe willock
2020,Arsenal,Sead Kolašinac,DF,90,0,0,0,0.017,sead kolasinac
2020,Arsenal,Reiss Nelson,"FW,MF",71,0,0,0,0.014,reiss nelson
2020,Arsenal,Shkodran Mustafi,DF,47,0,0,0,0.009,shkodran mustafi
2020,Arsenal,Rúnar Alex Rúnarsson,GK,16,0,0,0,0.003,runar alex runarsson
2020,Aston Villa,Ollie Watkins,FW,3328,14,5,19,0.984,ollie watkins
2020,Aston Villa,John McGinn,MF,3330,3,5,8,0.753,john mcginn
2020,Aston Villa,Jack Grealish,"MF,FW",2185,6,10,16,0.72,jack grealish
2020,Aston Villa,Bertrand Traoré,"MF,FW",2317,7,6,13,0.68,bertrand traore
2020,Aston Villa,Tyrone Mings,DF,3194,2,2,4,0.645,tyrone mings
2020,Aston Villa,Matt Targett,DF,3404,0,2,2,0.639,matt targett
2020,Aston Villa,Ezri Konsa,DF,3196,2,0,2,0.603,ezri konsa
2020,Aston Villa,Emiliano Martínez,GK,3420,0,0,0,0.6,emiliano martinez
2020,Aston Villa,Douglas Luiz,MF,2781,0,2,2,0.53,douglas luiz
2020,Aston Villa,Anwar El Ghazi,"MF,FW",1613,10,0,10,0.494,anwar el ghazi
2020,Aston Villa,Matty Cash,DF,2372,0,2,2,0.458,matty cash
2020,Aston Villa,Ross Barkley,MF,1531,3,1,4,0.353,ross barkley
2020,Aston Villa,Trézéguet,"MF,FW",1166,2,1,3,0.268,trezeguet
2020,Aston Villa,Ahmed Elmohamady,DF,839,0,0,0,0.147,ahmed elmohamady
2020,Aston Villa,Kortney Hause,DF,630,1,0,1,0.132,kortney hause
2020,Aston Villa,Marvelous Nakamba,MF,749,0,0,0,0.131,marvelous nakamba
2020,Aston Villa,Jacob Ramsey,MF,626,0,0,0,0.11,jacob ramsey
2020,Aston Villa,Keinan Davis,FW,277,1,1,2,0.091,keinan davis
2020,Aston Villa,Conor Hourihane,MF,225,1,1,2,0.082,conor hourihane
2020,Aston Villa,Morgan Sanson,MF,294,0,0,0,0.052,morgan sanson
2020,Aston Villa,Carney Chukwuemeka,MF,20,0,0,0,0.004,carney chukwuemeka
2020,Aston Villa,Neil Taylor,"DF,MF",16,0,0,0,0.003,neil taylor
2020,Aston Villa,Wesley Moraes,FW,18,0,0,0,0.003,wesley moraes
2020,Aston Villa,Jaden Philogene Bidace,"FW,MF",1,0,0,0,0.0,jaden philogene bidace
2020,Brighton & Hove Albion,Pascal Groß,MF,2484,3,8,11,0.867,pascal gro
2020,Brighton & Hove Albion,Leandro Trossard,"MF,FW",2607,5,5,10,0.854,leandro trossard
2020,Brighton & Hove Albion,Neal Maupay,"FW,MF",2512,8,2,10,0.836,neal maupay
2020,Brighton & Hove Albion,Lewis Dunk,DF,2931,5,0,5,0.733,lewis dunk
2020,Brighton & Hove Albion,Yves Bissouma,MF,3111,1,0,1,0.621,yves bissouma
2020,Brighton & Hove Albion,Ben White,"DF,MF",3191,0,0,0,0.6,ben white
2020,Brighton & Hove Albion,Danny Welbeck,FW,1545,6,1,7,0.545,danny welbeck
2020,Brighton & Hove Albion,Adam Webster,DF,2594,1,0,1,0.524,adam webster
2020,Brighton & Hove Albion,Joël Veltman,"DF,MF",2281,1,1,2,0.502,joel veltman
2020,Brighton & Hove Albion,Robert Sánchez,GK,2430,0,0,0,0.457,robert sanchez
2020,Brighton & Hove Albion,Dan Burn,"DF,MF",2061,1,0,1,0.424,dan burn
2020,Brighton & Hove Albion,Solly March,MF,1672,2,1,3,0.423,solly march
2020,Brighton & Hove Albion,Adam Lallana,"MF,FW",1596,1,1,2,0.373,adam lallana
2020,Brighton & Hove Albion,Alexis Mac Allister,"MF,FW",1115,1,1,2,0.282,alexis mac allister
2020,Brighton & Hove Albion,Aaron Connolly,"FW,MF",791,2,1,3,0.258,aaron connolly
2020,Brighton & Hove Albion,Tariq Lamptey,MF,886,1,1,2,0.239,tariq lamptey
2020,Brighton & Hove Albion,Steven Alzate,MF,896,1,0,1,0.205,steven alzate
2020,Brighton & Hove Albion,Mathew Ryan,GK,990,0,0,0,0.186,mathew ryan
2020,Brighton & Hove Albion,Alireza Jahanbakhsh,"MF,FW",528,0,1,1,0.136,alireza jahanbakhsh
2020,Brighton & Hove Albion,Jakub Moder,MF,647,0,0,0,0.122,jakub moder
2020,Brighton & Hove Albion,Percy Tau,MF,103,0,1,1,0.056,percy tau
2020,Brighton & Hove Albion,Davy Pröpper,MF,213,0,0,0,0.04,davy propper
2020,Brighton & Hove Albion,Bernardo,MF,206,0,0,0,0.039,bernardo
2020,Brighton & Hove Albion,Andi Zeqiri,FW,171,0,0,0,0.032,andi zeqiri
2020,Brighton & Hove Albion,José Izquierdo,"FW,MF",9,0,0,0,0.002,jose izquierdo
2020,Brighton & Hove Albion,Reda Khadra,"FW,MF",5,0,0,0,0.001,reda khadra
2020,Brighton & Hove Albion,Jayson Molumby,MF,1,0,0,0,0.0,jayson molumby
2020,Burnley,Chris Wood,FW,2741,12,3,15,0.882,chris wood
2020,Burnley,Ashley Westwood,MF,3410,3,3,6,0.76,ashley westwood
2020,Burnley,Dwight McNeil,MF,3069,2,5,7,0.727,dwight mcneil
2020,Burnley,James Tarkowski,DF,3240,1,0,1,0.597,james tarkowski
2020,Burnley,Matthew Lowton,DF,3060,1,1,2,0.592,matthew lowton
2020,Burnley,Ben Mee,DF,2693,2,0,2,0.527,ben mee
2020,Burnley,Josh Brownhill,MF,2813,0,1,1,0.522,josh brownhill
2020,Burnley,Nick Pope,GK,2880,0,0,0,0.507,nick pope
2020,Burnley,Charlie Taylor,DF,2426,0,1,1,0.454,charlie taylor
2020,Burnley,Matěj Vydra,FW,1371,3,2,5,0.375,matej vydra
2020,Burnley,Ashley Barnes,FW,1331,3,0,3,0.314,ashley barnes
2020,Burnley,Jay Rodriguez,"FW,MF",1265,1,2,3,0.303,jay rodriguez
2020,Burnley,Jóhann Berg Guðmundsson,MF,1363,2,0,2,0.293,johann berg gu mundsson
2020,Burnley,Erik Pieters,"DF,MF",1266,0,1,1,0.249,erik pieters
2020,Burnley,Jack Cork,MF,1350,0,0,0,0.238,jack cork
2020,Burnley,Robbie Brady,MF,1052,1,1,2,0.238,robbie brady
2020,Burnley,Kevin Long,DF,637,0,0,0,0.112,kevin long
2020,Burnley,Jimmy Dunne,DF,270,1,0,1,0.074,jimmy dunne
2020,Burnley,Bailey Peacock-Farrell,GK,360,0,0,0,0.063,bailey peacock farrell
2020,Burnley,Phil Bardsley,DF,274,0,0,0,0.048,phil bardsley
2020,Burnley,Dale Stephens,MF,261,0,0,0,0.046,dale stephens
2020,Burnley,Josh Benson,MF,264,0,0,0,0.046,josh benson
2020,Burnley,Will Norris,GK,180,0,0,0,0.032,will norris
2020,Burnley,Joel Mumbongo,FW,40,0,0,0,0.007,joel mumbongo
2020,Burnley,Lewis Richardson,"FW,MF",4,0,0,0,0.001,lewis richardson
2020,Chelsea,Timo Werner,"FW,MF",2602,6,8,14,0.94,timo werner
2020,Chelsea,Mason Mount,MF,2890,6,5,11,0.914,mason mount
2020,Chelsea,Ben Chilwell,"DF,MF",2286,3,5,8,0.703,ben chilwell
2020,Chelsea,Jorginho,MF,2010,7,1,8,0.646,jorginho
2020,Chelsea,Reece James,"DF,MF",2373,1,2,3,0.578,reece james
2020,Chelsea,Édouard Mendy,GK,2745,0,0,0,0.57,edouard mendy
2020,Chelsea,Kurt Zouma,DF,2029,5,0,5,0.564,kurt zouma
2020,Chelsea,César Azpilicueta,"DF,MF",2188,1,2,3,0.54,cesar azpilicueta
2020,Chelsea,Christian Pulisic,"MF,FW",1738,4,2,6,0.532,christian pulisic
2020,Chelsea,Kai Havertz,"MF,FW",1520,4,3,7,0.516,kai havertz
2020,Chelsea,N'Golo Kanté,MF,2146,0,2,2,0.503,n golo kante
2020,Chelsea,Thiago Silva,DF,1935,2,0,2,0.459,thiago silva
2020,Chelsea,Tammy Abraham,FW,1040,6,1,7,0.416,tammy abraham
2020,Chelsea,Mateo Kovačić,MF,1815,0,1,1,0.405,mateo kovacic
2020,Chelsea,Hakim Ziyech,"FW,MF",1172,2,3,5,0.386,hakim ziyech
2020,Chelsea,Antonio Rüdiger,DF,1710,1,0,1,0.384,antonio rudiger
2020,Chelsea,Callum Hudson-Odoi,"MF,FW",1059,2,3,5,0.363,callum hudson odoi
2020,Chelsea,Andreas Christensen,DF,1371,0,0,0,0.285,andreas christensen
2020,Chelsea,Olivier Giroud,FW,748,4,0,4,0.27,olivier giroud
2020,Chelsea,Marcos Alonso,"MF,DF",960,2,0,2,0.256,marcos alonso
2020,Chelsea,Kepa Arrizabalaga,GK,585,0,0,0,0.121,kepa arrizabalaga
2020,Chelsea,Billy Gilmour,MF,261,0,0,0,0.054,billy gilmour
2020,Chelsea,Emerson Palmieri,"DF,MF",90,0,0,0,0.019,emerson palmieri
2020,Chelsea,Willy Caballero,GK,90,0,0,0,0.019,willy caballero
2020,Chelsea,Ruben Loftus-Cheek,FW,60,0,0,0,0.012,ruben loftus cheek
2020,Chelsea,Fikayo Tomori,DF,45,0,0,0,0.009,fikayo tomori
2020,Chelsea,Ross Barkley,MF,42,0,0,0,0.009,ross barkley
2020,Crystal Palace,Wilfried Zaha,FW,2612,11,2,13,0.871,wilfried zaha
2020,Crystal Palace,Eberechi Eze,MF,2559,4,6,10,0.769,eberechi eze
2020,Crystal Palace,Christian Benteke,FW,1816,10,1,11,0.666,christian benteke
2020,Crystal Palace,Vicente Guaita,GK,3330,0,0,0,0.6,vicente guaita
2020,Crystal Palace,Cheikhou Kouyaté,DF,3121,1,0,1,0.593,cheikhou kouyate
2020,Crystal Palace,Andros Townsend,"MF,FW",2258,1,5,6,0.591,andros townsend
2020,Crystal Palace,Jordan Ayew,"FW,MF",2096,1,3,4,0.501,jordan ayew
2020,Crystal Palace,Luka Milivojević,MF,2359,1,1,2,0.487,luka milivojevic
2020,Crystal Palace,Joel Ward,DF,2256,0,1,1,0.437,joel ward
2020,Crystal Palace,Jeffrey Schlupp,MF,1428,2,3,5,0.411,jeffrey schlupp
2020,Crystal Palace,Jaïro Riedewald,MF,1820,2,0,2,0.389,jairo riedewald
2020,Crystal Palace,Gary Cahill,DF,1800,1,1,2,0.386,gary cahill
2020,Crystal Palace,Tyrick Mitchell,DF,1710,1,1,2,0.37,tyrick mitchell
2020,Crystal Palace,Patrick van Aanholt,DF,1777,0,1,1,0.351,patrick van aanholt
2020,Crystal Palace,James McArthur,MF,1466,0,2,2,0.326,james mcarthur
2020,Crystal Palace,Scott Dann,DF,1350,1,0,1,0.274,scott dann
2020,Crystal Palace,Nathaniel Clyne,DF,1145,0,1,1,0.237,nathaniel clyne
2020,Crystal Palace,Michy Batshuayi,FW,728,2,1,3,0.223,michy batshuayi
2020,Crystal Palace,James McCarthy,MF,821,0,0,0,0.148,james mccarthy
2020,Crystal Palace,James Tomkins,DF,553,0,0,0,0.1,james tomkins
2020,Crystal Palace,Jean-Philippe Mateta,FW,221,1,0,1,0.071,jean philippe mateta
2020,Crystal Palace,Mamadou Sakho,DF,276,0,0,0,0.05,mamadou sakho
2020,Crystal Palace,Jack Butland,GK,90,0,0,0,0.016,jack butland
2020,Crystal Palace,Martin Kelly,"DF,MF",2,0,0,0,0.0,martin kelly
2020,Everton,Dominic Calvert-Lewin,FW,2871,16,0,16,0.976,dominic calvert lewin
2020,Everton,Richarlison,"FW,MF",2861,7,3,10,0.824,richarlison
2020,Everton,Gylfi Sigurðsson,"MF,FW",2253,6,5,11,0.727,gylfi sigur sson
2020,Everton,Lucas Digne,"DF,MF",2681,0,7,7,0.713,lucas digne
2020,Everton,Michael Keane,DF,2991,3,1,4,0.7,michael keane
2020,Everton,Abdoulaye Doucouré,MF,2443,2,3,5,0.615,abdoulaye doucoure
2020,Everton,James Rodríguez,"FW,MF",1764,6,4,10,0.604,james rodriguez
2020,Everton,Ben Godfrey,DF,2685,0,2,2,0.589,ben godfrey
2020,Everton,Jordan Pickford,GK,2742,0,0,0,0.55,jordan pickford
2020,Everton,Mason Holgate,DF,2287,1,0,1,0.484,mason holgate
2020,Everton,Yerry Mina,DF,1937,2,0,2,0.439,yerry mina
2020,Everton,Allan,MF,2051,0,0,0,0.411,allan
2020,Everton,Séamus Coleman,"DF,MF",1613,0,3,3,0.399,seamus coleman
2020,Everton,Alex Iwobi,"MF,FW",1542,1,2,3,0.384,alex iwobi
2020,Everton,André Gomes,MF,1570,0,1,1,0.34,andre gomes
2020,Everton,Tom Davies,MF,1423,0,1,1,0.31,tom davies
2020,Everton,Robin Olsen,GK,630,0,0,0,0.126,robin olsen
2020,Everton,Bernard,"MF,FW",455,1,0,1,0.116,bernard
2020,Everton,Fabian Delph,MF,266,0,0,0,0.053,fabian delph
2020,Everton,Joshua King,"FW,MF",148,0,0,0,0.03,joshua king
2020,Everton,Anthony Gordon,MF,88,0,0,0,0.018,anthony gordon
2020,Everton,Jonjoe Kenny,DF,79,0,0,0,0.016,jonjoe kenny
2020,Everton,Niels Nkounkou,DF,81,0,0,0,0.016,niels nkounkou
2020,Everton,Cenk Tosun,"FW,MF",48,0,0,0,0.01,cenk tosun
2020,Everton,João Virgínia,GK,48,0,0,0,0.01,joao virginia
2020,Everton,Moise Kean,FW,15,0,0,0,0.003,moise kean
2020,Everton,Theo Walcott,"FW,MF",13,0,0,0,0.003,theo walcott
2020,Everton,Jean-Philippe Gbamin,"DF,MF",12,0,0,0,0.002,jean philippe gbamin
2020,Everton,Nathan Broadhead,"FW,MF",3,0,0,0,0.001,nathan broadhead
2020,Fulham,Ademola Lookman,"MF,FW",2747,4,4,8,0.909,ademola lookman
2020,Fulham,Bobby De Cordova-Reid,"MF,FW",2372,5,2,7,0.789,bobby de cordova reid
2020,Fulham,Ola Aina,DF,2664,2,1,3,0.643,ola aina
2020,Fulham,Frank Anguissa,MF,2587,0,3,3,0.629,frank anguissa
2020,Fulham,Ivan Cavaleiro,"FW,MF",2472,3,0,3,0.608,ivan cavaleiro
2020,Fulham,Joachim Andersen,DF,2730,1,1,2,0.606,joachim andersen
2020,Fulham,Alphonse Areola,GK,3240,0,0,0,0.6,alphonse areola
2020,Fulham,Aleksandar Mitrović,FW,1402,3,3,6,0.56,aleksandar mitrovic
2020,Fulham,Tosin Adarabioyo,DF,2953,0,0,0,0.547,tosin adarabioyo
2020,Fulham,Harrison Reed,MF,2247,0,2,2,0.516,harrison reed
2020,Fulham,Ruben Loftus-Cheek,"MF,FW",1909,1,0,1,0.404,ruben loftus cheek
2020,Fulham,Antonee Robinson,"DF,MF",2162,0,0,0,0.4,antonee robinson
2020,Fulham,Mario Lemina,MF,1703,1,0,1,0.365,mario lemina
2020,Fulham,Kenny Tete,"DF,MF",1481,0,1,1,0.324,kenny tete
2020,Fulham,Josh Maja,FW,810,3,0,3,0.3,josh maja
2020,Fulham,Tom Cairney,MF,759,1,1,2,0.241,tom cairney
2020,Fulham,Joe Bryan,"MF,DF",669,1,0,1,0.174,joe bryan
2020,Fulham,Tim Ream,DF,630,0,0,0,0.117,tim ream
2020,Fulham,Fabio Carvalho,"FW,MF",255,1,0,1,0.097,fabio carvalho
2020,Fulham,Josh Onomah,MF,374,0,0,0,0.069,josh onomah
2020,Fulham,Aboubakar Kamara,"MF,FW",315,0,0,0,0.058,aboubakar kamara
2020,Fulham,Denis Odoi,DF,270,0,0,0,0.05,denis odoi
2020,Fulham,Michael Hector,DF,263,0,0,0,0.049,michael hector
2020,Fulham,Marek Rodák,GK,180,0,0,0,0.033,marek rodak
2020,Fulham,Maxime Le Marchand,DF,123,0,0,0,0.023,maxime le marchand
2020,Fulham,Neeskens Kebano,MF,119,0,0,0,0.022,neeskens kebano
2020,Fulham,Terence Kongolo,DF,90,0,0,0,0.017,terence kongolo
2020,Fulham,Tyrese Francois,MF,15,0,0,0,0.003,tyrese francois
2020,Leeds United,Patrick Bamford,FW,3050,17,7,24,0.937,patrick bamford
2020,Leeds United,Jack Harrison,MF,2847,8,8,16,0.768,jack harrison
2020,Leeds United,Stuart Dallas,"MF,DF",3409,8,2,10,0.767,stuart dallas
2020,Leeds United,Raphinha,MF,2360,6,9,15,0.665,raphinha
2020,Leeds United,Luke Ayling,DF,3399,0,0,0,0.598,luke ayling
2020,Leeds United,Mateusz Klich,MF,2393,4,5,9,0.571,mateusz klich
2020,Leeds United,Illan Meslier,GK,3150,0,0,0,0.554,illan meslier
2020,Leeds United,Ezgjan Alioski,"DF,MF",2461,2,3,5,0.516,ezgjan alioski
2020,Leeds United,Kalvin Phillips,MF,2428,1,2,3,0.477,kalvin phillips
2020,Leeds United,Liam Cooper,DF,2185,1,0,1,0.401,liam cooper
2020,Leeds United,Pascal Struijk,"DF,MF",2075,1,0,1,0.382,pascal struijk
2020,Leeds United,Rodrigo,MF,1288,7,2,9,0.377,rodrigo
2020,Leeds United,Hélder Costa,MF,1156,3,3,6,0.303,helder costa
2020,Leeds United,Tyler Roberts,MF,1340,1,2,3,0.286,tyler roberts
2020,Leeds United,Diego Llorente,DF,1204,1,0,1,0.229,diego llorente
2020,Leeds United,Robin Koch,"DF,MF",1132,0,0,0,0.199,robin koch
2020,Leeds United,Pablo Hernández,MF,427,0,2,2,0.108,pablo hernandez
2020,Leeds United,Jamie Shackleton,"MF,DF",461,0,0,0,0.081,jamie shackleton
2020,Leeds United,Ian Poveda,"FW,MF",355,0,0,0,0.062,ian poveda
2020,Leeds United,Kiko Casilla,GK,270,0,0,0,0.048,kiko casilla
2020,Leeds United,Gaetano Berardi,DF,113,0,0,0,0.02,gaetano berardi
2020,Leeds United,Niall Huggins,DF,38,0,0,0,0.007,niall huggins
2020,Leeds United,Leif Davis,"DF,MF",33,0,0,0,0.006,leif davis
2020,Leicester City,Jamie Vardy,FW,2840,15,9,24,0.898,jamie vardy
2020,Leicester City,Youri Tielemans,MF,3357,6,4,10,0.756,youri tielemans
2020,Leicester City,Kasper Schmeichel,GK,3420,0,0,0,0.6,kasper schmeichel
2020,Leicester City,James Maddison,MF,2099,8,5,13,0.585,james maddison
2020,Leicester City,Harvey Barnes,MF,1945,9,4,13,0.558,harvey barnes
2020,Leicester City,Jonny Evans,DF,2473,2,2,4,0.501,jonny evans
2020,Leicester City,Timothy Castagne,"DF,MF",2345,2,3,5,0.495,timothy castagne
2020,Leicester City,Kelechi Iheanacho,FW,1459,12,2,14,0.489,kelechi iheanacho
2020,Leicester City,Wilfred Ndidi,"MF,DF",2176,1,4,5,0.465,wilfred ndidi
2020,Leicester City,James Justin,"DF,MF",2070,2,1,3,0.413,james justin
2020,Leicester City,Marc Albrighton,MF,1746,1,5,6,0.406,marc albrighton
2020,Leicester City,Wesley Fofana,DF,2262,0,0,0,0.397,wesley fofana
2020,Leicester City,Çağlar Söyüncü,DF,1819,1,0,1,0.336,caglar soyuncu
2020,Leicester City,Ayoze Pérez,"MF,FW",1331,2,1,3,0.284,ayoze perez
2020,Leicester City,Nampalys Mendy,MF,1459,0,1,1,0.273,nampalys mendy
2020,Leicester City,Luke Thomas,"MF,DF",969,1,0,1,0.187,luke thomas
2020,Leicester City,Ricardo Pereira,"MF,DF",959,0,1,1,0.185,ricardo pereira
2020,Leicester City,Dennis Praet,MF,718,1,1,2,0.159,dennis praet
2020,Leicester City,Daniel Amartey,DF,722,1,0,1,0.143,daniel amartey
2020,Leicester City,Christian Fuchs,DF,702,0,0,0,0.123,christian fuchs
2020,Leicester City,Cengiz Ünder,MF,281,0,2,2,0.083,cengiz under
2020,Leicester City,Hamza Choudhury,MF,316,0,0,0,0.055,hamza choudhury
2020,Leicester City,Sidnei Tavares,MF,85,0,0,0,0.015,sidnei tavares
2020,Leicester City,Islam Slimani,FW,20,0,0,0,0.004,islam slimani
2020,Leicester City,Demarai Gray,"FW,MF",19,0,0,0,0.003,demarai gray
2020,Leicester City,Wes Morgan,DF,18,0,0,0,0.003,wes morgan
2020,Leicester City,Khanya Leshabela,MF,10,0,0,0,0.002,khanya leshabela
2020,Liverpool,Mohamed Salah,FW,3078,22,5,27,0.946,mohamed salah
2020,Liverpool,Sadio Mané,FW,2810,11,7,18,0.765,sadio mane
2020,Liverpool,Roberto Firmino,FW,2838,9,7,16,0.74,roberto firmino
2020,Liverpool,Andy Robertson,DF,3383,1,7,8,0.719,andy robertson
2020,Liverpool,Trent Alexander-Arnold,DF,3031,2,7,9,0.671,trent alexander arnold
2020,Liverpool,Georginio Wijnaldum,MF,2941,2,0,2,0.551,georginio wijnaldum
2020,Liverpool,Alisson,GK,2970,1,0,1,0.542,alisson
2020,Liverpool,Fabinho,"DF,MF",2567,0,0,0,0.455,fabinho
2020,Liverpool,Thiago Alcántara,MF,1854,1,0,1,0.344,thiago alcantara
2020,Liverpool,Jordan Henderson,"MF,DF",1704,1,1,2,0.332,jordan henderson
2020,Liverpool,Diogo Jota,"FW,MF",1112,9,0,9,0.331,diogo jota
2020,Liverpool,Nathaniel Phillips,DF,1456,1,1,2,0.288,nathaniel phillips
2020,Liverpool,Curtis Jones,MF,1179,1,2,3,0.254,curtis jones
2020,Liverpool,James Milner,MF,1070,0,1,1,0.205,james milner
2020,Liverpool,Joël Matip,DF,691,1,2,3,0.167,joel matip
2020,Liverpool,Ozan Kabak,DF,801,0,0,0,0.142,ozan kabak
2020,Liverpool,Xherdan Shaqiri,"MF,FW",556,0,2,2,0.128,xherdan shaqiri
2020,Liverpool,Rhys Williams,DF,661,0,0,0,0.117,rhys williams
2020,Liverpool,Joe Gomez,DF,590,0,0,0,0.105,joe gomez
2020,Liverpool,Naby Keïta,MF,520,0,0,0,0.092,naby keita
2020,Liverpool,Virgil van Dijk,DF,370,1,0,1,0.08,virgil van dijk
2020,Liverpool,Alex Oxlade-Chamberlain,"MF,FW",253,1,1,2,0.075,alex oxlade chamberlain
2020,Liverpool,Takumi Minamino,"MF,FW",293,1,0,1,0.067,takumi minamino
2020,Liverpool,Adrián,GK,270,0,0,0,0.048,adrian
2020,Liverpool,Neco Williams,DF,249,0,0,0,0.044,neco williams
2020,Liverpool,Divock Origi,FW,186,0,0,0,0.033,divock origi
2020,Liverpool,Caoimhín Kelleher,GK,180,0,0,0,0.032,caoimhin kelleher
2020,Liverpool,Kostas Tsimikas,DF,7,0,0,0,0.001,kostas tsimikas
2020,Manchester City,Raheem Sterling,"FW,MF",2536,10,7,17,0.847,raheem sterling
2020,Manchester City,Kevin De Bruyne,MF,1997,6,12,18,0.77,kevin de bruyne
2020,Manchester City,İlkay Gündoğan,MF,2029,13,2,15,0.709,ilkay gundogan
2020,Manchester City,Riyad Mahrez,"FW,MF",1949,9,6,15,0.694,riyad mahrez
2020,Manchester City,Gabriel Jesus,FW,2063,9,4,13,0.671,gabriel jesus
2020,Manchester City,Ederson Moraes,GK,3240,0,1,1,0.622,ederson moraes
2020,Manchester City,Phil Foden,"FW,MF",1616,9,5,14,0.61,phil foden
2020,Manchester City,Rodri,MF,2748,2,2,4,0.598,rodri
2020,Manchester City,Bernardo Silva,"MF,FW",2065,2,6,8,0.56,bernardo silva
2020,Manchester City,Rúben Dias,DF,2843,1,0,1,0.549,ruben dias
2020,Manchester City,João Cancelo,"DF,MF",2299,2,3,5,0.537,joao cancelo
2020,Manchester City,John Stones,DF,1933,4,0,4,0.447,john stones
2020,Manchester City,Ferran Torres,"FW,MF",1306,7,2,9,0.442,ferran torres
2020,Manchester City,Kyle Walker,DF,1946,1,1,2,0.405,kyle walker
2020,Manchester City,Oleksandr Zinchenko,DF,1478,0,0,0,0.274,oleksandr zinchenko
2020,Manchester City,Fernandinho,MF,1188,0,2,2,0.264,fernandinho
2020,Manchester City,Aymeric Laporte,DF,1344,0,0,0,0.249,aymeric laporte
2020,Manchester City,Benjamin Mendy,"DF,MF",953,2,1,3,0.243,benjamin mendy
2020,Manchester City,Sergio Agüero,"FW,MF",559,4,1,5,0.215,sergio aguero
2020,Manchester City,Nathan Aké,DF,797,1,0,1,0.17,nathan ake
2020,Manchester City,Eric García,DF,383,0,0,0,0.071,eric garcia
2020,Manchester City,Scott Carson,GK,90,0,0,0,0.017,scott carson
2020,Manchester City,Zack Steffen,GK,90,0,0,0,0.017,zack steffen
2020,Manchester City,Liam Delap,FW,40,0,0,0,0.007,liam delap
2020,Manchester United,Bruno Fernandes,MF,3099,18,12,30,1.0,bruno fernandes
2020,Manchester United,Marcus Rashford,"MF,FW",2920,11,9,20,0.832,marcus rashford
2020,Manchester United,Aaron Wan-Bissaka,DF,3060,2,4,6,0.672,aaron wan bissaka
2020,Manchester United,Harry Maguire,DF,3047,2,1,3,0.63,harry maguire
2020,Manchester United,Luke Shaw,DF,2654,1,5,6,0.594,luke shaw
2020,Manchester United,Victor Lindelöf,DF,2585,1,1,2,0.527,victor lindelof
2020,Manchester United,Scott McTominay,MF,2129,4,1,5,0.479,scott mctominay
2020,Manchester United,Fred,MF,2390,1,0,1,0.476,fred
2020,Manchester United,Mason Greenwood,"MF,FW",1822,7,2,9,0.473,mason greenwood
2020,Manchester United,Paul Pogba,MF,1897,3,3,6,0.447,paul pogba
2020,Manchester United,David de Gea,GK,2295,0,0,0,0.444,david de gea
2020,Manchester United,Edinson Cavani,FW,1375,10,3,13,0.44,edinson cavani
2020,Manchester United,Anthony Martial,"FW,MF",1480,4,3,7,0.38,anthony martial
2020,Manchester United,Daniel James,MF,910,3,1,4,0.23,daniel james
2020,Manchester United,Dean Henderson,GK,1125,0,0,0,0.218,dean henderson
2020,Manchester United,Nemanja Matić,MF,1106,0,0,0,0.214,nemanja matic
2020,Manchester United,Eric Bailly,DF,916,0,0,0,0.177,eric bailly
2020,Manchester United,Alex Telles,DF,690,0,2,2,0.16,alex telles
2020,Manchester United,Juan Mata,MF,509,1,2,3,0.139,juan mata
2020,Manchester United,Donny van de Beek,MF,524,1,1,2,0.128,donny van de beek
2020,Manchester United,Axel Tuanzebe,DF,404,0,0,0,0.078,axel tuanzebe
2020,Manchester United,Amad Diallo,MF,166,0,1,1,0.045,amad diallo
2020,Manchester United,Anthony Elanga,"MF,FW",155,1,0,1,0.043,anthony elanga
2020,Manchester United,Brandon Williams,DF,188,0,0,0,0.036,brandon williams
2020,Manchester United,Timothy Fosu-Mensah,DF,80,0,0,0,0.015,timothy fosu mensah
2020,Manchester United,Hannibal Mejbri,MF,9,0,0,0,0.002,hannibal mejbri
2020,Manchester United,Odion Ighalo,FW,10,0,0,0,0.002,odion ighalo
2020,Manchester United,Shola Shoretire,"FW,MF",11,0,0,0,0.002,shola shoretire
2020,Manchester United,Will Fish,DF,1,0,0,0,0.0,will fish
2020,Newcastle United,Callum Wilson,FW,2084,12,5,17,0.878,callum wilson
2020,Newcastle United,Jonjo Shelvey,MF,2617,1,3,4,0.694,jonjo shelvey
2020,Newcastle United,Miguel Almirón,"MF,FW",2429,4,1,5,0.675,miguel almiron
2020,Newcastle United,Joelinton,"FW,MF",1983,4,2,6,0.596,joelinton
2020,Newcastle United,Allan Saint-Maximin,"FW,MF",1560,3,4,7,0.522,allan saint maximin
2020,Newcastle United,Karl Darlow,GK,2250,0,0,0,0.516,karl darlow
2020,Newcastle United,Jacob Murphy,"DF,MF",1626,2,3,5,0.49,jacob murphy
2020,Newcastle United,Federico Fernández,DF,2079,0,0,0,0.477,federico fernandez
2020,Newcastle United,Ciaran Clark,DF,1891,1,0,1,0.457,ciaran clark
2020,Newcastle United,Isaac Hayden,"MF,DF",1942,0,0,0,0.445,isaac hayden
2020,Newcastle United,Jamal Lewis,DF,1837,0,1,1,0.445,jamal lewis
2020,Newcastle United,Jamaal Lascelles,DF,1625,2,0,2,0.42,jamaal lascelles
2020,Newcastle United,Joe Willock,MF,978,8,0,8,0.412,joe willock
2020,Newcastle United,Jeff Hendrick,MF,1422,2,1,3,0.397,jeff hendrick
2020,Newcastle United,Matt Ritchie,"DF,MF",1350,0,2,2,0.357,matt ritchie
2020,Newcastle United,Sean Longstaff,MF,1412,0,1,1,0.347,sean longstaff
2020,Newcastle United,Emil Krafth,DF,1288,1,0,1,0.319,emil krafth
2020,Newcastle United,Paul Dummett,DF,1255,1,0,1,0.311,paul dummett
2020,Newcastle United,Fabian Schär,DF,1246,1,0,1,0.309,fabian schar
2020,Newcastle United,Martin Dúbravka,GK,1170,0,0,0,0.268,martin dubravka
2020,Newcastle United,Ryan Fraser,"FW,MF",928,0,2,2,0.26,ryan fraser
2020,Newcastle United,Javier Manquillo,DF,825,0,0,0,0.189,javier manquillo
2020,Newcastle United,Dwight Gayle,FW,514,1,1,2,0.165,dwight gayle
2020,Newcastle United,Andy Carroll,FW,392,1,0,1,0.113,andy carroll
2020,Newcastle United,DeAndre Yedlin,DF,436,0,0,0,0.1,deandre yedlin
2020,Newcastle United,Matthew Longstaff,MF,377,0,0,0,0.086,matthew longstaff
2020,Newcastle United,Elliot Anderson,MF,4,0,0,0,0.001,elliot anderson
2020,Sheffield United,David McGoldrick,FW,2397,8,1,9,0.821,david mcgoldrick
2020,Sheffield United,Aaron Ramsdale,GK,3420,0,0,0,0.6,aaron ramsdale
2020,Sheffield United,George Baldock,"MF,DF",2787,0,2,2,0.578,george baldock
2020,Sheffield United,John Fleck,MF,2575,0,2,2,0.541,john fleck
2020,Sheffield United,Enda Stevens,"MF,DF",2700,0,1,1,0.518,enda stevens
2020,Sheffield United,John Egan,DF,2629,0,1,1,0.506,john egan
2020,Sheffield United,Chris Basham,DF,2576,0,1,1,0.496,chris basham
2020,Sheffield United,John Lundstram,MF,2032,0,2,2,0.445,john lundstram
2020,Sheffield United,Oliver Norwood,MF,2220,0,0,0,0.389,oliver norwood
2020,Sheffield United,Ethan Ampadu,"DF,MF",2089,0,0,0,0.366,ethan ampadu
2020,Sheffield United,Ben Osborn,"MF,FW",1604,1,0,1,0.326,ben osborn
2020,Sheffield United,Oliver Burke,FW,1269,1,1,2,0.312,oliver burke
2020,Sheffield United,Sander Berge,MF,1120,1,1,2,0.285,sander berge
2020,Sheffield United,Jayden Bogle,MF,1110,2,0,2,0.284,jayden bogle
2020,Sheffield United,Oliver McBurnie,FW,1324,1,0,1,0.277,oliver mcburnie
2020,Sheffield United,Billy Sharp,FW,735,3,0,3,0.262,billy sharp
2020,Sheffield United,Kean Bryan,DF,1004,1,0,1,0.221,kean bryan
2020,Sheffield United,Jack Robinson,DF,877,0,1,1,0.198,jack robinson
2020,Sheffield United,Rhian Brewster,FW,1128,0,0,0,0.198,rhian brewster
2020,Sheffield United,Max Lowe,"MF,DF",550,0,0,0,0.096,max lowe
2020,Sheffield United,Daniel Jebbison,FW,284,1,0,1,0.094,daniel jebbison
2020,Sheffield United,Phil Jagielka,DF,526,0,0,0,0.092,phil jagielka
2020,Sheffield United,Lys Mousset,FW,296,0,0,0,0.052,lys mousset
2020,Sheffield United,Jack O'Connell,DF,180,0,0,0,0.032,jack o connell
2020,Sheffield United,Antwoine Hackford,FW,11,0,0,0,0.002,antwoine hackford
2020,Sheffield United,Iliman Ndiaye,"FW,MF",12,0,0,0,0.002,iliman ndiaye
2020,Sheffield United,Femi Seriki,DF,1,0,0,0,0.0,femi seriki
2020,Southampton,James Ward-Prowse,MF,3420,8,7,15,0.975,james ward prowse
2020,Southampton,Ché Adams,FW,2667,9,5,14,0.818,che adams
2020,Southampton,Danny Ings,FW,2173,12,4,16,0.781,danny ings
2020,Southampton,Stuart Armstrong,MF,2764,4,5,9,0.71,stuart armstrong
2020,Southampton,Jan Bednarek,DF,3100,1,1,2,0.594,jan bednarek
2020,Southampton,Jannik Vestergaard,DF,2574,3,0,3,0.527,jannik vestergaard
2020,Southampton,Kyle Walker-Peters,DF,2645,0,2,2,0.514,kyle walker peters
2020,Southampton,Ryan Bertrand,DF,2598,0,1,1,0.481,ryan bertrand
2020,Southampton,Alex McCarthy,GK,2700,0,0,0,0.474,alex mccarthy
2020,Southampton,Theo Walcott,"MF,FW",1618,3,3,6,0.434,theo walcott
2020,Southampton,Nathan Redmond,"MF,FW",1738,2,3,5,0.43,nathan redmond
2020,Southampton,Oriol Romeu,MF,1763,1,1,2,0.359,oriol romeu
2020,Southampton,Jack Stephens,DF,1537,0,0,0,0.27,jack stephens
2020,Southampton,Moussa Djenepo,MF,1240,1,0,1,0.243,moussa djenepo
2020,Southampton,Nathan Tella,"FW,MF",745,1,1,2,0.181,nathan tella
2020,Southampton,Ibrahima Diallo,MF,1020,0,0,0,0.179,ibrahima diallo
2020,Southampton,Takumi Minamino,"MF,FW",711,2,0,2,0.175,takumi minamino
2020,Southampton,Mohammed Salisu,DF,844,0,0,0,0.148,mohammed salisu
2020,Southampton,Fraser Forster,GK,720,0,0,0,0.126,fraser forster
2020,Southampton,Shane Long,FW,210,0,0,0,0.037,shane long
2020,Southampton,William Smallbone,MF,172,0,0,0,0.03,william smallbone
2020,Southampton,Dan Nlundulu,FW,111,0,0,0,0.019,dan nlundulu
2020,Southampton,Yan Valery,DF,103,0,0,0,0.018,yan valery
2020,Southampton,Kayne Ramsey,DF,90,0,0,0,0.016,kayne ramsey
2020,Southampton,Jake Vokins,DF,66,0,0,0,0.012,jake vokins
2020,Southampton,Michael Obafemi,FW,61,0,0,0,0.011,michael obafemi
2020,Southampton,Caleb Watts,MF,39,0,0,0,0.007,caleb watts
2020,Southampton,Allan Tchaptchet,DF,13,0,0,0,0.002,allan tchaptchet
2020,Southampton,Alexandre Jankewitz,MF,3,0,0,0,0.001,alexandre jankewitz
2020,Tottenham Hotspur,Harry Kane,FW,3082,23,14,37,0.941,harry kane
2020,Tottenham Hotspur,Son Heung-min,"MF,FW",3114,17,10,27,0.838,son heung min
2020,Tottenham Hotspur,Pierre Højbjerg,MF,3420,2,4,6,0.665,pierre h jbjerg
2020,Tottenham Hotspur,Hugo Lloris,GK,3420,0,0,0,0.6,hugo lloris
2020,Tottenham Hotspur,Eric Dier,DF,2520,0,0,0,0.442,eric dier
2020,Tottenham Hotspur,Sergio Reguilón,"DF,MF",2244,0,3,3,0.426,sergio reguilon
2020,Tottenham Hotspur,Tanguy Ndombele,MF,2091,3,2,5,0.421,tanguy ndombele
2020,Tottenham Hotspur,Toby Alderweireld,DF,2240,1,0,1,0.404,toby alderweireld
2020,Tottenham Hotspur,Serge Aurier,"DF,MF",1605,2,3,5,0.336,serge aurier
2020,Tottenham Hotspur,Lucas Moura,"MF,FW",1411,3,4,7,0.323,lucas moura
2020,Tottenham Hotspur,Gareth Bale,MF,920,11,2,13,0.302,gareth bale
2020,Tottenham Hotspur,Moussa Sissoko,MF,1585,0,0,0,0.278,moussa sissoko
2020,Tottenham Hotspur,Davinson Sánchez,DF,1486,0,0,0,0.261,davinson sanchez
2020,Tottenham Hotspur,Steven Bergwijn,"MF,FW",1208,1,3,4,0.255,steven bergwijn
2020,Tottenham Hotspur,Ben Davies,DF,1346,0,1,1,0.247,ben davies
2020,Tottenham Hotspur,Matt Doherty,"DF,MF",1240,0,2,2,0.239,matt doherty
2020,Tottenham Hotspur,Giovani Lo Celso,MF,945,1,1,2,0.187,giovani lo celso
2020,Tottenham Hotspur,Harry Winks,MF,861,0,0,0,0.151,harry winks
2020,Tottenham Hotspur,Érik Lamela,"MF,FW",717,1,0,1,0.137,erik lamela
2020,Tottenham Hotspur,Joe Rodon,DF,733,0,0,0,0.129,joe rodon
2020,Tottenham Hotspur,Dele Alli,MF,620,0,1,1,0.12,dele alli
2020,Tottenham Hotspur,Japhet Tanganga,DF,487,0,0,0,0.085,japhet tanganga
2020,Tottenham Hotspur,Carlos Vinícius,FW,308,1,0,1,0.065,carlos vinicius
2020,Tottenham Hotspur,Dane Scarlett,FW,1,0,0,0,0.0,dane scarlett
2020,West Bromwich Albion,Matheus Pereira,MF,2577,11,6,17,0.864,matheus pereira
2020,West Bromwich Albion,Sam Johnstone,GK,3330,0,1,1,0.624,sam johnstone
2020,West Bromwich Albion,Darnell Furlong,"DF,MF",2932,1,3,4,0.622,darnell furlong
2020,West Bromwich Albion,Kyle Bartley,DF,2584,3,1,4,0.56,kyle bartley
2020,West Bromwich Albion,Conor Gallagher,MF,2531,2,2,4,0.55,conor gallagher
2020,West Bromwich Albion,Semi Ajayi,DF,2780,2,0,2,0.548,semi ajayi
2020,West Bromwich Albion,Conor Townsend,DF,2234,0,2,2,0.45,conor townsend
2020,West Bromwich Albion,Matt Phillips,MF,1828,2,1,3,0.4,matt phillips
2020,West Bromwich Albion,Callum Robinson,"FW,MF",1560,5,0,5,0.399,callum robinson
2020,West Bromwich Albion,Dara O'Shea,DF,2102,0,0,0,0.379,dara o shea
2020,West Bromwich Albion,Mbaye Diagne,FW,1189,3,2,5,0.332,mbaye diagne
2020,West Bromwich Albion,Romaine Sawyers,MF,1487,0,0,0,0.268,romaine sawyers
2020,West Bromwich Albion,Okay Yokuşlu,MF,1317,0,1,1,0.261,okay yokuslu
2020,West Bromwich Albion,Grady Diangana,MF,1235,1,0,1,0.246,grady diangana
2020,West Bromwich Albion,Karlan Grant,"FW,MF",1127,1,0,1,0.227,karlan grant
2020,West Bromwich Albion,Jake Livermore,MF,1242,0,0,0,0.224,jake livermore
2020,West Bromwich Albion,Ainsley Maitland-Niles,MF,1230,0,0,0,0.222,ainsley maitland niles
2020,West Bromwich Albion,Hal Robson-Kanu,FW,561,2,0,2,0.148,hal robson kanu
2020,West Bromwich Albion,Kieran Gibbs,"DF,MF",809,0,0,0,0.146,kieran gibbs
2020,West Bromwich Albion,Branislav Ivanović,DF,767,0,0,0,0.138,branislav ivanovic
2020,West Bromwich Albion,Filip Krovinović,MF,546,0,0,0,0.098,filip krovinovic
2020,West Bromwich Albion,Robert Snodgrass,MF,526,0,0,0,0.095,robert snodgrass
2020,West Bromwich Albion,Kamil Grosicki,MF,148,0,1,1,0.05,kamil grosicki
2020,West Bromwich Albion,Lee Peltier,DF,229,0,0,0,0.041,lee peltier
2020,West Bromwich Albion,Charlie Austin,FW,138,0,0,0,0.025,charlie austin
2020,West Bromwich Albion,Kyle Edwards,MF,118,0,0,0,0.021,kyle edwards
2020,West Bromwich Albion,Ahmed Hegazi,DF,90,0,0,0,0.016,ahmed hegazi
2020,West Bromwich Albion,David Button,GK,90,0,0,0,0.016,david button
2020,West Bromwich Albion,Sam Field,MF,62,0,0,0,0.011,sam field
2020,West Bromwich Albion,Rekeem Harper,MF,32,0,0,0,0.006,rekeem harper
2020,West Ham United,Tomáš Souček,MF,3419,10,1,11,0.893,tomas soucek
2020,West Ham United,Jarrod Bowen,"MF,FW",2562,8,5,13,0.796,jarrod bowen
2020,West Ham United,Aaron Cresswell,DF,3170,0,8,8,0.77,aaron cresswell
2020,West Ham United,Michail Antonio,FW,1974,10,5,15,0.746,michail antonio
2020,West Ham United,Vladimír Coufal,"DF,MF",3054,0,7,7,0.723,vladimir coufal
2020,West Ham United,Pablo Fornals,MF,2572,5,4,9,0.691,pablo fornals
2020,West Ham United,Jesse Lingard,"MF,FW",1421,9,4,13,0.596,jesse lingard
2020,West Ham United,Declan Rice,MF,2879,2,1,3,0.585,declan rice
2020,West Ham United,Łukasz Fabiański,GK,3150,0,0,0,0.553,ukasz fabianski
2020,West Ham United,Angelo Ogbonna,DF,2492,3,0,3,0.517,angelo ogbonna
2020,West Ham United,Saïd Benrahma,MF,1391,1,6,7,0.431,said benrahma
2020,West Ham United,Craig Dawson,DF,1925,3,0,3,0.418,craig dawson
2020,West Ham United,Issa Diop,DF,1381,2,0,2,0.296,issa diop
2020,West Ham United,Sébastien Haller,FW,937,3,0,3,0.244,sebastien haller
2020,West Ham United,Fabián Balbuena,DF,1198,1,0,1,0.237,fabian balbuena
2020,West Ham United,Arthur Masuaku,"MF,DF",1006,0,2,2,0.23,arthur masuaku
2020,West Ham United,Manuel Lanzini,MF,566,1,1,2,0.153,manuel lanzini
2020,West Ham United,Ryan Fredericks,"DF,MF",569,1,1,2,0.153,ryan fredericks
2020,West Ham United,Mark Noble,MF,712,0,0,0,0.125,mark noble
2020,West Ham United,Ben Johnson,MF,523,1,0,1,0.118,ben johnson
2020,West Ham United,Andriy Yarmolenko,MF,375,0,1,1,0.092,andriy yarmolenko
2020,West Ham United,Darren Randolph,GK,270,0,0,0,0.047,darren randolph
2020,West Ham United,Felipe Anderson,"FW,MF",3,0,0,0,0.001,felipe anderson
2020,West Ham United,Robert Snodgrass,"FW,MF",5,0,0,0,0.001,robert snodgrass
2020,Wolverhampton Wanderers,Pedro Neto,"MF,FW",2550,5,6,11,0.86,pedro neto
2020,Wolverhampton Wanderers,Rúben Neves,MF,2675,5,1,6,0.7,ruben neves
2020,Wolverhampton Wanderers,Conor Coady,DF,3303,1,0,1,0.632,conor coady
2020,Wolverhampton Wanderers,Adama Traoré,"FW,MF",2649,2,2,4,0.623,adama traore
2020,Wolverhampton Wanderers,Nélson Semedo,"MF,DF",2983,1,1,2,0.61,nelson semedo
2020,Wolverhampton Wanderers,Rui Patrício,GK,3329,0,0,0,0.6,rui patricio
2020,Wolverhampton Wanderers,Romain Saïss,"DF,MF",2407,3,0,3,0.543,romain saiss
2020,Wolverhampton Wanderers,João Moutinho,MF,2528,1,1,2,0.528,joao moutinho
2020,Wolverhampton Wanderers,Fábio Silva,FW,1369,4,3,7,0.501,fabio silva
2020,Wolverhampton Wanderers,Leander Dendoncker,"MF,DF",2503,1,0,1,0.487,leander dendoncker
2020,Wolverhampton Wanderers,Daniel Podence,"MF,FW",1661,3,2,5,0.481,daniel podence
2020,Wolverhampton Wanderers,Willy Boly,DF,1879,1,1,2,0.411,willy boly
2020,Wolverhampton Wanderers,Rayan Aït-Nouri,"MF,DF",1404,1,1,2,0.326,rayan ait nouri
2020,Wolverhampton Wanderers,Raúl Jiménez,FW,823,4,0,4,0.294,raul jimenez
2020,Wolverhampton Wanderers,Max Kilman,DF,1310,0,1,1,0.272,max kilman
2020,Wolverhampton Wanderers,Willian José,FW,1110,1,0,1,0.236,willian jose
2020,Wolverhampton Wanderers,Vitinha,MF,520,0,1,1,0.13,vitinha
2020,Wolverhampton Wanderers,Fernando Marçal,"DF,MF",623,0,0,0,0.112,fernando marcal
2020,Wolverhampton Wanderers,Morgan Gibbs-White,"MF,FW",414,1,0,1,0.111,morgan gibbs white
2020,Wolverhampton Wanderers,Ki-Jana Hoever,"MF,DF",577,0,0,0,0.104,ki jana hoever
2020,Wolverhampton Wanderers,Jonny Castro,MF,495,0,0,0,0.089,jonny castro
2020,Wolverhampton Wanderers,Owen Otasowie,MF,187,0,1,1,0.07,owen otasowie
2020,Wolverhampton Wanderers,Rúben Vinagre,MF,173,0,0,0,0.031,ruben vinagre
2020,Wolverhampton Wanderers,John Ruddy,GK,91,0,0,0,0.016,john ruddy
2020,Wolverhampton Wanderers,Patrick Cutrone,FW,25,0,0,0,0.005,patrick cutrone
2020,Wolverhampton Wanderers,Oskar Buur,"DF,MF",22,0,0,0,0.004,oskar buur
2020,Wolverhampton Wanderers,Theo Corbeanu,"FW,MF",9,0,0,0,0.002,theo corbeanu
2021,Arsenal,Bukayo Saka,"MF,FW",2978,11,7,18,0.983,bukayo saka
2021,Arsenal,Martin Ødegaard,MF,2785,7,4,11,0.79,martin degaard
2021,Arsenal,Gabriel Magalhães,DF,3063,5,0,5,0.711,gabriel magalhaes
2021,Arsenal,Emile Smith Rowe,MF,1921,10,2,12,0.643,emile smith rowe
2021,Arsenal,Gabriel Martinelli,"MF,FW",1860,6,6,12,0.631,gabriel martinelli
2021,Arsenal,Aaron Ramsdale,GK,3060,0,0,0,0.599,aaron ramsdale
2021,Arsenal,Alexandre Lacazette,"FW,MF",1782,4,7,11,0.594,alexandre lacazette
2021,Arsenal,Ben White,DF,2880,0,0,0,0.564,ben white
2021,Arsenal,Granit Xhaka,MF,2327,1,2,3,0.522,granit xhaka
2021,Arsenal,Kieran Tierney,DF,1915,1,3,4,0.464,kieran tierney
2021,Arsenal,Thomas Partey,MF,2028,2,1,3,0.464,thomas partey
2021,Arsenal,Takehiro Tomiyasu,DF,1679,0,1,1,0.351,takehiro tomiyasu
2021,Arsenal,Cédric Soares,DF,1486,1,1,2,0.336,cedric soares
2021,Arsenal,Pierre-Emerick Aubameyang,FW,1037,4,1,5,0.314,pierre emerick aubameyang
2021,Arsenal,Eddie Nketiah,FW,835,5,1,6,0.297,eddie nketiah
2021,Arsenal,Nuno Tavares,DF,1176,1,1,2,0.275,nuno tavares
2021,Arsenal,Albert Sambi Lokonga,MF,1134,0,0,0,0.222,albert sambi lokonga
2021,Arsenal,Nicolas Pépé,MF,696,1,2,3,0.203,nicolas pepe
2021,Arsenal,Mohamed Elneny,MF,806,0,2,2,0.202,mohamed elneny
2021,Arsenal,Rob Holding,DF,845,1,0,1,0.188,rob holding
2021,Arsenal,Bernd Leno,GK,360,0,0,0,0.071,bernd leno
2021,Arsenal,Ainsley Maitland-Niles,MF,268,0,0,0,0.052,ainsley maitland niles
2021,Arsenal,Pablo Marí,DF,180,0,0,0,0.035,pablo mari
2021,Arsenal,Calum Chambers,DF,170,0,0,0,0.033,calum chambers
2021,Arsenal,Sead Kolašinac,DF,91,0,0,0,0.018,sead kolasinac
2021,Arsenal,Folarin Balogun,FW,70,0,0,0,0.014,folarin balogun
2021,Arsenal,Reiss Nelson,"FW,MF",20,0,0,0,0.004,reiss nelson
2021,Aston Villa,Ollie Watkins,FW,2952,11,2,13,0.924,ollie watkins
2021,Aston Villa,Matty Cash,"DF,MF",3377,4,3,7,0.815,matty cash
2021,Aston Villa,John McGinn,MF,3090,3,4,7,0.764,john mcginn
2021,Aston Villa,Danny Ings,FW,1898,7,6,13,0.737,danny ings
2021,Aston Villa,Tyrone Mings,DF,3189,1,3,4,0.69,tyrone mings
2021,Aston Villa,Jacob Ramsey,MF,2467,6,1,7,0.654,jacob ramsey
2021,Aston Villa,Emi Buendía,"FW,MF",1899,4,6,10,0.645,emi buendia
2021,Aston Villa,Douglas Luiz,MF,2715,2,3,5,0.636,douglas luiz
2021,Aston Villa,Emiliano Martínez,GK,3240,0,0,0,0.576,emiliano martinez
2021,Aston Villa,Ezri Konsa,DF,2477,2,0,2,0.502,ezri konsa
2021,Aston Villa,Philippe Coutinho,"MF,FW",1329,5,3,8,0.482,philippe coutinho
2021,Aston Villa,Lucas Digne,DF,1269,0,4,4,0.349,lucas digne
2021,Aston Villa,Matt Targett,"DF,MF",1431,1,1,2,0.316,matt targett
2021,Aston Villa,Ashley Young,"DF,FW",1250,0,2,2,0.284,ashley young
2021,Aston Villa,Leon Bailey,"FW,MF",761,1,2,3,0.228,leon bailey
2021,Aston Villa,Calum Chambers,"DF,MF",831,1,0,1,0.178,calum chambers
2021,Aston Villa,Marvelous Nakamba,MF,904,0,0,0,0.161,marvelous nakamba
2021,Aston Villa,Anwar El Ghazi,"MF,FW",386,1,1,2,0.13,anwar el ghazi
2021,Aston Villa,Kortney Hause,DF,397,1,0,1,0.101,kortney hause
2021,Aston Villa,Axel Tuanzebe,DF,508,0,0,0,0.09,axel tuanzebe
2021,Aston Villa,Carney Chukwuemeka,MF,301,0,1,1,0.084,carney chukwuemeka
2021,Aston Villa,Morgan Sanson,MF,356,0,0,0,0.063,morgan sanson
2021,Aston Villa,Bertrand Traoré,FW,220,0,0,0,0.039,bertrand traore
2021,Aston Villa,Jed Steer,GK,90,0,0,0,0.016,jed steer
2021,Aston Villa,Robin Olsen,GK,90,0,0,0,0.016,robin olsen
2021,Aston Villa,Tim Iroegbunam,MF,92,0,0,0,0.016,tim iroegbunam
2021,Aston Villa,Cameron Archer,"FW,MF",27,0,0,0,0.005,cameron archer
2021,Aston Villa,Keinan Davis,FW,12,0,0,0,0.002,keinan davis
2021,Aston Villa,Trézéguet,"FW,MF",11,0,0,0,0.002,trezeguet
2021,Aston Villa,Jaden Philogene Bidace,"FW,MF",5,0,0,0,0.001,jaden philogene bidace
2021,Aston Villa,Wesley Moraes,FW,1,0,0,0,0.0,wesley moraes
2021,Brentford,Ivan Toney,FW,2909,12,5,17,0.926,ivan toney
2021,Brentford,Bryan Mbeumo,FW,2905,4,7,11,0.784,bryan mbeumo
2021,Brentford,Christian Nørgaard,MF,3054,3,4,7,0.716,christian n rgaard
2021,Brentford,Pontus Jansson,DF,3321,3,1,4,0.694,pontus jansson
2021,Brentford,Rico Henry,"MF,DF",2776,3,0,3,0.572,rico henry
2021,Brentford,Ethan Pinnock,DF,2694,1,1,2,0.534,ethan pinnock
2021,Brentford,Vitaly Janelt,MF,2298,4,0,4,0.509,vitaly janelt
2021,Brentford,Sergi Canós,MF,2083,3,2,5,0.494,sergi canos
2021,Brentford,Kristoffer Ajer,DF,1995,1,3,4,0.455,kristoffer ajer
2021,Brentford,Yoane Wissa,FW,1284,7,1,8,0.42,yoane wissa
2021,Brentford,David Raya,GK,2160,0,0,0,0.39,david raya
2021,Brentford,Mathias Jensen,MF,1601,0,1,1,0.313,mathias jensen
2021,Brentford,Christian Eriksen,MF,939,1,4,5,0.287,christian eriksen
2021,Brentford,Mads Roerslev,"MF,DF",1240,1,1,2,0.271,mads roerslev
2021,Brentford,Álvaro Fernández,GK,1080,0,0,0,0.195,alvaro fernandez
2021,Brentford,Frank Onyeka,MF,1045,0,0,0,0.189,frank onyeka
2021,Brentford,Shandon Baptiste,MF,910,1,0,1,0.188,shandon baptiste
2021,Brentford,Mads Bech Sørensen,DF,835,0,0,0,0.151,mads bech s rensen
2021,Brentford,Saman Ghoddos,"FW,MF",536,1,1,2,0.144,saman ghoddos
2021,Brentford,Mathias Jørgensen,DF,518,1,0,1,0.117,mathias j rgensen
2021,Brentford,Charlie Goode,DF,450,0,0,0,0.081,charlie goode
2021,Brentford,Marcus Forss,FW,209,0,1,1,0.061,marcus forss
2021,Brentford,Josh Dasilva,"MF,FW",257,0,0,0,0.046,josh dasilva
2021,Brentford,Jonas Lössl,GK,180,0,0,0,0.033,jonas lossl
2021,Brentford,Dominic Thompson,MF,146,0,0,0,0.026,dominic thompson
2021,Brentford,Mads Bidstrup,MF,41,0,0,0,0.007,mads bidstrup
2021,Brentford,Finley Stevens,DF,15,0,0,0,0.003,finley stevens
2021,Brentford,Tariqe Fosu,"FW,MF",17,0,0,0,0.003,tariqe fosu
2021,Brentford,Nathan Young-Coombes,FW,4,0,0,0,0.001,nathan young coombes
2021,Brighton & Hove Albion,Leandro Trossard,"FW,MF",2805,8,3,11,0.906,leandro trossard
2021,Brighton & Hove Albion,Neal Maupay,FW,2276,8,2,10,0.774,neal maupay
2021,Brighton & Hove Albion,Alexis Mac Allister,"MF,FW",2123,5,2,7,0.637,alexis mac allister
2021,Brighton & Hove Albion,Marc Cucurella,"DF,MF",3089,1,1,2,0.629,marc cucurella
2021,Brighton & Hove Albion,Robert Sánchez,GK,3329,0,0,0,0.6,robert sanchez
2021,Brighton & Hove Albion,Joël Veltman,"DF,MF",2874,1,1,2,0.591,joel veltman
2021,Brighton & Hove Albion,Pascal Groß,MF,2038,2,4,6,0.585,pascal gro
2021,Brighton & Hove Albion,Danny Welbeck,"FW,MF",1478,6,2,8,0.557,danny welbeck
2021,Brighton & Hove Albion,Lewis Dunk,DF,2573,1,0,1,0.5,lewis dunk
2021,Brighton & Hove Albion,Yves Bissouma,MF,2111,1,2,3,0.49,yves bissouma
2021,Brighton & Hove Albion,Jakub Moder,"MF,FW",1701,0,3,3,0.416,jakub moder
2021,Brighton & Hove Albion,Enock Mwepu,MF,996,2,4,6,0.398,enock mwepu
2021,Brighton & Hove Albion,Solly March,MF,1746,0,2,2,0.387,solly march
2021,Brighton & Hove Albion,Tariq Lamptey,"MF,DF",1561,0,2,2,0.354,tariq lamptey
2021,Brighton & Hove Albion,Adam Webster,DF,1434,2,0,2,0.331,adam webster
2021,Brighton & Hove Albion,Adam Lallana,MF,1561,0,1,1,0.318,adam lallana
2021,Brighton & Hove Albion,Shane Duffy,DF,1436,1,0,1,0.295,shane duffy
2021,Brighton & Hove Albion,Dan Burn,DF,1022,1,0,1,0.221,dan burn
2021,Brighton & Hove Albion,Moisés Caicedo,MF,660,1,1,2,0.192,moises caicedo
2021,Brighton & Hove Albion,Steven Alzate,MF,404,0,0,0,0.073,steven alzate
2021,Brighton & Hove Albion,Aaron Connolly,FW,156,0,0,0,0.028,aaron connolly
2021,Brighton & Hove Albion,Jason Steele,GK,90,0,0,0,0.016,jason steele
2021,Brighton & Hove Albion,Jeremy Sarmiento,MF,48,0,0,0,0.009,jeremy sarmiento
2021,Brighton & Hove Albion,Taylor Richards,MF,25,0,0,0,0.005,taylor richards
2021,Brighton & Hove Albion,Evan Ferguson,FW,23,0,0,0,0.004,evan ferguson
2021,Brighton & Hove Albion,Jürgen Locadia,FW,23,0,0,0,0.004,jurgen locadia
2021,Burnley,Josh Brownhill,MF,2955,2,3,5,0.747,josh brownhill
2021,Burnley,Maxwel Cornet,"FW,MF",1766,9,1,10,0.727,maxwel cornet
2021,Burnley,James Tarkowski,DF,3106,1,2,3,0.695,james tarkowski
2021,Burnley,Charlie Taylor,DF,2731,0,3,3,0.626,charlie taylor
2021,Burnley,Dwight McNeil,MF,3107,0,1,1,0.615,dwight mcneil
2021,Burnley,Nick Pope,GK,3240,0,0,0,0.6,nick pope
2021,Burnley,Ashley Westwood,MF,2287,0,3,3,0.544,ashley westwood
2021,Burnley,Wout Weghorst,FW,1450,2,3,5,0.469,wout weghorst
2021,Burnley,Ben Mee,DF,1839,3,0,3,0.461,ben mee
2021,Burnley,Matthew Lowton,DF,1772,1,2,3,0.448,matthew lowton
2021,Burnley,Jay Rodriguez,FW,1382,2,2,4,0.416,jay rodriguez
2021,Burnley,Connor Roberts,DF,1692,1,1,2,0.393,connor roberts
2021,Burnley,Nathan Collins,DF,1670,2,0,2,0.389,nathan collins
2021,Burnley,Chris Wood,FW,1367,3,0,3,0.373,chris wood
2021,Burnley,Aaron Lennon,"MF,FW",1551,2,0,2,0.367,aaron lennon
2021,Burnley,Jack Cork,MF,1670,1,0,1,0.349,jack cork
2021,Burnley,Matěj Vydra,FW,679,2,3,5,0.326,matej vydra
2021,Burnley,Jóhann Berg Guðmundsson,MF,1102,0,1,1,0.244,johann berg gu mundsson
2021,Burnley,Ashley Barnes,FW,808,1,0,1,0.19,ashley barnes
2021,Burnley,Erik Pieters,DF,730,0,1,1,0.175,erik pieters
2021,Burnley,Kevin Long,DF,410,0,0,0,0.076,kevin long
2021,Burnley,Wayne Hennessey,GK,180,0,0,0,0.033,wayne hennessey
2021,Burnley,Dale Stephens,MF,124,0,0,0,0.023,dale stephens
2021,Chelsea,Mason Mount,MF,2363,11,10,21,0.863,mason mount
2021,Chelsea,Antonio Rüdiger,DF,3035,3,0,3,0.652,antonio rudiger
2021,Chelsea,Reece James,MF,1864,5,9,14,0.632,reece james
2021,Chelsea,Édouard Mendy,GK,3060,0,0,0,0.6,edouard mendy
2021,Chelsea,Jorginho,MF,2273,6,2,8,0.598,jorginho
2021,Chelsea,Marcos Alonso,MF,2167,4,4,8,0.577,marcos alonso
2021,Chelsea,Thiago Silva,DF,2650,3,0,3,0.577,thiago silva
2021,Chelsea,Kai Havertz,"FW,MF",1809,8,3,11,0.564,kai havertz
2021,Chelsea,Romelu Lukaku,FW,1589,8,0,8,0.464,romelu lukaku
2021,Chelsea,César Azpilicueta,"DF,MF",2070,1,2,3,0.463,cesar azpilicueta
2021,Chelsea,N'Golo Kanté,MF,1773,2,4,6,0.462,n golo kante
2021,Chelsea,Mateo Kovačić,MF,1558,2,5,7,0.439,mateo kovacic
2021,Chelsea,Christian Pulisic,"MF,FW",1290,6,2,8,0.405,christian pulisic
2021,Chelsea,Hakim Ziyech,"MF,FW",1319,4,3,7,0.392,hakim ziyech
2021,Chelsea,Trevoh Chalobah,DF,1449,3,1,4,0.36,trevoh chalobah
2021,Chelsea,Timo Werner,"FW,MF",1283,4,1,5,0.347,timo werner
2021,Chelsea,Ruben Loftus-Cheek,MF,1394,0,2,2,0.311,ruben loftus cheek
2021,Chelsea,Andreas Christensen,DF,1496,0,0,0,0.293,andreas christensen
2021,Chelsea,Callum Hudson-Odoi,MF,962,1,2,3,0.246,callum hudson odoi
2021,Chelsea,Ben Chilwell,MF,542,3,1,4,0.182,ben chilwell
2021,Chelsea,Malang Sarr,DF,546,0,0,0,0.107,malang sarr
2021,Chelsea,Saúl Ñíguez,MF,480,0,0,0,0.094,saul niguez
2021,Chelsea,Kepa Arrizabalaga,GK,360,0,0,0,0.071,kepa arrizabalaga
2021,Chelsea,Ross Barkley,MF,179,1,0,1,0.054,ross barkley
2021,Chelsea,Kenedy,MF,58,0,1,1,0.03,kenedy
2021,Chelsea,Emerson Palmieri,"DF,MF",5,0,0,0,0.001,emerson palmieri
2021,Crystal Palace,Wilfried Zaha,"FW,MF",2760,14,1,15,0.914,wilfried zaha
2021,Crystal Palace,Conor Gallagher,MF,2845,8,3,11,0.823,conor gallagher
2021,Crystal Palace,Marc Guéhi,DF,3222,2,1,3,0.68,marc guehi
2021,Crystal Palace,Tyrick Mitchell,DF,3101,0,2,2,0.631,tyrick mitchell
2021,Crystal Palace,Joachim Andersen,DF,2916,0,3,3,0.623,joachim andersen
2021,Crystal Palace,Jordan Ayew,"FW,MF",2019,3,3,6,0.536,jordan ayew
2021,Crystal Palace,Odsonne Édouard,"FW,MF",1564,6,3,9,0.531,odsonne edouard
2021,Crystal Palace,Vicente Guaita,GK,2655,0,0,0,0.494,vicente guaita
2021,Crystal Palace,Jeffrey Schlupp,"MF,FW",1851,4,1,5,0.478,jeffrey schlupp
2021,Crystal Palace,Joel Ward,DF,2487,0,0,0,0.463,joel ward
2021,Crystal Palace,Michael Olise,"FW,MF",1141,2,5,7,0.399,michael olise
2021,Crystal Palace,Cheikhou Kouyaté,MF,1974,0,1,1,0.394,cheikhou kouyate
2021,Crystal Palace,Jean-Philippe Mateta,FW,1145,5,1,6,0.373,jean philippe mateta
2021,Crystal Palace,James McArthur,MF,1439,0,3,3,0.348,james mcarthur
2021,Crystal Palace,Christian Benteke,FW,1145,4,1,5,0.347,christian benteke
2021,Crystal Palace,Nathaniel Clyne,DF,1351,0,1,1,0.278,nathaniel clyne
2021,Crystal Palace,Will Hughes,MF,1053,0,1,1,0.223,will hughes
2021,Crystal Palace,Eberechi Eze,"MF,FW",605,1,1,2,0.166,eberechi eze
2021,Crystal Palace,Luka Milivojević,MF,774,0,0,0,0.144,luka milivojevic
2021,Crystal Palace,Jack Butland,GK,765,0,0,0,0.142,jack butland
2021,Crystal Palace,James Tomkins,DF,547,1,0,1,0.129,james tomkins
2021,Crystal Palace,Jaïro Riedewald,MF,118,0,0,0,0.022,jairo riedewald
2021,Crystal Palace,Jesurun Rak Sakyi,MF,80,0,0,0,0.015,jesurun rak sakyi
2021,Crystal Palace,Nathan Ferguson,DF,9,0,0,0,0.002,nathan ferguson
2021,Everton,Richarlison,"FW,MF",2523,10,5,15,0.881,richarlison
2021,Everton,Demarai Gray,"MF,FW",2338,5,4,9,0.685,demarai gray
2021,Everton,Michael Keane,DF,2792,3,2,5,0.665,michael keane
2021,Everton,Abdoulaye Doucouré,MF,2537,2,4,6,0.643,abdoulaye doucoure
2021,Everton,Jordan Pickford,GK,3150,0,0,0,0.6,jordan pickford
2021,Everton,Anthony Gordon,"MF,FW",2285,4,2,6,0.595,anthony gordon
2021,Everton,Séamus Coleman,"DF,MF",2656,1,0,1,0.533,seamus coleman
2021,Everton,Alex Iwobi,"MF,DF",2035,2,2,4,0.494,alex iwobi
2021,Everton,Mason Holgate,DF,2134,2,1,3,0.486,mason holgate
2021,Everton,Allan,MF,2183,0,2,2,0.469,allan
2021,Everton,Dominic Calvert-Lewin,FW,1283,5,2,7,0.431,dominic calvert lewin
2021,Everton,Andros Townsend,MF,1455,3,2,5,0.41,andros townsend
2021,Everton,Ben Godfrey,DF,2029,0,0,0,0.386,ben godfrey
2021,Everton,Vitaliy Mykolenko,"DF,MF",1055,1,0,1,0.228,vitaliy mykolenko
2021,Everton,Lucas Digne,DF,1170,0,0,0,0.223,lucas digne
2021,Everton,Jonjoe Kenny,DF,1018,0,1,1,0.221,jonjoe kenny
2021,Everton,Salomón Rondón,FW,790,1,1,2,0.204,salomon rondon
2021,Everton,Yerry Mina,DF,846,0,0,0,0.161,yerry mina
2021,Everton,André Gomes,MF,619,0,1,1,0.145,andre gomes
2021,Everton,Fabian Delph,MF,662,0,0,0,0.126,fabian delph
2021,Everton,Donny van de Beek,MF,483,1,0,1,0.119,donny van de beek
2021,Everton,Jarrad Branthwaite,DF,388,1,0,1,0.101,jarrad branthwaite
2021,Everton,Tom Davies,MF,234,1,0,1,0.071,tom davies
2021,Everton,Dele Alli,MF,338,0,0,0,0.064,dele alli
2021,Everton,Asmir Begović,GK,270,0,0,0,0.051,asmir begovic
2021,Everton,Jean-Philippe Gbamin,MF,67,0,0,0,0.013,jean philippe gbamin
2021,Everton,Ellis Simms,FW,61,0,0,0,0.012,ellis simms
2021,Everton,Lewis Dobbin,"FW,MF",32,0,0,0,0.006,lewis dobbin
2021,Everton,Tyler Onyango,MF,28,0,0,0,0.005,tyler onyango
2021,Everton,Isaac Price,MF,14,0,0,0,0.003,isaac price
2021,Everton,Anwar El Ghazi,"FW,MF",13,0,0,0,0.002,anwar el ghazi
2021,Everton,Cenk Tosun,"FW,MF",7,0,0,0,0.001,cenk tosun
2021,Everton,Moise Kean,FW,1,0,0,0,0.0,moise kean
2021,Leeds United,Raphinha,"MF,FW",2915,11,3,14,0.917,raphinha
2021,Leeds United,Jack Harrison,MF,2639,8,1,9,0.725,jack harrison
2021,Leeds United,Daniel James,"FW,MF",2366,4,4,8,0.648,daniel james
2021,Leeds United,Rodrigo,"MF,FW",2265,6,1,7,0.602,rodrigo
2021,Leeds United,Illan Meslier,GK,3384,0,0,0,0.6,illan meslier
2021,Leeds United,Stuart Dallas,"DF,MF",2919,1,1,2,0.575,stuart dallas
2021,Leeds United,Luke Ayling,DF,2272,2,2,4,0.517,luke ayling
2021,Leeds United,Diego Llorente,DF,2340,3,0,3,0.501,diego llorente
2021,Leeds United,Mateusz Klich,MF,2073,1,2,3,0.453,mateusz klich
2021,Leeds United,Pascal Struijk,DF,2055,1,0,1,0.393,pascal struijk
2021,Leeds United,Junior Firpo,"DF,MF",1711,0,2,2,0.361,junior firpo
2021,Leeds United,Liam Cooper,DF,1814,0,1,1,0.35,liam cooper
2021,Leeds United,Kalvin Phillips,MF,1596,0,1,1,0.312,kalvin phillips
2021,Leeds United,Adam Forshaw,MF,1530,0,1,1,0.3,adam forshaw
2021,Leeds United,Robin Koch,"MF,DF",1574,0,0,0,0.279,robin koch
2021,Leeds United,Joe Gelhardt,FW,746,2,2,4,0.247,joe gelhardt
2021,Leeds United,Tyler Roberts,"MF,FW",987,1,1,2,0.232,tyler roberts
2021,Leeds United,Patrick Bamford,FW,559,2,2,4,0.213,patrick bamford
2021,Leeds United,Jamie Shackleton,"DF,MF",709,0,0,0,0.126,jamie shackleton
2021,Leeds United,Sam Greenwood,MF,237,0,2,2,0.099,sam greenwood
2021,Leeds United,Leo Fuhr Hjelde,DF,150,0,0,0,0.027,leo fuhr hjelde
2021,Leeds United,Lewis Bate,MF,146,0,0,0,0.026,lewis bate
2021,Leeds United,Charlie Cresswell,DF,141,0,0,0,0.025,charlie cresswell
2021,Leeds United,Cody Drameh,DF,128,0,0,0,0.023,cody drameh
2021,Leeds United,Crysencio Summerville,"FW,MF",130,0,0,0,0.023,crysencio summerville
2021,Leeds United,Kristoffer Klaesson,GK,36,0,0,0,0.006,kristoffer klaesson
2021,Leeds United,Hélder Costa,"FW,MF",22,0,0,0,0.004,helder costa
2021,Leeds United,Liam McCarron,DF,10,0,0,0,0.002,liam mccarron
2021,Leeds United,Stuart McKinstry,MF,4,0,0,0,0.001,stuart mckinstry
2021,Leicester City,James Maddison,"MF,FW",2459,12,8,20,0.843,james maddison
2021,Leicester City,Harvey Barnes,"MF,FW",2101,6,10,16,0.699,harvey barnes
2021,Leicester City,Youri Tielemans,MF,2631,6,4,10,0.674,youri tielemans
2021,Leicester City,Jamie Vardy,FW,1806,15,2,17,0.665,jamie vardy
2021,Leicester City,Kasper Schmeichel,GK,3330,0,0,0,0.6,kasper schmeichel
2021,Leicester City,Çağlar Söyüncü,DF,2497,1,0,1,0.47,caglar soyuncu
2021,Leicester City,Kiernan Dewsbury-Hall,MF,2105,1,2,3,0.439,kiernan dewsbury hall
2021,Leicester City,Kelechi Iheanacho,FW,1264,4,5,9,0.408,kelechi iheanacho
2021,Leicester City,Timothy Castagne,"DF,MF",2127,1,0,1,0.403,timothy castagne
2021,Leicester City,Daniel Amartey,DF,2123,0,0,0,0.383,daniel amartey
2021,Leicester City,Ademola Lookman,"MF,FW",1453,6,0,6,0.382,ademola lookman
2021,Leicester City,Patson Daka,FW,1159,5,3,8,0.369,patson daka
2021,Leicester City,Luke Thomas,"DF,MF",1912,0,1,1,0.365,luke thomas
2021,Leicester City,Wilfred Ndidi,"MF,DF",1618,0,0,0,0.292,wilfred ndidi
2021,Leicester City,Jonny Evans,DF,1348,1,1,2,0.283,jonny evans
2021,Leicester City,Marc Albrighton,"MF,FW",1132,1,2,3,0.264,marc albrighton
2021,Leicester City,Ricardo Pereira,"DF,MF",991,1,3,4,0.259,ricardo pereira
2021,Leicester City,Boubakary Soumaré,MF,1102,0,1,1,0.219,boubakary soumare
2021,Leicester City,Nampalys Mendy,MF,1032,0,0,0,0.186,nampalys mendy
2021,Leicester City,Ayoze Pérez,MF,445,2,3,5,0.18,ayoze perez
2021,Leicester City,James Justin,DF,998,0,0,0,0.18,james justin
2021,Leicester City,Wesley Fofana,DF,630,0,0,0,0.114,wesley fofana
2021,Leicester City,Jannik Vestergaard,DF,567,0,0,0,0.102,jannik vestergaard
2021,Leicester City,Ryan Bertrand,DF,337,0,0,0,0.061,ryan bertrand
2021,Leicester City,Hamza Choudhury,"MF,DF",285,0,0,0,0.051,hamza choudhury
2021,Leicester City,Danny Ward,GK,90,0,0,0,0.016,danny ward
2021,Leicester City,Lewis Brunt,"DF,MF",24,0,0,0,0.004,lewis brunt
2021,Leicester City,Kasey McAteer,MF,3,0,0,0,0.001,kasey mcateer
2021,Liverpool,Mohamed Salah,FW,2762,23,13,36,0.911,mohamed salah
2021,Liverpool,Sadio Mané,FW,2819,16,2,18,0.722,sadio mane
2021,Liverpool,Trent Alexander-Arnold,DF,2853,2,12,14,0.684,trent alexander arnold
2021,Liverpool,Diogo Jota,FW,2364,15,4,19,0.649,diogo jota
2021,Liverpool,Andy Robertson,DF,2537,3,10,13,0.614,andy robertson
2021,Liverpool,Alisson,GK,3240,0,1,1,0.611,alisson
2021,Liverpool,Virgil van Dijk,DF,3060,3,1,4,0.611,virgil van dijk
2021,Liverpool,Joël Matip,DF,2790,3,3,6,0.583,joel matip
2021,Liverpool,Jordan Henderson,MF,2597,2,5,7,0.559,jordan henderson
2021,Liverpool,Fabinho,MF,2314,5,1,6,0.495,fabinho
2021,Liverpool,Thiago Alcántara,MF,1534,1,4,5,0.34,thiago alcantara
2021,Liverpool,Roberto Firmino,FW,990,5,4,9,0.283,roberto firmino
2021,Liverpool,Naby Keïta,MF,1173,3,1,4,0.262,naby keita
2021,Liverpool,Luis Díaz,FW,958,4,3,7,0.255,luis diaz
2021,Liverpool,Kostas Tsimikas,DF,877,0,2,2,0.185,kostas tsimikas
2021,Liverpool,Ibrahima Konaté,DF,990,0,0,0,0.183,ibrahima konate
2021,Liverpool,Curtis Jones,MF,851,1,1,2,0.18,curtis jones
2021,Liverpool,Alex Oxlade-Chamberlain,"MF,FW",785,2,1,3,0.179,alex oxlade chamberlain
2021,Liverpool,James Milner,"MF,DF",853,0,1,1,0.169,james milner
2021,Liverpool,Joe Gomez,DF,331,0,1,1,0.072,joe gomez
2021,Liverpool,Takumi Minamino,FW,186,3,0,3,0.068,takumi minamino
2021,Liverpool,Harvey Elliott,MF,346,0,0,0,0.064,harvey elliott
2021,Liverpool,Divock Origi,"FW,MF",133,3,0,3,0.058,divock origi
2021,Liverpool,Caoimhín Kelleher,GK,180,0,0,0,0.033,caoimhin kelleher
2021,Liverpool,Neco Williams,"DF,MF",8,0,1,1,0.013,neco williams
2021,Liverpool,Tyler Morton,MF,66,0,0,0,0.012,tyler morton
2021,Liverpool,Kaide Gordon,FW,9,0,0,0,0.002,kaide gordon
2021,Manchester City,Kevin De Bruyne,MF,2201,15,8,23,0.797,kevin de bruyne
2021,Manchester City,Bernardo Silva,"MF,FW",2857,8,4,12,0.723,bernardo silva
2021,Manchester City,João Cancelo,DF,3227,1,7,8,0.721,joao cancelo
2021,Manchester City,Raheem Sterling,"FW,MF",2128,13,5,18,0.696,raheem sterling
2021,Manchester City,Rodri,MF,2884,7,2,9,0.676,rodri
2021,Manchester City,Phil Foden,FW,2128,9,5,14,0.627,phil foden
2021,Manchester City,Gabriel Jesus,FW,1877,8,8,16,0.616,gabriel jesus
2021,Manchester City,Ederson Moraes,GK,3330,0,0,0,0.6,ederson moraes
2021,Manchester City,Aymeric Laporte,DF,2828,4,0,4,0.579,aymeric laporte
2021,Manchester City,Riyad Mahrez,FW,1498,11,5,16,0.548,riyad mahrez
2021,Manchester City,İlkay Gündoğan,MF,1857,8,4,12,0.543,ilkay gundogan
2021,Manchester City,Rúben Dias,DF,2402,2,4,6,0.537,ruben dias
2021,Manchester City,Jack Grealish,"FW,MF",1914,3,3,6,0.449,jack grealish
2021,Manchester City,Kyle Walker,DF,1755,0,2,2,0.351,kyle walker
2021,Manchester City,Oleksandr Zinchenko,DF,1047,0,4,4,0.258,oleksandr zinchenko
2021,Manchester City,Fernandinho,"MF,DF",964,2,1,3,0.226,fernandinho
2021,Manchester City,John Stones,DF,1119,1,0,1,0.219,john stones
2021,Manchester City,Nathan Aké,DF,923,2,0,2,0.201,nathan ake
2021,Manchester City,Ferran Torres,FW,303,2,1,3,0.107,ferran torres
2021,Manchester City,Cole Palmer,FW,123,0,0,0,0.022,cole palmer
2021,Manchester City,Zack Steffen,GK,90,0,0,0,0.016,zack steffen
2021,Manchester City,Benjamin Mendy,DF,78,0,0,0,0.014,benjamin mendy
2021,Manchester City,James Mcatee,MF,20,0,0,0,0.004,james mcatee
2021,Manchester City,Liam Delap,FW,10,0,0,0,0.002,liam delap
2021,Manchester City,CJ Egan-Riley,DF,4,0,0,0,0.001,cj egan riley
2021,Manchester City,Kayky Chagas,MF,7,0,0,0,0.001,kayky chagas
2021,Manchester United,Bruno Fernandes,MF,3111,10,6,16,0.851,bruno fernandes
2021,Manchester United,Cristiano Ronaldo,FW,2456,18,3,21,0.831,cristiano ronaldo
2021,Manchester United,David de Gea,GK,3420,0,0,0,0.6,david de gea
2021,Manchester United,Fred,MF,2028,4,4,8,0.508,fred
2021,Manchester United,Harry Maguire,DF,2515,1,0,1,0.46,harry maguire
2021,Manchester United,Scott McTominay,MF,2387,1,1,2,0.457,scott mctominay
2021,Manchester United,Victor Lindelöf,DF,2355,0,2,2,0.451,victor lindelof
2021,Manchester United,Jadon Sancho,"MF,FW",1900,3,3,6,0.448,jadon sancho
2021,Manchester United,Paul Pogba,MF,1349,1,9,10,0.427,paul pogba
2021,Manchester United,Alex Telles,DF,1660,0,4,4,0.367,alex telles
2021,Manchester United,Raphaël Varane,DF,1831,1,1,2,0.359,raphael varane
2021,Manchester United,Luke Shaw,"DF,MF",1601,0,3,3,0.338,luke shaw
2021,Manchester United,Mason Greenwood,"MF,FW",1271,5,1,6,0.337,mason greenwood
2021,Manchester United,Marcus Rashford,"MF,FW",1235,4,2,6,0.331,marcus rashford
2021,Manchester United,Nemanja Matić,MF,1382,0,4,4,0.319,nemanja matic
2021,Manchester United,Diogo Dalot,DF,1801,0,0,0,0.316,diogo dalot
2021,Manchester United,Aaron Wan-Bissaka,"DF,MF",1793,0,0,0,0.315,aaron wan bissaka
2021,Manchester United,Anthony Elanga,MF,1214,2,2,4,0.289,anthony elanga
2021,Manchester United,Edinson Cavani,FW,766,2,1,3,0.192,edinson cavani
2021,Manchester United,Jesse Lingard,MF,367,2,0,2,0.102,jesse lingard
2021,Manchester United,Anthony Martial,"MF,FW",212,1,0,1,0.056,anthony martial
2021,Manchester United,Juan Mata,MF,235,0,0,0,0.041,juan mata
2021,Manchester United,Eric Bailly,DF,217,0,0,0,0.038,eric bailly
2021,Manchester United,Donny van de Beek,MF,75,1,0,1,0.032,donny van de beek
2021,Manchester United,Phil Jones,DF,163,0,0,0,0.029,phil jones
2021,Manchester United,Daniel James,MF,126,0,0,0,0.022,daniel james
2021,Manchester United,Hannibal Mejbri,MF,68,0,0,0,0.012,hannibal mejbri
2021,Manchester United,Shola Shoretire,"FW,MF",16,0,0,0,0.003,shola shoretire
2021,Manchester United,Alejandro Garnacho,MF,13,0,0,0,0.002,alejandro garnacho
2021,Newcastle United,Allan Saint-Maximin,"FW,MF",2804,5,5,10,1.0,allan saint maximin
2021,Newcastle United,Joelinton,"MF,FW",2558,4,1,5,0.747,joelinton
2021,Newcastle United,Fabian Schär,DF,2158,2,2,4,0.622,fabian schar
2021,Newcastle United,Callum Wilson,FW,1386,8,0,8,0.617,callum wilson
2021,Newcastle United,Jonjo Shelvey,MF,1983,2,1,3,0.544,jonjo shelvey
2021,Newcastle United,Joe Willock,MF,2038,2,0,2,0.516,joe willock
2021,Newcastle United,Ryan Fraser,"FW,MF",1465,2,3,5,0.513,ryan fraser
2021,Newcastle United,Martin Dúbravka,GK,2340,0,0,0,0.501,martin dubravka
2021,Newcastle United,Jamaal Lascelles,DF,2058,1,0,1,0.48,jamaal lascelles
2021,Newcastle United,Bruno Guimarães,MF,1034,5,1,6,0.461,bruno guimaraes
2021,Newcastle United,Jacob Murphy,"FW,MF",1473,1,2,3,0.435,jacob murphy
2021,Newcastle United,Miguel Almirón,"MF,FW",1716,1,0,1,0.407,miguel almiron
2021,Newcastle United,Sean Longstaff,MF,1464,1,1,2,0.393,sean longstaff
2021,Newcastle United,Emil Krafth,DF,1634,0,1,1,0.39,emil krafth
2021,Newcastle United,Javier Manquillo,DF,1257,1,2,3,0.389,javier manquillo
2021,Newcastle United,Matt Ritchie,"DF,MF",1337,0,2,2,0.366,matt ritchie
2021,Newcastle United,Chris Wood,FW,1327,2,0,2,0.364,chris wood
2021,Newcastle United,Dan Burn,DF,1440,0,1,1,0.348,dan burn
2021,Newcastle United,Matt Targett,DF,1440,0,0,0,0.308,matt targett
2021,Newcastle United,Ciaran Clark,DF,1014,0,1,1,0.257,ciaran clark
2021,Newcastle United,Isaac Hayden,"MF,DF",1002,1,0,1,0.254,isaac hayden
2021,Newcastle United,Kieran Trippier,DF,429,2,0,2,0.172,kieran trippier
2021,Newcastle United,Karl Darlow,GK,720,0,0,0,0.154,karl darlow
2021,Newcastle United,Federico Fernández,DF,523,0,0,0,0.112,federico fernandez
2021,Newcastle United,Freddie Woodman,GK,360,0,0,0,0.077,freddie woodman
2021,Newcastle United,Jamal Lewis,DF,262,0,0,0,0.056,jamal lewis
2021,Newcastle United,Jeff Hendrick,MF,72,1,0,1,0.055,jeff hendrick
2021,Newcastle United,Paul Dummett,DF,198,0,0,0,0.042,paul dummett
2021,Newcastle United,Dwight Gayle,FW,38,0,0,0,0.008,dwight gayle
2021,Norwich City,Teemu Pukki,FW,3253,11,3,14,1.0,teemu pukki
2021,Norwich City,Max Aarons,DF,2881,0,2,2,0.589,max aarons
2021,Norwich City,Grant Hanley,DF,2897,1,0,1,0.563,grant hanley
2021,Norwich City,Kenny McLean,MF,2706,1,0,1,0.528,kenny mclean
2021,Norwich City,Milot Rashica,"MF,FW",2229,1,2,3,0.497,milot rashica
2021,Norwich City,Tim Krul,GK,2610,0,0,0,0.481,tim krul
2021,Norwich City,Ben Gibson,DF,2494,0,0,0,0.46,ben gibson
2021,Norwich City,Pierre Lees-Melou,MF,2265,1,0,1,0.446,pierre lees melou
2021,Norwich City,Brandon Williams,DF,2120,0,1,1,0.42,brandon williams
2021,Norwich City,Mathias Normann,MF,1645,1,2,3,0.389,mathias normann
2021,Norwich City,Josh Sargent,"FW,MF",1572,2,1,3,0.376,josh sargent
2021,Norwich City,Billy Gilmour,MF,1855,0,1,1,0.371,billy gilmour
2021,Norwich City,Dimitris Giannoulis,"DF,MF",1169,0,1,1,0.244,dimitris giannoulis
2021,Norwich City,Kieran Dowell,MF,912,1,1,2,0.225,kieran dowell
2021,Norwich City,Sam Byram,DF,1027,0,0,0,0.189,sam byram
2021,Norwich City,Adam Idah,"FW,MF",625,1,1,2,0.172,adam idah
2021,Norwich City,Ozan Kabak,DF,922,0,0,0,0.17,ozan kabak
2021,Norwich City,Angus Gunn,GK,810,0,0,0,0.149,angus gunn
2021,Norwich City,Lukas Rupp,MF,769,0,0,0,0.142,lukas rupp
2021,Norwich City,Jakob Sørensen,"MF,DF",604,0,0,0,0.111,jakob s rensen
2021,Norwich City,Andrew Omobamidele,DF,382,1,0,1,0.099,andrew omobamidele
2021,Norwich City,Przemysław Płacheta,"MF,FW",504,0,0,0,0.093,przemys aw p acheta
2021,Norwich City,Todd Cantwell,"FW,MF",441,0,0,0,0.081,todd cantwell
2021,Norwich City,Jonathan Rowe,"FW,MF",223,0,1,1,0.07,jonathan rowe
2021,Norwich City,Christos Tzolis,"MF,FW",336,0,0,0,0.062,christos tzolis
2021,Norwich City,Christoph Zimmermann,DF,157,0,0,0,0.029,christoph zimmermann
2021,Norwich City,Tony Springett,MF,141,0,0,0,0.026,tony springett
2021,Norwich City,Bali Mumba,"DF,MF",45,0,0,0,0.008,bali mumba
2021,Southampton,James Ward-Prowse,MF,3215,10,5,15,1.0,james ward prowse
2021,Southampton,Ché Adams,FW,2039,7,3,10,0.647,che adams
2021,Southampton,Oriol Romeu,MF,2889,2,2,4,0.646,oriol romeu
2021,Southampton,Jan Bednarek,DF,2629,4,0,4,0.597,jan bednarek
2021,Southampton,Kyle Walker-Peters,DF,2633,1,2,3,0.571,kyle walker peters
2021,Southampton,Mohammed Salisu,DF,2972,0,0,0,0.555,mohammed salisu
2021,Southampton,Mohamed Elyounoussi,MF,2042,4,2,6,0.541,mohamed elyounoussi
2021,Southampton,Armando Broja,FW,1975,6,0,6,0.529,armando broja
2021,Southampton,Nathan Redmond,"MF,FW",1833,1,5,6,0.502,nathan redmond
2021,Southampton,Tino Livramento,DF,2202,1,1,2,0.464,tino livramento
2021,Southampton,Adam Armstrong,FW,1413,2,2,4,0.37,adam armstrong
2021,Southampton,Romain Perraud,"DF,MF",1623,0,1,1,0.33,romain perraud
2021,Southampton,Stuart Armstrong,"MF,FW",1473,2,0,2,0.328,stuart armstrong
2021,Southampton,Fraser Forster,GK,1710,0,0,0,0.319,fraser forster
2021,Southampton,Alex McCarthy,GK,1530,0,0,0,0.286,alex mccarthy
2021,Southampton,Ibrahima Diallo,MF,1023,0,2,2,0.244,ibrahima diallo
2021,Southampton,Nathan Tella,"MF,FW",804,0,1,1,0.177,nathan tella
2021,Southampton,Lyanco,DF,911,0,0,0,0.17,lyanco
2021,Southampton,Jack Stephens,DF,811,0,0,0,0.151,jack stephens
2021,Southampton,Moussa Djenepo,MF,457,0,0,0,0.085,moussa djenepo
2021,Southampton,Shane Long,FW,308,1,0,1,0.084,shane long
2021,Southampton,Theo Walcott,MF,379,0,0,0,0.071,theo walcott
2021,Southampton,Yan Valery,DF,370,0,0,0,0.069,yan valery
2021,Southampton,Willy Caballero,GK,180,0,0,0,0.034,willy caballero
2021,Southampton,William Smallbone,"MF,FW",133,0,0,0,0.025,william smallbone
2021,Tottenham Hotspur,Son Heung-min,"MF,FW",3006,23,7,30,0.927,son heung min
2021,Tottenham Hotspur,Harry Kane,FW,3232,17,9,26,0.914,harry kane
2021,Tottenham Hotspur,Pierre Højbjerg,MF,3196,2,2,4,0.614,pierre h jbjerg
2021,Tottenham Hotspur,Hugo Lloris,GK,3420,0,0,0,0.6,hugo lloris
2021,Tottenham Hotspur,Eric Dier,DF,3071,0,0,0,0.539,eric dier
2021,Tottenham Hotspur,Ben Davies,DF,2538,1,1,2,0.472,ben davies
2021,Tottenham Hotspur,Emerson,"MF,DF",2286,1,1,2,0.428,emerson
2021,Tottenham Hotspur,Lucas Moura,"MF,FW",1775,2,6,8,0.418,lucas moura
2021,Tottenham Hotspur,Sergio Reguilón,"MF,DF",1916,2,3,5,0.403,sergio reguilon
2021,Tottenham Hotspur,Dejan Kulusevski,"MF,FW",1261,5,8,13,0.395,dejan kulusevski
2021,Tottenham Hotspur,Cristian Romero,DF,1844,1,0,1,0.337,cristian romero
2021,Tottenham Hotspur,Davinson Sánchez,DF,1631,2,0,2,0.313,davinson sanchez
2021,Tottenham Hotspur,Rodrigo Bentancur,MF,1361,0,4,4,0.292,rodrigo bentancur
2021,Tottenham Hotspur,Oliver Skipp,MF,1350,0,0,0,0.237,oliver skipp
2021,Tottenham Hotspur,Matt Doherty,MF,875,2,4,6,0.234,matt doherty
2021,Tottenham Hotspur,Ryan Sessegnon,MF,1047,0,2,2,0.21,ryan sessegnon
2021,Tottenham Hotspur,Harry Winks,MF,912,0,1,1,0.173,harry winks
2021,Tottenham Hotspur,Steven Bergwijn,"MF,FW",565,3,1,4,0.152,steven bergwijn
2021,Tottenham Hotspur,Dele Alli,MF,657,1,0,1,0.129,dele alli
2021,Tottenham Hotspur,Japhet Tanganga,"DF,MF",735,0,0,0,0.129,japhet tanganga
2021,Tottenham Hotspur,Tanguy Ndombele,MF,484,1,1,2,0.112,tanguy ndombele
2021,Tottenham Hotspur,Giovani Lo Celso,MF,238,0,0,0,0.042,giovani lo celso
2021,Tottenham Hotspur,Bryan Gil,"FW,MF",94,0,0,0,0.016,bryan gil
2021,Tottenham Hotspur,Joe Rodon,DF,89,0,0,0,0.016,joe rodon
2021,Tottenham Hotspur,Dane Scarlett,FW,4,0,0,0,0.001,dane scarlett
2021,Watford,Emmanuel Dennis,"FW,MF",2581,10,6,16,0.881,emmanuel dennis
2021,Watford,Moussa Sissoko,MF,3220,2,1,3,0.675,moussa sissoko
2021,Watford,Joshua King,"FW,MF",2248,5,3,8,0.619,joshua king
2021,Watford,Kiko Femenía,DF,2142,0,5,5,0.524,kiko femenia
2021,Watford,Ismaila Sarr,"MF,FW",1861,5,2,7,0.522,ismaila sarr
2021,Watford,Craig Cathcart,DF,2396,0,1,1,0.471,craig cathcart
2021,Watford,Ben Foster,GK,2340,0,1,1,0.461,ben foster
2021,Watford,Juraj Kucka,MF,1920,1,1,2,0.408,juraj kucka
2021,Watford,João Pedro,"FW,MF",1644,3,1,4,0.406,joao pedro
2021,Watford,Cucho,"MF,FW",1147,5,2,7,0.389,cucho
2021,Watford,Tom Cleverley,MF,1616,0,2,2,0.351,tom cleverley
2021,Watford,Hassane Kamara,DF,1623,1,0,1,0.327,hassane kamara
2021,Watford,Samir Santos,DF,1673,0,0,0,0.312,samir santos
2021,Watford,Imran Louza,MF,1416,0,0,0,0.264,imran louza
2021,Watford,William Troost-Ekong,DF,1390,0,0,0,0.259,william troost ekong
2021,Watford,Adam Masina,DF,1077,0,1,1,0.226,adam masina
2021,Watford,Christian Kabasele,DF,1193,0,0,0,0.222,christian kabasele
2021,Watford,Daniel Bachmann,GK,1080,0,0,0,0.201,daniel bachmann
2021,Watford,Jeremy Ngakia,DF,903,0,0,0,0.168,jeremy ngakia
2021,Watford,Ken Sema,"MF,FW",852,0,0,0,0.159,ken sema
2021,Watford,Edo Kayembe,MF,799,0,0,0,0.149,edo kayembe
2021,Watford,Danny Rose,DF,689,0,0,0,0.128,danny rose
2021,Watford,Francisco Sierralta,DF,427,0,0,0,0.08,francisco sierralta
2021,Watford,Oghenekaro Etebo,MF,401,0,0,0,0.075,oghenekaro etebo
2021,Watford,Ozan Tufan,MF,334,0,0,0,0.062,ozan tufan
2021,Watford,Dan Gosling,MF,166,1,0,1,0.056,dan gosling
2021,Watford,Samuel Kalu,FW,222,0,0,0,0.041,samuel kalu
2021,Watford,Nicolas Nkoulou,DF,168,0,0,0,0.031,nicolas nkoulou
2021,Watford,Ashley Fletcher,FW,30,0,0,0,0.006,ashley fletcher
2021,Watford,Troy Deeney,FW,25,0,0,0,0.005,troy deeney
2021,West Ham United,Jarrod Bowen,MF,2983,12,10,22,0.937,jarrod bowen
2021,West Ham United,Michail Antonio,FW,2971,10,8,18,0.863,michail antonio
2021,West Ham United,Pablo Fornals,MF,2795,6,3,9,0.667,pablo fornals
2021,West Ham United,Declan Rice,MF,3179,1,4,5,0.664,declan rice
2021,West Ham United,Tomáš Souček,MF,3062,5,1,6,0.661,tomas soucek
2021,West Ham United,Saïd Benrahma,MF,2168,8,6,14,0.645,said benrahma
2021,West Ham United,Łukasz Fabiański,GK,3330,0,0,0,0.6,ukasz fabianski
2021,West Ham United,Aaron Cresswell,DF,2726,2,3,5,0.582,aaron cresswell
2021,West Ham United,Craig Dawson,DF,2754,2,2,4,0.569,craig dawson
2021,West Ham United,Vladimír Coufal,DF,2209,0,4,4,0.471,vladimir coufal
2021,West Ham United,Manuel Lanzini,MF,1786,5,3,8,0.467,manuel lanzini
2021,West Ham United,Kurt Zouma,DF,2078,1,0,1,0.393,kurt zouma
2021,West Ham United,Ben Johnson,"DF,MF",1397,1,0,1,0.27,ben johnson
2021,West Ham United,Issa Diop,DF,963,0,1,1,0.192,issa diop
2021,West Ham United,Angelo Ogbonna,DF,921,1,0,1,0.184,angelo ogbonna
2021,West Ham United,Arthur Masuaku,"MF,DF",650,1,1,2,0.153,arthur masuaku
2021,West Ham United,Nikola Vlašić,MF,560,1,0,1,0.119,nikola vlasic
2021,West Ham United,Mark Noble,MF,332,1,0,1,0.078,mark noble
2021,West Ham United,Andriy Yarmolenko,MF,316,1,0,1,0.075,andriy yarmolenko
2021,West Ham United,Ryan Fredericks,DF,307,0,0,0,0.055,ryan fredericks
2021,West Ham United,Alphonse Areola,GK,90,0,0,0,0.016,alphonse areola
2021,West Ham United,Harrison Ashby,"DF,MF",7,0,0,0,0.001,harrison ashby
2021,West Ham United,Sonny Perkins,"FW,MF",4,0,0,0,0.001,sonny perkins
2021,West Ham United,Alex Král,MF,1,0,0,0,0.0,alex kral
2021,West Ham United,Daniel Chesters,MF,1,0,0,0,0.0,daniel chesters
2021,Wolverhampton Wanderers,Raúl Jiménez,FW,2631,6,4,10,0.87,raul jimenez
2021,Wolverhampton Wanderers,Conor Coady,DF,3361,4,0,4,0.76,conor coady
2021,Wolverhampton Wanderers,Rúben Neves,MF,2661,4,2,6,0.715,ruben neves
2021,Wolverhampton Wanderers,João Moutinho,MF,2970,2,1,3,0.65,joao moutinho
2021,Wolverhampton Wanderers,José Sá,GK,3285,0,1,1,0.626,jose sa
2021,Wolverhampton Wanderers,Hwang Hee-chan,"FW,MF",1816,5,1,6,0.564,hwang hee chan
2021,Wolverhampton Wanderers,Romain Saïss,DF,2705,2,0,2,0.563,romain saiss
2021,Wolverhampton Wanderers,Max Kilman,DF,2687,1,0,1,0.52,max kilman
2021,Wolverhampton Wanderers,Leander Dendoncker,MF,1950,2,2,4,0.508,leander dendoncker
2021,Wolverhampton Wanderers,Daniel Podence,"FW,MF",1484,2,3,5,0.465,daniel podence
2021,Wolverhampton Wanderers,Rayan Aït-Nouri,MF,1828,1,2,3,0.446,rayan ait nouri
2021,Wolverhampton Wanderers,Nélson Semedo,MF,2131,0,1,1,0.42,nelson semedo
2021,Wolverhampton Wanderers,Francisco Trincão,"FW,MF",1336,2,1,3,0.359,francisco trincao
2021,Wolverhampton Wanderers,Jonny Castro,"MF,DF",1024,2,0,2,0.263,jonny castro
2021,Wolverhampton Wanderers,Fernando Marçal,MF,1449,0,0,0,0.259,fernando marcal
2021,Wolverhampton Wanderers,Adama Traoré,"FW,MF",1067,1,0,1,0.23,adama traore
2021,Wolverhampton Wanderers,Pedro Neto,"FW,MF",466,1,1,2,0.163,pedro neto
2021,Wolverhampton Wanderers,Willy Boly,DF,900,0,0,0,0.161,willy boly
2021,Wolverhampton Wanderers,Chiquinho,MF,208,0,3,3,0.157,chiquinho
2021,Wolverhampton Wanderers,Fábio Silva,FW,572,0,0,0,0.102,fabio silva
2021,Wolverhampton Wanderers,Toti Gomes,DF,360,0,0,0,0.064,toti gomes
2021,Wolverhampton Wanderers,Ki-Jana Hoever,MF,308,0,0,0,0.055,ki jana hoever
2021,Wolverhampton Wanderers,Luke Cundle,MF,180,0,0,0,0.032,luke cundle
2021,Wolverhampton Wanderers,John Ruddy,GK,135,0,0,0,0.024,john ruddy
2021,Wolverhampton Wanderers,Chem Campbell,"FW,MF",13,0,0,0,0.002,chem campbell
2021,Wolverhampton Wanderers,Morgan Gibbs-White,"FW,MF",9,0,0,0,0.002,morgan gibbs white
2022,AFC Bournemouth,Dominic Solanke,FW,2860,6,7,13,0.928,dominic solanke
2022,AFC Bournemouth,Philip Billing,"MF,FW",2764,7,1,8,0.756,philip billing
2022,AFC Bournemouth,Jefferson Lerma,MF,3252,5,0,5,0.754,jefferson lerma
2022,AFC Bournemouth,Marcus Tavernier,MF,1743,5,4,9,0.599,marcus tavernier
2022,AFC Bournemouth,Adam Smith,DF,2943,0,1,1,0.574,adam smith
2022,AFC Bournemouth,Marcos Senesi,DF,2491,2,0,2,0.521,marcos senesi
2022,AFC Bournemouth,Neto,GK,2385,0,0,0,0.44,neto
2022,AFC Bournemouth,Lloyd Kelly,DF,2040,0,2,2,0.438,lloyd kelly
2022,AFC Bournemouth,Chris Mepham,DF,2199,0,0,0,0.406,chris mepham
2022,AFC Bournemouth,Ryan Christie,MF,1834,1,1,2,0.4,ryan christie
2022,AFC Bournemouth,Lewis Cook,MF,1720,0,2,2,0.379,lewis cook
2022,AFC Bournemouth,Kieffer Moore,FW,1279,4,0,4,0.359,kieffer moore
2022,AFC Bournemouth,Jaidon Anthony,MF,1257,3,1,4,0.355,jaidon anthony
2022,AFC Bournemouth,Dango Ouattara,MF,1241,1,3,4,0.352,dango ouattara
2022,AFC Bournemouth,Jordan Zemura,"DF,MF",1454,0,1,1,0.299,jordan zemura
2022,AFC Bournemouth,Joe Rothwell,MF,1016,0,1,1,0.218,joe rothwell
2022,AFC Bournemouth,Jack Stephens,DF,1173,0,0,0,0.216,jack stephens
2022,AFC Bournemouth,Mark Travers,GK,1035,0,0,0,0.191,mark travers
2022,AFC Bournemouth,Matías Viña,"DF,MF",458,2,0,2,0.146,matias vina
2022,AFC Bournemouth,Ryan Fredericks,DF,533,0,0,0,0.098,ryan fredericks
2022,AFC Bournemouth,Hamed Junior Traorè,MF,427,0,0,0,0.079,hamed junior traore
2022,AFC Bournemouth,Antoine Semenyo,"MF,FW",258,1,0,1,0.078,antoine semenyo
2022,AFC Bournemouth,Illia Zabarnyi,DF,299,0,0,0,0.055,illia zabarnyi
2022,AFC Bournemouth,Jack Stacey,"DF,MF",299,0,0,0,0.055,jack stacey
2022,AFC Bournemouth,Ben Pearson,MF,286,0,0,0,0.053,ben pearson
2022,AFC Bournemouth,David Brooks,MF,173,0,0,0,0.032,david brooks
2022,AFC Bournemouth,Siriki Dembélé,"FW,MF",110,0,0,0,0.02,siriki dembele
2022,AFC Bournemouth,Junior Stanislas,MF,61,0,0,0,0.011,junior stanislas
2022,AFC Bournemouth,Emiliano Marcondes,"FW,MF",9,0,0,0,0.002,emiliano marcondes
2022,AFC Bournemouth,Jamal Lowe,"FW,MF",12,0,0,0,0.002,jamal lowe
2022,AFC Bournemouth,Owen Bevan,DF,9,0,0,0,0.002,owen bevan
2022,Arsenal,Bukayo Saka,"FW,MF",3181,14,11,25,0.958,bukayo saka
2022,Arsenal,Martin Ødegaard,MF,3127,15,7,22,0.901,martin degaard
2022,Arsenal,Gabriel Martinelli,"FW,MF",2789,15,5,20,0.809,gabriel martinelli
2022,Arsenal,Granit Xhaka,MF,2993,7,7,14,0.749,granit xhaka
2022,Arsenal,Ben White,DF,3055,2,5,7,0.648,ben white
2022,Arsenal,Gabriel Magalhães,DF,3409,3,0,3,0.646,gabriel magalhaes
2022,Arsenal,Gabriel Jesus,FW,2064,11,6,17,0.634,gabriel jesus
2022,Arsenal,Aaron Ramsdale,GK,3420,0,0,0,0.6,aaron ramsdale
2022,Arsenal,Thomas Partey,MF,2483,3,0,3,0.484,thomas partey
2022,Arsenal,William Saliba,DF,2415,2,1,3,0.472,william saliba
2022,Arsenal,Oleksandr Zinchenko,DF,2118,1,2,3,0.42,oleksandr zinchenko
2022,Arsenal,Leandro Trossard,FW,931,1,10,11,0.339,leandro trossard
2022,Arsenal,Eddie Nketiah,FW,1089,4,1,5,0.271,eddie nketiah
2022,Arsenal,Jorginho,MF,855,0,1,1,0.166,jorginho
2022,Arsenal,Kieran Tierney,DF,795,0,1,1,0.155,kieran tierney
2022,Arsenal,Fabio Vieira,MF,514,1,2,3,0.138,fabio vieira
2022,Arsenal,Takehiro Tomiyasu,DF,663,0,1,1,0.132,takehiro tomiyasu
2022,Arsenal,Reiss Nelson,"FW,MF",212,3,2,5,0.117,reiss nelson
2022,Arsenal,Rob Holding,DF,566,1,0,1,0.115,rob holding
2022,Arsenal,Jakub Kiwior,DF,427,1,0,1,0.091,jakub kiwior
2022,Arsenal,Emile Smith Rowe,MF,172,0,2,2,0.062,emile smith rowe
2022,Arsenal,Albert Sambi Lokonga,MF,198,0,0,0,0.035,albert sambi lokonga
2022,Arsenal,Mohamed Elneny,MF,113,0,0,0,0.02,mohamed elneny
2022,Arsenal,Cédric Soares,"DF,MF",29,0,0,0,0.005,cedric soares
2022,Arsenal,Ethan Nwaneri,MF,1,0,0,0,0.0,ethan nwaneri
2022,Arsenal,Marquinhos,MF,1,0,0,0,0.0,marquinhos
2022,Aston Villa,Ollie Watkins,FW,3127,15,6,21,0.965,ollie watkins
2022,Aston Villa,Douglas Luiz,MF,2927,6,6,12,0.757,douglas luiz
2022,Aston Villa,Jacob Ramsey,MF,2636,6,7,13,0.724,jacob ramsey
2022,Aston Villa,Tyrone Mings,DF,3150,1,2,3,0.626,tyrone mings
2022,Aston Villa,Ezri Konsa,DF,3322,0,0,0,0.6,ezri konsa
2022,Aston Villa,Emi Buendía,"MF,FW",2412,5,2,7,0.569,emi buendia
2022,Aston Villa,Emiliano Martínez,GK,3139,0,0,0,0.567,emiliano martinez
2022,Aston Villa,John McGinn,MF,2693,1,3,4,0.563,john mcginn
2022,Aston Villa,Leon Bailey,"FW,MF",1967,4,4,8,0.508,leon bailey
2022,Aston Villa,Ashley Young,DF,2036,1,0,1,0.387,ashley young
2022,Aston Villa,Matty Cash,DF,1820,0,1,1,0.348,matty cash
2022,Aston Villa,Boubacar Kamara,MF,1777,0,1,1,0.34,boubacar kamara
2022,Aston Villa,Álex Moreno,DF,1329,0,3,3,0.297,alex moreno
2022,Aston Villa,Lucas Digne,DF,1502,1,0,1,0.29,lucas digne
2022,Aston Villa,Danny Ings,FW,824,6,0,6,0.263,danny ings
2022,Aston Villa,Philippe Coutinho,"FW,MF",788,1,0,1,0.161,philippe coutinho
2022,Aston Villa,Leander Dendoncker,MF,697,0,0,0,0.126,leander dendoncker
2022,Aston Villa,Bertrand Traoré,MF,233,2,0,2,0.08,bertrand traore
2022,Aston Villa,Calum Chambers,DF,353,0,0,0,0.064,calum chambers
2022,Aston Villa,Robin Olsen,GK,281,0,0,0,0.051,robin olsen
2022,Aston Villa,Diego Carlos,DF,205,0,0,0,0.037,diego carlos
2022,Aston Villa,Jáder Durán,FW,136,0,0,0,0.025,jader duran
2022,Aston Villa,Jan Bednarek,DF,100,0,0,0,0.018,jan bednarek
2022,Aston Villa,Ludwig Augustinsson,DF,77,0,0,0,0.014,ludwig augustinsson
2022,Aston Villa,Cameron Archer,"FW,MF",49,0,0,0,0.009,cameron archer
2022,Aston Villa,Morgan Sanson,MF,11,0,0,0,0.002,morgan sanson
2022,Brentford,Ivan Toney,FW,2951,20,4,24,0.918,ivan toney
2022,Brentford,Bryan Mbeumo,FW,2906,9,8,17,0.793,bryan mbeumo
2022,Brentford,Mathias Jensen,MF,2803,5,6,11,0.675,mathias jensen
2022,Brentford,Ben Mee,DF,3269,3,2,5,0.657,ben mee
2022,Brentford,Rico Henry,"DF,MF",3238,0,2,2,0.601,rico henry
2022,Brentford,David Raya,GK,3420,0,0,0,0.6,david raya
2022,Brentford,Ethan Pinnock,DF,2700,3,0,3,0.524,ethan pinnock
2022,Brentford,Vitaly Janelt,MF,2208,3,1,4,0.454,vitaly janelt
2022,Brentford,Yoane Wissa,FW,1606,7,3,10,0.448,yoane wissa
2022,Brentford,Christian Nørgaard,MF,1763,1,3,4,0.376,christian n rgaard
2022,Brentford,Aaron Hickey,DF,1916,0,1,1,0.353,aaron hickey
2022,Brentford,Josh Dasilva,MF,1389,4,2,6,0.344,josh dasilva
2022,Brentford,Mads Roerslev,"MF,DF",1108,0,0,0,0.194,mads roerslev
2022,Brentford,Mathias Jørgensen,DF,1103,0,0,0,0.194,mathias j rgensen
2022,Brentford,Frank Onyeka,MF,848,0,2,2,0.182,frank onyeka
2022,Brentford,Mikkel Damsgaard,"MF,FW",988,0,0,0,0.173,mikkel damsgaard
2022,Brentford,Kevin Schade,FW,732,0,1,1,0.145,kevin schade
2022,Brentford,Pontus Jansson,DF,724,1,0,1,0.144,pontus jansson
2022,Brentford,Kristoffer Ajer,DF,763,0,0,0,0.134,kristoffer ajer
2022,Brentford,Shandon Baptiste,MF,618,0,1,1,0.125,shandon baptiste
2022,Brentford,Keane Lewis-Potter,FW,321,0,1,1,0.073,keane lewis potter
2022,Brentford,Saman Ghoddos,"FW,MF",139,0,0,0,0.024,saman ghoddos
2022,Brentford,Sergi Canós,"FW,MF",77,0,0,0,0.014,sergi canos
2022,Brentford,Mads Bech Sørensen,DF,21,0,0,0,0.004,mads bech s rensen
2022,Brentford,Halil Dervişoğlu,FW,8,0,0,0,0.001,halil dervisoglu
2022,Brighton & Hove Albion,Pascal Groß,"MF,DF",3239,9,8,17,1.0,pascal gro
2022,Brighton & Hove Albion,Alexis Mac Allister,MF,2886,10,2,12,0.817,alexis mac allister
2022,Brighton & Hove Albion,Solly March,MF,2715,6,7,13,0.809,solly march
2022,Brighton & Hove Albion,Kaoru Mitoma,MF,2318,7,5,12,0.712,kaoru mitoma
2022,Brighton & Hove Albion,Pervis Estupiñán,"DF,MF",2675,1,5,6,0.637,pervis estupinan
2022,Brighton & Hove Albion,Moisés Caicedo,MF,3139,1,1,2,0.629,moises caicedo
2022,Brighton & Hove Albion,Lewis Dunk,DF,3239,1,0,1,0.624,lewis dunk
2022,Brighton & Hove Albion,Danny Welbeck,FW,1854,6,3,9,0.555,danny welbeck
2022,Brighton & Hove Albion,Leandro Trossard,"MF,FW",1315,7,2,9,0.455,leandro trossard
2022,Brighton & Hove Albion,Joël Veltman,DF,2188,1,1,2,0.452,joel veltman
2022,Brighton & Hove Albion,Robert Sánchez,GK,2070,0,0,0,0.383,robert sanchez
2022,Brighton & Hove Albion,Adam Webster,DF,1985,0,0,0,0.368,adam webster
2022,Brighton & Hove Albion,Evan Ferguson,FW,950,6,2,8,0.364,evan ferguson
2022,Brighton & Hove Albion,Julio Enciso,"MF,FW",806,4,2,6,0.29,julio enciso
2022,Brighton & Hove Albion,Jason Steele,GK,1350,0,1,1,0.274,jason steele
2022,Brighton & Hove Albion,Levi Colwill,DF,1220,0,2,2,0.273,levi colwill
2022,Brighton & Hove Albion,Deniz Undav,"MF,FW",628,5,0,5,0.234,deniz undav
2022,Brighton & Hove Albion,Adam Lallana,MF,722,2,1,3,0.204,adam lallana
2022,Brighton & Hove Albion,Facundo Buonanotte,MF,565,1,1,2,0.152,facundo buonanotte
2022,Brighton & Hove Albion,Billy Gilmour,MF,507,0,1,1,0.117,billy gilmour
2022,Brighton & Hove Albion,Tariq Lamptey,"DF,MF",453,0,0,0,0.084,tariq lamptey
2022,Brighton & Hove Albion,Enock Mwepu,"MF,FW",213,0,1,1,0.063,enock mwepu
2022,Brighton & Hove Albion,Jeremy Sarmiento,MF,176,0,1,1,0.056,jeremy sarmiento
2022,Brighton & Hove Albion,Jan Paul van Hecke,DF,295,0,0,0,0.055,jan paul van hecke
2022,Brighton & Hove Albion,Yasin Ayari,MF,67,0,0,0,0.012,yasin ayari
2022,Brighton & Hove Albion,Odeluga Offiah,DF,25,0,0,0,0.005,odeluga offiah
2022,Brighton & Hove Albion,Andrew Moran,MF,12,0,0,0,0.002,andrew moran
2022,Brighton & Hove Albion,Cameron Peupion,MF,6,0,0,0,0.001,cameron peupion
2022,Brighton & Hove Albion,Jack Hinshelwood,"DF,MF",2,0,0,0,0.0,jack hinshelwood
2022,Chelsea,Kai Havertz,"FW,MF",2569,7,1,8,0.956,kai havertz
2022,Chelsea,Raheem Sterling,"FW,MF",1891,6,3,9,0.842,raheem sterling
2022,Chelsea,Thiago Silva,DF,2352,0,2,2,0.638,thiago silva
2022,Chelsea,Mason Mount,MF,1648,3,2,5,0.607,mason mount
2022,Chelsea,Kepa Arrizabalaga,GK,2565,0,0,0,0.599,kepa arrizabalaga
2022,Chelsea,Conor Gallagher,MF,1621,3,1,4,0.556,conor gallagher
2022,Chelsea,Kalidou Koulibaly,DF,1800,2,1,3,0.554,kalidou koulibaly
2022,Chelsea,Mateo Kovačić,MF,1707,1,2,3,0.532,mateo kovacic
2022,Chelsea,Ben Chilwell,"MF,DF",1408,2,2,4,0.507,ben chilwell
2022,Chelsea,Marc Cucurella,"DF,MF",1671,0,2,2,0.479,marc cucurella
2022,Chelsea,Enzo Fernández,MF,1547,0,2,2,0.45,enzo fernandez
2022,Chelsea,Ruben Loftus-Cheek,MF,1536,0,1,1,0.403,ruben loftus cheek
2022,Chelsea,João Félix,"FW,MF",941,4,0,4,0.398,joao felix
2022,Chelsea,Jorginho,MF,1279,2,0,2,0.388,jorginho
2022,Chelsea,Reece James,"DF,MF",1244,1,1,2,0.379,reece james
2022,Chelsea,Trevoh Chalobah,DF,1608,0,0,0,0.376,trevoh chalobah
2022,Chelsea,César Azpilicueta,"DF,MF",1527,0,0,0,0.357,cesar azpilicueta
2022,Chelsea,Wesley Fofana,DF,1183,1,0,1,0.321,wesley fofana
2022,Chelsea,Hakim Ziyech,"MF,FW",661,0,3,3,0.288,hakim ziyech
2022,Chelsea,Christian Pulisic,"MF,FW",821,1,1,2,0.281,christian pulisic
2022,Chelsea,Benoît Badiashile,DF,905,1,0,1,0.256,benoit badiashile
2022,Chelsea,Mykhailo Mudryk,"FW,MF",657,0,2,2,0.242,mykhailo mudryk
2022,Chelsea,Édouard Mendy,GK,855,0,0,0,0.2,edouard mendy
2022,Chelsea,Noni Madueke,"FW,MF",643,1,0,1,0.195,noni madueke
2022,Chelsea,Pierre-Emerick Aubameyang,FW,554,1,0,1,0.174,pierre emerick aubameyang
2022,Chelsea,N'Golo Kanté,MF,518,0,1,1,0.165,n golo kante
2022,Chelsea,Lewis Hall,"MF,DF",654,0,0,0,0.153,lewis hall
2022,Chelsea,Armando Broja,FW,294,1,0,1,0.113,armando broja
2022,Chelsea,Denis Zakaria,MF,411,0,0,0,0.096,denis zakaria
2022,Chelsea,Carney Chukwuemeka,MF,354,0,0,0,0.083,carney chukwuemeka
2022,Chelsea,David Datro Fofana,FW,70,0,0,0,0.016,david datro fofana
2022,Chelsea,Omari Hutchinson,MF,23,0,0,0,0.005,omari hutchinson
2022,Crystal Palace,Eberechi Eze,"MF,FW",2636,10,4,14,0.875,eberechi eze
2022,Crystal Palace,Michael Olise,"MF,FW",2749,2,11,13,0.867,michael olise
2022,Crystal Palace,Jordan Ayew,"FW,MF",2714,4,3,7,0.689,jordan ayew
2022,Crystal Palace,Wilfried Zaha,"FW,MF",2288,7,2,9,0.67,wilfried zaha
2022,Crystal Palace,Marc Guéhi,DF,3329,1,0,1,0.629,marc guehi
2022,Crystal Palace,Cheick Doucouré,MF,2769,0,3,3,0.585,cheick doucoure
2022,Crystal Palace,Tyrick Mitchell,DF,2891,0,2,2,0.578,tyrick mitchell
2022,Crystal Palace,Jeffrey Schlupp,MF,2531,3,1,4,0.57,jeffrey schlupp
2022,Crystal Palace,Joachim Andersen,DF,2782,1,0,1,0.53,joachim andersen
2022,Crystal Palace,Odsonne Édouard,FW,1803,5,2,7,0.525,odsonne edouard
2022,Crystal Palace,Vicente Guaita,GK,2430,0,0,0,0.438,vicente guaita
2022,Crystal Palace,Joel Ward,DF,2256,1,0,1,0.435,joel ward
2022,Crystal Palace,Nathaniel Clyne,DF,1640,0,0,0,0.296,nathaniel clyne
2022,Crystal Palace,Will Hughes,MF,842,1,1,2,0.209,will hughes
2022,Crystal Palace,Jean-Philippe Mateta,FW,770,2,0,2,0.196,jean philippe mateta
2022,Crystal Palace,Sam Johnstone,GK,810,0,0,0,0.146,sam johnstone
2022,Crystal Palace,Albert Sambi Lokonga,MF,536,0,0,0,0.097,albert sambi lokonga
2022,Crystal Palace,Luka Milivojević,MF,512,0,0,0,0.092,luka milivojevic
2022,Crystal Palace,James Tomkins,DF,338,1,0,1,0.089,james tomkins
2022,Crystal Palace,Chris Richards,DF,447,0,0,0,0.081,chris richards
2022,Crystal Palace,Joseph Whitworth,GK,180,0,0,0,0.032,joseph whitworth
2022,Crystal Palace,Naouirou Ahamada,MF,94,0,0,0,0.017,naouirou ahamada
2022,Crystal Palace,Jaïro Riedewald,"DF,MF",64,0,0,0,0.012,jairo riedewald
2022,Crystal Palace,James McArthur,MF,54,0,0,0,0.01,james mcarthur
2022,Crystal Palace,Malcolm Ebiowei,MF,34,0,0,0,0.006,malcolm ebiowei
2022,Crystal Palace,David Ozoh,MF,1,0,0,0,0.0,david ozoh
2022,Everton,Alex Iwobi,MF,3378,2,7,9,0.953,alex iwobi
2022,Everton,Dwight McNeil,"MF,FW",2498,7,3,10,0.838,dwight mcneil
2022,Everton,James Tarkowski,DF,3420,1,1,2,0.68,james tarkowski
2022,Everton,Demarai Gray,"FW,MF",2507,4,1,5,0.64,demarai gray
2022,Everton,Jordan Pickford,GK,3330,0,1,1,0.624,jordan pickford
2022,Everton,Amadou Onana,MF,2488,1,2,3,0.556,amadou onana
2022,Everton,Abdoulaye Doucouré,MF,1533,5,2,7,0.549,abdoulaye doucoure
2022,Everton,Idrissa Gueye,MF,2577,0,1,1,0.492,idrissa gueye
2022,Everton,Vitaliy Mykolenko,"DF,MF",2655,0,0,0,0.466,vitaliy mykolenko
2022,Everton,Conor Coady,DF,2096,1,1,2,0.448,conor coady
2022,Everton,Séamus Coleman,"DF,MF",1656,1,0,1,0.331,seamus coleman
2022,Everton,Dominic Calvert-Lewin,FW,1165,2,1,3,0.324,dominic calvert lewin
2022,Everton,Anthony Gordon,"FW,MF",1095,3,0,3,0.312,anthony gordon
2022,Everton,Michael Keane,DF,985,1,2,3,0.293,michael keane
2022,Everton,Neal Maupay,FW,1118,1,0,1,0.236,neal maupay
2022,Everton,Nathan Patterson,"DF,MF",1279,0,0,0,0.224,nathan patterson
2022,Everton,Yerry Mina,DF,594,2,0,2,0.184,yerry mina
2022,Everton,Ben Godfrey,DF,802,0,1,1,0.181,ben godfrey
2022,Everton,James Garner,MF,804,0,1,1,0.181,james garner
2022,Everton,Tom Davies,MF,538,0,0,0,0.094,tom davies
2022,Everton,Mason Holgate,DF,507,0,0,0,0.089,mason holgate
2022,Everton,Ellis Simms,FW,228,1,0,1,0.08,ellis simms
2022,Everton,Salomón Rondón,FW,109,0,0,0,0.019,salomon rondon
2022,Everton,Asmir Begović,GK,90,0,0,0,0.016,asmir begovic
2022,Everton,Dele Alli,"FW,MF",40,0,0,0,0.007,dele alli
2022,Everton,Isaac Price,MF,33,0,0,0,0.006,isaac price
2022,Everton,Rúben Vinagre,"DF,MF",26,0,0,0,0.005,ruben vinagre
2022,Everton,Tom Cannon,FW,25,0,0,0,0.004,tom cannon
2022,Fulham,Aleksandar Mitrović,FW,2008,14,1,15,0.772,aleksandar mitrovic
2022,Fulham,Andreas Pereira,MF,2692,4,6,10,0.765,andreas pereira
2022,Fulham,Harrison Reed,MF,2866,3,4,7,0.717,harrison reed
2022,Fulham,Willian,MF,2126,5,5,10,0.66,willian
2022,Fulham,João Palhinha,MF,3108,3,0,3,0.656,joao palhinha
2022,Fulham,Kenny Tete,DF,2569,1,5,6,0.636,kenny tete
2022,Fulham,Bernd Leno,GK,3240,0,0,0,0.6,bernd leno
2022,Fulham,Antonee Robinson,DF,3088,0,1,1,0.599,antonee robinson
2022,Fulham,Bobby De Cordova-Reid,"MF,DF",2475,4,1,5,0.592,bobby de cordova reid
2022,Fulham,Tim Ream,DF,2897,1,0,1,0.563,tim ream
2022,Fulham,Tosin Adarabioyo,DF,2085,1,0,1,0.413,tosin adarabioyo
2022,Fulham,Issa Diop,DF,2012,1,0,1,0.399,issa diop
2022,Fulham,Carlos Vinícius,FW,1109,5,2,7,0.392,carlos vinicius
2022,Fulham,Harry Wilson,MF,1100,2,3,5,0.337,harry wilson
2022,Fulham,Tom Cairney,MF,988,2,0,2,0.236,tom cairney
2022,Fulham,Neeskens Kebano,MF,764,0,3,3,0.221,neeskens kebano
2022,Fulham,Manor Solomon,MF,572,4,0,4,0.213,manor solomon
2022,Fulham,Daniel James,"MF,FW",621,2,1,3,0.195,daniel james
2022,Fulham,Saša Lukić,MF,412,0,0,0,0.076,sasa lukic
2022,Fulham,Kevin Mbabu,DF,144,0,1,1,0.053,kevin mbabu
2022,Fulham,Cédric Soares,DF,198,0,0,0,0.037,cedric soares
2022,Fulham,Marek Rodák,GK,180,0,0,0,0.033,marek rodak
2022,Fulham,Layvin Kurzawa,DF,135,0,0,0,0.025,layvin kurzawa
2022,Fulham,Jay Stansfield,MF,87,0,0,0,0.016,jay stansfield
2022,Fulham,Shane Duffy,"DF,MF",20,0,0,0,0.004,shane duffy
2022,Fulham,Josh Onomah,"FW,MF",15,0,0,0,0.003,josh onomah
2022,Fulham,Luke Harris,MF,13,0,0,0,0.002,luke harris
2022,Fulham,Nathaniel Chalobah,MF,12,0,0,0,0.002,nathaniel chalobah
2022,Fulham,Tyrese Francois,MF,1,0,0,0,0.0,tyrese francois
2022,Leeds United,Jack Harrison,MF,2708,5,7,12,0.855,jack harrison
2022,Leeds United,Rodrigo,"FW,MF",1935,13,1,14,0.766,rodrigo
2022,Leeds United,Robin Koch,DF,3175,0,0,0,0.6,robin koch
2022,Leeds United,Illan Meslier,GK,3060,0,0,0,0.578,illan meslier
2022,Leeds United,Brenden Aaronson,MF,2372,1,3,4,0.563,brenden aaronson
2022,Leeds United,Marc Roca,MF,2315,1,2,3,0.523,marc roca
2022,Leeds United,Pascal Struijk,DF,2200,2,1,3,0.501,pascal struijk
2022,Leeds United,Rasmus Kristensen,DF,1960,3,1,4,0.485,rasmus kristensen
2022,Leeds United,Luke Ayling,DF,2054,2,1,3,0.474,luke ayling
2022,Leeds United,Patrick Bamford,FW,1515,4,2,6,0.458,patrick bamford
2022,Leeds United,Crysencio Summerville,"MF,FW",1426,4,2,6,0.441,crysencio summerville
2022,Leeds United,Wilfried Gnonto,"MF,FW",1354,2,4,6,0.427,wilfried gnonto
2022,Leeds United,Tyler Adams,MF,2156,0,0,0,0.407,tyler adams
2022,Leeds United,Junior Firpo,DF,1368,1,1,2,0.316,junior firpo
2022,Leeds United,Luis Sinisterra,MF,867,5,0,5,0.307,luis sinisterra
2022,Leeds United,Weston McKennie,MF,1437,0,1,1,0.3,weston mckennie
2022,Leeds United,Liam Cooper,DF,1426,1,0,1,0.298,liam cooper
2022,Leeds United,Maximilian Wöber,DF,1266,0,0,0,0.239,maximilian wober
2022,Leeds United,Sam Greenwood,MF,424,1,2,3,0.166,sam greenwood
2022,Leeds United,Diego Llorente,DF,649,0,0,0,0.123,diego llorente
2022,Leeds United,Joe Gelhardt,FW,212,0,2,2,0.097,joe gelhardt
2022,Leeds United,Adam Forshaw,MF,479,0,0,0,0.091,adam forshaw
2022,Leeds United,Georginio Rutter,FW,273,0,1,1,0.08,georginio rutter
2022,Leeds United,Joel Robles,GK,360,0,0,0,0.068,joel robles
2022,Leeds United,Mateusz Klich,MF,280,0,0,0,0.053,mateusz klich
2022,Leeds United,Daniel James,MF,198,0,0,0,0.037,daniel james
2022,Leeds United,Cody Drameh,DF,69,0,0,0,0.013,cody drameh
2022,Leeds United,Mateo Joseph,FW,26,0,0,0,0.005,mateo joseph
2022,Leeds United,Darko Gyabi,MF,8,0,0,0,0.002,darko gyabi
2022,Leicester City,James Maddison,"MF,FW",2480,10,9,19,0.857,james maddison
2022,Leicester City,Harvey Barnes,"MF,FW",2711,13,1,14,0.795,harvey barnes
2022,Leicester City,Timothy Castagne,"DF,MF",3254,2,3,5,0.705,timothy castagne
2022,Leicester City,Wout Faes,DF,2786,1,2,3,0.577,wout faes
2022,Leicester City,Youri Tielemans,MF,2344,3,2,5,0.537,youri tielemans
2022,Leicester City,Kiernan Dewsbury-Hall,MF,2306,2,2,4,0.509,kiernan dewsbury hall
2022,Leicester City,Jamie Vardy,FW,1857,3,4,7,0.49,jamie vardy
2022,Leicester City,Danny Ward,GK,2340,0,0,0,0.431,danny ward
2022,Leicester City,Kelechi Iheanacho,FW,1127,5,5,10,0.418,kelechi iheanacho
2022,Leicester City,Patson Daka,FW,1187,4,4,8,0.387,patson daka
2022,Leicester City,Wilfred Ndidi,"MF,DF",1679,0,0,0,0.31,wilfred ndidi
2022,Leicester City,Boubakary Soumaré,MF,1629,0,0,0,0.3,boubakary soumare
2022,Leicester City,Daniel Amartey,DF,1610,0,0,0,0.297,daniel amartey
2022,Leicester City,James Justin,"DF,MF",1252,0,0,0,0.231,james justin
2022,Leicester City,Harry Souttar,DF,992,0,1,1,0.204,harry souttar
2022,Leicester City,Daniel Iversen,GK,1080,0,0,0,0.199,daniel iversen
2022,Leicester City,Luke Thomas,DF,1073,0,0,0,0.198,luke thomas
2022,Leicester City,Jonny Evans,DF,1051,0,0,0,0.194,jonny evans
2022,Leicester City,Victor Bernth Kristiansen,DF,892,0,1,1,0.186,victor bernth kristiansen
2022,Leicester City,Nampalys Mendy,MF,757,1,0,1,0.161,nampalys mendy
2022,Leicester City,Tetê,"MF,FW",734,1,0,1,0.156,tete
2022,Leicester City,Dennis Praet,MF,649,1,0,1,0.141,dennis praet
2022,Leicester City,Ricardo Pereira,"DF,MF",454,1,1,2,0.126,ricardo pereira
2022,Leicester City,Çağlar Söyüncü,DF,529,1,0,1,0.119,caglar soyuncu
2022,Leicester City,Ayoze Pérez,MF,382,0,1,1,0.091,ayoze perez
2022,Leicester City,Marc Albrighton,MF,237,1,0,1,0.065,marc albrighton
2022,Leicester City,Wesley Fofana,DF,180,0,0,0,0.033,wesley fofana
2022,Leicester City,Lewis Brunt,"DF,MF",23,0,0,0,0.004,lewis brunt
2022,Liverpool,Mohamed Salah,FW,3290,19,12,31,0.993,mohamed salah
2022,Liverpool,Trent Alexander-Arnold,DF,2923,2,9,11,0.669,trent alexander arnold
2022,Liverpool,Alisson,GK,3330,0,1,1,0.613,alisson
2022,Liverpool,Andy Robertson,DF,2583,0,8,8,0.569,andy robertson
2022,Liverpool,Virgil van Dijk,DF,2835,3,1,4,0.562,virgil van dijk
2022,Liverpool,Fabinho,MF,2671,0,2,2,0.507,fabinho
2022,Liverpool,Darwin Núñez,FW,1695,9,3,12,0.46,darwin nunez
2022,Liverpool,Roberto Firmino,FW,1213,11,4,15,0.412,roberto firmino
2022,Liverpool,Jordan Henderson,MF,2074,0,2,2,0.4,jordan henderson
2022,Liverpool,Cody Gakpo,FW,1458,7,2,9,0.379,cody gakpo
2022,Liverpool,Diogo Jota,"FW,MF",1131,7,4,11,0.346,diogo jota
2022,Liverpool,Harvey Elliott,MF,1613,1,2,3,0.329,harvey elliott
2022,Liverpool,Ibrahima Konaté,DF,1552,0,0,0,0.28,ibrahima konate
2022,Liverpool,Joe Gomez,DF,1466,0,0,0,0.264,joe gomez
2022,Liverpool,Luis Díaz,FW,996,4,2,6,0.257,luis diaz
2022,Liverpool,Curtis Jones,MF,1035,3,1,4,0.238,curtis jones
2022,Liverpool,Thiago Alcántara,MF,1254,0,0,0,0.226,thiago alcantara
2022,Liverpool,Joël Matip,DF,1092,1,0,1,0.21,joel matip
2022,Liverpool,Kostas Tsimikas,DF,771,0,4,4,0.191,kostas tsimikas
2022,Liverpool,James Milner,"MF,DF",913,0,1,1,0.177,james milner
2022,Liverpool,Stefan Bajcetic,MF,526,1,0,1,0.108,stefan bajcetic
2022,Liverpool,Fabio Carvalho,"MF,FW",347,2,0,2,0.088,fabio carvalho
2022,Liverpool,Alex Oxlade-Chamberlain,FW,335,1,0,1,0.073,alex oxlade chamberlain
2022,Liverpool,Naby Keïta,MF,293,0,0,0,0.053,naby keita
2022,Liverpool,Caoimhín Kelleher,GK,90,0,0,0,0.016,caoimhin kelleher
2022,Liverpool,Nathaniel Phillips,DF,66,0,0,0,0.012,nathaniel phillips
2022,Liverpool,Ben Gannon-Doak,MF,26,0,0,0,0.005,ben gannon doak
2022,Liverpool,Bobby Clark,MF,8,0,0,0,0.001,bobby clark
2022,Manchester City,Erling Haaland,"FW,MF",2769,36,8,44,0.927,erling haaland
2022,Manchester City,Kevin De Bruyne,MF,2417,7,16,23,0.669,kevin de bruyne
2022,Manchester City,Rodri,"MF,DF",2911,2,6,8,0.627,rodri
2022,Manchester City,Ederson Moraes,GK,3150,0,1,1,0.609,ederson moraes
2022,Manchester City,İlkay Gündoğan,MF,2353,8,4,12,0.557,ilkay gundogan
2022,Manchester City,Phil Foden,"FW,MF",1842,11,6,17,0.505,phil foden
2022,Manchester City,Bernardo Silva,"MF,FW",2205,4,5,9,0.502,bernardo silva
2022,Manchester City,Riyad Mahrez,"MF,FW",1920,5,10,15,0.502,riyad mahrez
2022,Manchester City,Jack Grealish,"FW,MF",2055,5,7,12,0.501,jack grealish
2022,Manchester City,Manuel Akanji,"DF,MF",2287,0,1,1,0.445,manuel akanji
2022,Manchester City,John Stones,"DF,MF",1846,2,2,4,0.388,john stones
2022,Manchester City,Rúben Dias,"DF,MF",1998,0,0,0,0.381,ruben dias
2022,Manchester City,Kyle Walker,"DF,MF",1958,0,0,0,0.373,kyle walker
2022,Manchester City,Nathan Aké,DF,1873,1,0,1,0.366,nathan ake
2022,Manchester City,Julián Álvarez,"MF,FW",1465,9,0,9,0.361,julian alvarez
2022,Manchester City,João Cancelo,DF,1274,2,1,3,0.27,joao cancelo
2022,Manchester City,Aymeric Laporte,"DF,MF",993,0,0,0,0.189,aymeric laporte
2022,Manchester City,Rico Lewis,"DF,MF",903,0,0,0,0.172,rico lewis
2022,Manchester City,Cole Palmer,"MF,FW",370,0,1,1,0.08,cole palmer
2022,Manchester City,Sergio Gómez,"MF,FW",349,0,1,1,0.076,sergio gomez
2022,Manchester City,Kalvin Phillips,"MF,DF",300,0,0,0,0.057,kalvin phillips
2022,Manchester City,Stefan Ortega,GK,270,0,0,0,0.051,stefan ortega
2022,Manchester City,Shea Charles,"DF,MF",28,0,0,0,0.005,shea charles
2022,Manchester City,Máximo Perrone,MF,19,0,0,0,0.004,maximo perrone
2022,Manchester United,Marcus Rashford,"FW,MF",2879,17,5,22,0.905,marcus rashford
2022,Manchester United,Bruno Fernandes,MF,3316,8,8,16,0.873,bruno fernandes
2022,Manchester United,David de Gea,GK,3420,0,0,0,0.6,david de gea
2022,Manchester United,Christian Eriksen,MF,2048,1,8,9,0.523,christian eriksen
2022,Manchester United,Luke Shaw,DF,2552,1,2,3,0.502,luke shaw
2022,Manchester United,Casemiro,MF,2124,4,3,7,0.5,casemiro
2022,Manchester United,Jadon Sancho,MF,1686,6,3,9,0.459,jadon sancho
2022,Manchester United,Diogo Dalot,DF,2154,1,2,3,0.432,diogo dalot
2022,Manchester United,Antony,MF,1802,4,2,6,0.425,antony
2022,Manchester United,Lisandro Martínez,DF,2114,1,0,1,0.389,lisandro martinez
2022,Manchester United,Raphaël Varane,DF,1911,0,0,0,0.335,raphael varane
2022,Manchester United,Anthony Martial,FW,978,6,2,8,0.317,anthony martial
2022,Manchester United,Fred,MF,1249,2,2,4,0.292,fred
2022,Manchester United,Aaron Wan-Bissaka,DF,1435,0,0,0,0.252,aaron wan bissaka
2022,Manchester United,Tyrell Malacia,DF,1396,0,0,0,0.245,tyrell malacia
2022,Manchester United,Victor Lindelöf,DF,1365,0,0,0,0.239,victor lindelof
2022,Manchester United,Scott McTominay,MF,1160,1,0,1,0.222,scott mctominay
2022,Manchester United,Alejandro Garnacho,MF,569,3,2,5,0.191,alejandro garnacho
2022,Manchester United,Wout Weghorst,"FW,MF",797,0,1,1,0.158,wout weghorst
2022,Manchester United,Harry Maguire,DF,767,0,0,0,0.135,harry maguire
2022,Manchester United,Marcel Sabitzer,MF,627,0,1,1,0.128,marcel sabitzer
2022,Manchester United,Cristiano Ronaldo,FW,525,1,0,1,0.11,cristiano ronaldo
2022,Manchester United,Anthony Elanga,MF,426,0,1,1,0.093,anthony elanga
2022,Manchester United,Donny van de Beek,MF,167,0,0,0,0.029,donny van de beek
2022,Manchester United,Facundo Pellistri,"FW,MF",64,0,0,0,0.011,facundo pellistri
2022,Manchester United,Kobbie Mainoo,MF,11,0,0,0,0.002,kobbie mainoo
2022,Newcastle United,Kieran Trippier,DF,3341,1,7,8,0.739,kieran trippier
2022,Newcastle United,Callum Wilson,FW,1877,18,5,23,0.737,callum wilson
2022,Newcastle United,Miguel Almirón,FW,2491,11,2,13,0.673,miguel almiron
2022,Newcastle United,Bruno Guimarães,MF,2726,4,5,9,0.646,bruno guimaraes
2022,Newcastle United,Fabian Schär,DF,3206,1,3,4,0.645,fabian schar
2022,Newcastle United,Joe Willock,MF,2558,3,6,9,0.616,joe willock
2022,Newcastle United,Joelinton,"MF,FW",2661,6,1,7,0.6,joelinton
2022,Newcastle United,Nick Pope,GK,3261,0,0,0,0.586,nick pope
2022,Newcastle United,Dan Burn,DF,3111,1,0,1,0.576,dan burn
2022,Newcastle United,Sven Botman,DF,3127,0,0,0,0.562,sven botman
2022,Newcastle United,Sean Longstaff,MF,2518,1,4,5,0.539,sean longstaff
2022,Newcastle United,Alexander Isak,FW,1522,10,1,11,0.465,alexander isak
2022,Newcastle United,Jacob Murphy,FW,1251,4,2,6,0.329,jacob murphy
2022,Newcastle United,Allan Saint-Maximin,FW,1120,1,5,6,0.305,allan saint maximin
2022,Newcastle United,Chris Wood,FW,446,2,0,2,0.115,chris wood
2022,Newcastle United,Matt Targett,DF,610,0,0,0,0.11,matt targett
2022,Newcastle United,Anthony Gordon,"FW,MF",487,1,0,1,0.105,anthony gordon
2022,Newcastle United,Elliot Anderson,MF,410,0,1,1,0.091,elliot anderson
2022,Newcastle United,Ryan Fraser,FW,313,0,0,0,0.056,ryan fraser
2022,Newcastle United,Jamaal Lascelles,DF,218,0,0,0,0.039,jamaal lascelles
2022,Newcastle United,Martin Dúbravka,GK,157,0,0,0,0.028,martin dubravka
2022,Newcastle United,Javier Manquillo,DF,37,0,0,0,0.007,javier manquillo
2022,Newcastle United,Jonjo Shelvey,MF,37,0,0,0,0.007,jonjo shelvey
2022,Newcastle United,Matt Ritchie,"DF,MF",39,0,0,0,0.007,matt ritchie
2022,Newcastle United,Lewis Miley,MF,15,0,0,0,0.003,lewis miley
2022,Newcastle United,Jamal Lewis,"DF,MF",11,0,0,0,0.002,jamal lewis
2022,Newcastle United,Emil Krafth,DF,1,0,0,0,0.0,emil krafth
2022,Nottingham Forest,Morgan Gibbs-White,"MF,FW",2971,5,8,13,1.0,morgan gibbs white
2022,Nottingham Forest,Brennan Johnson,"FW,MF",2934,8,3,11,0.931,brennan johnson
2022,Nottingham Forest,Taiwo Awoniyi,FW,1404,10,1,11,0.622,taiwo awoniyi
2022,Nottingham Forest,Joe Worrall,DF,2224,1,0,1,0.48,joe worrall
2022,Nottingham Forest,Renan Lodi,"DF,MF",2214,0,1,1,0.478,renan lodi
2022,Nottingham Forest,Remo Freuler,MF,2161,0,0,0,0.436,remo freuler
2022,Nottingham Forest,Ryan Yates,MF,1837,0,2,2,0.433,ryan yates
2022,Nottingham Forest,Serge Aurier,"DF,MF",1943,1,0,1,0.423,serge aurier
2022,Nottingham Forest,Neco Williams,"DF,MF",1882,1,0,1,0.411,neco williams
2022,Nottingham Forest,Orel Mangala,MF,1550,1,1,2,0.375,orel mangala
2022,Nottingham Forest,Danilo Santos,MF,976,3,2,5,0.351,danilo santos
2022,Nottingham Forest,Dean Henderson,GK,1620,0,0,0,0.327,dean henderson
2022,Nottingham Forest,Felipe,DF,1418,0,1,1,0.317,felipe
2022,Nottingham Forest,Scott McKenna,DF,1571,0,0,0,0.317,scott mckenna
2022,Nottingham Forest,Keylor Navas,GK,1529,0,0,0,0.309,keylor navas
2022,Nottingham Forest,Emmanuel Dennis,"MF,FW",720,2,2,4,0.268,emmanuel dennis
2022,Nottingham Forest,Moussa Niakhaté,DF,1163,0,0,0,0.235,moussa niakhate
2022,Nottingham Forest,Cheikhou Kouyaté,"MF,DF",882,1,0,1,0.209,cheikhou kouyate
2022,Nottingham Forest,Steve Cook,DF,957,0,0,0,0.193,steve cook
2022,Nottingham Forest,Harry Toffolo,"DF,MF",940,0,0,0,0.19,harry toffolo
2022,Nottingham Forest,Jesse Lingard,"MF,FW",923,0,0,0,0.186,jesse lingard
2022,Nottingham Forest,Willy Boly,DF,685,0,1,1,0.169,willy boly
2022,Nottingham Forest,Lewis O'Brien,MF,584,1,0,1,0.149,lewis o brien
2022,Nottingham Forest,Jonjo Shelvey,MF,540,0,0,0,0.109,jonjo shelvey
2022,Nottingham Forest,Chris Wood,FW,372,1,0,1,0.106,chris wood
2022,Nottingham Forest,Jack Colback,MF,497,0,0,0,0.1,jack colback
2022,Nottingham Forest,Sam Surridge,FW,323,1,0,1,0.096,sam surridge
2022,Nottingham Forest,André Ayew,FW,316,0,0,0,0.064,andre ayew
2022,Nottingham Forest,Wayne Hennessey,GK,271,0,0,0,0.055,wayne hennessey
2022,Nottingham Forest,Gustavo Scarpa,MF,181,0,0,0,0.037,gustavo scarpa
2022,Nottingham Forest,Giulian Biancone,"DF,MF",17,0,0,0,0.003,giulian biancone
2022,Nottingham Forest,Alex Mighten,"FW,MF",8,0,0,0,0.002,alex mighten
2022,Nottingham Forest,Cafú,MF,7,0,0,0,0.001,cafu
2022,Southampton,James Ward-Prowse,MF,3371,9,4,13,1.0,james ward prowse
2022,Southampton,Ché Adams,FW,1992,5,3,8,0.601,che adams
2022,Southampton,Gavin Bazunu,GK,2880,0,0,0,0.513,gavin bazunu
2022,Southampton,Kyle Walker-Peters,"DF,MF",2650,1,0,1,0.502,kyle walker peters
2022,Southampton,Romain Perraud,DF,1835,2,2,4,0.45,romain perraud
2022,Southampton,Mohamed Elyounoussi,MF,2168,1,1,2,0.447,mohamed elyounoussi
2022,Southampton,Roméo Lavia,MF,2221,1,0,1,0.426,romeo lavia
2022,Southampton,Armel Bella Kotchap,DF,1879,0,2,2,0.396,armel bella kotchap
2022,Southampton,Mohammed Salisu,DF,1973,0,1,1,0.382,mohammed salisu
2022,Southampton,Carlos Alcaraz,"MF,FW",1029,4,2,6,0.368,carlos alcaraz
2022,Southampton,Stuart Armstrong,MF,1408,2,1,3,0.343,stuart armstrong
2022,Southampton,Adam Armstrong,"MF,FW",1335,2,1,3,0.33,adam armstrong
2022,Southampton,Theo Walcott,"MF,FW",1129,2,2,4,0.324,theo walcott
2022,Southampton,Jan Bednarek,DF,1672,0,0,0,0.298,jan bednarek
2022,Southampton,Joe Aribo,"MF,FW",1224,2,0,2,0.279,joe aribo
2022,Southampton,Lyanco,DF,1180,1,1,2,0.272,lyanco
2022,Southampton,Kamaldeen Sulemana,"FW,MF",966,2,1,3,0.264,kamaldeen sulemana
2022,Southampton,Ainsley Maitland-Niles,"DF,MF",1407,0,0,0,0.25,ainsley maitland niles
2022,Southampton,Duje Ćaleta-Car,DF,946,1,0,1,0.199,duje caleta car
2022,Southampton,Sekou Mara,FW,555,1,2,3,0.191,sekou mara
2022,Southampton,Moussa Djenepo,"DF,MF",710,0,2,2,0.188,moussa djenepo
2022,Southampton,Ibrahima Diallo,MF,819,0,0,0,0.146,ibrahima diallo
2022,Southampton,Samuel Edozie,"MF,FW",567,0,0,0,0.101,samuel edozie
2022,Southampton,Alex McCarthy,GK,540,0,0,0,0.096,alex mccarthy
2022,Southampton,Paul Onuachu,FW,407,0,0,0,0.072,paul onuachu
2022,Southampton,James Bree,DF,367,0,0,0,0.065,james bree
2022,Southampton,Juan Larios,DF,152,0,0,0,0.027,juan larios
2022,Southampton,Oriol Romeu,MF,74,0,0,0,0.013,oriol romeu
2022,Southampton,Jack Stephens,DF,46,0,0,0,0.008,jack stephens
2022,Southampton,Yan Valery,DF,45,0,0,0,0.008,yan valery
2022,Southampton,Dominic Ballard,FW,26,0,0,0,0.005,dominic ballard
2022,Southampton,Tino Livramento,"DF,MF",28,0,0,0,0.005,tino livramento
2022,Southampton,Kami Doyle,MF,7,0,0,0,0.001,kami doyle
2022,Southampton,Mislav Oršić,"FW,MF",7,0,0,0,0.001,mislav orsic
2022,Southampton,Samuel Amo-Ameyaw,"FW,MF",4,0,0,0,0.001,samuel amo ameyaw
2022,Southampton,Nathan Redmond,"FW,MF",1,0,0,0,0.0,nathan redmond
2022,Tottenham Hotspur,Harry Kane,FW,3405,30,3,33,1.0,harry kane
2022,Tottenham Hotspur,Son Heung-min,"MF,FW",2888,10,6,16,0.703,son heung min
2022,Tottenham Hotspur,Pierre Højbjerg,MF,3131,4,5,9,0.661,pierre h jbjerg
2022,Tottenham Hotspur,Eric Dier,DF,2818,2,1,3,0.533,eric dier
2022,Tottenham Hotspur,Ivan Perišić,MF,2108,1,8,9,0.481,ivan perisic
2022,Tottenham Hotspur,Dejan Kulusevski,"MF,FW",2067,2,7,9,0.473,dejan kulusevski
2022,Tottenham Hotspur,Ben Davies,"DF,MF",2288,2,2,4,0.452,ben davies
2022,Tottenham Hotspur,Cristian Romero,DF,2364,0,1,1,0.429,cristian romero
2022,Tottenham Hotspur,Hugo Lloris,GK,2205,0,0,0,0.389,hugo lloris
2022,Tottenham Hotspur,Clément Lenglet,DF,2019,0,2,2,0.38,clement lenglet
2022,Tottenham Hotspur,Rodrigo Bentancur,MF,1500,5,2,7,0.349,rodrigo bentancur
2022,Tottenham Hotspur,Emerson,"MF,DF",1735,2,1,3,0.342,emerson
2022,Tottenham Hotspur,Oliver Skipp,MF,1491,1,0,1,0.275,oliver skipp
2022,Tottenham Hotspur,Pedro Porro,MF,1131,3,3,6,0.272,pedro porro
2022,Tottenham Hotspur,Richarlison,"MF,FW",1010,1,3,4,0.226,richarlison
2022,Tottenham Hotspur,Fraser Forster,GK,1215,0,0,0,0.214,fraser forster
2022,Tottenham Hotspur,Yves Bissouma,MF,1010,0,0,0,0.178,yves bissouma
2022,Tottenham Hotspur,Ryan Sessegnon,"MF,DF",813,2,0,2,0.168,ryan sessegnon
2022,Tottenham Hotspur,Davinson Sánchez,DF,858,0,0,0,0.151,davinson sanchez
2022,Tottenham Hotspur,Matt Doherty,MF,667,1,0,1,0.13,matt doherty
2022,Tottenham Hotspur,Pape Matar Sarr,MF,218,0,1,1,0.051,pape matar sarr
2022,Tottenham Hotspur,Arnaut Danjuma,MF,169,1,0,1,0.042,arnaut danjuma
2022,Tottenham Hotspur,Lucas Moura,"FW,MF",153,1,0,1,0.039,lucas moura
2022,Tottenham Hotspur,Bryan Gil,"MF,FW",148,0,1,1,0.038,bryan gil
2022,Tottenham Hotspur,Japhet Tanganga,DF,146,0,0,0,0.026,japhet tanganga
2022,Tottenham Hotspur,Matthew Craig,MF,14,0,0,0,0.002,matthew craig
2022,Tottenham Hotspur,Djed Spence,"DF,MF",7,0,0,0,0.001,djed spence
2022,Tottenham Hotspur,Harvey White,MF,5,0,0,0,0.001,harvey white
2022,Tottenham Hotspur,George Abbott,MF,1,0,0,0,0.0,george abbott
2022,West Ham United,Jarrod Bowen,"MF,FW",3233,6,5,11,0.993,jarrod bowen
2022,West Ham United,Declan Rice,MF,3273,4,2,6,0.818,declan rice
2022,West Ham United,Saïd Benrahma,"MF,FW",2069,6,3,9,0.707,said benrahma
2022,West Ham United,Tomáš Souček,MF,2815,2,3,5,0.698,tomas soucek
2022,West Ham United,Lucas Paquetá,MF,2151,4,3,7,0.649,lucas paqueta
2022,West Ham United,Michail Antonio,FW,1829,5,3,8,0.626,michail antonio
2022,West Ham United,Łukasz Fabiański,GK,3111,0,0,0,0.57,ukasz fabianski
2022,West Ham United,Thilo Kehrer,DF,2230,0,2,2,0.482,thilo kehrer
2022,West Ham United,Aaron Cresswell,DF,2235,0,1,1,0.446,aaron cresswell
2022,West Ham United,Kurt Zouma,DF,1989,2,0,2,0.437,kurt zouma
2022,West Ham United,Vladimír Coufal,"DF,MF",2136,0,1,1,0.428,vladimir coufal
2022,West Ham United,Pablo Fornals,MF,1503,3,1,4,0.421,pablo fornals
2022,West Ham United,Nayef Aguerd,DF,1595,2,0,2,0.365,nayef aguerd
2022,West Ham United,Danny Ings,FW,775,2,2,4,0.288,danny ings
2022,West Ham United,Gianluca Scamacca,FW,926,3,0,3,0.279,gianluca scamacca
2022,West Ham United,Emerson Palmieri,"MF,DF",1320,1,0,1,0.278,emerson palmieri
2022,West Ham United,Angelo Ogbonna,DF,1237,0,0,0,0.227,angelo ogbonna
2022,West Ham United,Ben Johnson,"DF,MF",866,0,0,0,0.159,ben johnson
2022,West Ham United,Flynn Downes,MF,762,0,0,0,0.14,flynn downes
2022,West Ham United,Craig Dawson,DF,720,0,0,0,0.132,craig dawson
2022,West Ham United,Manuel Lanzini,MF,252,1,0,1,0.083,manuel lanzini
2022,West Ham United,Alphonse Areola,GK,309,0,0,0,0.057,alphonse areola
2022,West Ham United,Maxwel Cornet,MF,245,0,0,0,0.045,maxwel cornet
2022,West Ham United,Divin Mubama,FW,38,0,0,0,0.007,divin mubama
2022,West Ham United,Conor Coventry,MF,1,0,0,0,0.0,conor coventry
2022,Wolverhampton Wanderers,Rúben Neves,MF,3019,6,1,7,0.948,ruben neves
2022,Wolverhampton Wanderers,Daniel Podence,"MF,FW",1771,6,0,6,0.664,daniel podence
2022,Wolverhampton Wanderers,Max Kilman,DF,3307,0,0,0,0.6,max kilman
2022,Wolverhampton Wanderers,José Sá,GK,3240,0,0,0,0.588,jose sa
2022,Wolverhampton Wanderers,Matheus Nunes,MF,2467,1,1,2,0.562,matheus nunes
2022,Wolverhampton Wanderers,Nélson Semedo,DF,2632,0,1,1,0.535,nelson semedo
2022,Wolverhampton Wanderers,Adama Traoré,"MF,FW",1496,2,1,3,0.443,adama traore
2022,Wolverhampton Wanderers,João Moutinho,MF,1780,0,2,2,0.437,joao moutinho
2022,Wolverhampton Wanderers,Hwang Hee-chan,"FW,MF",1130,3,1,4,0.434,hwang hee chan
2022,Wolverhampton Wanderers,Nathan Collins,DF,1814,0,0,0,0.329,nathan collins
2022,Wolverhampton Wanderers,Craig Dawson,DF,1414,1,0,1,0.314,craig dawson
2022,Wolverhampton Wanderers,Hugo Bueno,DF,1310,0,1,1,0.295,hugo bueno
2022,Wolverhampton Wanderers,Mario Lemina,MF,1299,0,1,1,0.293,mario lemina
2022,Wolverhampton Wanderers,Matheus Cunha,FW,965,2,0,2,0.289,matheus cunha
2022,Wolverhampton Wanderers,Jonny Castro,DF,1261,1,0,1,0.286,jonny castro
2022,Wolverhampton Wanderers,Diego Costa,FW,1241,1,0,1,0.282,diego costa
2022,Wolverhampton Wanderers,Rayan Aït-Nouri,"DF,MF",1076,1,0,1,0.252,rayan ait nouri
2022,Wolverhampton Wanderers,Gonçalo Guedes,"FW,MF",707,1,1,2,0.243,goncalo guedes
2022,Wolverhampton Wanderers,Toti Gomes,DF,984,1,0,1,0.236,toti gomes
2022,Wolverhampton Wanderers,Raúl Jiménez,FW,846,0,1,1,0.211,raul jimenez
2022,Wolverhampton Wanderers,Pablo Sarabia,"MF,FW",765,1,0,1,0.196,pablo sarabia
2022,Wolverhampton Wanderers,João Gomes,MF,653,1,0,1,0.176,joao gomes
2022,Wolverhampton Wanderers,Pedro Neto,"MF,FW",964,0,0,0,0.175,pedro neto
2022,Wolverhampton Wanderers,Boubacar Traoré,MF,411,0,1,1,0.132,boubacar traore
2022,Wolverhampton Wanderers,Leander Dendoncker,MF,214,0,0,0,0.039,leander dendoncker
2022,Wolverhampton Wanderers,Daniel Bentley,GK,180,0,0,0,0.033,daniel bentley
2022,Wolverhampton Wanderers,Morgan Gibbs-White,MF,180,0,0,0,0.033,morgan gibbs white
2022,Wolverhampton Wanderers,Joe Hodge,MF,175,0,0,0,0.032,joe hodge
2022,Wolverhampton Wanderers,Chem Campbell,"FW,MF",74,0,0,0,0.013,chem campbell
2022,Wolverhampton Wanderers,Saša Kalajdžić,FW,45,0,0,0,0.008,sasa kalajdzic
2022,Wolverhampton Wanderers,Dexter Lembikisa,"DF,MF",23,0,0,0,0.004,dexter lembikisa
2022,Wolverhampton Wanderers,Connor Ronan,MF,1,0,0,0,0.0,connor ronan
2023,AFC Bournemouth,Dominic Solanke,FW,3325,19,3,22,0.999,dominic solanke
2023,AFC Bournemouth,Illia Zabarnyi,DF,3330,1,0,1,0.618,illia zabarnyi
2023,AFC Bournemouth,Ryan Christie,MF,2907,0,5,5,0.615,ryan christie
2023,AFC Bournemouth,Marcos Senesi,DF,2242,4,5,9,0.568,marcos senesi
2023,AFC Bournemouth,Antoine Semenyo,MF,2105,8,2,10,0.561,antoine semenyo
2023,AFC Bournemouth,Lewis Cook,MF,2786,0,3,3,0.557,lewis cook
2023,AFC Bournemouth,Neto,GK,2880,0,0,0,0.519,neto
2023,AFC Bournemouth,Marcus Tavernier,MF,2118,3,4,7,0.509,marcus tavernier
2023,AFC Bournemouth,Justin Kluivert,MF,1916,7,1,8,0.491,justin kluivert
2023,AFC Bournemouth,Adam Smith,DF,2150,0,2,2,0.424,adam smith
2023,AFC Bournemouth,Milos Kerkez,DF,1970,0,1,1,0.373,milos kerkez
2023,AFC Bournemouth,Philip Billing,MF,1398,2,2,4,0.325,philip billing
2023,AFC Bournemouth,Lloyd Kelly,DF,1559,0,1,1,0.299,lloyd kelly
2023,AFC Bournemouth,Dango Ouattara,"DF,MF",1229,1,2,3,0.276,dango ouattara
2023,AFC Bournemouth,Max Aarons,DF,1237,0,1,1,0.241,max aarons
2023,AFC Bournemouth,Alex Scott,MF,1014,1,1,2,0.219,alex scott
2023,AFC Bournemouth,Luis Sinisterra,MF,699,2,2,4,0.199,luis sinisterra
2023,AFC Bournemouth,Enes Ünal,FW,328,2,2,4,0.132,enes unal
2023,AFC Bournemouth,Chris Mepham,DF,617,0,1,1,0.129,chris mepham
2023,AFC Bournemouth,David Brooks,MF,282,1,1,2,0.087,david brooks
2023,AFC Bournemouth,Joe Rothwell,MF,386,0,0,0,0.07,joe rothwell
2023,AFC Bournemouth,Mark Travers,GK,360,0,0,0,0.065,mark travers
2023,AFC Bournemouth,Kieffer Moore,"DF,FW",108,1,0,1,0.038,kieffer moore
2023,AFC Bournemouth,Ionuț Radu,GK,180,0,0,0,0.032,ionut radu
2023,AFC Bournemouth,Jaidon Anthony,MF,152,0,0,0,0.027,jaidon anthony
2023,AFC Bournemouth,Tyler Adams,MF,121,0,0,0,0.022,tyler adams
2023,AFC Bournemouth,James Hill,DF,76,0,0,0,0.014,james hill
2023,AFC Bournemouth,Hamed Junior Traorè,MF,47,0,0,0,0.008,hamed junior traore
2023,AFC Bournemouth,Romain Faivre,MF,41,0,0,0,0.007,romain faivre
2023,AFC Bournemouth,Dominic Sadi,MF,1,0,0,0,0.0,dominic sadi
2023,Arsenal,Bukayo Saka,FW,2919,16,9,25,0.912,bukayo saka
2023,Arsenal,Martin Ødegaard,MF,3091,8,10,18,0.83,martin degaard
2023,Arsenal,Declan Rice,MF,3225,7,8,15,0.806,declan rice
2023,Arsenal,Kai Havertz,"MF,FW",2634,13,7,20,0.782,kai havertz
2023,Arsenal,Ben White,DF,2988,4,4,8,0.652,ben white
2023,Arsenal,William Saliba,DF,3420,2,1,3,0.648,william saliba
2023,Arsenal,Gabriel Magalhães,DF,3044,4,0,4,0.598,gabriel magalhaes
2023,Arsenal,Gabriel Martinelli,FW,2019,6,4,10,0.514,gabriel martinelli
2023,Arsenal,David Raya,GK,2880,0,0,0,0.505,david raya
2023,Arsenal,Leandro Trossard,"FW,MF",1649,12,1,13,0.497,leandro trossard
2023,Arsenal,Gabriel Jesus,FW,1478,4,5,9,0.403,gabriel jesus
2023,Arsenal,Oleksandr Zinchenko,DF,1722,1,2,3,0.35,oleksandr zinchenko
2023,Arsenal,Eddie Nketiah,FW,1082,5,2,7,0.302,eddie nketiah
2023,Arsenal,Takehiro Tomiyasu,DF,1149,2,1,3,0.25,takehiro tomiyasu
2023,Arsenal,Jakub Kiwior,DF,946,1,3,4,0.23,jakub kiwior
2023,Arsenal,Jorginho,MF,921,0,2,2,0.194,jorginho
2023,Arsenal,Thomas Partey,"MF,DF",788,0,0,0,0.138,thomas partey
2023,Arsenal,Fabio Vieira,MF,297,1,2,3,0.1,fabio vieira
2023,Arsenal,Aaron Ramsdale,GK,540,0,0,0,0.095,aaron ramsdale
2023,Arsenal,Emile Smith Rowe,MF,353,0,1,1,0.078,emile smith rowe
2023,Arsenal,Reiss Nelson,FW,268,0,0,0,0.047,reiss nelson
2023,Arsenal,Jurriën Timber,DF,71,0,0,0,0.012,jurrien timber
2023,Arsenal,Cédric Soares,"DF,MF",62,0,0,0,0.011,cedric soares
2023,Arsenal,Mohamed Elneny,MF,28,0,0,0,0.005,mohamed elneny
2023,Arsenal,Ethan Nwaneri,MF,14,0,0,0,0.002,ethan nwaneri
2023,Aston Villa,Ollie Watkins,FW,3217,19,13,32,1.0,ollie watkins
2023,Aston Villa,Douglas Luiz,MF,2993,9,5,14,0.733,douglas luiz
2023,Aston Villa,John McGinn,MF,2999,6,4,10,0.684,john mcginn
2023,Aston Villa,Leon Bailey,MF,2068,10,9,19,0.623,leon bailey
2023,Aston Villa,Ezri Konsa,DF,3069,1,0,1,0.585,ezri konsa
2023,Aston Villa,Moussa Diaby,"MF,FW",2174,6,8,14,0.58,moussa diaby
2023,Aston Villa,Emiliano Martínez,GK,3015,0,0,0,0.562,emiliano martinez
2023,Aston Villa,Lucas Digne,DF,2410,1,3,4,0.499,lucas digne
2023,Aston Villa,Pau Torres,DF,2464,2,0,2,0.485,pau torres
2023,Aston Villa,Matty Cash,"DF,MF",2142,2,2,4,0.45,matty cash
2023,Aston Villa,Youri Tielemans,"MF,FW",1622,2,6,8,0.403,youri tielemans
2023,Aston Villa,Diego Carlos,DF,1816,0,0,0,0.339,diego carlos
2023,Aston Villa,Boubacar Kamara,MF,1652,0,1,1,0.321,boubacar kamara
2023,Aston Villa,Clément Lenglet,DF,1153,0,1,1,0.228,clement lenglet
2023,Aston Villa,Álex Moreno,DF,1031,2,0,2,0.217,alex moreno
2023,Aston Villa,Jacob Ramsey,MF,853,1,1,2,0.184,jacob ramsey
2023,Aston Villa,Nicolò Zaniolo,"MF,FW",839,2,0,2,0.181,nicolo zaniolo
2023,Aston Villa,Morgan Rogers,MF,638,3,1,4,0.169,morgan rogers
2023,Aston Villa,Jáder Durán,FW,475,5,0,5,0.151,jader duran
2023,Aston Villa,Robin Olsen,GK,405,0,0,0,0.076,robin olsen
2023,Aston Villa,Calum Chambers,MF,152,0,1,1,0.041,calum chambers
2023,Aston Villa,Leander Dendoncker,MF,119,1,0,1,0.035,leander dendoncker
2023,Aston Villa,Tim Iroegbunam,MF,164,0,0,0,0.031,tim iroegbunam
2023,Aston Villa,Omari Kellyman,"FW,MF",37,0,0,0,0.007,omari kellyman
2023,Aston Villa,Tyrone Mings,DF,30,0,0,0,0.006,tyrone mings
2023,Aston Villa,Philippe Coutinho,"FW,MF",25,0,0,0,0.005,philippe coutinho
2023,Aston Villa,Bertrand Traoré,"FW,MF",11,0,0,0,0.002,bertrand traore
2023,Aston Villa,Cameron Archer,"FW,MF",6,0,0,0,0.001,cameron archer
2023,Aston Villa,Finley Munroe,DF,4,0,0,0,0.001,finley munroe
2023,Aston Villa,Jaden Philogene Bidace,"FW,MF",4,0,0,0,0.001,jaden philogene bidace
2023,Aston Villa,Kaine Kesler-Hayden,"DF,MF",6,0,0,0,0.001,kaine kesler hayden
2023,Brentford,Yoane Wissa,FW,2493,12,3,15,0.855,yoane wissa
2023,Brentford,Bryan Mbeumo,FW,1960,9,6,15,0.758,bryan mbeumo
2023,Brentford,Vitaly Janelt,"MF,DF",3054,1,3,4,0.664,vitaly janelt
2023,Brentford,Mark Flekken,GK,3285,0,1,1,0.627,mark flekken
2023,Brentford,Mathias Jensen,MF,2204,3,3,6,0.563,mathias jensen
2023,Brentford,Christian Nørgaard,MF,2505,2,1,3,0.538,christian n rgaard
2023,Brentford,Nathan Collins,DF,2652,1,1,2,0.538,nathan collins
2023,Brentford,Ethan Pinnock,DF,2521,2,0,2,0.514,ethan pinnock
2023,Brentford,Neal Maupay,FW,1321,6,3,9,0.481,neal maupay
2023,Brentford,Mads Roerslev,"MF,DF",1985,1,2,3,0.443,mads roerslev
2023,Brentford,Ivan Toney,FW,1450,4,2,6,0.425,ivan toney
2023,Brentford,Kristoffer Ajer,DF,1832,2,1,3,0.415,kristoffer ajer
2023,Brentford,Keane Lewis-Potter,"FW,MF",1441,3,1,4,0.37,keane lewis potter
2023,Brentford,Sergio Reguilón,"MF,DF",1118,0,4,4,0.311,sergio reguilon
2023,Brentford,Frank Onyeka,MF,1161,1,2,3,0.292,frank onyeka
2023,Brentford,Ben Mee,DF,1272,2,0,2,0.286,ben mee
2023,Brentford,Mathias Jørgensen,DF,1087,1,0,1,0.225,mathias j rgensen
2023,Brentford,Mikkel Damsgaard,MF,842,0,2,2,0.207,mikkel damsgaard
2023,Brentford,Saman Ghoddos,"DF,MF",739,1,0,1,0.162,saman ghoddos
2023,Brentford,Kevin Schade,FW,333,2,1,3,0.141,kevin schade
2023,Brentford,Aaron Hickey,"DF,MF",713,0,0,0,0.13,aaron hickey
2023,Brentford,Yehor Yarmoliuk,MF,688,0,0,0,0.126,yehor yarmoliuk
2023,Brentford,Rico Henry,DF,401,0,1,1,0.1,rico henry
2023,Brentford,Shandon Baptiste,MF,229,1,1,2,0.095,shandon baptiste
2023,Brentford,Thomas Strakosha,GK,135,0,0,0,0.025,thomas strakosha
2023,Brentford,Michael Olakigbe,MF,59,0,0,0,0.011,michael olakigbe
2023,Brentford,Josh Dasilva,MF,24,0,0,0,0.004,josh dasilva
2023,Brentford,Myles Peart-Harris,MF,13,0,0,0,0.002,myles peart harris
2023,Brighton & Hove Albion,Pascal Groß,"MF,DF",3114,4,10,14,1.0,pascal gro
2023,Brighton & Hove Albion,João Pedro,"MF,FW",2045,9,3,12,0.737,joao pedro
2023,Brighton & Hove Albion,Lewis Dunk,DF,2869,3,1,4,0.667,lewis dunk
2023,Brighton & Hove Albion,Simon Adingra,MF,2222,6,1,7,0.628,simon adingra
2023,Brighton & Hove Albion,Danny Welbeck,"FW,MF",1693,5,1,6,0.498,danny welbeck
2023,Brighton & Hove Albion,Kaoru Mitoma,"MF,FW",1486,3,4,7,0.486,kaoru mitoma
2023,Brighton & Hove Albion,Jan Paul van Hecke,DF,2369,0,0,0,0.456,jan paul van hecke
2023,Brighton & Hove Albion,Billy Gilmour,MF,2120,0,1,1,0.437,billy gilmour
2023,Brighton & Hove Albion,Evan Ferguson,FW,1367,6,0,6,0.435,evan ferguson
2023,Brighton & Hove Albion,Pervis Estupiñán,"DF,MF",1243,2,3,5,0.382,pervis estupinan
2023,Brighton & Hove Albion,Facundo Buonanotte,"MF,FW",1364,3,1,4,0.377,facundo buonanotte
2023,Brighton & Hove Albion,Bart Verbruggen,GK,1890,0,0,0,0.364,bart verbruggen
2023,Brighton & Hove Albion,Joël Veltman,DF,1588,1,1,2,0.363,joel veltman
2023,Brighton & Hove Albion,Igor,DF,1637,0,0,0,0.315,igor
2023,Brighton & Hove Albion,Jason Steele,GK,1530,0,0,0,0.295,jason steele
2023,Brighton & Hove Albion,Tariq Lamptey,"DF,MF",914,0,3,3,0.262,tariq lamptey
2023,Brighton & Hove Albion,Carlos Baleba,MF,1325,0,0,0,0.255,carlos baleba
2023,Brighton & Hove Albion,Jack Hinshelwood,"DF,MF",869,3,0,3,0.253,jack hinshelwood
2023,Brighton & Hove Albion,Solly March,"MF,DF",554,3,1,4,0.221,solly march
2023,Brighton & Hove Albion,Adam Webster,DF,1144,0,0,0,0.22,adam webster
2023,Brighton & Hove Albion,James Milner,"DF,MF",773,0,2,2,0.206,james milner
2023,Brighton & Hove Albion,Adam Lallana,MF,850,0,1,1,0.192,adam lallana
2023,Brighton & Hove Albion,Ansu Fati,"MF,FW",521,2,0,2,0.158,ansu fati
2023,Brighton & Hove Albion,Julio Enciso,MF,475,0,2,2,0.149,julio enciso
2023,Brighton & Hove Albion,Jakub Moder,"MF,DF",618,0,0,0,0.119,jakub moder
2023,Brighton & Hove Albion,Mahmoud Dahoud,MF,452,0,1,1,0.116,mahmoud dahoud
2023,Brighton & Hove Albion,Valentín Barco,DF,307,0,0,0,0.059,valentin barco
2023,Brighton & Hove Albion,Odeluga Offiah,DF,128,0,0,0,0.025,odeluga offiah
2023,Brighton & Hove Albion,Mark O'Mahony,FW,63,0,0,0,0.012,mark o mahony
2023,Brighton & Hove Albion,Benicio Boaitey,FW,40,0,0,0,0.008,benicio boaitey
2023,Burnley,Dara O'Shea,DF,2892,3,4,7,0.927,dara o shea
2023,Burnley,Lyle Foster,"FW,MF",1899,5,3,8,0.779,lyle foster
2023,Burnley,Josh Brownhill,MF,2252,4,2,6,0.75,josh brownhill
2023,Burnley,Sander Berge,MF,3005,1,2,3,0.75,sander berge
2023,Burnley,Zeki Amdouni,FW,1953,5,1,6,0.69,zeki amdouni
2023,Burnley,Wilson Odobert,"MF,FW",2098,3,2,5,0.669,wilson odobert
2023,Burnley,Josh Cullen,MF,2057,2,3,5,0.661,josh cullen
2023,Burnley,Charlie Taylor,DF,2331,1,1,2,0.565,charlie taylor
2023,Burnley,Vitinho,"DF,MF",2314,0,2,2,0.562,vitinho
2023,Burnley,Jacob Bruun Larsen,MF,1249,6,0,6,0.549,jacob bruun larsen
2023,Burnley,James Trafford,GK,2520,0,0,0,0.503,james trafford
2023,Burnley,Jóhann Berg Guðmundsson,MF,1192,1,3,4,0.438,johann berg gu mundsson
2023,Burnley,David Datro Fofana,FW,879,4,1,5,0.426,david datro fofana
2023,Burnley,Lorenz Assignon,DF,1234,1,2,3,0.396,lorenz assignon
2023,Burnley,Jay Rodriguez,FW,822,2,1,3,0.314,jay rodriguez
2023,Burnley,Jordan Beyer,DF,1234,0,1,1,0.296,jordan beyer
2023,Burnley,Luca Koleosho,"MF,FW",974,1,1,2,0.294,luca koleosho
2023,Burnley,Ameen Al-Dakhil,DF,1056,1,0,1,0.261,ameen al dakhil
2023,Burnley,Maxime Estève,DF,1309,0,0,0,0.261,maxime esteve
2023,Burnley,Connor Roberts,DF,823,0,1,1,0.214,connor roberts
2023,Burnley,Arijanet Muric,GK,900,0,0,0,0.18,arijanet muric
2023,Burnley,Hannes Delcroix,DF,589,0,0,0,0.118,hannes delcroix
2023,Burnley,Aaron Ramsey,MF,527,0,0,0,0.105,aaron ramsey
2023,Burnley,Hjalmar Ekdal,DF,437,0,0,0,0.087,hjalmar ekdal
2023,Burnley,Mike Trésor,"MF,FW",420,0,0,0,0.084,mike tresor
2023,Burnley,Anass Zaroury,FW,152,0,0,0,0.03,anass zaroury
2023,Burnley,Nathan Redmond,"FW,MF",142,0,0,0,0.028,nathan redmond
2023,Burnley,Benson Manuel,MF,116,0,0,0,0.023,benson manuel
2023,Burnley,Jack Cork,"DF,MF",27,0,0,0,0.005,jack cork
2023,Burnley,Michael Obafemi,FW,20,0,0,0,0.004,michael obafemi
2023,Burnley,Han-Noah Massengo,MF,16,0,0,0,0.003,han noah massengo
2023,Chelsea,Cole Palmer,"MF,FW",2607,22,11,33,0.9,cole palmer
2023,Chelsea,Nicolas Jackson,FW,2799,14,5,19,0.767,nicolas jackson
2023,Chelsea,Conor Gallagher,MF,3128,5,7,12,0.745,conor gallagher
2023,Chelsea,Moisés Caicedo,MF,2866,1,3,4,0.598,moises caicedo
2023,Chelsea,Thiago Silva,DF,2527,3,1,4,0.533,thiago silva
2023,Chelsea,Raheem Sterling,MF,1978,8,4,12,0.525,raheem sterling
2023,Chelsea,Axel Disasi,DF,2579,2,0,2,0.519,axel disasi
2023,Chelsea,Enzo Fernández,MF,2209,3,2,5,0.484,enzo fernandez
2023,Chelsea,Malo Gusto,"DF,MF",1751,0,6,6,0.409,malo gusto
2023,Chelsea,Mykhailo Mudryk,MF,1576,5,2,7,0.387,mykhailo mudryk
2023,Chelsea,Đorđe Petrović,GK,1987,0,0,0,0.381,or e petrovic
2023,Chelsea,Levi Colwill,DF,1797,1,1,2,0.369,levi colwill
2023,Chelsea,Marc Cucurella,DF,1782,0,2,2,0.366,marc cucurella
2023,Chelsea,Noni Madueke,MF,1053,5,2,7,0.287,noni madueke
2023,Chelsea,Robert Sánchez,GK,1433,0,0,0,0.275,robert sanchez
2023,Chelsea,Benoît Badiashile,DF,1338,0,1,1,0.269,benoit badiashile
2023,Chelsea,Trevoh Chalobah,DF,952,1,0,1,0.195,trevoh chalobah
2023,Chelsea,Ben Chilwell,"MF,DF",756,0,1,1,0.157,ben chilwell
2023,Chelsea,Christopher Nkunku,"MF,FW",443,3,0,3,0.121,christopher nkunku
2023,Chelsea,Reece James,"DF,MF",419,0,2,2,0.105,reece james
2023,Chelsea,Armando Broja,FW,454,1,0,1,0.099,armando broja
2023,Chelsea,Carney Chukwuemeka,MF,227,1,1,2,0.068,carney chukwuemeka
2023,Chelsea,Lesley Ugochukwu,MF,301,0,0,0,0.058,lesley ugochukwu
2023,Chelsea,Alfie Gilchrist,DF,207,1,0,1,0.052,alfie gilchrist
2023,Chelsea,Ian Maatsen,MF,209,0,0,0,0.04,ian maatsen
2023,Chelsea,Cesare Casadei,MF,79,0,0,0,0.015,cesare casadei
2023,Chelsea,Roméo Lavia,MF,33,0,0,0,0.006,romeo lavia
2023,Chelsea,Deivid Washington,FW,13,0,0,0,0.002,deivid washington
2023,Chelsea,Mason Burstow,FW,9,0,0,0,0.002,mason burstow
2023,Chelsea,Joshua Acheampong,DF,6,0,0,0,0.001,joshua acheampong
2023,Chelsea,Alex Matos,MF,1,0,0,0,0.0,alex matos
2023,Chelsea,Jimi Tauriainen,FW,1,0,0,0,0.0,jimi tauriainen
2023,Crystal Palace,Jean-Philippe Mateta,FW,2282,16,5,21,0.801,jean philippe mateta
2023,Crystal Palace,Joachim Andersen,DF,3415,2,3,5,0.695,joachim andersen
2023,Crystal Palace,Tyrick Mitchell,"DF,MF",3204,2,3,5,0.658,tyrick mitchell
2023,Crystal Palace,Jordan Ayew,"MF,FW",2543,4,7,11,0.656,jordan ayew
2023,Crystal Palace,Eberechi Eze,"MF,FW",2055,11,4,15,0.647,eberechi eze
2023,Crystal Palace,Michael Olise,"MF,FW",1275,10,6,16,0.529,michael olise
2023,Crystal Palace,Jefferson Lerma,"MF,DF",2400,1,1,2,0.46,jefferson lerma
2023,Crystal Palace,Odsonne Édouard,"FW,MF",1555,7,0,7,0.407,odsonne edouard
2023,Crystal Palace,Chris Richards,"DF,MF",2094,1,1,2,0.406,chris richards
2023,Crystal Palace,Marc Guéhi,DF,2021,0,1,1,0.374,marc guehi
2023,Crystal Palace,Joel Ward,DF,1980,0,1,1,0.367,joel ward
2023,Crystal Palace,Will Hughes,MF,1891,0,1,1,0.351,will hughes
2023,Crystal Palace,Daniel Muñoz,"MF,DF",1439,0,4,4,0.329,daniel munoz
2023,Crystal Palace,Sam Johnstone,GK,1796,0,0,0,0.316,sam johnstone
2023,Crystal Palace,Jeffrey Schlupp,"MF,FW",1352,2,2,4,0.314,jeffrey schlupp
2023,Crystal Palace,Adam Wharton,MF,1297,0,3,3,0.285,adam wharton
2023,Crystal Palace,Dean Henderson,GK,1620,0,0,0,0.285,dean henderson
2023,Crystal Palace,Nathaniel Clyne,DF,1338,0,0,0,0.235,nathaniel clyne
2023,Crystal Palace,Cheick Doucouré,MF,919,0,0,0,0.161,cheick doucoure
2023,Crystal Palace,Naouirou Ahamada,MF,349,0,0,0,0.061,naouirou ahamada
2023,Crystal Palace,Matheus França,MF,232,0,1,1,0.06,matheus franca
2023,Crystal Palace,Jaïro Riedewald,MF,235,0,0,0,0.041,jairo riedewald
2023,Crystal Palace,David Ozoh,MF,156,0,0,0,0.027,david ozoh
2023,Crystal Palace,Jesurun Rak Sakyi,"FW,MF",136,0,0,0,0.024,jesurun rak sakyi
2023,Crystal Palace,James Tomkins,"DF,MF",10,0,0,0,0.002,james tomkins
2023,Crystal Palace,Remi Matthews,GK,4,0,0,0,0.001,remi matthews
2023,Everton,Dwight McNeil,MF,2892,3,6,9,0.907,dwight mcneil
2023,Everton,Abdoulaye Doucouré,MF,2629,7,1,8,0.817,abdoulaye doucoure
2023,Everton,Dominic Calvert-Lewin,FW,2171,7,2,9,0.781,dominic calvert lewin
2023,Everton,James Tarkowski,DF,3419,1,1,2,0.689,james tarkowski
2023,Everton,Jarrad Branthwaite,DF,3116,3,0,3,0.68,jarrad branthwaite
2023,Everton,James Garner,MF,3004,1,2,3,0.66,james garner
2023,Everton,Jack Harrison,MF,2214,3,3,6,0.655,jack harrison
2023,Everton,Jordan Pickford,GK,3420,0,0,0,0.6,jordan pickford
2023,Everton,Vitaliy Mykolenko,DF,2469,2,0,2,0.522,vitaliy mykolenko
2023,Everton,Idrissa Gueye,MF,1884,4,0,4,0.508,idrissa gueye
2023,Everton,Amadou Onana,MF,2091,2,0,2,0.456,amadou onana
2023,Everton,Ashley Young,"DF,MF",2280,0,0,0,0.4,ashley young
2023,Everton,Beto,FW,951,3,0,3,0.3,beto
2023,Everton,Nathan Patterson,DF,1005,0,2,2,0.265,nathan patterson
2023,Everton,Ben Godfrey,DF,1120,0,0,0,0.196,ben godfrey
2023,Everton,Arnaut Danjuma,"MF,FW",595,1,0,1,0.149,arnaut danjuma
2023,Everton,André Gomes,MF,508,1,0,1,0.134,andre gomes
2023,Everton,Michael Keane,DF,439,1,0,1,0.121,michael keane
2023,Everton,Séamus Coleman,DF,665,0,0,0,0.117,seamus coleman
2023,Everton,Lewis Dobbin,MF,232,1,0,1,0.085,lewis dobbin
2023,Everton,Youssef Chermiti,FW,208,0,0,0,0.036,youssef chermiti
2023,Everton,Alex Iwobi,MF,140,0,0,0,0.025,alex iwobi
2023,Everton,Neal Maupay,FW,111,0,0,0,0.019,neal maupay
2023,Everton,Lewis Warrington,MF,1,0,0,0,0.0,lewis warrington
2023,Everton,Tom Cannon,FW,1,0,0,0,0.0,tom cannon
2023,Everton,Tyler Onyango,MF,1,0,0,0,0.0,tyler onyango
2023,Fulham,Andreas Pereira,MF,2613,3,7,10,0.858,andreas pereira
2023,Fulham,Antonee Robinson,DF,3265,0,6,6,0.813,antonee robinson
2023,Fulham,Harry Wilson,"MF,FW",1620,4,6,10,0.684,harry wilson
2023,Fulham,Rodrigo Muniz,FW,1593,9,1,10,0.679,rodrigo muniz
2023,Fulham,João Palhinha,MF,2699,4,1,5,0.674,joao palhinha
2023,Fulham,Alex Iwobi,MF,2192,5,2,7,0.665,alex iwobi
2023,Fulham,Timothy Castagne,DF,2634,1,3,4,0.622,timothy castagne
2023,Fulham,Bernd Leno,GK,3420,0,0,0,0.6,bernd leno
2023,Fulham,Willian,"MF,FW",2053,4,2,6,0.6,willian
2023,Fulham,Bobby De Cordova-Reid,"MF,FW",1423,6,2,8,0.57,bobby de cordova reid
2023,Fulham,Raúl Jiménez,FW,1395,7,0,7,0.525,raul jimenez
2023,Fulham,Tom Cairney,MF,1488,1,4,5,0.461,tom cairney
2023,Fulham,Calvin Bassey,DF,2303,1,0,1,0.444,calvin bassey
2023,Fulham,Tosin Adarabioyo,DF,1617,2,0,2,0.364,tosin adarabioyo
2023,Fulham,Harrison Reed,MF,1325,0,2,2,0.312,harrison reed
2023,Fulham,Tim Ream,DF,1503,1,0,1,0.304,tim ream
2023,Fulham,Adama Traoré,MF,377,2,3,5,0.266,adama traore
2023,Fulham,Issa Diop,DF,1424,0,0,0,0.25,issa diop
2023,Fulham,Saša Lukić,MF,1122,1,0,1,0.237,sasa lukic
2023,Fulham,Kenny Tete,DF,867,1,0,1,0.192,kenny tete
2023,Fulham,Carlos Vinícius,FW,315,2,0,2,0.135,carlos vinicius
2023,Fulham,Armando Broja,FW,88,0,1,1,0.055,armando broja
2023,Fulham,Luke Harris,MF,75,0,0,0,0.013,luke harris
2023,Fulham,Fodé Ballo-Touré,"DF,MF",71,0,0,0,0.012,fode ballo toure
2023,Fulham,Aleksandar Mitrović,FW,33,0,0,0,0.006,aleksandar mitrovic
2023,Liverpool,Mohamed Salah,FW,2534,18,10,28,0.879,mohamed salah
2023,Liverpool,Luis Díaz,FW,2629,8,5,13,0.682,luis diaz
2023,Liverpool,Darwin Núñez,FW,2047,11,8,19,0.658,darwin nunez
2023,Liverpool,Virgil van Dijk,DF,3177,2,2,4,0.657,virgil van dijk
2023,Liverpool,Alexis Mac Allister,MF,2599,5,5,10,0.634,alexis mac allister
2023,Liverpool,Trent Alexander-Arnold,DF,2155,3,4,7,0.507,trent alexander arnold
2023,Liverpool,Cody Gakpo,"FW,MF",1649,8,5,13,0.497,cody gakpo
2023,Liverpool,Alisson,GK,2520,0,0,0,0.476,alisson
2023,Liverpool,Dominik Szoboszlai,MF,2104,3,2,5,0.469,dominik szoboszlai
2023,Liverpool,Diogo Jota,FW,1145,10,3,13,0.402,diogo jota
2023,Liverpool,Andy Robertson,DF,1693,3,2,5,0.391,andy robertson
2023,Liverpool,Harvey Elliott,"MF,FW",1352,3,6,9,0.384,harvey elliott
2023,Liverpool,Joe Gomez,DF,1786,0,1,1,0.352,joe gomez
2023,Liverpool,Wataru Endo,MF,1722,1,0,1,0.339,wataru endo
2023,Liverpool,Ibrahima Konaté,DF,1574,0,0,0,0.297,ibrahima konate
2023,Liverpool,Jarell Quansah,DF,1190,2,0,2,0.253,jarell quansah
2023,Liverpool,Curtis Jones,MF,1167,1,1,2,0.249,curtis jones
2023,Liverpool,Ryan Gravenberch,MF,1121,1,0,1,0.226,ryan gravenberch
2023,Liverpool,Conor Bradley,DF,753,1,3,4,0.199,conor bradley
2023,Liverpool,Kostas Tsimikas,DF,679,0,3,3,0.171,kostas tsimikas
2023,Liverpool,Caoimhín Kelleher,GK,900,0,0,0,0.17,caoimhin kelleher
2023,Liverpool,Joël Matip,DF,781,0,0,0,0.147,joel matip
2023,Liverpool,Bobby Clark,MF,89,0,0,0,0.017,bobby clark
2023,Liverpool,Stefan Bajcetic,MF,26,0,0,0,0.005,stefan bajcetic
2023,Liverpool,Ben Gannon-Doak,MF,14,0,0,0,0.003,ben gannon doak
2023,Liverpool,Jayden Danns,FW,9,0,0,0,0.002,jayden danns
2023,Liverpool,Owen Beck,"DF,MF",8,0,0,0,0.002,owen beck
2023,Liverpool,James McConnell,MF,4,0,0,0,0.001,james mcconnell
2023,Liverpool,Thiago Alcántara,MF,6,0,0,0,0.001,thiago alcantara
2023,Liverpool,Kaide Gordon,FW,1,0,0,0,0.0,kaide gordon
2023,Luton Town,Carlton Morris,"FW,MF",2862,11,4,15,0.904,carlton morris
2023,Luton Town,Alfie Doughty,"MF,DF",2925,2,8,10,0.782,alfie doughty
2023,Luton Town,Ross Barkley,MF,2618,5,4,9,0.701,ross barkley
2023,Luton Town,Thomas Kaminski,GK,3405,0,0,0,0.6,thomas kaminski
2023,Luton Town,Elijah Adebayo,FW,1419,10,0,10,0.517,elijah adebayo
2023,Luton Town,Chiedozie Ogbene,MF,1995,4,1,5,0.485,chiedozie ogbene
2023,Luton Town,Teden Mengi,DF,2469,1,0,1,0.462,teden mengi
2023,Luton Town,Tahith Chong,"MF,FW",1982,4,0,4,0.456,tahith chong
2023,Luton Town,Reece Burke,DF,1660,0,4,4,0.399,reece burke
2023,Luton Town,Gabriel Osho,DF,1846,2,0,2,0.379,gabriel osho
2023,Luton Town,Issa Kaboré,"MF,DF",1729,0,2,2,0.358,issa kabore
2023,Luton Town,Albert Sambi Lokonga,MF,1303,1,3,4,0.336,albert sambi lokonga
2023,Luton Town,Andros Townsend,"MF,FW",1210,1,3,4,0.32,andros townsend
2023,Luton Town,Amari'i Bell,DF,1720,0,0,0,0.303,amari i bell
2023,Luton Town,Jordan Clark,MF,1304,1,1,2,0.283,jordan clark
2023,Luton Town,Tom Lockyer,DF,1169,1,1,2,0.259,tom lockyer
2023,Luton Town,Jacob Brown,"MF,FW",1019,2,0,2,0.233,jacob brown
2023,Luton Town,Marvelous Nakamba,MF,1130,0,0,0,0.199,marvelous nakamba
2023,Luton Town,Pelly Ruddock Mpanzu,MF,1101,0,0,0,0.194,pelly ruddock mpanzu
2023,Luton Town,Luke Berry,MF,323,2,1,3,0.137,luke berry
2023,Luton Town,Cauley Woodrow,FW,427,1,1,2,0.129,cauley woodrow
2023,Luton Town,Daiki Hashioka,"DF,MF",595,0,0,0,0.105,daiki hashioka
2023,Luton Town,Mads Juel Andersen,DF,400,1,0,1,0.097,mads juel andersen
2023,Luton Town,Ryan Giles,"MF,DF",503,0,0,0,0.089,ryan giles
2023,Luton Town,Fred Onyedinma,MF,407,0,0,0,0.072,fred onyedinma
2023,Luton Town,Joseph Johnson,DF,77,0,0,0,0.014,joseph johnson
2023,Luton Town,James Shea,GK,15,0,0,0,0.003,james shea
2023,Luton Town,Zack Nelson,MF,7,0,0,0,0.001,zack nelson
2023,Manchester City,Erling Haaland,"FW,MF",2552,27,5,32,0.922,erling haaland
2023,Manchester City,Phil Foden,MF,2857,19,8,27,0.922,phil foden
2023,Manchester City,Rodri,"MF,DF",2931,8,9,17,0.812,rodri
2023,Manchester City,Julián Álvarez,"MF,FW",2647,11,8,19,0.779,julian alvarez
2023,Manchester City,Bernardo Silva,MF,2578,6,9,15,0.715,bernardo silva
2023,Manchester City,Kyle Walker,"DF,MF",2767,0,4,4,0.616,kyle walker
2023,Manchester City,Ederson Moraes,GK,2785,0,0,0,0.57,ederson moraes
2023,Manchester City,Joško Gvardiol,DF,2328,4,1,5,0.539,josko gvardiol
2023,Manchester City,Manuel Akanji,"DF,MF",2511,2,0,2,0.539,manuel akanji
2023,Manchester City,Rúben Dias,"DF,MF",2559,0,0,0,0.524,ruben dias
2023,Manchester City,Nathan Aké,DF,2042,2,2,4,0.468,nathan ake
2023,Manchester City,Jeremy Doku,"MF,FW",1595,3,8,11,0.464,jeremy doku
2023,Manchester City,Kevin De Bruyne,MF,1221,4,10,14,0.425,kevin de bruyne
2023,Manchester City,Mateo Kovačić,MF,1551,1,0,1,0.33,mateo kovacic
2023,Manchester City,Jack Grealish,"MF,FW",1009,3,1,4,0.257,jack grealish
2023,Manchester City,John Stones,DF,1064,1,0,1,0.23,john stones
2023,Manchester City,Rico Lewis,"DF,MF",809,2,0,2,0.191,rico lewis
2023,Manchester City,Matheus Nunes,"MF,FW",661,0,2,2,0.16,matheus nunes
2023,Manchester City,Stefan Ortega,GK,635,0,0,0,0.13,stefan ortega
2023,Manchester City,Oscar Bobb,MF,302,1,1,2,0.087,oscar bobb
2023,Manchester City,Sergio Gómez,"DF,MF",53,0,1,1,0.023,sergio gomez
2023,Manchester City,Kalvin Phillips,"DF,MF",93,0,0,0,0.019,kalvin phillips
2023,Manchester City,Aymeric Laporte,DF,12,0,0,0,0.002,aymeric laporte
2023,Manchester City,Cole Palmer,"FW,MF",11,0,0,0,0.002,cole palmer
2023,Manchester City,James Mcatee,MF,1,0,0,0,0.0,james mcatee
2023,Manchester United,Bruno Fernandes,MF,3118,10,8,18,0.947,bruno fernandes
2023,Manchester United,Alejandro Garnacho,MF,2565,7,4,11,0.694,alejandro garnacho
2023,Manchester United,Diogo Dalot,DF,3174,2,3,5,0.668,diogo dalot
2023,Manchester United,Rasmus Højlund,FW,2158,10,2,12,0.645,rasmus h jlund
2023,Manchester United,André Onana,GK,3420,0,0,0,0.6,andre onana
2023,Manchester United,Marcus Rashford,"MF,FW",2271,7,2,9,0.598,marcus rashford
2023,Manchester United,Scott McTominay,"MF,FW",1901,7,1,8,0.511,scott mctominay
2023,Manchester United,Kobbie Mainoo,MF,1924,3,1,4,0.426,kobbie mainoo
2023,Manchester United,Casemiro,"MF,DF",1982,1,2,3,0.414,casemiro
2023,Manchester United,Harry Maguire,DF,1653,2,2,4,0.379,harry maguire
2023,Manchester United,Aaron Wan-Bissaka,DF,1780,0,2,2,0.357,aaron wan bissaka
2023,Manchester United,Antony,MF,1324,1,1,2,0.277,antony
2023,Manchester United,Victor Lindelöf,DF,1328,1,1,2,0.277,victor lindelof
2023,Manchester United,Christian Eriksen,MF,1141,1,2,3,0.267,christian eriksen
2023,Manchester United,Jonny Evans,DF,1392,0,1,1,0.266,jonny evans
2023,Manchester United,Raphaël Varane,DF,1375,1,0,1,0.263,raphael varane
2023,Manchester United,Luke Shaw,DF,959,0,0,0,0.168,luke shaw
2023,Manchester United,Sofyan Amrabat,"MF,DF",938,0,0,0,0.165,sofyan amrabat
2023,Manchester United,Lisandro Martínez,DF,646,0,1,1,0.136,lisandro martinez
2023,Manchester United,Amad Diallo,MF,390,1,1,2,0.113,amad diallo
2023,Manchester United,Mason Mount,MF,516,1,0,1,0.113,mason mount
2023,Manchester United,Anthony Martial,FW,448,1,0,1,0.101,anthony martial
2023,Manchester United,Sergio Reguilón,DF,412,0,0,0,0.072,sergio reguilon
2023,Manchester United,Willy Kambwala,DF,330,0,0,0,0.058,willy kambwala
2023,Manchester United,Facundo Pellistri,MF,172,0,1,1,0.052,facundo pellistri
2023,Manchester United,Hannibal Mejbri,MF,133,1,0,1,0.046,hannibal mejbri
2023,Manchester United,Omari Forson,MF,70,0,1,1,0.035,omari forson
2023,Manchester United,Jadon Sancho,"FW,MF",79,0,0,0,0.014,jadon sancho
2023,Manchester United,Ethan Wheatley,FW,16,0,0,0,0.003,ethan wheatley
2023,Manchester United,Donny van de Beek,MF,3,0,0,0,0.001,donny van de beek
2023,Manchester United,Daniel Gore,MF,1,0,0,0,0.0,daniel gore
2023,Newcastle United,Anthony Gordon,FW,2890,11,10,21,0.897,anthony gordon
2023,Newcastle United,Bruno Guimarães,MF,3263,7,8,15,0.861,bruno guimaraes
2023,Newcastle United,Alexander Isak,FW,2255,21,2,23,0.815,alexander isak
2023,Newcastle United,Fabian Schär,DF,3054,4,1,5,0.649,fabian schar
2023,Newcastle United,Sean Longstaff,MF,2747,6,2,8,0.644,sean longstaff
2023,Newcastle United,Kieran Trippier,DF,2236,1,10,11,0.602,kieran trippier
2023,Newcastle United,Dan Burn,DF,2726,2,2,4,0.571,dan burn
2023,Newcastle United,Miguel Almirón,FW,1937,3,1,4,0.426,miguel almiron
2023,Newcastle United,Jacob Murphy,"FW,MF",1189,3,7,10,0.393,jacob murphy
2023,Newcastle United,Martin Dúbravka,GK,1985,0,0,0,0.365,martin dubravka
2023,Newcastle United,Callum Wilson,FW,991,9,1,10,0.356,callum wilson
2023,Newcastle United,Sven Botman,DF,1377,2,2,4,0.323,sven botman
2023,Newcastle United,Lewis Miley,MF,1202,1,3,4,0.291,lewis miley
2023,Newcastle United,Harvey Barnes,"FW,MF",802,5,3,8,0.287,harvey barnes
2023,Newcastle United,Joelinton,"MF,FW",1279,2,1,3,0.287,joelinton
2023,Newcastle United,Tino Livramento,DF,1314,1,0,1,0.259,tino livramento
2023,Newcastle United,Nick Pope,GK,1345,0,0,0,0.247,nick pope
2023,Newcastle United,Elliot Anderson,"MF,FW",1027,0,2,2,0.224,elliot anderson
2023,Newcastle United,Jamaal Lascelles,DF,1080,1,0,1,0.216,jamaal lascelles
2023,Newcastle United,Emil Krafth,DF,913,0,0,0,0.168,emil krafth
2023,Newcastle United,Lewis Hall,DF,781,1,0,1,0.161,lewis hall
2023,Newcastle United,Sandro Tonali,MF,438,1,0,1,0.098,sandro tonali
2023,Newcastle United,Joe Willock,MF,419,1,0,1,0.094,joe willock
2023,Newcastle United,Matt Ritchie,"DF,MF",128,1,0,1,0.041,matt ritchie
2023,Newcastle United,Loris Karius,GK,90,0,0,0,0.017,loris karius
2023,Newcastle United,Matt Targett,DF,78,0,0,0,0.014,matt targett
2023,Newcastle United,Ben Parkinson,FW,25,0,0,0,0.005,ben parkinson
2023,Newcastle United,Paul Dummett,DF,20,0,0,0,0.004,paul dummett
2023,Newcastle United,Alex Murphy,DF,13,0,0,0,0.002,alex murphy
2023,Newcastle United,Joe White,MF,13,0,0,0,0.002,joe white
2023,Newcastle United,Amadou Diallo,FW,1,0,0,0,0.0,amadou diallo
2023,Newcastle United,Michael Ndiweni,MF,1,0,0,0,0.0,michael ndiweni
2023,Nottingham Forest,Morgan Gibbs-White,"MF,FW",3156,5,10,15,1.0,morgan gibbs white
2023,Nottingham Forest,Anthony Elanga,"MF,FW",2433,5,9,14,0.836,anthony elanga
2023,Nottingham Forest,Chris Wood,FW,1812,14,1,15,0.744,chris wood
2023,Nottingham Forest,Callum Hudson-Odoi,"MF,FW",1854,8,1,9,0.592,callum hudson odoi
2023,Nottingham Forest,Murillo,DF,2789,0,2,2,0.584,murillo
2023,Nottingham Forest,Danilo Santos,MF,1792,2,2,4,0.447,danilo santos
2023,Nottingham Forest,Taiwo Awoniyi,FW,1042,6,3,9,0.438,taiwo awoniyi
2023,Nottingham Forest,Ryan Yates,MF,1992,1,1,2,0.432,ryan yates
2023,Nottingham Forest,Nicolás Domínguez,MF,1495,2,2,4,0.391,nicolas dominguez
2023,Nottingham Forest,Harry Toffolo,"DF,MF",1459,1,3,4,0.384,harry toffolo
2023,Nottingham Forest,Ola Aina,"DF,MF",1692,1,1,2,0.375,ola aina
2023,Nottingham Forest,Willy Boly,DF,1438,2,1,3,0.353,willy boly
2023,Nottingham Forest,Neco Williams,"DF,MF",1637,0,1,1,0.338,neco williams
2023,Nottingham Forest,Orel Mangala,MF,1563,1,0,1,0.324,orel mangala
2023,Nottingham Forest,Moussa Niakhaté,DF,1460,1,0,1,0.304,moussa niakhate
2023,Nottingham Forest,Matt Turner,GK,1530,0,0,0,0.291,matt turner
2023,Nottingham Forest,Matz Sels,GK,1440,0,0,0,0.274,matz sels
2023,Nottingham Forest,Serge Aurier,"DF,MF",833,0,2,2,0.212,serge aurier
2023,Nottingham Forest,Gonzalo Montiel,DF,801,0,2,2,0.206,gonzalo montiel
2023,Nottingham Forest,Ibrahim Sangaré,MF,1035,0,0,0,0.197,ibrahim sangare
2023,Nottingham Forest,Andrew Omobamidele,DF,783,0,0,0,0.149,andrew omobamidele
2023,Nottingham Forest,Divock Origi,"MF,FW",606,0,1,1,0.142,divock origi
2023,Nottingham Forest,Nuno Tavares,DF,457,0,0,0,0.087,nuno tavares
2023,Nottingham Forest,Odysseas Vlachodimos,GK,450,0,0,0,0.086,odysseas vlachodimos
2023,Nottingham Forest,Joe Worrall,DF,439,0,0,0,0.083,joe worrall
2023,Nottingham Forest,Scott McKenna,DF,416,0,0,0,0.079,scott mckenna
2023,Nottingham Forest,Felipe,DF,375,0,0,0,0.071,felipe
2023,Nottingham Forest,Gio Reyna,MF,235,0,1,1,0.071,gio reyna
2023,Nottingham Forest,Brennan Johnson,"FW,MF",237,0,0,0,0.045,brennan johnson
2023,Nottingham Forest,Cheikhou Kouyaté,MF,212,0,0,0,0.04,cheikhou kouyate
2023,Nottingham Forest,Rodrigo Ribeiro,FW,17,0,0,0,0.003,rodrigo ribeiro
2023,Nottingham Forest,Andrey Santos,MF,8,0,0,0,0.002,andrey santos
2023,Nottingham Forest,Brandon Aguilera,MF,5,0,0,0,0.001,brandon aguilera
2023,Sheffield United,Gustavo Hamer,MF,2910,4,6,10,1.0,gustavo hamer
2023,Sheffield United,Jayden Bogle,"MF,DF",2788,3,0,3,0.695,jayden bogle
2023,Sheffield United,Jack Robinson,DF,2885,1,1,2,0.675,jack robinson
2023,Sheffield United,Anel Ahmedhodžić,DF,2649,2,0,2,0.626,anel ahmedhodzic
2023,Sheffield United,Oliver McBurnie,FW,1280,6,3,9,0.624,oliver mcburnie
2023,Sheffield United,James Mcatee,"MF,FW",1822,3,3,6,0.616,james mcatee
2023,Sheffield United,Vinicius Souza,MF,2668,1,0,1,0.59,vinicius souza
2023,Sheffield United,Cameron Archer,"FW,MF",1832,4,1,5,0.578,cameron archer
2023,Sheffield United,Wes Foderingham,GK,2649,0,0,0,0.546,wes foderingham
2023,Sheffield United,Auston Trusty,DF,2572,0,0,0,0.53,auston trusty
2023,Sheffield United,Ben Brereton,"FW,MF",1105,6,1,7,0.508,ben brereton
2023,Sheffield United,Ben Osborn,MF,1367,0,2,2,0.362,ben osborn
2023,Sheffield United,Oliver Norwood,MF,1440,1,0,1,0.337,oliver norwood
2023,Sheffield United,George Baldock,"DF,MF",969,0,1,1,0.24,george baldock
2023,Sheffield United,Oliver Arblaster,MF,943,0,0,0,0.194,oliver arblaster
2023,Sheffield United,Andre Brooks,MF,938,0,0,0,0.193,andre brooks
2023,Sheffield United,Luke Thomas,"MF,DF",917,0,0,0,0.189,luke thomas
2023,Sheffield United,William Osula,FW,786,0,0,0,0.162,william osula
2023,Sheffield United,Ivo Grbić,GK,771,0,0,0,0.159,ivo grbic
2023,Sheffield United,Mason Holgate,DF,710,0,0,0,0.146,mason holgate
2023,Sheffield United,Yasser Larouci,MF,531,0,0,0,0.109,yasser larouci
2023,Sheffield United,Max Lowe,"MF,DF",503,0,0,0,0.104,max lowe
2023,Sheffield United,John Egan,DF,482,0,0,0,0.099,john egan
2023,Sheffield United,Anis Ben Slimane,MF,419,0,0,0,0.086,anis ben slimane
2023,Sheffield United,Bénie Traoré,"FW,MF",387,0,0,0,0.08,benie traore
2023,Sheffield United,Rhian Brewster,FW,346,0,0,0,0.071,rhian brewster
2023,Sheffield United,Chris Basham,"DF,MF",321,0,0,0,0.066,chris basham
2023,Sheffield United,Tom Davies,MF,221,0,0,0,0.046,tom davies
2023,Sheffield United,Rhys Norrington-Davies,DF,110,0,0,0,0.023,rhys norrington davies
2023,Sheffield United,John Fleck,MF,92,0,0,0,0.019,john fleck
2023,Sheffield United,Sam Curtis,DF,28,0,0,0,0.006,sam curtis
2023,Sheffield United,Daniel Jebbison,FW,21,0,0,0,0.004,daniel jebbison
2023,Sheffield United,Antwoine Hackford,FW,13,0,0,0,0.003,antwoine hackford
2023,Sheffield United,Ryan One,MF,8,0,0,0,0.002,ryan one
2023,Sheffield United,Sydie Peck,MF,10,0,0,0,0.002,sydie peck
2023,Tottenham Hotspur,Son Heung-min,"FW,MF",2934,17,10,27,0.915,son heung min
2023,Tottenham Hotspur,Pedro Porro,DF,3089,3,7,10,0.69,pedro porro
2023,Tottenham Hotspur,Dejan Kulusevski,"MF,FW",2762,8,3,11,0.648,dejan kulusevski
2023,Tottenham Hotspur,Guglielmo Vicario,GK,3420,0,0,0,0.6,guglielmo vicario
2023,Tottenham Hotspur,Brennan Johnson,"MF,FW",2085,5,10,15,0.588,brennan johnson
2023,Tottenham Hotspur,James Maddison,MF,2135,4,9,13,0.567,james maddison
2023,Tottenham Hotspur,Cristian Romero,DF,2790,5,0,5,0.564,cristian romero
2023,Tottenham Hotspur,Destiny Udogie,DF,2391,2,3,5,0.494,destiny udogie
2023,Tottenham Hotspur,Richarlison,"FW,MF",1491,11,4,15,0.484,richarlison
2023,Tottenham Hotspur,Micky van de Ven,DF,2339,3,0,3,0.455,micky van de ven
2023,Tottenham Hotspur,Pape Matar Sarr,MF,2069,3,3,6,0.452,pape matar sarr
2023,Tottenham Hotspur,Yves Bissouma,MF,2068,0,0,0,0.363,yves bissouma
2023,Tottenham Hotspur,Pierre Højbjerg,MF,1311,0,0,0,0.23,pierre h jbjerg
2023,Tottenham Hotspur,Emerson,DF,1161,1,0,1,0.218,emerson
2023,Tottenham Hotspur,Timo Werner,"MF,FW",809,2,3,5,0.216,timo werner
2023,Tottenham Hotspur,Ben Davies,DF,1090,1,0,1,0.206,ben davies
2023,Tottenham Hotspur,Rodrigo Bentancur,MF,1005,1,1,2,0.206,rodrigo bentancur
2023,Tottenham Hotspur,Giovani Lo Celso,MF,506,2,2,4,0.148,giovani lo celso
2023,Tottenham Hotspur,Oliver Skipp,"MF,DF",707,0,0,0,0.124,oliver skipp
2023,Tottenham Hotspur,Radu Drăgușin,DF,429,0,0,0,0.075,radu dragusin
2023,Tottenham Hotspur,Manor Solomon,MF,199,0,2,2,0.065,manor solomon
2023,Tottenham Hotspur,Bryan Gil,MF,209,0,0,0,0.037,bryan gil
2023,Tottenham Hotspur,Eric Dier,DF,201,0,0,0,0.035,eric dier
2023,Tottenham Hotspur,Ivan Perišić,"FW,MF",103,0,1,1,0.033,ivan perisic
2023,Tottenham Hotspur,Alejo Véliz,FW,50,1,0,1,0.024,alejo veliz
2023,Tottenham Hotspur,Davinson Sánchez,DF,77,0,0,0,0.014,davinson sanchez
2023,Tottenham Hotspur,Dane Scarlett,FW,22,0,0,0,0.004,dane scarlett
2023,Tottenham Hotspur,Jamie Donley,MF,3,0,0,0,0.001,jamie donley
2023,Tottenham Hotspur,Mikey Moore,MF,4,0,0,0,0.001,mikey moore
2023,West Ham United,Jarrod Bowen,"MF,FW",3019,16,6,22,0.977,jarrod bowen
2023,West Ham United,James Ward-Prowse,MF,3001,7,7,14,0.829,james ward prowse
2023,West Ham United,Mohammed Kudus,MF,2484,8,6,14,0.73,mohammed kudus
2023,West Ham United,Vladimír Coufal,DF,3132,0,7,7,0.726,vladimir coufal
2023,West Ham United,Tomáš Souček,MF,2870,7,2,9,0.713,tomas soucek
2023,West Ham United,Lucas Paquetá,MF,2622,4,6,10,0.683,lucas paqueta
2023,West Ham United,Emerson Palmieri,DF,3137,1,2,3,0.655,emerson palmieri
2023,West Ham United,Kurt Zouma,DF,2838,3,0,3,0.597,kurt zouma
2023,West Ham United,Alphonse Areola,GK,2699,0,0,0,0.516,alphonse areola
2023,West Ham United,Edson Álvarez,MF,2377,1,1,2,0.491,edson alvarez
2023,West Ham United,Michail Antonio,FW,1695,6,2,8,0.47,michail antonio
2023,West Ham United,Nayef Aguerd,DF,1857,1,0,1,0.373,nayef aguerd
2023,West Ham United,Konstantinos Mavropanos,DF,1500,1,0,1,0.305,konstantinos mavropanos
2023,West Ham United,Łukasz Fabiański,GK,721,0,0,0,0.138,ukasz fabianski
2023,West Ham United,Saïd Benrahma,MF,620,0,1,1,0.137,said benrahma
2023,West Ham United,Angelo Ogbonna,DF,635,0,0,0,0.121,angelo ogbonna
2023,West Ham United,Ben Johnson,"MF,DF",544,0,0,0,0.104,ben johnson
2023,West Ham United,Danny Ings,"FW,MF",404,1,0,1,0.095,danny ings
2023,West Ham United,Aaron Cresswell,DF,436,0,0,0,0.083,aaron cresswell
2023,West Ham United,Pablo Fornals,MF,426,0,0,0,0.081,pablo fornals
2023,West Ham United,Kalvin Phillips,MF,309,0,0,0,0.059,kalvin phillips
2023,West Ham United,Maxwel Cornet,MF,112,1,0,1,0.04,maxwel cornet
2023,West Ham United,George Earthy,MF,34,1,0,1,0.025,george earthy
2023,West Ham United,Divin Mubama,FW,80,0,0,0,0.015,divin mubama
2023,West Ham United,Thilo Kehrer,DF,22,0,0,0,0.004,thilo kehrer
2023,West Ham United,Kaelan Casey,DF,1,0,0,0,0.0,kaelan casey
2023,Wolverhampton Wanderers,Matheus Cunha,"FW,MF",2440,12,7,19,0.828,matheus cunha
2023,Wolverhampton Wanderers,Hwang Hee-chan,"FW,MF",2119,12,3,15,0.688,hwang hee chan
2023,Wolverhampton Wanderers,Max Kilman,DF,3420,2,0,2,0.642,max kilman
2023,Wolverhampton Wanderers,Mario Lemina,MF,2968,4,1,5,0.626,mario lemina
2023,Wolverhampton Wanderers,Toti Gomes,DF,2772,1,3,4,0.571,toti gomes
2023,Wolverhampton Wanderers,Nélson Semedo,"MF,DF",3084,0,1,1,0.562,nelson semedo
2023,Wolverhampton Wanderers,José Sá,GK,3037,0,1,1,0.554,jose sa
2023,Wolverhampton Wanderers,Pablo Sarabia,"MF,FW",1745,4,7,11,0.538,pablo sarabia
2023,Wolverhampton Wanderers,João Gomes,MF,2649,2,1,3,0.528,joao gomes
2023,Wolverhampton Wanderers,Pedro Neto,"MF,FW",1516,2,9,11,0.498,pedro neto
2023,Wolverhampton Wanderers,Rayan Aït-Nouri,"MF,DF",2329,2,1,3,0.472,rayan ait nouri
2023,Wolverhampton Wanderers,Craig Dawson,DF,2209,1,1,2,0.43,craig dawson
2023,Wolverhampton Wanderers,Jean-Ricner Bellegarde,"MF,FW",958,2,1,3,0.231,jean ricner bellegarde
2023,Wolverhampton Wanderers,Matt Doherty,"MF,DF",1150,1,0,1,0.223,matt doherty
2023,Wolverhampton Wanderers,Tommy Doyle,MF,1222,0,0,0,0.214,tommy doyle
2023,Wolverhampton Wanderers,Boubacar Traoré,MF,819,0,0,0,0.144,boubacar traore
2023,Wolverhampton Wanderers,Santiago Bueno,DF,822,0,0,0,0.144,santiago bueno
2023,Wolverhampton Wanderers,Hugo Bueno,"MF,DF",741,0,0,0,0.13,hugo bueno
2023,Wolverhampton Wanderers,Saša Kalajdžić,FW,166,2,0,2,0.071,sasa kalajdzic
2023,Wolverhampton Wanderers,Daniel Bentley,GK,383,0,0,0,0.067,daniel bentley
2023,Wolverhampton Wanderers,Fábio Silva,FW,264,0,0,0,0.046,fabio silva
2023,Wolverhampton Wanderers,Nathan Fraser,FW,186,0,0,0,0.033,nathan fraser
2023,Wolverhampton Wanderers,Leon Chiwome,FW,174,0,0,0,0.031,leon chiwome
2023,Wolverhampton Wanderers,Matheus Nunes,MF,179,0,0,0,0.031,matheus nunes
2023,Wolverhampton Wanderers,Tawanda Chirewa,FW,145,0,0,0,0.025,tawanda chirewa
2023,Wolverhampton Wanderers,Jonny Castro,"DF,MF",5,0,0,0,0.001,jonny castro
2023,Wolverhampton Wanderers,Enso Gonzalez,FW,1,0,0,0,0.0,enso gonzalez
2024,AFC Bournemouth,Antoine Semenyo,MF,3203,11,5,16,0.932,antoine semenyo
2024,AFC Bournemouth,Justin Kluivert,MF,2340,12,6,18,0.821,justin kluivert
2024,AFC Bournemouth,Milos Kerkez,DF,3336,2,5,7,0.756,milos kerkez
2024,AFC Bournemouth,Evanilson,FW,2319,10,1,11,0.662,evanilson
2024,AFC Bournemouth,Lewis Cook,"MF,DF",2978,1,3,4,0.625,lewis cook
2024,AFC Bournemouth,Dango Ouattara,"MF,FW",2005,7,4,11,0.605,dango ouattara
2024,AFC Bournemouth,Illia Zabarnyi,DF,3109,0,1,1,0.581,illia zabarnyi
2024,AFC Bournemouth,Dean Huijsen,DF,2427,3,2,5,0.548,dean huijsen
2024,AFC Bournemouth,Marcus Tavernier,MF,1939,3,5,8,0.527,marcus tavernier
2024,AFC Bournemouth,Kepa Arrizabalaga,GK,2790,0,0,0,0.502,kepa arrizabalaga
2024,AFC Bournemouth,Ryan Christie,MF,2117,2,3,5,0.492,ryan christie
2024,AFC Bournemouth,Tyler Adams,MF,1965,0,3,3,0.42,tyler adams
2024,AFC Bournemouth,Adam Smith,DF,1590,0,0,0,0.286,adam smith
2024,AFC Bournemouth,David Brooks,MF,960,2,0,2,0.217,david brooks
2024,AFC Bournemouth,Marcos Senesi,DF,1106,0,0,0,0.199,marcos senesi
2024,AFC Bournemouth,Alex Scott,MF,755,0,0,0,0.136,alex scott
2024,AFC Bournemouth,Enes Ünal,FW,345,2,1,3,0.129,enes unal
2024,AFC Bournemouth,James Hill,DF,448,0,1,1,0.103,james hill
2024,AFC Bournemouth,Julian Araujo,DF,497,0,0,0,0.089,julian araujo
2024,AFC Bournemouth,Luis Sinisterra,MF,236,1,1,2,0.087,luis sinisterra
2024,AFC Bournemouth,Mark Travers,GK,450,0,0,0,0.081,mark travers
2024,AFC Bournemouth,Daniel Jebbison,FW,119,1,0,1,0.044,daniel jebbison
2024,AFC Bournemouth,Philip Billing,MF,184,0,0,0,0.033,philip billing
2024,AFC Bournemouth,Neto,GK,180,0,0,0,0.032,neto
2024,AFC Bournemouth,Max Aarons,DF,86,0,0,0,0.015,max aarons
2024,AFC Bournemouth,Ben Winterburn,MF,24,0,0,0,0.004,ben winterburn
2024,AFC Bournemouth,Julio Soler,DF,11,0,0,0,0.002,julio soler
2024,AFC Bournemouth,Remy Rees-Dottin,FW,1,0,0,0,0.0,remy rees dottin
2024,AFC Bournemouth,Zain Silcott-Duberry,MF,1,0,0,0,0.0,zain silcott duberry
2024,Arsenal,Leandro Trossard,FW,2546,8,7,15,0.822,leandro trossard
2024,Arsenal,Declan Rice,MF,2825,4,7,11,0.771,declan rice
2024,Arsenal,Bukayo Saka,"FW,MF",1729,6,10,16,0.703,bukayo saka
2024,Arsenal,Gabriel Martinelli,"FW,MF",2290,8,4,12,0.702,gabriel martinelli
2024,Arsenal,Martin Ødegaard,MF,2325,3,8,11,0.683,martin degaard
2024,Arsenal,Thomas Partey,"MF,DF",2797,4,2,6,0.641,thomas partey
2024,Arsenal,Kai Havertz,FW,1875,9,3,12,0.629,kai havertz
2024,Arsenal,David Raya,GK,3420,0,0,0,0.6,david raya
2024,Arsenal,William Saliba,DF,3039,2,0,2,0.583,william saliba
2024,Arsenal,Jurriën Timber,DF,2417,1,3,4,0.524,jurrien timber
2024,Arsenal,Gabriel Magalhães,DF,2363,3,1,4,0.515,gabriel magalhaes
2024,Arsenal,Mikel Merino,"MF,FW",1586,7,2,9,0.503,mikel merino
2024,Arsenal,Ethan Nwaneri,"FW,MF",895,4,2,6,0.307,ethan nwaneri
2024,Arsenal,Myles Lewis-Skelly,DF,1369,1,0,1,0.265,myles lewis skelly
2024,Arsenal,Ben White,DF,1198,0,2,2,0.26,ben white
2024,Arsenal,Riccardo Calafiori,DF,983,2,1,3,0.247,riccardo calafiori
2024,Arsenal,Jakub Kiwior,DF,1122,1,0,1,0.222,jakub kiwior
2024,Arsenal,Gabriel Jesus,FW,608,3,0,3,0.182,gabriel jesus
2024,Arsenal,Raheem Sterling,"FW,MF",499,0,2,2,0.138,raheem sterling
2024,Arsenal,Jorginho,MF,704,0,0,0,0.124,jorginho
2024,Arsenal,Oleksandr Zinchenko,"DF,MF",527,0,1,1,0.117,oleksandr zinchenko
2024,Arsenal,Kieran Tierney,DF,259,1,0,1,0.07,kieran tierney
2024,Arsenal,Nathan Butler-Oyedeji,"FW,MF",7,0,0,0,0.001,nathan butler oyedeji
2024,Arsenal,Reiss Nelson,"FW,MF",3,0,0,0,0.001,reiss nelson
2024,Arsenal,Takehiro Tomiyasu,DF,7,0,0,0,0.001,takehiro tomiyasu
2024,Aston Villa,Ollie Watkins,FW,2598,16,8,24,0.888,ollie watkins
2024,Aston Villa,Morgan Rogers,MF,3114,8,10,18,0.885,morgan rogers
2024,Aston Villa,Youri Tielemans,MF,3026,3,7,10,0.735,youri tielemans
2024,Aston Villa,Emiliano Martínez,GK,3194,0,0,0,0.6,emiliano martinez
2024,Aston Villa,Ezri Konsa,DF,2936,2,0,2,0.585,ezri konsa
2024,Aston Villa,Lucas Digne,DF,2351,0,4,4,0.508,lucas digne
2024,Aston Villa,John McGinn,MF,2223,1,4,5,0.501,john mcginn
2024,Aston Villa,Matty Cash,DF,2070,1,1,2,0.422,matty cash
2024,Aston Villa,Pau Torres,DF,2020,0,0,0,0.379,pau torres
2024,Aston Villa,Jacob Ramsey,MF,1623,1,3,4,0.372,jacob ramsey
2024,Aston Villa,Amadou Onana,MF,1617,3,0,3,0.354,amadou onana
2024,Aston Villa,Boubacar Kamara,"MF,DF",1726,1,0,1,0.341,boubacar kamara
2024,Aston Villa,Ian Maatsen,DF,1139,1,2,3,0.264,ian maatsen
2024,Aston Villa,Leon Bailey,MF,1139,1,2,3,0.264,leon bailey
2024,Aston Villa,Jáder Durán,FW,638,7,0,7,0.237,jader duran
2024,Aston Villa,Tyrone Mings,DF,1120,0,0,0,0.21,tyrone mings
2024,Aston Villa,Marco Asensio,MF,743,3,1,4,0.206,marco asensio
2024,Aston Villa,Ross Barkley,MF,581,3,1,4,0.176,ross barkley
2024,Aston Villa,Diego Carlos,DF,830,0,0,0,0.156,diego carlos
2024,Aston Villa,Marcus Rashford,"FW,MF",444,2,2,4,0.15,marcus rashford
2024,Aston Villa,Donyell Malen,MF,305,3,0,3,0.107,donyell malen
2024,Aston Villa,Axel Disasi,DF,490,0,0,0,0.092,axel disasi
2024,Aston Villa,Lamare Bogarde,"DF,MF",476,0,0,0,0.089,lamare bogarde
2024,Aston Villa,Jaden Philogene Bidace,MF,332,0,0,0,0.062,jaden philogene bidace
2024,Aston Villa,Andrés García,"DF,MF",318,0,0,0,0.06,andres garcia
2024,Aston Villa,Robin Olsen,GK,226,0,0,0,0.042,robin olsen
2024,Aston Villa,Kosta Nedeljković,DF,126,0,0,0,0.024,kosta nedeljkovic
2024,Aston Villa,Emi Buendía,"FW,MF",98,0,0,0,0.018,emi buendia
2024,Brentford,Bryan Mbeumo,"MF,FW",3414,20,7,27,0.999,bryan mbeumo
2024,Brentford,Yoane Wissa,FW,2919,19,4,23,0.853,yoane wissa
2024,Brentford,Mikkel Damsgaard,MF,2911,2,10,12,0.688,mikkel damsgaard
2024,Brentford,Nathan Collins,DF,3420,2,3,5,0.674,nathan collins
2024,Brentford,Christian Nørgaard,MF,2819,5,4,9,0.628,christian n rgaard
2024,Brentford,Mark Flekken,GK,3275,0,2,2,0.604,mark flekken
2024,Brentford,Keane Lewis-Potter,"DF,MF",3093,1,3,4,0.602,keane lewis potter
2024,Brentford,Kevin Schade,"MF,FW",2293,11,2,13,0.595,kevin schade
2024,Brentford,Vitaly Janelt,MF,2254,1,3,4,0.455,vitaly janelt
2024,Brentford,Sepp van den Berg,DF,2586,0,0,0,0.454,sepp van den berg
2024,Brentford,Ethan Pinnock,DF,1913,2,0,2,0.365,ethan pinnock
2024,Brentford,Yehor Yarmoliuk,MF,1450,0,0,0,0.254,yehor yarmoliuk
2024,Brentford,Kristoffer Ajer,DF,1438,0,0,0,0.252,kristoffer ajer
2024,Brentford,Mads Roerslev,DF,1101,0,2,2,0.223,mads roerslev
2024,Brentford,Mathias Jensen,MF,862,0,2,2,0.181,mathias jensen
2024,Brentford,Fabio Carvalho,"FW,MF",455,2,1,3,0.124,fabio carvalho
2024,Brentford,Michael Kayode,DF,528,0,1,1,0.107,michael kayode
2024,Brentford,Ben Mee,DF,183,0,0,0,0.032,ben mee
2024,Brentford,Igor Thiago,FW,175,0,0,0,0.031,igor thiago
2024,Brentford,Hákon Valdimarsson,GK,145,0,0,0,0.025,hakon valdimarsson
2024,Brentford,Edmond-Paris Maghoma,MF,119,0,0,0,0.021,edmond paris maghoma
2024,Brentford,Rico Henry,"DF,MF",99,0,0,0,0.017,rico henry
2024,Brentford,Yunus Emre Konak,MF,42,0,0,0,0.007,yunus emre konak
2024,Brentford,Kim Jisoo,DF,30,0,0,0,0.005,kim jisoo
2024,Brentford,Frank Onyeka,MF,25,0,0,0,0.004,frank onyeka
2024,Brentford,Gustavo Nunes,MF,12,0,0,0,0.002,gustavo nunes
2024,Brentford,Jayden Meghoma,DF,5,0,0,0,0.001,jayden meghoma
2024,Brentford,Ryan Trevitt,MF,4,0,0,0,0.001,ryan trevitt
2024,Brighton & Hove Albion,Kaoru Mitoma,MF,2603,10,4,14,0.832,kaoru mitoma
2024,Brighton & Hove Albion,João Pedro,"FW,MF",1948,10,6,16,0.761,joao pedro
2024,Brighton & Hove Albion,Danny Welbeck,FW,2115,10,4,14,0.742,danny welbeck
2024,Brighton & Hove Albion,Bart Verbruggen,GK,3240,0,1,1,0.625,bart verbruggen
2024,Brighton & Hove Albion,Jan Paul van Hecke,DF,2958,1,1,2,0.598,jan paul van hecke
2024,Brighton & Hove Albion,Carlos Baleba,MF,2661,3,1,4,0.593,carlos baleba
2024,Brighton & Hove Albion,Yankuba Minteh,MF,1838,6,4,10,0.59,yankuba minteh
2024,Brighton & Hove Albion,Jack Hinshelwood,"MF,DF",1842,5,2,7,0.516,jack hinshelwood
2024,Brighton & Hove Albion,Georginio Rutter,"MF,FW",1656,5,3,8,0.507,georginio rutter
2024,Brighton & Hove Albion,Pervis Estupiñán,DF,2402,1,1,2,0.495,pervis estupinan
2024,Brighton & Hove Albion,Yasin Ayari,MF,1965,2,1,3,0.439,yasin ayari
2024,Brighton & Hove Albion,Lewis Dunk,DF,2083,0,0,0,0.386,lewis dunk
2024,Brighton & Hove Albion,Joël Veltman,DF,1697,0,0,0,0.314,joel veltman
2024,Brighton & Hove Albion,Simon Adingra,MF,1097,2,2,4,0.303,simon adingra
2024,Brighton & Hove Albion,Mats Wieffer,"DF,MF",1015,1,3,4,0.288,mats wieffer
2024,Brighton & Hove Albion,Matt O'Riley,MF,938,2,2,4,0.274,matt o riley
2024,Brighton & Hove Albion,Tariq Lamptey,"DF,MF",860,2,2,4,0.259,tariq lamptey
2024,Brighton & Hove Albion,Brajan Gruda,"MF,FW",687,1,4,5,0.252,brajan gruda
2024,Brighton & Hove Albion,Igor,DF,961,0,0,0,0.178,igor
2024,Brighton & Hove Albion,Adam Webster,DF,887,0,0,0,0.164,adam webster
2024,Brighton & Hove Albion,Diego Gómez,MF,516,1,0,1,0.121,diego gomez
2024,Brighton & Hove Albion,Ferdi Kadioglu,"DF,MF",385,1,0,1,0.096,ferdi kadioglu
2024,Brighton & Hove Albion,Evan Ferguson,FW,246,1,0,1,0.071,evan ferguson
2024,Brighton & Hove Albion,Julio Enciso,MF,294,0,0,0,0.054,julio enciso
2024,Brighton & Hove Albion,Jason Steele,GK,180,0,0,0,0.033,jason steele
2024,Brighton & Hove Albion,James Milner,MF,170,0,0,0,0.031,james milner
2024,Brighton & Hove Albion,Solly March,MF,168,0,0,0,0.031,solly march
2024,Brighton & Hove Albion,Billy Gilmour,MF,98,0,0,0,0.018,billy gilmour
2024,Brighton & Hove Albion,Eiran Cashin,DF,20,0,0,0,0.004,eiran cashin
2024,Brighton & Hove Albion,Jakub Moder,MF,11,0,0,0,0.002,jakub moder
2024,Brighton & Hove Albion,Jeremy Sarmiento,MF,9,0,0,0,0.002,jeremy sarmiento
2024,Brighton & Hove Albion,Harry Howell,MF,7,0,0,0,0.001,harry howell
2024,Chelsea,Cole Palmer,MF,3191,15,8,23,0.971,cole palmer
2024,Chelsea,Enzo Fernández,MF,2947,6,7,13,0.754,enzo fernandez
2024,Chelsea,Nicolas Jackson,FW,2220,10,5,15,0.658,nicolas jackson
2024,Chelsea,Moisés Caicedo,"MF,DF",3351,1,2,3,0.652,moises caicedo
2024,Chelsea,Marc Cucurella,DF,2988,5,1,6,0.639,marc cucurella
2024,Chelsea,Levi Colwill,DF,3149,2,1,3,0.616,levi colwill
2024,Chelsea,Pedro Neto,"MF,FW",2269,4,6,10,0.58,pedro neto
2024,Chelsea,Noni Madueke,MF,2033,7,3,10,0.538,noni madueke
2024,Chelsea,Robert Sánchez,GK,2880,0,0,0,0.516,robert sanchez
2024,Chelsea,Jadon Sancho,MF,1764,3,4,7,0.438,jadon sancho
2024,Chelsea,Malo Gusto,DF,1862,0,1,1,0.351,malo gusto
2024,Chelsea,Tosin Adarabioyo,DF,1409,1,1,2,0.287,tosin adarabioyo
2024,Chelsea,Christopher Nkunku,"MF,FW",921,3,2,5,0.252,christopher nkunku
2024,Chelsea,Reece James,"DF,MF",1063,1,1,2,0.225,reece james
2024,Chelsea,Wesley Fofana,DF,1172,0,0,0,0.21,wesley fofana
2024,Chelsea,Trevoh Chalobah,DF,910,0,1,1,0.18,trevoh chalobah
2024,Chelsea,Roméo Lavia,MF,797,0,1,1,0.16,romeo lavia
2024,Chelsea,João Félix,MF,369,1,1,2,0.101,joao felix
2024,Chelsea,Filip Jørgensen,GK,540,0,0,0,0.097,filip j rgensen
2024,Chelsea,Axel Disasi,DF,364,1,0,1,0.083,axel disasi
2024,Chelsea,Tyrique George,FW,183,1,1,2,0.068,tyrique george
2024,Chelsea,Kiernan Dewsbury-Hall,MF,264,0,1,1,0.065,kiernan dewsbury hall
2024,Chelsea,Benoît Badiashile,DF,334,0,0,0,0.06,benoit badiashile
2024,Chelsea,Renato Veiga,MF,181,0,0,0,0.032,renato veiga
2024,Chelsea,Joshua Acheampong,DF,170,0,0,0,0.03,joshua acheampong
2024,Chelsea,Mykhailo Mudryk,MF,151,0,0,0,0.027,mykhailo mudryk
2024,Chelsea,Marc Guiu,FW,73,0,0,0,0.013,marc guiu
2024,Chelsea,Mathis Amougou,MF,8,0,0,0,0.001,mathis amougou
2024,Chelsea,Shumaira Mheuka,FW,1,0,0,0,0.0,shumaira mheuka
2024,Crystal Palace,Jean-Philippe Mateta,FW,2648,14,2,16,0.865,jean philippe mateta
2024,Crystal Palace,Eberechi Eze,MF,2588,8,8,16,0.854,eberechi eze
2024,Crystal Palace,Ismaila Sarr,MF,2711,8,6,14,0.826,ismaila sarr
2024,Crystal Palace,Daniel Muñoz,MF,3228,4,5,9,0.791,daniel munoz
2024,Crystal Palace,Tyrick Mitchell,MF,3092,0,5,5,0.667,tyrick mitchell
2024,Crystal Palace,Marc Guéhi,DF,3059,3,2,5,0.662,marc guehi
2024,Crystal Palace,Dean Henderson,GK,3420,0,0,0,0.6,dean henderson
2024,Crystal Palace,Maxence Lacroix,DF,3116,1,1,2,0.597,maxence lacroix
2024,Crystal Palace,Will Hughes,MF,2108,0,3,3,0.445,will hughes
2024,Crystal Palace,Jefferson Lerma,"MF,DF",2274,0,1,1,0.424,jefferson lerma
2024,Crystal Palace,Chris Richards,DF,1922,1,0,1,0.362,chris richards
2024,Crystal Palace,Adam Wharton,MF,1318,0,2,2,0.281,adam wharton
2024,Crystal Palace,Eddie Nketiah,"FW,MF",1034,3,1,4,0.281,eddie nketiah
2024,Crystal Palace,Daichi Kamada,MF,1564,0,0,0,0.274,daichi kamada
2024,Crystal Palace,Trevoh Chalobah,DF,1060,3,0,3,0.261,trevoh chalobah
2024,Crystal Palace,Justin Devenny,MF,507,1,1,2,0.139,justin devenny
2024,Crystal Palace,Nathaniel Clyne,"DF,MF",483,0,0,0,0.085,nathaniel clyne
2024,Crystal Palace,Cheick Doucouré,MF,452,0,0,0,0.079,cheick doucoure
2024,Crystal Palace,Romain Esse,MF,138,1,1,2,0.074,romain esse
2024,Crystal Palace,Ben Chilwell,MF,259,1,0,1,0.07,ben chilwell
2024,Crystal Palace,Matheus França,FW,55,1,0,1,0.035,matheus franca
2024,Crystal Palace,Odsonne Édouard,MF,115,0,0,0,0.02,odsonne edouard
2024,Crystal Palace,Jeffrey Schlupp,"DF,FW",103,0,0,0,0.018,jeffrey schlupp
2024,Crystal Palace,Chadi Riad,DF,90,0,0,0,0.016,chadi riad
2024,Crystal Palace,Joachim Andersen,DF,90,0,0,0,0.016,joachim andersen
2024,Crystal Palace,Joel Ward,DF,71,0,0,0,0.012,joel ward
2024,Crystal Palace,Jordan Ayew,"FW,MF",21,0,0,0,0.004,jordan ayew
2024,Crystal Palace,Caleb Kporha,DF,13,0,0,0,0.002,caleb kporha
2024,Crystal Palace,Asher Agbinone,MF,6,0,0,0,0.001,asher agbinone
2024,Everton,Iliman Ndiaye,"MF,FW",2430,9,0,9,0.786,iliman ndiaye
2024,Everton,Vitaliy Mykolenko,DF,3082,1,2,3,0.661,vitaliy mykolenko
2024,Everton,Idrissa Gueye,MF,3063,0,3,3,0.657,idrissa gueye
2024,Everton,Abdoulaye Doucouré,MF,2564,3,2,5,0.65,abdoulaye doucoure
2024,Everton,Dwight McNeil,MF,1371,4,6,10,0.641,dwight mcneil
2024,Everton,Jordan Pickford,GK,3420,0,1,1,0.64,jordan pickford
2024,Everton,James Tarkowski,DF,2922,1,1,2,0.593,james tarkowski
2024,Everton,Beto,FW,1534,8,0,8,0.589,beto
2024,Everton,Ashley Young,DF,1875,1,3,4,0.489,ashley young
2024,Everton,Jarrad Branthwaite,DF,2511,0,1,1,0.481,jarrad branthwaite
2024,Everton,Dominic Calvert-Lewin,FW,1609,3,1,4,0.442,dominic calvert lewin
2024,Everton,Jack Harrison,"MF,FW",2076,1,0,1,0.404,jack harrison
2024,Everton,Jake O'Brien,DF,1571,2,0,2,0.356,jake o brien
2024,Everton,Carlos Alcaraz,MF,764,2,3,5,0.334,carlos alcaraz
2024,Everton,James Garner,"MF,DF",1594,0,1,1,0.32,james garner
2024,Everton,Michael Keane,DF,1049,3,0,3,0.304,michael keane
2024,Everton,Orel Mangala,MF,1261,1,0,1,0.261,orel mangala
2024,Everton,Jesper Lindstrøm,MF,1239,0,1,1,0.257,jesper lindstr m
2024,Everton,Tim Iroegbunam,MF,574,0,1,1,0.141,tim iroegbunam
2024,Everton,Nathan Patterson,DF,347,0,1,1,0.101,nathan patterson
2024,Everton,Armando Broja,FW,334,0,0,0,0.059,armando broja
2024,Everton,Séamus Coleman,DF,215,0,0,0,0.038,seamus coleman
2024,Everton,Roman Dixon,DF,90,0,0,0,0.016,roman dixon
2024,Everton,Harrison Armstrong,MF,48,0,0,0,0.008,harrison armstrong
2024,Everton,Youssef Chermiti,FW,45,0,0,0,0.008,youssef chermiti
2024,Everton,Mason Holgate,DF,6,0,0,0,0.001,mason holgate
2024,Fulham,Alex Iwobi,MF,2981,9,6,15,0.923,alex iwobi
2024,Fulham,Raúl Jiménez,FW,2494,12,3,15,0.838,raul jimenez
2024,Fulham,Antonee Robinson,"DF,MF",3167,0,10,10,0.822,antonee robinson
2024,Fulham,Bernd Leno,GK,3420,0,1,1,0.627,bernd leno
2024,Fulham,Emile Smith Rowe,MF,2043,6,3,9,0.598,emile smith rowe
2024,Fulham,Calvin Bassey,DF,3074,1,0,1,0.566,calvin bassey
2024,Fulham,Adama Traoré,MF,1772,2,7,9,0.551,adama traore
2024,Fulham,Andreas Pereira,MF,2013,2,4,6,0.513,andreas pereira
2024,Fulham,Saša Lukić,MF,2344,0,2,2,0.465,sasa lukic
2024,Fulham,Joachim Andersen,DF,2583,0,0,0,0.453,joachim andersen
2024,Fulham,Rodrigo Muniz,FW,964,8,1,9,0.409,rodrigo muniz
2024,Fulham,Harry Wilson,"MF,FW",1162,6,1,7,0.391,harry wilson
2024,Fulham,Sander Berge,MF,2224,0,0,0,0.39,sander berge
2024,Fulham,Kenny Tete,DF,1774,0,2,2,0.365,kenny tete
2024,Fulham,Timothy Castagne,"DF,MF",1649,0,1,1,0.316,timothy castagne
2024,Fulham,Ryan Sessegnon,"MF,DF",580,4,2,6,0.262,ryan sessegnon
2024,Fulham,Issa Diop,DF,1339,0,0,0,0.235,issa diop
2024,Fulham,Tom Cairney,MF,628,2,0,2,0.164,tom cairney
2024,Fulham,Reiss Nelson,MF,487,1,1,2,0.139,reiss nelson
2024,Fulham,Jorge Cuenca,DF,351,0,0,0,0.062,jorge cuenca
2024,Fulham,Willian,"MF,FW",257,0,0,0,0.045,willian
2024,Fulham,Joshua King,MF,130,0,0,0,0.023,joshua king
2024,Fulham,Harrison Reed,MF,108,0,0,0,0.019,harrison reed
2024,Fulham,Martial Godo,"FW,MF",24,0,0,0,0.004,martial godo
2024,Fulham,Carlos Vinícius,FW,16,0,0,0,0.003,carlos vinicius
2024,Fulham,Jay Stansfield,"FW,MF",1,0,0,0,0.0,jay stansfield
2024,Ipswich Town,Liam Delap,FW,2593,12,2,14,0.898,liam delap
2024,Ipswich Town,Dara O'Shea,DF,3122,0,2,2,0.657,dara o shea
2024,Ipswich Town,Omari Hutchinson,MF,2583,3,2,5,0.639,omari hutchinson
2024,Ipswich Town,Leif Davis,DF,2743,1,2,3,0.613,leif davis
2024,Ipswich Town,Sam Morsy,MF,2751,1,1,2,0.586,sam morsy
2024,Ipswich Town,Jacob Greaves,DF,2205,1,0,1,0.452,jacob greaves
2024,Ipswich Town,Jens Cajuste,MF,1959,1,1,2,0.434,jens cajuste
2024,Ipswich Town,Axel Tuanzebe,DF,1710,0,1,1,0.357,axel tuanzebe
2024,Ipswich Town,Cameron Burgess,DF,1541,0,2,2,0.353,cameron burgess
2024,Ipswich Town,Ben Johnson,"MF,DF",1354,1,2,3,0.346,ben johnson
2024,Ipswich Town,Jack Clarke,MF,1181,0,4,4,0.341,jack clarke
2024,Ipswich Town,Arijanet Muric,GK,1620,0,0,0,0.311,arijanet muric
2024,Ipswich Town,Julio Enciso,MF,869,2,3,5,0.31,julio enciso
2024,Ipswich Town,Sammie Szmodics,MF,992,4,0,4,0.305,sammie szmodics
2024,Ipswich Town,George Hirst,FW,661,3,1,4,0.241,george hirst
2024,Ipswich Town,Kalvin Phillips,MF,1237,0,0,0,0.238,kalvin phillips
2024,Ipswich Town,Luke Woolfenden,DF,1187,0,0,0,0.228,luke woolfenden
2024,Ipswich Town,Alex Palmer,GK,1170,0,0,0,0.225,alex palmer
2024,Ipswich Town,Conor Chaplin,"MF,FW",857,1,1,2,0.222,conor chaplin
2024,Ipswich Town,Wes Burns,MF,926,0,1,1,0.207,wes burns
2024,Ipswich Town,Jack Taylor,MF,860,1,0,1,0.194,jack taylor
2024,Ipswich Town,Nathan Broadhead,MF,702,2,0,2,0.192,nathan broadhead
2024,Ipswich Town,Jaden Philogene Bidace,MF,474,2,0,2,0.148,jaden philogene bidace
2024,Ipswich Town,Christian Walton,GK,630,0,0,0,0.121,christian walton
2024,Ipswich Town,Conor Townsend,DF,335,0,1,1,0.093,conor townsend
2024,Ipswich Town,Harry Clarke,DF,379,0,0,0,0.073,harry clarke
2024,Ipswich Town,Chiedozie Ogbene,MF,238,0,0,0,0.046,chiedozie ogbene
2024,Ipswich Town,Massimo Luongo,MF,201,0,0,0,0.039,massimo luongo
2024,Ipswich Town,Ben Godfrey,DF,159,0,0,0,0.031,ben godfrey
2024,Ipswich Town,Ali Al Hamadi,FW,134,0,0,0,0.026,ali al hamadi
2024,Ipswich Town,Marcus Harness,"FW,MF",45,0,0,0,0.009,marcus harness
2024,Ipswich Town,George Edmundson,DF,2,0,0,0,0.0,george edmundson
2024,Leicester City,Jamie Vardy,FW,2823,9,4,13,0.982,jamie vardy
2024,Leicester City,James Justin,"DF,MF",2912,2,2,4,0.723,james justin
2024,Leicester City,Wilfred Ndidi,MF,2324,0,5,5,0.633,wilfred ndidi
2024,Leicester City,Wout Faes,DF,2815,1,0,1,0.611,wout faes
2024,Leicester City,Bilal El Khannouss,MF,2182,2,3,5,0.603,bilal el khannouss
2024,Leicester City,Victor Bernth Kristiansen,"DF,MF",2482,0,1,1,0.542,victor bernth kristiansen
2024,Leicester City,Facundo Buonanotte,"MF,FW",1523,5,2,7,0.529,facundo buonanotte
2024,Leicester City,Jordan Ayew,MF,1638,5,0,5,0.491,jordan ayew
2024,Leicester City,Mads Hermansen,GK,2385,0,0,0,0.491,mads hermansen
2024,Leicester City,Stephy Mavididi,MF,1615,4,1,5,0.487,stephy mavididi
2024,Leicester City,Boubakary Soumaré,MF,2171,0,0,0,0.447,boubakary soumare
2024,Leicester City,Conor Coady,DF,1714,1,0,1,0.384,conor coady
2024,Leicester City,Harry Winks,MF,1538,0,2,2,0.378,harry winks
2024,Leicester City,Jannik Vestergaard,DF,1391,0,0,0,0.287,jannik vestergaard
2024,Leicester City,Caleb Okoli,DF,1125,1,0,1,0.263,caleb okoli
2024,Leicester City,Bobby De Cordova-Reid,"MF,FW",744,1,2,3,0.246,bobby de cordova reid
2024,Leicester City,Kasey McAteer,MF,852,1,1,2,0.237,kasey mcateer
2024,Leicester City,Oliver Skipp,MF,1129,0,0,0,0.233,oliver skipp
2024,Leicester City,Luke Thomas,DF,1110,0,0,0,0.229,luke thomas
2024,Leicester City,Jakub Stolarczyk,GK,900,0,0,0,0.185,jakub stolarczyk
2024,Leicester City,Patson Daka,"MF,FW",736,1,0,1,0.182,patson daka
2024,Leicester City,Abdul Fatawu Issahaku,"MF,FW",579,0,2,2,0.181,abdul fatawu issahaku
2024,Leicester City,Ricardo Pereira,DF,388,0,0,0,0.08,ricardo pereira
2024,Leicester City,Danny Ward,GK,135,0,0,0,0.028,danny ward
2024,Leicester City,Hamza Choudhury,MF,131,0,0,0,0.027,hamza choudhury
2024,Leicester City,Jeremy Monga,FW,112,0,0,0,0.023,jeremy monga
2024,Leicester City,Woyo Coulibaly,DF,109,0,0,0,0.022,woyo coulibaly
2024,Leicester City,Odsonne Édouard,FW,29,0,0,0,0.006,odsonne edouard
2024,Leicester City,Jake Evans,MF,24,0,0,0,0.005,jake evans
2024,Leicester City,Michael Golding,MF,1,0,0,0,0.0,michael golding
2024,Leicester City,Olabade Aluko,DF,2,0,0,0,0.0,olabade aluko
2024,Leicester City,Will Alves,MF,1,0,0,0,0.0,will alves
2024,Liverpool,Mohamed Salah,MF,3371,29,18,47,1.0,mohamed salah
2024,Liverpool,Virgil van Dijk,DF,3330,3,1,4,0.627,virgil van dijk
2024,Liverpool,Ryan Gravenberch,MF,3160,0,4,4,0.596,ryan gravenberch
2024,Liverpool,Luis Díaz,"FW,MF",2399,13,5,18,0.58,luis diaz
2024,Liverpool,Alexis Mac Allister,MF,2599,5,5,10,0.548,alexis mac allister
2024,Liverpool,Dominik Szoboszlai,MF,2491,6,6,12,0.545,dominik szoboszlai
2024,Liverpool,Trent Alexander-Arnold,DF,2365,3,6,9,0.498,trent alexander arnold
2024,Liverpool,Ibrahima Konaté,DF,2560,1,2,3,0.481,ibrahima konate
2024,Liverpool,Cody Gakpo,MF,1935,10,4,14,0.464,cody gakpo
2024,Liverpool,Andy Robertson,DF,2482,0,1,1,0.45,andy robertson
2024,Liverpool,Alisson,GK,2508,0,0,0,0.446,alisson
2024,Liverpool,Curtis Jones,"MF,DF",1712,3,3,6,0.356,curtis jones
2024,Liverpool,Diogo Jota,FW,1196,6,3,9,0.289,diogo jota
2024,Liverpool,Darwin Núñez,FW,1133,5,2,7,0.261,darwin nunez
2024,Liverpool,Caoimhín Kelleher,GK,900,0,0,0,0.16,caoimhin kelleher
2024,Liverpool,Kostas Tsimikas,DF,837,0,1,1,0.157,kostas tsimikas
2024,Liverpool,Conor Bradley,DF,754,0,2,2,0.151,conor bradley
2024,Liverpool,Harvey Elliott,MF,371,1,2,3,0.092,harvey elliott
2024,Liverpool,Joe Gomez,DF,519,0,0,0,0.092,joe gomez
2024,Liverpool,Jarell Quansah,DF,495,0,0,0,0.088,jarell quansah
2024,Liverpool,Wataru Endo,MF,273,0,0,0,0.049,wataru endo
2024,Liverpool,Federico Chiesa,FW,108,0,0,0,0.019,federico chiesa
2024,Liverpool,Jayden Danns,FW,11,0,0,0,0.002,jayden danns
2024,Liverpool,Vitezslav Jaros,GK,12,0,0,0,0.002,vitezslav jaros
2024,Manchester City,Erling Haaland,FW,2736,22,3,25,0.901,erling haaland
2024,Manchester City,Joško Gvardiol,DF,3277,5,0,5,0.68,josko gvardiol
2024,Manchester City,Bernardo Silva,MF,2670,4,4,8,0.617,bernardo silva
2024,Manchester City,Mateo Kovačić,"MF,DF",2198,6,2,8,0.53,mateo kovacic
2024,Manchester City,İlkay Gündoğan,MF,2223,1,6,7,0.519,ilkay gundogan
2024,Manchester City,Ederson Moraes,GK,2320,0,4,4,0.489,ederson moraes
2024,Manchester City,Kevin De Bruyne,"MF,FW",1702,4,7,11,0.488,kevin de bruyne
2024,Manchester City,Phil Foden,"MF,FW",1777,7,2,9,0.469,phil foden
2024,Manchester City,Sávio,"MF,FW",1766,1,8,9,0.467,savio
2024,Manchester City,Jeremy Doku,"MF,FW",1516,3,6,9,0.422,jeremy doku
2024,Manchester City,Matheus Nunes,"DF,MF",1674,1,6,7,0.418,matheus nunes
2024,Manchester City,Rúben Dias,"DF,MF",2271,0,0,0,0.416,ruben dias
2024,Manchester City,Rico Lewis,"DF,MF",1893,1,2,3,0.395,rico lewis
2024,Manchester City,Manuel Akanji,"DF,MF",2014,0,0,0,0.369,manuel akanji
2024,Manchester City,Omar Marmoush,"MF,FW",1175,7,0,7,0.327,omar marmoush
2024,Manchester City,Stefan Ortega,GK,1100,0,0,0,0.201,stefan ortega
2024,Manchester City,Kyle Walker,DF,970,0,0,0,0.178,kyle walker
2024,Manchester City,Jack Grealish,"MF,FW",721,1,1,2,0.164,jack grealish
2024,Manchester City,Nicolás González,MF,760,1,0,1,0.155,nicolas gonzalez
2024,Manchester City,John Stones,DF,548,2,0,2,0.132,john stones
2024,Manchester City,Nico O'Reilly,DF,528,2,0,2,0.129,nico o reilly
2024,Manchester City,Nathan Aké,DF,678,0,0,0,0.124,nathan ake
2024,Manchester City,James Mcatee,MF,349,3,0,3,0.112,james mcatee
2024,Manchester City,Abdukodir Khusanov,DF,503,0,0,0,0.092,abdukodir khusanov
2024,Manchester City,Jahmai Simpson-Pusey,DF,96,0,0,0,0.018,jahmai simpson pusey
2024,Manchester City,Rodri,MF,73,0,0,0,0.013,rodri
2024,Manchester City,Divin Mubama,FW,28,0,0,0,0.005,divin mubama
2024,Manchester City,Oscar Bobb,"FW,MF",16,0,0,0,0.003,oscar bobb
2024,Manchester City,Claudio Echeverri,MF,6,0,0,0,0.001,claudio echeverri
2024,Manchester City,Vitor Reis,DF,1,0,0,0,0.0,vitor reis
2024,Manchester United,Bruno Fernandes,MF,3018,8,10,18,0.992,bruno fernandes
2024,Manchester United,Amad Diallo,"MF,FW",1901,8,6,14,0.684,amad diallo
2024,Manchester United,Diogo Dalot,"MF,DF",2814,0,3,3,0.618,diogo dalot
2024,Manchester United,Alejandro Garnacho,MF,2199,6,2,8,0.609,alejandro garnacho
2024,Manchester United,André Onana,GK,3060,0,0,0,0.6,andre onana
2024,Manchester United,Noussair Mazraoui,"DF,MF",2838,0,1,1,0.579,noussair mazraoui
2024,Manchester United,Rasmus Højlund,FW,2004,4,0,4,0.482,rasmus h jlund
2024,Manchester United,Matthijs de Ligt,DF,2123,2,0,2,0.461,matthijs de ligt
2024,Manchester United,Manuel Ugarte,MF,1785,1,2,3,0.417,manuel ugarte
2024,Manchester United,Lisandro Martínez,DF,1751,2,1,3,0.41,lisandro martinez
2024,Manchester United,Harry Maguire,DF,1758,1,0,1,0.367,harry maguire
2024,Manchester United,Joshua Zirkzee,"FW,MF",1402,3,1,4,0.364,joshua zirkzee
2024,Manchester United,Kobbie Mainoo,MF,1651,0,0,0,0.324,kobbie mainoo
2024,Manchester United,Casemiro,MF,1494,1,0,1,0.315,casemiro
2024,Manchester United,Marcus Rashford,MF,978,4,1,5,0.303,marcus rashford
2024,Manchester United,Christian Eriksen,MF,1061,1,2,3,0.275,christian eriksen
2024,Manchester United,Leny Yoro,DF,1165,0,0,0,0.228,leny yoro
2024,Manchester United,Patrick Dorgu,MF,842,0,0,0,0.165,patrick dorgu
2024,Manchester United,Mason Mount,"MF,FW",622,1,0,1,0.144,mason mount
2024,Manchester United,Victor Lindelöf,DF,704,0,0,0,0.138,victor lindelof
2024,Manchester United,Altay Bayındır,GK,360,0,0,0,0.071,altay bay nd r
2024,Manchester United,Harry Amass,MF,346,0,0,0,0.068,harry amass
2024,Manchester United,Luke Shaw,DF,349,0,0,0,0.068,luke shaw
2024,Manchester United,Jonny Evans,DF,315,0,0,0,0.062,jonny evans
2024,Manchester United,Toby Collyer,MF,179,0,0,0,0.035,toby collyer
2024,Manchester United,Ayden Heaven,DF,170,0,0,0,0.033,ayden heaven
2024,Manchester United,Chidozie Obi-Martin,FW,165,0,0,0,0.032,chidozie obi martin
2024,Manchester United,Tyler Fredricson,DF,165,0,0,0,0.032,tyler fredricson
2024,Manchester United,Antony,"FW,MF",141,0,0,0,0.028,antony
2024,Manchester United,Tyrell Malacia,MF,100,0,0,0,0.02,tyrell malacia
2024,Manchester United,Scott McTominay,MF,19,0,0,0,0.004,scott mctominay
2024,Newcastle United,Alexander Isak,FW,2756,23,6,29,0.897,alexander isak
2024,Newcastle United,Bruno Guimarães,MF,3271,5,6,11,0.741,bruno guimaraes
2024,Newcastle United,Jacob Murphy,"FW,MF",2360,8,12,20,0.701,jacob murphy
2024,Newcastle United,Dan Burn,DF,3330,1,1,2,0.628,dan burn
2024,Newcastle United,Anthony Gordon,"FW,MF",2434,6,5,11,0.59,anthony gordon
2024,Newcastle United,Fabian Schär,DF,2934,4,0,4,0.584,fabian schar
2024,Newcastle United,Sandro Tonali,MF,2630,4,2,6,0.557,sandro tonali
2024,Newcastle United,Joelinton,"MF,FW",2393,4,3,7,0.528,joelinton
2024,Newcastle United,Tino Livramento,DF,2840,0,1,1,0.526,tino livramento
2024,Newcastle United,Harvey Barnes,"FW,MF",1755,9,4,13,0.496,harvey barnes
2024,Newcastle United,Nick Pope,GK,2520,0,0,0,0.454,nick pope
2024,Newcastle United,Lewis Hall,DF,2189,0,4,4,0.45,lewis hall
2024,Newcastle United,Kieran Trippier,DF,1309,0,3,3,0.277,kieran trippier
2024,Newcastle United,Joe Willock,MF,1086,0,2,2,0.223,joe willock
2024,Newcastle United,Martin Dúbravka,GK,900,0,0,0,0.162,martin dubravka
2024,Newcastle United,Sean Longstaff,MF,798,0,0,0,0.144,sean longstaff
2024,Newcastle United,Sven Botman,DF,412,0,0,0,0.074,sven botman
2024,Newcastle United,Lewis Miley,MF,313,1,0,1,0.07,lewis miley
2024,Newcastle United,Lloyd Kelly,DF,303,0,1,1,0.068,lloyd kelly
2024,Newcastle United,Callum Wilson,FW,370,0,0,0,0.067,callum wilson
2024,Newcastle United,Emil Krafth,DF,342,0,0,0,0.062,emil krafth
2024,Newcastle United,William Osula,FW,134,1,0,1,0.038,william osula
2024,Newcastle United,Miguel Almirón,FW,157,0,0,0,0.028,miguel almiron
2024,Newcastle United,Matt Targett,"DF,MF",21,0,0,0,0.004,matt targett
2024,Nottingham Forest,Chris Wood,FW,2959,20,3,23,0.919,chris wood
2024,Nottingham Forest,Morgan Gibbs-White,MF,2803,7,8,15,0.753,morgan gibbs white
2024,Nottingham Forest,Anthony Elanga,"MF,FW",2501,6,11,17,0.734,anthony elanga
2024,Nottingham Forest,Nikola Milenković,DF,3330,5,2,7,0.706,nikola milenkovic
2024,Nottingham Forest,Elliot Anderson,MF,2728,2,6,8,0.618,elliot anderson
2024,Nottingham Forest,Matz Sels,GK,3420,0,0,0,0.6,matz sels
2024,Nottingham Forest,Murillo,DF,3188,2,0,2,0.594,murillo
2024,Nottingham Forest,Ola Aina,DF,2995,2,1,3,0.578,ola aina
2024,Nottingham Forest,Neco Williams,"DF,MF",2594,1,3,4,0.525,neco williams
2024,Nottingham Forest,Callum Hudson-Odoi,MF,2194,5,2,7,0.507,callum hudson odoi
2024,Nottingham Forest,Ryan Yates,MF,1915,2,1,3,0.388,ryan yates
2024,Nottingham Forest,Nicolás Domínguez,MF,1963,0,1,1,0.362,nicolas dominguez
2024,Nottingham Forest,Jota Silva,MF,854,3,1,4,0.219,jota silva
2024,Nottingham Forest,Álex Moreno,DF,955,0,1,1,0.185,alex moreno
2024,Nottingham Forest,Morato,DF,907,0,0,0,0.159,morato
2024,Nottingham Forest,Ibrahim Sangaré,MF,590,0,1,1,0.121,ibrahim sangare
2024,Nottingham Forest,Taiwo Awoniyi,FW,416,1,0,1,0.09,taiwo awoniyi
2024,Nottingham Forest,James Ward-Prowse,MF,400,0,1,1,0.088,james ward prowse
2024,Nottingham Forest,Ramón Sosa,MF,295,1,0,1,0.069,ramon sosa
2024,Nottingham Forest,Danilo Santos,MF,275,0,0,0,0.048,danilo santos
2024,Nottingham Forest,Willy Boly,DF,150,0,0,0,0.026,willy boly
2024,Nottingham Forest,Harry Toffolo,DF,137,0,0,0,0.024,harry toffolo
2024,Nottingham Forest,Eric da Silva Moreira,DF,30,0,0,0,0.005,eric da silva moreira
2024,Southampton,Mateus Fernandes,MF,2909,2,4,6,0.998,mateus fernandes
2024,Southampton,Kyle Walker-Peters,"MF,DF",2918,0,2,2,0.733,kyle walker peters
2024,Southampton,Jan Bednarek,DF,2531,2,0,2,0.654,jan bednarek
2024,Southampton,Taylor Harwood-Bellis,DF,2825,1,0,1,0.648,taylor harwood bellis
2024,Southampton,Joe Aribo,MF,2013,3,0,3,0.614,joe aribo
2024,Southampton,Aaron Ramsdale,GK,2700,0,0,0,0.555,aaron ramsdale
2024,Southampton,Paul Onuachu,FW,1050,4,1,5,0.549,paul onuachu
2024,Southampton,Adam Armstrong,"FW,MF",1248,2,2,4,0.523,adam armstrong
2024,Southampton,Tyler Dibling,"MF,FW",1874,2,0,2,0.519,tyler dibling
2024,Southampton,Flynn Downes,MF,2151,1,0,1,0.509,flynn downes
2024,Southampton,Lesley Ugochukwu,MF,1655,1,1,2,0.474,lesley ugochukwu
2024,Southampton,Yukinari Sugawara,"MF,DF",1557,1,1,2,0.453,yukinari sugawara
2024,Southampton,Cameron Archer,FW,1441,2,0,2,0.43,cameron archer
2024,Southampton,Kamaldeen Sulemana,"FW,MF",1402,1,1,2,0.422,kamaldeen sulemana
2024,Southampton,Ryan Manning,"DF,MF",1462,0,1,1,0.367,ryan manning
2024,Southampton,Jack Stephens,DF,1389,1,0,1,0.352,jack stephens
2024,Southampton,James Bree,"DF,MF",1075,0,1,1,0.288,james bree
2024,Southampton,William Smallbone,MF,690,1,0,1,0.209,william smallbone
2024,Southampton,Adam Lallana,MF,361,0,2,2,0.208,adam lallana
2024,Southampton,Nathan Wood-Gordon,DF,773,0,0,0,0.159,nathan wood gordon
2024,Southampton,Ross Stewart,FW,389,1,0,1,0.147,ross stewart
2024,Southampton,Welington,"MF,DF",482,0,0,0,0.099,welington
2024,Southampton,Alex McCarthy,GK,450,0,0,0,0.093,alex mccarthy
2024,Southampton,Ben Brereton,"FW,MF",449,0,0,0,0.092,ben brereton
2024,Southampton,Charlie Taylor,DF,356,0,0,0,0.073,charlie taylor
2024,Southampton,Armel Bella Kotchap,DF,331,0,0,0,0.068,armel bella kotchap
2024,Southampton,Ryan Fraser,"MF,DF",306,0,0,0,0.063,ryan fraser
2024,Southampton,Joe Lumley,GK,270,0,0,0,0.056,joe lumley
2024,Southampton,Albert Grønbaek,"MF,FW",143,0,0,0,0.029,albert gr nbaek
2024,Southampton,Jay Robinson,MF,137,0,0,0,0.028,jay robinson
2024,Southampton,Maxwel Cornet,MF,72,0,0,0,0.015,maxwel cornet
2024,Southampton,Samuel Edozie,"FW,MF",65,0,0,0,0.013,samuel edozie
2024,Southampton,Samuel Amo-Ameyaw,"FW,MF",28,0,0,0,0.006,samuel amo ameyaw
2024,Southampton,Joachim Kayi Sanda,DF,14,0,0,0,0.003,joachim kayi sanda
2024,Southampton,Carlos Alcaraz,MF,10,0,0,0,0.002,carlos alcaraz
2024,Southampton,Ronnie Edwards,DF,12,0,0,0,0.002,ronnie edwards
2024,Tottenham Hotspur,Son Heung-min,"FW,MF",2110,7,9,16,0.885,son heung min
2024,Tottenham Hotspur,Brennan Johnson,"FW,MF",2177,11,3,14,0.85,brennan johnson
2024,Tottenham Hotspur,Dejan Kulusevski,"MF,FW",2389,7,4,11,0.824,dejan kulusevski
2024,Tottenham Hotspur,James Maddison,MF,1809,9,7,16,0.816,james maddison
2024,Tottenham Hotspur,Dominic Solanke,FW,2201,9,3,12,0.806,dominic solanke
2024,Tottenham Hotspur,Pedro Porro,DF,2610,2,6,8,0.8,pedro porro
2024,Tottenham Hotspur,Pape Matar Sarr,MF,1913,3,2,5,0.565,pape matar sarr
2024,Tottenham Hotspur,Guglielmo Vicario,GK,2160,0,0,0,0.497,guglielmo vicario
2024,Tottenham Hotspur,Djed Spence,DF,1792,1,2,3,0.487,djed spence
2024,Tottenham Hotspur,Destiny Udogie,DF,1924,0,1,1,0.467,destiny udogie
2024,Tottenham Hotspur,Rodrigo Bentancur,MF,1645,2,0,2,0.428,rodrigo bentancur
2024,Tottenham Hotspur,Archie Gray,"DF,MF",1751,0,0,0,0.403,archie gray
2024,Tottenham Hotspur,Yves Bissouma,MF,1408,2,0,2,0.374,yves bissouma
2024,Tottenham Hotspur,Cristian Romero,DF,1416,1,0,1,0.351,cristian romero
2024,Tottenham Hotspur,Ben Davies,DF,1331,0,0,0,0.306,ben davies
2024,Tottenham Hotspur,Lucas Bergvall,MF,1212,0,1,1,0.304,lucas bergvall
2024,Tottenham Hotspur,Radu Drăgușin,DF,1252,0,0,0,0.288,radu dragusin
2024,Tottenham Hotspur,Mathys Tel,FW,911,2,1,3,0.284,mathys tel
2024,Tottenham Hotspur,Micky van de Ven,DF,1015,0,2,2,0.283,micky van de ven
2024,Tottenham Hotspur,Richarlison,FW,504,4,1,5,0.241,richarlison
2024,Tottenham Hotspur,Wilson Odobert,"FW,MF",850,1,0,1,0.22,wilson odobert
2024,Tottenham Hotspur,Kevin Danso,DF,842,0,0,0,0.194,kevin danso
2024,Tottenham Hotspur,Timo Werner,"FW,MF",516,0,3,3,0.194,timo werner
2024,Tottenham Hotspur,Fraser Forster,GK,630,0,0,0,0.145,fraser forster
2024,Tottenham Hotspur,Antonín Kinský,GK,540,0,0,0,0.124,antonin kinsky
2024,Tottenham Hotspur,Mikey Moore,"MF,FW",366,0,1,1,0.109,mikey moore
2024,Tottenham Hotspur,Sergio Reguilón,DF,196,0,0,0,0.045,sergio reguilon
2024,Tottenham Hotspur,Dane Scarlett,FW,34,0,1,1,0.033,dane scarlett
2024,Tottenham Hotspur,Brandon Austin,GK,90,0,0,0,0.021,brandon austin
2024,Tottenham Hotspur,Alfie Dorrington,DF,14,0,0,0,0.003,alfie dorrington
2024,Tottenham Hotspur,Will Lankshear,FW,11,0,0,0,0.003,will lankshear
2024,West Ham United,Jarrod Bowen,"MF,FW",2973,13,8,21,0.933,jarrod bowen
2024,West Ham United,Aaron Wan-Bissaka,"DF,MF",3154,2,5,7,0.699,aaron wan bissaka
2024,West Ham United,Tomáš Souček,MF,2567,9,1,10,0.651,tomas soucek
2024,West Ham United,Max Kilman,DF,3348,0,1,1,0.619,max kilman
2024,West Ham United,Mohammed Kudus,"MF,FW",2590,5,3,8,0.617,mohammed kudus
2024,West Ham United,Lucas Paquetá,"MF,FW",2380,4,0,4,0.503,lucas paqueta
2024,West Ham United,Emerson Palmieri,"DF,MF",2113,2,1,3,0.436,emerson palmieri
2024,West Ham United,Alphonse Areola,GK,2260,0,0,0,0.405,alphonse areola
2024,West Ham United,Konstantinos Mavropanos,DF,2045,0,0,0,0.366,konstantinos mavropanos
2024,West Ham United,Edson Álvarez,MF,1772,0,1,1,0.337,edson alvarez
2024,West Ham United,Jean-Clair Todibo,DF,1825,0,0,0,0.327,jean clair todibo
2024,West Ham United,Carlos Soler,MF,1409,1,1,2,0.291,carlos soler
2024,West Ham United,Niclas Füllkrug,FW,790,3,2,5,0.237,niclas fullkrug
2024,West Ham United,Guido Rodríguez,MF,1149,0,1,1,0.225,guido rodriguez
2024,West Ham United,James Ward-Prowse,MF,1039,1,1,2,0.224,james ward prowse
2024,West Ham United,Łukasz Fabiański,GK,1160,0,0,0,0.208,ukasz fabianski
2024,West Ham United,Vladimír Coufal,"DF,MF",1067,0,0,0,0.191,vladimir coufal
2024,West Ham United,Michail Antonio,FW,836,1,1,2,0.188,michail antonio
2024,West Ham United,Crysencio Summerville,"MF,FW",786,1,1,2,0.179,crysencio summerville
2024,West Ham United,Aaron Cresswell,DF,824,0,0,0,0.148,aaron cresswell
2024,West Ham United,Oliver Scarles,"MF,DF",665,0,0,0,0.119,oliver scarles
2024,West Ham United,Danny Ings,FW,284,1,2,3,0.108,danny ings
2024,West Ham United,Andy Irving,MF,166,0,0,0,0.03,andy irving
2024,West Ham United,Evan Ferguson,FW,156,0,0,0,0.028,evan ferguson
2024,West Ham United,Luis Guilherme,MF,150,0,0,0,0.027,luis guilherme
2024,West Ham United,Lewis Orford,MF,49,0,0,0,0.009,lewis orford
2024,West Ham United,Kaelan Casey,DF,1,0,0,0,0.0,kaelan casey
2024,Wolverhampton Wanderers,Matheus Cunha,MF,2597,15,6,21,0.901,matheus cunha
2024,Wolverhampton Wanderers,Jørgen Strand Larsen,FW,2587,14,4,18,0.842,j rgen strand larsen
2024,Wolverhampton Wanderers,Rayan Aït-Nouri,"MF,DF",3109,4,7,11,0.81,rayan ait nouri
2024,Wolverhampton Wanderers,João Gomes,MF,2974,3,1,4,0.65,joao gomes
2024,Wolverhampton Wanderers,Nélson Semedo,"MF,DF",2886,0,4,4,0.633,nelson semedo
2024,Wolverhampton Wanderers,Toti Gomes,DF,2614,0,1,1,0.524,toti gomes
2024,Wolverhampton Wanderers,José Sá,GK,2609,0,0,0,0.504,jose sa
2024,Wolverhampton Wanderers,Jean-Ricner Bellegarde,MF,1677,2,7,9,0.495,jean ricner bellegarde
2024,Wolverhampton Wanderers,André,MF,2472,0,0,0,0.477,andre
2024,Wolverhampton Wanderers,Matt Doherty,"DF,MF",2109,2,1,3,0.464,matt doherty
2024,Wolverhampton Wanderers,Mario Lemina,"MF,DF",1364,1,3,4,0.339,mario lemina
2024,Wolverhampton Wanderers,Santiago Bueno,DF,1687,0,0,0,0.326,santiago bueno
2024,Wolverhampton Wanderers,Gonçalo Guedes,"MF,FW",995,2,4,6,0.306,goncalo guedes
2024,Wolverhampton Wanderers,Emmanuel Agbadou,DF,1410,1,0,1,0.291,emmanuel agbadou
2024,Wolverhampton Wanderers,Marshall Munetsi,"MF,FW",1078,2,1,3,0.265,marshall munetsi
2024,Wolverhampton Wanderers,Pablo Sarabia,MF,814,3,2,5,0.252,pablo sarabia
2024,Wolverhampton Wanderers,Rodrigo Gomes,MF,810,2,0,2,0.194,rodrigo gomes
2024,Wolverhampton Wanderers,Craig Dawson,DF,971,0,0,0,0.187,craig dawson
2024,Wolverhampton Wanderers,Hwang Hee-chan,"MF,FW",661,2,0,2,0.166,hwang hee chan
2024,Wolverhampton Wanderers,Sam Johnstone,GK,630,0,0,0,0.122,sam johnstone
2024,Wolverhampton Wanderers,Tommy Doyle,MF,488,0,1,1,0.113,tommy doyle
2024,Wolverhampton Wanderers,Yerson Mosquera,DF,441,0,0,0,0.085,yerson mosquera
2024,Wolverhampton Wanderers,Carlos Forbs,MF,239,0,0,0,0.046,carlos forbs
2024,Wolverhampton Wanderers,Daniel Bentley,GK,180,0,0,0,0.035,daniel bentley
2024,Wolverhampton Wanderers,Pedro Lima,MF,70,0,0,0,0.014,pedro lima
2024,Wolverhampton Wanderers,Nasser Djiga,DF,66,0,0,0,0.013,nasser djiga
2024,Wolverhampton Wanderers,Daniel Podence,"FW,MF",48,0,0,0,0.009,daniel podence
2024,Wolverhampton Wanderers,Chiquinho,"FW,MF",7,0,0,0,0.001,chiquinho
2024,Wolverhampton Wanderers,Alfie Pond,DF,1,0,0,0,0.0,alfie pond
2024,Wolverhampton Wanderers,Boubacar Traoré,MF,1,0,0,0,0.0,boubacar traore
2024,Wolverhampton Wanderers,Mateus Mane,MF,2,0,0,0,0.0,mateus mane
2024,Wolverhampton Wanderers,Tom King,GK,1,0,0,0,0.0,tom king
2025,AFC Bournemouth,Marcus Tavernier,MF,2731,7,4,11,0.818,marcus tavernier
2025,AFC Bournemouth,Adrien Truffert,DF,3379,1,5,6,0.777,adrien truffert
2025,AFC Bournemouth,Marcos Senesi,DF,3288,0,5,5,0.731,marcos senesi
2025,AFC Bournemouth,Antoine Semenyo,MF,1798,10,3,13,0.715,antoine semenyo
2025,AFC Bournemouth,Evanilson,FW,2742,6,1,7,0.696,evanilson
2025,AFC Bournemouth,Eli Junior Kroupi,"MF,FW",1672,13,0,13,0.693,eli junior kroupi
2025,AFC Bournemouth,Alex Scott,MF,2849,3,1,4,0.623,alex scott
2025,AFC Bournemouth,Đorđe Petrović,GK,3420,0,0,0,0.6,or e petrovic
2025,AFC Bournemouth,James Hill,DF,2106,0,3,3,0.462,james hill
2025,AFC Bournemouth,Álex Jiménez,"DF,MF",2317,1,0,1,0.437,alex jimenez
2025,AFC Bournemouth,Tyler Adams,MF,1772,2,2,4,0.434,tyler adams
2025,AFC Bournemouth,Rayan,MF,1111,5,2,7,0.41,rayan
2025,AFC Bournemouth,David Brooks,MF,1204,1,3,4,0.334,david brooks
2025,AFC Bournemouth,Amine Adli,MF,1094,3,1,4,0.315,amine adli
2025,AFC Bournemouth,Adam Smith,DF,1077,0,2,2,0.25,adam smith
2025,AFC Bournemouth,Ryan Christie,MF,994,2,0,2,0.236,ryan christie
2025,AFC Bournemouth,Justin Kluivert,MF,952,2,0,2,0.229,justin kluivert
2025,AFC Bournemouth,Bafodé Diakité,DF,1277,0,0,0,0.224,bafode diakite
2025,AFC Bournemouth,Lewis Cook,"MF,DF",874,0,1,1,0.184,lewis cook
2025,AFC Bournemouth,Enes Ünal,FW,232,1,0,1,0.071,enes unal
2025,AFC Bournemouth,Veljko Milosavljević,DF,368,0,0,0,0.065,veljko milosavljevic
2025,AFC Bournemouth,Ben Gannon-Doak,MF,113,0,1,1,0.051,ben gannon doak
2025,AFC Bournemouth,Hamed Junior Traorè,MF,17,0,1,1,0.034,hamed junior traore
2025,AFC Bournemouth,Alex Tóth,MF,140,0,0,0,0.025,alex toth
2025,AFC Bournemouth,Julio Soler,DF,35,0,0,0,0.006,julio soler
2025,AFC Bournemouth,Ben Winterburn,MF,7,0,0,0,0.001,ben winterburn
2025,Arsenal,Viktor Gyökeres,FW,2224,14,1,15,0.801,viktor gyokeres
2025,Arsenal,Declan Rice,MF,3094,4,5,9,0.797,declan rice
2025,Arsenal,Bukayo Saka,"FW,MF",2222,7,5,12,0.72,bukayo saka
2025,Arsenal,Martín Zubimendi,MF,2992,5,1,6,0.699,martin zubimendi
2025,Arsenal,Gabriel Magalhães,DF,2751,3,4,7,0.682,gabriel magalhaes
2025,Arsenal,Leandro Trossard,"FW,MF",2000,6,6,12,0.68,leandro trossard
2025,Arsenal,Jurriën Timber,DF,2454,3,5,8,0.655,jurrien timber
2025,Arsenal,David Raya,GK,3330,0,0,0,0.6,david raya
2025,Arsenal,Eberechi Eze,"MF,FW",1812,7,2,9,0.566,eberechi eze
2025,Arsenal,William Saliba,DF,2614,1,0,1,0.498,william saliba
2025,Arsenal,Martin Ødegaard,MF,1369,1,6,7,0.433,martin degaard
2025,Arsenal,Piero Hincapié,DF,1792,1,2,3,0.403,piero hincapie
2025,Arsenal,Riccardo Calafiori,DF,1699,1,2,3,0.386,riccardo calafiori
2025,Arsenal,Mikel Merino,"MF,FW",1036,4,3,7,0.373,mikel merino
2025,Arsenal,Gabriel Martinelli,"FW,MF",1081,1,4,5,0.328,gabriel martinelli
2025,Arsenal,Noni Madueke,"FW,MF",1211,3,1,4,0.325,noni madueke
2025,Arsenal,Kai Havertz,"FW,MF",581,2,3,5,0.238,kai havertz
2025,Arsenal,Cristhian Mosquera,DF,994,0,0,0,0.179,cristhian mosquera
2025,Arsenal,Gabriel Jesus,FW,429,3,0,3,0.157,gabriel jesus
2025,Arsenal,Ben White,DF,702,0,1,1,0.153,ben white
2025,Arsenal,Myles Lewis-Skelly,"MF,DF",709,0,0,0,0.128,myles lewis skelly
2025,Arsenal,Max Dowman,MF,157,1,0,1,0.055,max dowman
2025,Arsenal,Ethan Nwaneri,MF,171,0,0,0,0.031,ethan nwaneri
2025,Arsenal,Christian Nørgaard,MF,106,0,0,0,0.019,christian n rgaard
2025,Arsenal,Kepa Arrizabalaga,GK,90,0,0,0,0.016,kepa arrizabalaga
2025,Aston Villa,Morgan Rogers,MF,3280,10,6,16,0.937,morgan rogers
2025,Aston Villa,Ollie Watkins,FW,2839,16,3,19,0.919,ollie watkins
2025,Aston Villa,Matty Cash,DF,3014,3,3,6,0.678,matty cash
2025,Aston Villa,John McGinn,MF,2137,5,4,9,0.58,john mcginn
2025,Aston Villa,Ezri Konsa,DF,3035,0,0,0,0.555,ezri konsa
2025,Aston Villa,Emiliano Martínez,GK,2835,0,1,1,0.54,emiliano martinez
2025,Aston Villa,Emi Buendía,MF,1755,6,2,8,0.489,emi buendia
2025,Aston Villa,Lucas Digne,DF,1852,0,6,6,0.465,lucas digne
2025,Aston Villa,Youri Tielemans,MF,1862,0,4,4,0.425,youri tielemans
2025,Aston Villa,Amadou Onana,MF,1758,2,0,2,0.364,amadou onana
2025,Aston Villa,Boubacar Kamara,MF,1411,1,3,4,0.342,boubacar kamara
2025,Aston Villa,Ian Maatsen,DF,1605,0,1,1,0.315,ian maatsen
2025,Aston Villa,Pau Torres,DF,1676,0,0,0,0.307,pau torres
2025,Aston Villa,Tyrone Mings,DF,1324,0,0,0,0.242,tyrone mings
2025,Aston Villa,Ross Barkley,MF,857,3,1,4,0.241,ross barkley
2025,Aston Villa,Donyell Malen,"FW,MF",656,4,1,5,0.225,donyell malen
2025,Aston Villa,Jadon Sancho,MF,876,0,2,2,0.202,jadon sancho
2025,Aston Villa,Victor Lindelöf,"DF,MF",948,0,1,1,0.194,victor lindelof
2025,Aston Villa,Lamare Bogarde,"MF,DF",1053,0,0,0,0.193,lamare bogarde
2025,Aston Villa,Douglas Luiz,MF,604,1,0,1,0.132,douglas luiz
2025,Aston Villa,Evann Guessand,MF,588,0,1,1,0.129,evann guessand
2025,Aston Villa,Marco Bizot,GK,585,0,0,0,0.107,marco bizot
2025,Aston Villa,Leon Bailey,MF,459,0,1,1,0.105,leon bailey
2025,Aston Villa,Tammy Abraham,FW,286,2,0,2,0.094,tammy abraham
2025,Aston Villa,Harvey Elliott,MF,112,0,0,0,0.02,harvey elliott
2025,Aston Villa,Andrés García,DF,86,0,0,0,0.016,andres garcia
2025,Aston Villa,Alysson,MF,49,0,0,0,0.009,alysson
2025,Aston Villa,George Hemmings,MF,27,0,0,0,0.005,george hemmings
2025,Aston Villa,Bradley Burrowes,MF,17,0,0,0,0.003,bradley burrowes
2025,Aston Villa,Jamaldeen Jimoh,MF,9,0,0,0,0.002,jamaldeen jimoh
2025,Brentford,Igor Thiago,FW,3282,22,1,23,0.991,igor thiago
2025,Brentford,Kevin Schade,"MF,FW",2745,8,3,11,0.686,kevin schade
2025,Brentford,Michael Kayode,DF,3258,1,1,2,0.622,michael kayode
2025,Brentford,Caoimhín Kelleher,GK,3330,0,0,0,0.6,caoimhin kelleher
2025,Brentford,Nathan Collins,DF,2975,1,2,3,0.588,nathan collins
2025,Brentford,Dango Ouattara,MF,2276,7,3,10,0.584,dango ouattara
2025,Brentford,Sepp van den Berg,DF,2763,0,2,2,0.533,sepp van den berg
2025,Brentford,Yehor Yarmoliuk,MF,2659,1,2,3,0.531,yehor yarmoliuk
2025,Brentford,Mikkel Damsgaard,MF,2054,4,4,8,0.509,mikkel damsgaard
2025,Brentford,Mathias Jensen,MF,2247,3,1,4,0.474,mathias jensen
2025,Brentford,Keane Lewis-Potter,"DF,MF",1972,3,3,6,0.46,keane lewis potter
2025,Brentford,Jordan Henderson,MF,1919,1,3,4,0.415,jordan henderson
2025,Brentford,Vitaly Janelt,MF,1443,1,4,5,0.347,vitaly janelt
2025,Brentford,Kristoffer Ajer,DF,1810,0,1,1,0.344,kristoffer ajer
2025,Brentford,Rico Henry,DF,1328,0,1,1,0.257,rico henry
2025,Brentford,Aaron Hickey,"DF,MF",691,0,0,0,0.125,aaron hickey
2025,Brentford,Ethan Pinnock,DF,318,0,0,0,0.057,ethan pinnock
2025,Brentford,Reiss Nelson,"FW,MF",126,0,1,1,0.04,reiss nelson
2025,Brentford,Fabio Carvalho,MF,102,1,0,1,0.036,fabio carvalho
2025,Brentford,Frank Onyeka,MF,92,0,1,1,0.034,frank onyeka
2025,Brentford,Hákon Valdimarsson,GK,90,0,0,0,0.016,hakon valdimarsson
2025,Brentford,Antoni Milambo,MF,45,0,0,0,0.008,antoni milambo
2025,Brentford,Romelle Donovan,FW,41,0,0,0,0.007,romelle donovan
2025,Brentford,Josh Dasilva,MF,3,0,0,0,0.001,josh dasilva
2025,Brentford,Kaye Furo,FW,1,0,0,0,0.0,kaye furo
2025,Brentford,Myles Peart-Harris,MF,1,0,0,0,0.0,myles peart harris
2025,Brighton & Hove Albion,Danny Welbeck,FW,2258,13,1,14,0.796,danny welbeck
2025,Brighton & Hove Albion,Jan Paul van Hecke,DF,3210,3,3,6,0.735,jan paul van hecke
2025,Brighton & Hove Albion,Yankuba Minteh,MF,2391,3,4,7,0.619,yankuba minteh
2025,Brighton & Hove Albion,Bart Verbruggen,GK,3420,0,0,0,0.6,bart verbruggen
2025,Brighton & Hove Albion,Ferdi Kadioglu,"DF,MF",3133,1,0,1,0.578,ferdi kadioglu
2025,Brighton & Hove Albion,Diego Gómez,"MF,FW",2120,5,1,6,0.543,diego gomez
2025,Brighton & Hove Albion,Lewis Dunk,DF,2838,1,0,1,0.526,lewis dunk
2025,Brighton & Hove Albion,Yasin Ayari,MF,1929,3,3,6,0.51,yasin ayari
2025,Brighton & Hove Albion,Jack Hinshelwood,MF,1741,4,3,7,0.505,jack hinshelwood
2025,Brighton & Hove Albion,Georginio Rutter,"MF,FW",1786,3,3,6,0.485,georginio rutter
2025,Brighton & Hove Albion,Mats Wieffer,DF,1903,2,3,5,0.477,mats wieffer
2025,Brighton & Hove Albion,Kaoru Mitoma,"MF,FW",1721,3,1,4,0.416,kaoru mitoma
2025,Brighton & Hove Albion,Pascal Groß,MF,1636,1,3,4,0.401,pascal gro
2025,Brighton & Hove Albion,Maxim De Cuyper,"DF,MF",1414,2,3,5,0.391,maxim de cuyper
2025,Brighton & Hove Albion,Carlos Baleba,MF,1652,0,0,0,0.29,carlos baleba
2025,Brighton & Hove Albion,Joël Veltman,DF,1058,1,0,1,0.214,joel veltman
2025,Brighton & Hove Albion,James Milner,MF,784,1,1,2,0.195,james milner
2025,Brighton & Hove Albion,Brajan Gruda,MF,719,1,1,2,0.183,brajan gruda
2025,Brighton & Hove Albion,Olivier Boscagli,DF,802,0,1,1,0.169,olivier boscagli
2025,Brighton & Hove Albion,Charalampos Kostoulas,FW,369,2,1,3,0.15,charalampos kostoulas
2025,Brighton & Hove Albion,Stefanos Tzimas,FW,139,1,1,2,0.082,stefanos tzimas
2025,Brighton & Hove Albion,Matt O'Riley,MF,204,1,0,1,0.064,matt o riley
2025,Brighton & Hove Albion,Diego Coppola,DF,194,0,0,0,0.034,diego coppola
2025,Brighton & Hove Albion,Harry Howell,MF,94,0,0,0,0.016,harry howell
2025,Brighton & Hove Albion,Tom Watson,MF,62,0,0,0,0.011,tom watson
2025,Brighton & Hove Albion,Solly March,MF,41,0,0,0,0.007,solly march
2025,Brighton & Hove Albion,Joe Knight,MF,1,0,0,0,0.0,joe knight
2025,Brighton & Hove Albion,Nehemiah Oriola,MF,1,0,0,0,0.0,nehemiah oriola
2025,Burnley,Jaidon Anthony,MF,2722,8,2,10,0.882,jaidon anthony
2025,Burnley,Zian Flemming,FW,1769,11,0,11,0.737,zian flemming
2025,Burnley,Kyle Walker,"DF,MF",3096,0,2,2,0.662,kyle walker
2025,Burnley,Martin Dúbravka,GK,3150,0,0,0,0.6,martin dubravka
2025,Burnley,Lesley Ugochukwu,MF,2336,3,1,4,0.59,lesley ugochukwu
2025,Burnley,Maxime Estève,DF,2932,0,0,0,0.558,maxime esteve
2025,Burnley,Quilindschy Hartman,DF,1825,0,5,5,0.529,quilindschy hartman
2025,Burnley,Florentino Luís,MF,2105,0,2,2,0.474,florentino luis
2025,Burnley,Lyle Foster,"FW,MF",1371,3,2,5,0.443,lyle foster
2025,Burnley,Josh Cullen,MF,1514,2,2,4,0.434,josh cullen
2025,Burnley,Hannibal Mejbri,MF,1229,1,4,5,0.416,hannibal mejbri
2025,Burnley,Josh Laurent,"DF,MF",1764,1,0,1,0.372,josh laurent
2025,Burnley,Loum Tchaouna,"MF,FW",1272,2,1,3,0.351,loum tchaouna
2025,Burnley,Marcus Edwards,"MF,FW",1067,1,3,4,0.349,marcus edwards
2025,Burnley,Bashir Humphreys,"DF,MF",1578,0,0,0,0.301,bashir humphreys
2025,Burnley,Hjalmar Ekdal,DF,1539,0,0,0,0.293,hjalmar ekdal
2025,Burnley,Lucas,"MF,DF",1409,0,0,0,0.268,lucas
2025,Burnley,Axel Tuanzebe,DF,1201,1,0,1,0.265,axel tuanzebe
2025,Burnley,Armando Broja,FW,860,1,1,2,0.237,armando broja
2025,Burnley,Jacob Bruun Larsen,"MF,FW",1030,0,1,1,0.233,jacob bruun larsen
2025,Burnley,James Ward-Prowse,MF,684,0,1,1,0.167,james ward prowse
2025,Burnley,Joe Worrall,DF,500,0,0,0,0.095,joe worrall
2025,Burnley,Oliver Sonne,DF,169,1,0,1,0.069,oliver sonne
2025,Burnley,Max Weiß,GK,270,0,0,0,0.051,max wei
2025,Burnley,Zeki Amdouni,"FW,MF",73,0,0,0,0.014,zeki amdouni
2025,Burnley,Ashley Barnes,"FW,MF",46,0,0,0,0.009,ashley barnes
2025,Burnley,Mike Trésor,"FW,MF",43,0,0,0,0.008,mike tresor
2025,Burnley,Jaydon Amauri Banel,"FW,MF",10,0,0,0,0.002,jaydon amauri banel
2025,Chelsea,João Pedro,"FW,MF",2661,15,5,20,0.913,joao pedro
2025,Chelsea,Enzo Fernández,MF,3115,10,4,14,0.88,enzo fernandez
2025,Chelsea,Pedro Neto,"MF,FW",2631,5,6,11,0.727,pedro neto
2025,Chelsea,Marc Cucurella,DF,2707,1,4,5,0.621,marc cucurella
2025,Chelsea,Moisés Caicedo,MF,2795,3,1,4,0.618,moises caicedo
2025,Chelsea,Robert Sánchez,GK,3039,0,1,1,0.605,robert sanchez
2025,Chelsea,Cole Palmer,MF,1955,10,1,11,0.597,cole palmer
2025,Chelsea,Trevoh Chalobah,DF,2783,3,0,3,0.596,trevoh chalobah
2025,Chelsea,Malo Gusto,"DF,MF",2261,2,3,5,0.536,malo gusto
2025,Chelsea,Reece James,"DF,MF",1963,2,4,6,0.498,reece james
2025,Chelsea,Wesley Fofana,DF,1722,0,1,1,0.352,wesley fofana
2025,Chelsea,Alejandro Garnacho,MF,1268,1,4,5,0.344,alejandro garnacho
2025,Chelsea,Andrey Santos,MF,1260,1,0,1,0.263,andrey santos
2025,Chelsea,Estêvão Willian,MF,848,2,2,4,0.243,estevao willian
2025,Chelsea,Liam Delap,FW,1107,1,0,1,0.233,liam delap
2025,Chelsea,Jorrel Hato,DF,1148,0,0,0,0.221,jorrel hato
2025,Chelsea,Tosin Adarabioyo,DF,795,0,0,0,0.153,tosin adarabioyo
2025,Chelsea,Joshua Acheampong,DF,666,1,0,1,0.148,joshua acheampong
2025,Chelsea,Jamie Gittens,MF,495,0,2,2,0.135,jamie gittens
2025,Chelsea,Benoît Badiashile,DF,471,0,0,0,0.091,benoit badiashile
2025,Chelsea,Roméo Lavia,MF,382,0,0,0,0.074,romeo lavia
2025,Chelsea,Filip Jørgensen,GK,379,0,0,0,0.073,filip j rgensen
2025,Chelsea,Marc Guiu,FW,257,0,1,1,0.07,marc guiu
2025,Chelsea,Levi Colwill,DF,225,0,0,0,0.043,levi colwill
2025,Chelsea,Tyrique George,FW,145,0,0,0,0.028,tyrique george
2025,Chelsea,Mamadou Sarr,DF,102,0,0,0,0.02,mamadou sarr
2025,Chelsea,Facundo Buonanotte,MF,45,0,0,0,0.009,facundo buonanotte
2025,Chelsea,Jesse Derry,MF,44,0,0,0,0.008,jesse derry
2025,Chelsea,Dario Essugo,MF,30,0,0,0,0.006,dario essugo
2025,Chelsea,Shumaira Mheuka,FW,2,0,0,0,0.0,shumaira mheuka
2025,Crystal Palace,Jean-Philippe Mateta,FW,2218,12,0,12,0.8,jean philippe mateta
2025,Crystal Palace,Ismaila Sarr,MF,2174,9,1,10,0.725,ismaila sarr
2025,Crystal Palace,Tyrick Mitchell,MF,3251,1,2,3,0.686,tyrick mitchell
2025,Crystal Palace,Daniel Muñoz,MF,2399,4,3,7,0.666,daniel munoz
2025,Crystal Palace,Adam Wharton,MF,2552,1,5,6,0.66,adam wharton
2025,Crystal Palace,Maxence Lacroix,DF,3085,1,2,3,0.656,maxence lacroix
2025,Crystal Palace,Dean Henderson,GK,3330,0,0,0,0.6,dean henderson
2025,Crystal Palace,Chris Richards,DF,2827,1,0,1,0.543,chris richards
2025,Crystal Palace,Yéremy Pino,"MF,FW",2080,2,2,4,0.508,yeremy pino
2025,Crystal Palace,Marc Guéhi,DF,1800,2,2,4,0.458,marc guehi
2025,Crystal Palace,Jefferson Lerma,"MF,DF",1733,0,2,2,0.379,jefferson lerma
2025,Crystal Palace,Daichi Kamada,MF,1902,0,0,0,0.343,daichi kamada
2025,Crystal Palace,Will Hughes,MF,1571,0,0,0,0.283,will hughes
2025,Crystal Palace,Jørgen Strand Larsen,FW,903,3,0,3,0.263,j rgen strand larsen
2025,Crystal Palace,Jaydee Canvot,DF,1336,0,0,0,0.241,jaydee canvot
2025,Crystal Palace,Brennan Johnson,"MF,FW",1112,0,1,1,0.234,brennan johnson
2025,Crystal Palace,Justin Devenny,"MF,FW",796,1,0,1,0.177,justin devenny
2025,Crystal Palace,Eddie Nketiah,MF,424,2,0,2,0.143,eddie nketiah
2025,Crystal Palace,Nathaniel Clyne,"MF,DF",594,0,1,1,0.14,nathaniel clyne
2025,Crystal Palace,Chadi Riad,DF,552,0,1,1,0.133,chadi riad
2025,Crystal Palace,Evann Guessand,MF,330,1,1,2,0.126,evann guessand
2025,Crystal Palace,Christantus Uche,FW,173,0,0,0,0.031,christantus uche
2025,Crystal Palace,Borna Sosa,"DF,MF",101,0,0,0,0.018,borna sosa
2025,Crystal Palace,Rio Cardines,MF,90,0,0,0,0.016,rio cardines
2025,Crystal Palace,Walter Benítez,GK,90,0,0,0,0.016,walter benitez
2025,Crystal Palace,Eberechi Eze,MF,83,0,0,0,0.015,eberechi eze
2025,Crystal Palace,Romain Esse,MF,44,0,0,0,0.008,romain esse
2025,Crystal Palace,Joél Drakes-Thomas,MF,9,0,0,0,0.002,joel drakes thomas
2025,Crystal Palace,Kaden Rodney,"DF,MF",4,0,0,0,0.001,kaden rodney
2025,Crystal Palace,Odsonne Édouard,FW,3,0,0,0,0.001,odsonne edouard
2025,Everton,James Garner,"MF,DF",3413,2,7,9,0.899,james garner
2025,Everton,Kiernan Dewsbury-Hall,MF,2626,8,4,12,0.861,kiernan dewsbury hall
2025,Everton,Iliman Ndiaye,MF,2778,6,3,9,0.787,iliman ndiaye
2025,Everton,James Tarkowski,DF,3330,2,3,5,0.751,james tarkowski
2025,Everton,Jake O'Brien,DF,3120,1,1,2,0.614,jake o brien
2025,Everton,Beto,FW,1568,9,1,10,0.608,beto
2025,Everton,Thierno Barry,FW,1914,8,0,8,0.602,thierno barry
2025,Everton,Jordan Pickford,GK,3420,0,0,0,0.6,jordan pickford
2025,Everton,Michael Keane,DF,2591,3,1,4,0.588,michael keane
2025,Everton,Jack Grealish,MF,1627,2,6,8,0.552,jack grealish
2025,Everton,Vitaliy Mykolenko,DF,2958,0,1,1,0.552,vitaliy mykolenko
2025,Everton,Idrissa Gueye,MF,2093,2,3,5,0.534,idrissa gueye
2025,Everton,Tim Iroegbunam,MF,1487,0,2,2,0.328,tim iroegbunam
2025,Everton,Dwight McNeil,MF,1168,0,1,1,0.238,dwight mcneil
2025,Everton,Carlos Alcaraz,MF,689,0,1,1,0.154,carlos alcaraz
2025,Everton,Jarrad Branthwaite,DF,680,1,0,1,0.153,jarrad branthwaite
2025,Everton,Merlin Röhl,MF,682,1,0,1,0.153,merlin rohl
2025,Everton,Harrison Armstrong,MF,529,0,0,0,0.093,harrison armstrong
2025,Everton,Tyler Dibling,MF,358,0,0,0,0.063,tyler dibling
2025,Everton,Nathan Patterson,DF,241,0,0,0,0.042,nathan patterson
2025,Everton,Tyrique George,MF,218,0,0,0,0.038,tyrique george
2025,Everton,Séamus Coleman,DF,21,0,0,0,0.004,seamus coleman
2025,Fulham,Harry Wilson,MF,2673,10,7,17,0.869,harry wilson
2025,Fulham,Raúl Jiménez,FW,2189,9,3,12,0.666,raul jimenez
2025,Fulham,Bernd Leno,GK,3420,0,0,0,0.6,bernd leno
2025,Fulham,Alex Iwobi,MF,2419,4,3,7,0.589,alex iwobi
2025,Fulham,Sander Berge,MF,2905,0,1,1,0.533,sander berge
2025,Fulham,Joachim Andersen,DF,2875,0,1,1,0.528,joachim andersen
2025,Fulham,Calvin Bassey,DF,2534,1,0,1,0.468,calvin bassey
2025,Fulham,Ryan Sessegnon,"DF,MF",1823,3,1,4,0.414,ryan sessegnon
2025,Fulham,Emile Smith Rowe,MF,1923,3,0,3,0.408,emile smith rowe
2025,Fulham,Saša Lukić,MF,1734,1,2,3,0.375,sasa lukic
2025,Fulham,Samuel Chukwueze,MF,1079,3,4,7,0.354,samuel chukwueze
2025,Fulham,Kenny Tete,DF,1791,1,0,1,0.338,kenny tete
2025,Fulham,Timothy Castagne,"DF,MF",1845,0,0,0,0.324,timothy castagne
2025,Fulham,Joshua King,MF,1308,1,2,3,0.3,joshua king
2025,Fulham,Antonee Robinson,"DF,MF",1492,1,0,1,0.285,antonee robinson
2025,Fulham,Kevin,MF,1041,1,1,2,0.23,kevin
2025,Fulham,Rodrigo Muniz,FW,1000,1,1,2,0.222,rodrigo muniz
2025,Fulham,Tom Cairney,MF,775,2,0,2,0.183,tom cairney
2025,Fulham,Issa Diop,DF,816,1,0,1,0.167,issa diop
2025,Fulham,Jorge Cuenca,DF,938,0,0,0,0.165,jorge cuenca
2025,Fulham,Oscar Bobb,MF,571,0,0,0,0.1,oscar bobb
2025,Fulham,Adama Traoré,MF,274,0,0,0,0.048,adama traore
2025,Fulham,Harrison Reed,MF,94,1,0,1,0.04,harrison reed
2025,Fulham,Jonah Kusi-Asare,FW,55,0,0,0,0.01,jonah kusi asare
2025,Leeds United,Dominic Calvert-Lewin,FW,2721,14,1,15,0.923,dominic calvert lewin
2025,Leeds United,Brenden Aaronson,"MF,FW",2449,4,5,9,0.711,brenden aaronson
2025,Leeds United,Anton Stach,MF,2370,5,3,8,0.669,anton stach
2025,Leeds United,Ethan Ampadu,MF,3119,1,1,2,0.653,ethan ampadu
2025,Leeds United,Joe Rodon,DF,2951,2,0,2,0.621,joe rodon
2025,Leeds United,Jayden Bogle,"MF,DF",2793,1,2,3,0.617,jayden bogle
2025,Leeds United,Pascal Struijk,DF,2936,0,1,1,0.591,pascal struijk
2025,Leeds United,Noah Okafor,"FW,MF",1561,8,1,9,0.54,noah okafor
2025,Leeds United,Gabriel Gudmundsson,"DF,MF",2631,0,0,0,0.506,gabriel gudmundsson
2025,Leeds United,James Justin,"DF,MF",1901,2,1,3,0.446,james justin
2025,Leeds United,Jaka Bijol,DF,1890,1,2,3,0.444,jaka bijol
2025,Leeds United,Lukas Nmecha,FW,1083,6,1,7,0.395,lukas nmecha
2025,Leeds United,Karl Darlow,GK,1980,0,0,0,0.381,karl darlow
2025,Leeds United,Ilia Gruev,MF,1323,0,3,3,0.335,ilia gruev
2025,Leeds United,Ao Tanaka,MF,1315,2,0,2,0.306,ao tanaka
2025,Leeds United,Sean Longstaff,MF,1011,2,2,4,0.301,sean longstaff
2025,Leeds United,Lucas Perri,GK,1440,0,0,0,0.277,lucas perri
2025,Leeds United,Wilfried Gnonto,FW,537,0,1,1,0.13,wilfried gnonto
2025,Leeds United,Daniel James,"FW,MF",559,0,0,0,0.108,daniel james
2025,Leeds United,Sebastiaan Bornauw,DF,429,0,0,0,0.083,sebastiaan bornauw
2025,Leeds United,Jack Harrison,FW,269,0,0,0,0.052,jack harrison
2025,Leeds United,Joël Piroe,FW,258,0,0,0,0.05,joel piroe
2025,Leeds United,Facundo Buonanotte,MF,39,0,0,0,0.008,facundo buonanotte
2025,Leeds United,Sam Byram,"DF,MF",9,0,0,0,0.002,sam byram
2025,Liverpool,Dominik Szoboszlai,"MF,DF",3231,6,7,13,0.914,dominik szoboszlai
2025,Liverpool,Cody Gakpo,"MF,FW",2737,7,5,12,0.8,cody gakpo
2025,Liverpool,Virgil van Dijk,DF,3420,6,0,6,0.76,virgil van dijk
2025,Liverpool,Mohamed Salah,MF,2146,7,7,14,0.75,mohamed salah
2025,Liverpool,Ryan Gravenberch,MF,2992,5,3,8,0.738,ryan gravenberch
2025,Liverpool,Hugo Ekitike,FW,1803,11,4,15,0.716,hugo ekitike
2025,Liverpool,Florian Wirtz,MF,2378,5,3,8,0.631,florian wirtz
2025,Liverpool,Alexis Mac Allister,MF,2658,2,4,6,0.626,alexis mac allister
2025,Liverpool,Ibrahima Konaté,DF,3090,1,0,1,0.569,ibrahima konate
2025,Liverpool,Milos Kerkez,DF,2257,2,1,3,0.476,milos kerkez
2025,Liverpool,Curtis Jones,"MF,DF",1937,1,2,3,0.42,curtis jones
2025,Liverpool,Alisson,GK,2340,0,0,0,0.411,alisson
2025,Liverpool,Andy Robertson,DF,1176,1,0,1,0.233,andy robertson
2025,Liverpool,Alexander Isak,FW,699,3,1,4,0.229,alexander isak
2025,Liverpool,Jeremie Frimpong,"DF,MF",1040,0,1,1,0.209,jeremie frimpong
2025,Liverpool,Conor Bradley,DF,929,0,1,1,0.19,conor bradley
2025,Liverpool,Rio Ngumoha,MF,560,2,1,3,0.178,rio ngumoha
2025,Liverpool,Joe Gomez,DF,607,0,2,2,0.16,joe gomez
2025,Liverpool,Giorgi Mamardashvili,GK,867,0,0,0,0.152,giorgi mamardashvili
2025,Liverpool,Federico Chiesa,MF,339,2,1,3,0.139,federico chiesa
2025,Liverpool,Wataru Endo,DF,175,0,1,1,0.057,wataru endo
2025,Liverpool,Freddie Woodman,GK,213,0,0,0,0.037,freddie woodman
2025,Liverpool,Trey Nyoni,MF,24,0,0,0,0.004,trey nyoni
2025,Liverpool,Harvey Elliott,"FW,MF",1,0,0,0,0.0,harvey elliott
2025,Manchester City,Erling Haaland,FW,2953,27,8,35,0.979,erling haaland
2025,Manchester City,Bernardo Silva,MF,2872,2,4,6,0.632,bernardo silva
2025,Manchester City,Matheus Nunes,DF,2862,1,5,6,0.63,matheus nunes
2025,Manchester City,Nico O'Reilly,"DF,MF",2646,5,3,8,0.61,nico o reilly
2025,Manchester City,Gianluigi Donnarumma,GK,3060,0,0,0,0.6,gianluigi donnarumma
2025,Manchester City,Phil Foden,MF,2086,7,5,12,0.546,phil foden
2025,Manchester City,Rayan Cherki,MF,1786,4,12,16,0.533,rayan cherki
2025,Manchester City,Jeremy Doku,"MF,FW",1784,5,5,10,0.464,jeremy doku
2025,Manchester City,Rúben Dias,DF,2141,2,0,2,0.443,ruben dias
2025,Manchester City,Tijjani Reijnders,MF,1631,5,2,7,0.4,tijjani reijnders
2025,Manchester City,Antoine Semenyo,"MF,FW",1397,7,1,8,0.365,antoine semenyo
2025,Manchester City,Nicolás González,MF,1569,1,0,1,0.319,nicolas gonzalez
2025,Manchester City,Joško Gvardiol,DF,1372,2,2,4,0.315,josko gvardiol
2025,Manchester City,Rodri,MF,1511,1,0,1,0.308,rodri
2025,Manchester City,Marc Guéhi,DF,1350,1,1,2,0.288,marc guehi
2025,Manchester City,Abdukodir Khusanov,DF,1432,0,0,0,0.281,abdukodir khusanov
2025,Manchester City,Rayan Aït-Nouri,DF,974,0,2,2,0.214,rayan ait nouri
2025,Manchester City,Omar Marmoush,"FW,MF",700,3,3,6,0.206,omar marmoush
2025,Manchester City,Sávio,MF,833,1,1,2,0.186,savio
2025,Manchester City,Nathan Aké,DF,695,0,0,0,0.136,nathan ake
2025,Manchester City,Oscar Bobb,"MF,FW",468,0,1,1,0.103,oscar bobb
2025,Manchester City,Rico Lewis,DF,407,0,1,1,0.091,rico lewis
2025,Manchester City,John Stones,DF,439,0,0,0,0.086,john stones
2025,Manchester City,James Trafford,GK,360,0,0,0,0.071,james trafford
2025,Manchester City,Mateo Kovačić,MF,130,0,1,1,0.037,mateo kovacic
2025,Manchester City,Max Alleyne,DF,135,0,0,0,0.026,max alleyne
2025,Manchester City,Divine Mukasa,MF,27,0,0,0,0.005,divine mukasa
2025,Manchester United,Bruno Fernandes,MF,3063,9,21,30,0.971,bruno fernandes
2025,Manchester United,Bryan Mbeumo,"MF,FW",2609,11,3,14,0.673,bryan mbeumo
2025,Manchester United,Luke Shaw,DF,3219,1,1,2,0.627,luke shaw
2025,Manchester United,Casemiro,MF,2571,9,2,11,0.626,casemiro
2025,Manchester United,Matheus Cunha,"MF,FW",2494,10,2,12,0.625,matheus cunha
2025,Manchester United,Diogo Dalot,"DF,MF",2614,1,3,4,0.541,diogo dalot
2025,Manchester United,Senne Lammens,GK,2880,0,0,0,0.537,senne lammens
2025,Manchester United,Amad Diallo,MF,2341,2,3,5,0.503,amad diallo
2025,Manchester United,Benjamin Šeško,FW,1643,11,1,12,0.466,benjamin sesko
2025,Manchester United,Patrick Dorgu,MF,1449,4,4,8,0.377,patrick dorgu
2025,Manchester United,Kobbie Mainoo,MF,1662,1,2,3,0.35,kobbie mainoo
2025,Manchester United,Harry Maguire,DF,1653,1,2,3,0.348,harry maguire
2025,Manchester United,Leny Yoro,DF,1740,0,0,0,0.324,leny yoro
2025,Manchester United,Matthijs de Ligt,DF,1170,1,0,1,0.231,matthijs de ligt
2025,Manchester United,Lisandro Martínez,DF,1233,0,0,0,0.23,lisandro martinez
2025,Manchester United,Mason Mount,MF,1017,3,0,3,0.23,mason mount
2025,Manchester United,Ayden Heaven,DF,924,0,1,1,0.186,ayden heaven
2025,Manchester United,Noussair Mazraoui,"DF,MF",985,0,0,0,0.184,noussair mazraoui
2025,Manchester United,Manuel Ugarte,MF,887,0,0,0,0.165,manuel ugarte
2025,Manchester United,Joshua Zirkzee,"FW,MF",626,2,1,3,0.157,joshua zirkzee
2025,Manchester United,Altay Bayındır,GK,540,0,0,0,0.101,altay bay nd r
2025,Manchester United,Jack Fletcher,MF,108,0,0,0,0.02,jack fletcher
2025,Manchester United,Shea Lacey,FW,43,0,0,0,0.008,shea lacey
2025,Manchester United,Bendito Mantato,MF,16,0,0,0,0.003,bendito mantato
2025,Manchester United,Tyler Fletcher,MF,18,0,0,0,0.003,tyler fletcher
2025,Manchester United,Tyrell Malacia,DF,18,0,0,0,0.003,tyrell malacia
2025,Manchester United,Tyler Fredricson,DF,3,0,0,0,0.001,tyler fredricson
2025,Newcastle United,Bruno Guimarães,MF,2453,9,5,14,0.896,bruno guimaraes
2025,Newcastle United,Malick Thiaw,DF,2965,4,0,4,0.714,malick thiaw
2025,Newcastle United,Nick Woltemade,"FW,MF",1902,8,3,11,0.699,nick woltemade
2025,Newcastle United,Harvey Barnes,"FW,MF",1966,7,1,8,0.626,harvey barnes
2025,Newcastle United,Anthony Gordon,FW,1795,6,2,8,0.592,anthony gordon
2025,Newcastle United,Sandro Tonali,MF,2534,0,2,2,0.57,sandro tonali
2025,Newcastle United,Dan Burn,DF,2199,1,2,3,0.531,dan burn
2025,Newcastle United,Lewis Hall,DF,2181,1,1,2,0.498,lewis hall
2025,Newcastle United,Nick Pope,GK,2416,0,0,0,0.489,nick pope
2025,Newcastle United,Joelinton,MF,1951,2,1,3,0.481,joelinton
2025,Newcastle United,Jacob Murphy,"FW,MF",1617,3,2,5,0.47,jacob murphy
2025,Newcastle United,Lewis Miley,"MF,DF",1496,1,4,5,0.446,lewis miley
2025,Newcastle United,Jacob Ramsey,MF,1450,2,3,5,0.436,jacob ramsey
2025,Newcastle United,Sven Botman,DF,1835,1,1,2,0.428,sven botman
2025,Newcastle United,William Osula,FW,819,7,0,7,0.366,william osula
2025,Newcastle United,Kieran Trippier,DF,1586,0,1,1,0.35,kieran trippier
2025,Newcastle United,Tino Livramento,DF,1328,0,1,1,0.297,tino livramento
2025,Newcastle United,Anthony Elanga,"FW,MF",1319,0,1,1,0.295,anthony elanga
2025,Newcastle United,Joe Willock,MF,983,0,2,2,0.256,joe willock
2025,Newcastle United,Fabian Schär,DF,1091,0,0,0,0.221,fabian schar
2025,Newcastle United,Aaron Ramsdale,GK,1004,0,0,0,0.203,aaron ramsdale
2025,Newcastle United,Yoane Wissa,FW,531,1,1,2,0.165,yoane wissa
2025,Newcastle United,Emil Krafth,DF,45,0,0,0,0.009,emil krafth
2025,Newcastle United,Jamaal Lascelles,DF,21,0,0,0,0.004,jamaal lascelles
2025,Newcastle United,Sean Neave,FW,14,0,0,0,0.003,sean neave
2025,Newcastle United,Alex Murphy,DF,9,0,0,0,0.002,alex murphy
2025,Nottingham Forest,Morgan Gibbs-White,MF,3097,15,4,19,0.951,morgan gibbs white
2025,Nottingham Forest,Elliot Anderson,MF,3331,4,4,8,0.761,elliot anderson
2025,Nottingham Forest,Neco Williams,DF,3204,2,3,5,0.675,neco williams
2025,Nottingham Forest,Igor Jesus,FW,2298,6,4,10,0.619,igor jesus
2025,Nottingham Forest,Nikola Milenković,DF,3375,0,0,0,0.6,nikola milenkovic
2025,Nottingham Forest,Callum Hudson-Odoi,MF,1841,3,4,7,0.475,callum hudson odoi
2025,Nottingham Forest,Matz Sels,GK,2668,0,0,0,0.474,matz sels
2025,Nottingham Forest,Ibrahim Sangaré,MF,2075,2,2,4,0.453,ibrahim sangare
2025,Nottingham Forest,Omari Hutchinson,MF,1688,1,5,6,0.426,omari hutchinson
2025,Nottingham Forest,Murillo,DF,2130,1,0,1,0.4,murillo
2025,Nottingham Forest,Ola Aina,DF,1588,0,0,0,0.282,ola aina
2025,Nottingham Forest,Morato,DF,1345,1,0,1,0.26,morato
2025,Nottingham Forest,Dan Ndoye,MF,1173,1,1,2,0.251,dan ndoye
2025,Nottingham Forest,Nicolás Domínguez,MF,1175,1,1,2,0.251,nicolas dominguez
2025,Nottingham Forest,Nicolò Savona,DF,1028,2,0,2,0.225,nicolo savona
2025,Nottingham Forest,Chris Wood,FW,901,3,0,3,0.223,chris wood
2025,Nottingham Forest,Taiwo Awoniyi,FW,494,4,1,5,0.193,taiwo awoniyi
2025,Nottingham Forest,Ryan Yates,MF,617,0,2,2,0.152,ryan yates
2025,Nottingham Forest,Dilane Bakwa,MF,553,0,2,2,0.14,dilane bakwa
2025,Nottingham Forest,Jair Cunha,DF,517,0,0,0,0.092,jair cunha
2025,Nottingham Forest,John,GK,437,0,0,0,0.078,john
2025,Nottingham Forest,James Mcatee,MF,298,0,1,1,0.074,james mcatee
2025,Nottingham Forest,Luca Netz,"DF,MF",357,0,0,0,0.063,luca netz
2025,Nottingham Forest,Oleksandr Zinchenko,DF,353,0,0,0,0.063,oleksandr zinchenko
2025,Nottingham Forest,Douglas Luiz,MF,315,0,0,0,0.056,douglas luiz
2025,Nottingham Forest,Stefan Ortega,GK,270,0,0,0,0.048,stefan ortega
2025,Nottingham Forest,Lorenzo Lucca,FW,129,1,0,1,0.044,lorenzo lucca
2025,Nottingham Forest,Zach Abbott,DF,164,0,0,0,0.029,zach abbott
2025,Nottingham Forest,Arnaud Kalimuendo,FW,96,0,0,0,0.017,arnaud kalimuendo
2025,Nottingham Forest,Angus Gunn,GK,45,0,0,0,0.008,angus gunn
2025,Nottingham Forest,Jota Silva,FW,12,0,0,0,0.002,jota silva
2025,Sunderland,Enzo Le Fée,"MF,FW",2930,5,6,11,0.958,enzo le fee
2025,Sunderland,Granit Xhaka,MF,2904,1,6,7,0.808,granit xhaka
2025,Sunderland,Nordi Mukiele,DF,2784,3,3,6,0.748,nordi mukiele
2025,Sunderland,Trai Hume,"DF,MF",3036,2,1,3,0.687,trai hume
2025,Sunderland,Brian Brobbey,FW,1927,7,1,8,0.658,brian brobbey
2025,Sunderland,Omar Alderete,DF,2798,1,1,2,0.606,omar alderete
2025,Sunderland,Robin Roefs,GK,3150,0,0,0,0.6,robin roefs
2025,Sunderland,Noah Sadiki,MF,2889,0,1,1,0.587,noah sadiki
2025,Sunderland,Daniel Ballard,DF,2149,2,0,2,0.482,daniel ballard
2025,Sunderland,Chemsdine Talbi,"MF,FW",1561,4,1,5,0.479,chemsdine talbi
2025,Sunderland,Wilson Isidor,FW,1165,6,0,6,0.44,wilson isidor
2025,Sunderland,Habib Diarra,MF,1405,2,2,4,0.413,habib diarra
2025,Sunderland,Reinildo Mandava,DF,1966,0,1,1,0.411,reinildo mandava
2025,Sunderland,Lutsharel Geertruida,"DF,MF",1693,0,0,0,0.322,lutsharel geertruida
2025,Sunderland,Chris Rigg,MF,761,1,1,2,0.218,chris rigg
2025,Sunderland,Eliezer Mayenda,"FW,MF",759,2,0,2,0.217,eliezer mayenda
2025,Sunderland,Simon Adingra,"MF,FW",653,1,0,1,0.161,simon adingra
2025,Sunderland,Bertrand Traoré,"MF,FW",632,1,0,1,0.157,bertrand traore
2025,Sunderland,Luke O'Nien,DF,569,0,1,1,0.145,luke o nien
2025,Sunderland,Romaine Mundle,MF,411,0,0,0,0.078,romaine mundle
2025,Sunderland,Nilson Angulo,MF,404,0,0,0,0.077,nilson angulo
2025,Sunderland,Dennis Cirkin,DF,323,0,0,0,0.062,dennis cirkin
2025,Sunderland,Melker Ellborg,GK,270,0,0,0,0.051,melker ellborg
2025,Sunderland,Jenson Seelt,DF,134,0,0,0,0.026,jenson seelt
2025,Sunderland,Arthur Masuaku,DF,126,0,0,0,0.024,arthur masuaku
2025,Sunderland,Jocelin Ta Bi,MF,38,0,0,0,0.007,jocelin ta bi
2025,Sunderland,Patrick Roberts,"FW,MF",28,0,0,0,0.005,patrick roberts
2025,Sunderland,Dan Neil,MF,14,0,0,0,0.003,dan neil
2025,Sunderland,Marc Guiu,FW,15,0,0,0,0.003,marc guiu
2025,Tottenham Hotspur,Richarlison,"FW,MF",1964,11,4,15,0.788,richarlison
2025,Tottenham Hotspur,Micky van de Ven,DF,3041,4,1,5,0.733,micky van de ven
2025,Tottenham Hotspur,Pedro Porro,DF,2796,1,2,3,0.632,pedro porro
2025,Tottenham Hotspur,João Palhinha,MF,2198,5,2,7,0.62,joao palhinha
2025,Tottenham Hotspur,Guglielmo Vicario,GK,2790,0,0,0,0.55,guglielmo vicario
2025,Tottenham Hotspur,Xavi Simons,"MF,FW",1755,2,5,7,0.533,xavi simons
2025,Tottenham Hotspur,Cristian Romero,DF,1868,4,1,5,0.502,cristian romero
2025,Tottenham Hotspur,Mohammed Kudus,"MF,FW",1535,2,5,7,0.49,mohammed kudus
2025,Tottenham Hotspur,Pape Matar Sarr,MF,1398,2,4,6,0.436,pape matar sarr
2025,Tottenham Hotspur,Rodrigo Bentancur,MF,1883,1,1,2,0.425,rodrigo bentancur
2025,Tottenham Hotspur,Djed Spence,"DF,MF",2056,0,0,0,0.406,djed spence
2025,Tottenham Hotspur,Mathys Tel,"MF,FW",1349,4,1,5,0.399,mathys tel
2025,Tottenham Hotspur,Archie Gray,"MF,DF",1478,2,2,4,0.398,archie gray
2025,Tottenham Hotspur,Randal Kolo Muani,"FW,MF",1664,1,1,2,0.382,randal kolo muani
2025,Tottenham Hotspur,Lucas Bergvall,MF,965,1,3,4,0.297,lucas bergvall
2025,Tottenham Hotspur,Kevin Danso,DF,1494,0,0,0,0.295,kevin danso
2025,Tottenham Hotspur,Destiny Udogie,"DF,MF",1338,0,1,1,0.291,destiny udogie
2025,Tottenham Hotspur,Conor Gallagher,MF,1184,1,1,2,0.287,conor gallagher
2025,Tottenham Hotspur,Dominic Solanke,FW,1001,3,0,3,0.278,dominic solanke
2025,Tottenham Hotspur,Wilson Odobert,"MF,FW",985,0,2,2,0.248,wilson odobert
2025,Tottenham Hotspur,Brennan Johnson,"MF,FW",610,2,0,2,0.174,brennan johnson
2025,Tottenham Hotspur,Antonín Kinský,GK,630,0,0,0,0.124,antonin kinsky
2025,Tottenham Hotspur,Yves Bissouma,MF,603,0,0,0,0.119,yves bissouma
2025,Tottenham Hotspur,Radu Drăgușin,DF,517,0,0,0,0.102,radu dragusin
2025,Tottenham Hotspur,Ben Davies,DF,137,1,0,1,0.054,ben davies
2025,Tottenham Hotspur,Souza,MF,144,0,0,0,0.028,souza
2025,Tottenham Hotspur,James Maddison,"FW,MF",37,0,0,0,0.007,james maddison
2025,Tottenham Hotspur,Callum Olusesi,MF,15,0,0,0,0.003,callum olusesi
2025,Tottenham Hotspur,Dane Scarlett,FW,9,0,0,0,0.002,dane scarlett
2025,Tottenham Hotspur,James Rowswell,DF,1,0,0,0,0.0,james rowswell
2025,Tottenham Hotspur,Jun'ai Byfield,DF,1,0,0,0,0.0,jun ai byfield
2025,West Ham United,Jarrod Bowen,"MF,FW",3403,9,11,20,1.0,jarrod bowen
2025,West Ham United,Mateus Fernandes,MF,3016,3,4,7,0.672,mateus fernandes
2025,West Ham United,El Hadji Malick Diouf,"DF,MF",2707,0,5,5,0.577,el hadji malick diouf
2025,West Ham United,Crysencio Summerville,"MF,FW",2470,5,2,7,0.575,crysencio summerville
2025,West Ham United,Konstantinos Mavropanos,DF,2534,3,0,3,0.507,konstantinos mavropanos
2025,West Ham United,Tomáš Souček,MF,2200,5,0,5,0.488,tomas soucek
2025,West Ham United,Aaron Wan-Bissaka,"DF,MF",2081,0,2,2,0.407,aaron wan bissaka
2025,West Ham United,Callum Wilson,FW,1251,7,1,8,0.381,callum wilson
2025,West Ham United,Lucas Paquetá,"MF,FW",1511,4,1,5,0.366,lucas paqueta
2025,West Ham United,Valentín Castellanos,FW,1384,6,0,6,0.364,valentin castellanos
2025,West Ham United,Jean-Clair Todibo,DF,1814,0,1,1,0.34,jean clair todibo
2025,West Ham United,Alphonse Areola,GK,1800,0,1,1,0.337,alphonse areola
2025,West Ham United,Mads Hermansen,GK,1620,0,1,1,0.306,mads hermansen
2025,West Ham United,Max Kilman,DF,1561,0,0,0,0.275,max kilman
2025,West Ham United,Kyle Walker-Peters,DF,1383,1,0,1,0.264,kyle walker peters
2025,West Ham United,Freddie Potts,MF,1171,0,1,1,0.226,freddie potts
2025,West Ham United,Axel Disasi,DF,1254,0,0,0,0.221,axel disasi
2025,West Ham United,Soungoutou Magassa,MF,981,1,0,1,0.193,soungoutou magassa
2025,West Ham United,Pablo,"MF,FW",823,0,1,1,0.165,pablo
2025,West Ham United,Oliver Scarles,"DF,MF",659,0,0,0,0.116,oliver scarles
2025,West Ham United,James Ward-Prowse,MF,413,0,0,0,0.073,james ward prowse
2025,West Ham United,Niclas Füllkrug,FW,409,0,0,0,0.072,niclas fullkrug
2025,West Ham United,Guido Rodríguez,MF,180,0,0,0,0.032,guido rodriguez
2025,West Ham United,Nayef Aguerd,DF,180,0,0,0,0.032,nayef aguerd
2025,West Ham United,Andy Irving,MF,158,0,0,0,0.028,andy irving
2025,West Ham United,Luis Guilherme,FW,125,0,0,0,0.022,luis guilherme
2025,West Ham United,Adama Traoré,"FW,MF",121,0,0,0,0.021,adama traore
2025,West Ham United,Ezra Mayers,DF,117,0,0,0,0.021,ezra mayers
2025,West Ham United,Igor,DF,105,0,0,0,0.019,igor
2025,West Ham United,Mohamadou Kanté,MF,75,0,0,0,0.013,mohamadou kante
2025,West Ham United,Callum Marshall,FW,60,0,0,0,0.011,callum marshall
2025,West Ham United,George Earthy,MF,9,0,0,0,0.002,george earthy
2025,Wolverhampton Wanderers,Santiago Bueno,DF,2553,3,1,4,0.941,santiago bueno
2025,Wolverhampton Wanderers,Hugo Bueno,"MF,DF",2366,1,2,3,0.802,hugo bueno
2025,Wolverhampton Wanderers,João Gomes,MF,2829,1,1,2,0.8,joao gomes
2025,Wolverhampton Wanderers,Ladislav Krejčí,"DF,MF",2356,2,1,3,0.8,ladislav krejci
2025,Wolverhampton Wanderers,Mateus Mane,MF,1795,3,1,4,0.781,mateus mane
2025,Wolverhampton Wanderers,Hwang Hee-chan,"FW,MF",1446,2,2,4,0.707,hwang hee chan
2025,Wolverhampton Wanderers,Tolu Arokodare,FW,1419,3,1,4,0.701,tolu arokodare
2025,Wolverhampton Wanderers,André,MF,2762,1,0,1,0.686,andre
2025,Wolverhampton Wanderers,Adam Armstrong,"FW,MF",1140,2,2,4,0.642,adam armstrong
2025,Wolverhampton Wanderers,Rodrigo Gomes,"MF,FW",960,3,0,3,0.504,rodrigo gomes
2025,Wolverhampton Wanderers,Jørgen Strand Larsen,FW,1404,1,1,2,0.498,j rgen strand larsen
2025,Wolverhampton Wanderers,Jackson Tchatchoua,"MF,DF",1845,0,1,1,0.491,jackson tchatchoua
2025,Wolverhampton Wanderers,Jean-Ricner Bellegarde,"MF,FW",1248,1,1,2,0.465,jean ricner bellegarde
2025,Wolverhampton Wanderers,Yerson Mosquera,DF,2136,0,0,0,0.453,yerson mosquera
2025,Wolverhampton Wanderers,José Sá,GK,2070,0,0,0,0.439,jose sa
2025,Wolverhampton Wanderers,David Møller Wolfe,"MF,DF",1049,0,2,2,0.422,david m ller wolfe
2025,Wolverhampton Wanderers,Marshall Munetsi,"MF,FW",875,1,1,2,0.386,marshall munetsi
2025,Wolverhampton Wanderers,Jhon Arias,"FW,MF",1124,1,0,1,0.338,jhon arias
2025,Wolverhampton Wanderers,Toti Gomes,DF,1424,0,0,0,0.302,toti gomes
2025,Wolverhampton Wanderers,Emmanuel Agbadou,DF,1101,0,0,0,0.234,emmanuel agbadou
2025,Wolverhampton Wanderers,Sam Johnstone,GK,1080,0,0,0,0.229,sam johnstone
2025,Wolverhampton Wanderers,Matt Doherty,"DF,MF",787,0,0,0,0.167,matt doherty
2025,Wolverhampton Wanderers,Fer López,MF,235,0,1,1,0.15,fer lopez
2025,Wolverhampton Wanderers,Tom Edozie,MF,14,1,0,1,0.103,tom edozie
2025,Wolverhampton Wanderers,Angel Gomes,"MF,FW",461,0,0,0,0.098,angel gomes
2025,Wolverhampton Wanderers,Ki-Jana Hoever,"MF,DF",425,0,0,0,0.09,ki jana hoever
2025,Wolverhampton Wanderers,Daniel Bentley,GK,270,0,0,0,0.057,daniel bentley
2025,Wolverhampton Wanderers,Pedro Lima,MF,260,0,0,0,0.055,pedro lima
2025,Wolverhampton Wanderers,Tawanda Chirewa,MF,27,0,0,0,0.006,tawanda chirewa
2025,Wolverhampton Wanderers,Jerome Abbey,MF,17,0,0,0,0.004,jerome abbey
2025,Wolverhampton Wanderers,Saša Kalajdžić,"FW,MF",15,0,0,0,0.003,sasa kalajdzic
