league,season,team,player,nation,pos,age,born,90s,Standard_Gls,Standard_Sh,Standard_SoT,Standard_SoT%,Standard_Sh/90,Standard_SoT/90,Standard_G/Sh,Standard_G/SoT,Standard_PK,Standard_PKatt,season_start,stat_type,team_canonical
ENG-Premier League,2017/18,Arsenal,Aaron Ramsey,WAL,MF,26.0,1990.0,20.5,7,56.0,25,44.6,2.73,1.22,0.13,0.28,0,0,2017,shooting,Arsenal
ENG-Premier League,2017/18,Arsenal,Ainsley Maitland-Niles,ENG,"DF,MF",19.0,1997.0,10.2,0,5.0,0,0.0,0.49,0.0,0.0,,0,0,2017,shooting,Arsenal
ENG-Premier League,2017/18,Arsenal,Alex Iwobi,NGA,"MF,FW",21.0,1996.0,20.3,3,45.0,23,51.1,2.21,1.13,0.07,0.13,0,0,2017,shooting,Arsenal
ENG-Premier League,2017/18,Arsenal,Alex Oxlade-Chamberlain,ENG,MF,23.0,1993.0,2.7,0,9.0,2,22.2,3.36,0.75,0.0,0.0,0,0,2017,shooting,Arsenal
ENG-Premier League,2017/18,Arsenal,Alexandre Lacazette,FRA,FW,26.0,1991.0,24.5,14,68.0,35,51.5,2.78,1.43,0.21,0.4,2,2,2017,shooting,Arsenal
ENG-Premier League,2017/18,Arsenal,Alexis Sánchez,CHI,MF,28.0,1988.0,16.7,7,69.0,26,37.7,4.13,1.56,0.1,0.27,1,1,2017,shooting,Arsenal
ENG-Premier League,2017/18,Arsenal,Calum Chambers,ENG,DF,22.0,1995.0,9.6,0,10.0,3,30.0,1.04,0.31,0.0,0.0,0,0,2017,shooting,Arsenal
ENG-Premier League,2017/18,Arsenal,Danny Welbeck,ENG,"MF,FW",26.0,1990.0,13.3,5,32.0,13,40.6,2.41,0.98,0.16,0.38,0,0,2017,shooting,Arsenal
ENG-Premier League,2017/18,Arsenal,David Ospina,COL,GK,28.0,1988.0,4.2,0,0.0,0,,0.0,0.0,,,0,0,2017,shooting,Arsenal
ENG-Premier League,2017/18,Arsenal,Eddie Nketiah,ENG,FW,18.0,1999.0,0.2,0,1.0,0,0.0,4.5,0.0,0.0,,0,0,2017,shooting,Arsenal
ENG-Premier League,2017/18,Arsenal,Francis Coquelin,FRA,DF,26.0,1991.0,1.8,0,1.0,0,0.0,0.57,0.0,0.0,,0,0,2017,shooting,Arsenal
ENG-Premier League,2017/18,Arsenal,Granit Xhaka,SUI,MF,24.0,1992.0,36.2,1,66.0,17,25.8,1.82,0.47,0.02,0.06,0,0,2017,shooting,Arsenal
ENG-Premier League,2017/18,Arsenal,Henrikh Mkhitaryan,ARM,"MF,FW",28.0,1989.0,8.8,2,21.0,11,52.4,2.38,1.25,0.1,0.18,0,0,2017,shooting,Arsenal
ENG-Premier League,2017/18,Arsenal,Héctor Bellerín,ESP,"MF,DF",22.0,1995.0,33.9,2,29.0,8,27.6,0.86,0.24,0.07,0.25,0,0,2017,shooting,Arsenal
ENG-Premier League,2017/18,Arsenal,Jack Wilshere,ENG,MF,25.0,1992.0,13.3,1,15.0,5,33.3,1.13,0.38,0.07,0.2,0,0,2017,shooting,Arsenal
ENG-Premier League,2017/18,Arsenal,Joe Willock,ENG,MF,17.0,1999.0,0.9,0,1.0,0,0.0,1.1,0.0,0.0,,0,0,2017,shooting,Arsenal
ENG-Premier League,2017/18,Arsenal,Konstantinos Mavropanos,GRE,DF,19.0,1997.0,2.2,0,0.0,0,,0.0,0.0,,,0,0,2017,shooting,Arsenal
ENG-Premier League,2017/18,Arsenal,Laurent Koscielny,FRA,DF,31.0,1985.0,24.7,2,9.0,2,22.2,0.36,0.08,0.22,1.0,0,0,2017,shooting,Arsenal
ENG-Premier League,2017/18,Arsenal,Mesut Özil,GER,"MF,FW",28.0,1988.0,24.0,4,39.0,14,35.9,1.62,0.58,0.1,0.29,0,0,2017,shooting,Arsenal
ENG-Premier League,2017/18,Arsenal,Mohamed Elneny,EGY,MF,25.0,1992.0,9.6,0,8.0,1,12.5,0.83,0.1,0.0,0.0,0,0,2017,shooting,Arsenal
ENG-Premier League,2017/18,Arsenal,Nacho Monreal,ESP,DF,31.0,1986.0,24.9,5,21.0,8,38.1,0.84,0.32,0.24,0.63,0,0,2017,shooting,Arsenal
ENG-Premier League,2017/18,Arsenal,Olivier Giroud,FRA,FW,30.0,1986.0,4.3,4,18.0,15,83.3,4.18,3.48,0.22,0.27,0,0,2017,shooting,Arsenal
ENG-Premier League,2017/18,Arsenal,Per Mertesacker,GER,DF,32.0,1984.0,4.1,1,2.0,2,100.0,0.49,0.49,0.5,0.5,0,0,2017,shooting,Arsenal
ENG-Premier League,2017/18,Arsenal,Petr Čech,CZE,GK,35.0,1982.0,33.8,0,0.0,0,,0.0,0.0,,,0,0,2017,shooting,Arsenal
ENG-Premier League,2017/18,Arsenal,Pierre-Emerick Aubameyang,GAB,FW,28.0,1989.0,11.7,10,31.0,19,61.3,2.64,1.62,0.32,0.53,1,2,2017,shooting,Arsenal
ENG-Premier League,2017/18,Arsenal,Reiss Nelson,ENG,MF,17.0,1999.0,1.6,0,2.0,0,0.0,1.24,0.0,0.0,,0,0,2017,shooting,Arsenal
ENG-Premier League,2017/18,Arsenal,Rob Holding,ENG,DF,21.0,1995.0,9.1,0,1.0,0,0.0,0.11,0.0,0.0,,0,0,2017,shooting,Arsenal
ENG-Premier League,2017/18,Arsenal,Sead Kolašinac,BIH,"MF,DF",24.0,1993.0,23.9,2,21.0,7,33.3,0.88,0.29,0.1,0.29,0,0,2017,shooting,Arsenal
ENG-Premier League,2017/18,Arsenal,Shkodran Mustafi,GER,DF,25.0,1992.0,25.3,3,13.0,6,46.2,0.51,0.24,0.23,0.5,0,0,2017,shooting,Arsenal
ENG-Premier League,2017/18,Arsenal,Theo Walcott,ENG,"FW,MF",28.0,1989.0,0.8,0,0.0,0,,0.0,0.0,,,0,0,2017,shooting,Arsenal
ENG-Premier League,2017/18,Bournemouth,Adam Smith,ENG,"DF,MF",26.0,1991.0,23.0,1,13.0,3,23.1,0.56,0.13,0.08,0.33,0,0,2017,shooting,AFC Bournemouth
ENG-Premier League,2017/18,Bournemouth,Andrew Surman,ENG,MF,30.0,1986.0,20.6,2,18.0,6,33.3,0.87,0.29,0.11,0.33,0,0,2017,shooting,AFC Bournemouth
ENG-Premier League,2017/18,Bournemouth,Asmir Begović,BIH,GK,30.0,1987.0,38.0,0,0.0,0,,0.0,0.0,,,0,0,2017,shooting,AFC Bournemouth
ENG-Premier League,2017/18,Bournemouth,Benik Afobe,COD,FW,24.0,1993.0,6.8,0,8.0,3,37.5,1.18,0.44,0.0,0.0,0,0,2017,shooting,AFC Bournemouth
ENG-Premier League,2017/18,Bournemouth,Callum Wilson,ENG,FW,25.0,1992.0,22.0,8,53.0,19,35.8,2.41,0.86,0.15,0.42,0,0,2017,shooting,AFC Bournemouth
ENG-Premier League,2017/18,Bournemouth,Charlie Daniels,ENG,"DF,MF",30.0,1986.0,33.4,1,20.0,6,30.0,0.6,0.18,0.05,0.17,0,0,2017,shooting,AFC Bournemouth
ENG-Premier League,2017/18,Bournemouth,Dan Gosling,ENG,MF,27.0,1990.0,21.6,2,23.0,8,34.8,1.06,0.37,0.09,0.25,0,0,2017,shooting,AFC Bournemouth
ENG-Premier League,2017/18,Bournemouth,Emerson Hyndman,USA,MF,21.0,1996.0,0.6,0,0.0,0,,0.0,0.0,,,0,0,2017,shooting,AFC Bournemouth
ENG-Premier League,2017/18,Bournemouth,Harry Arter,IRL,MF,27.0,1989.0,10.7,1,11.0,1,9.1,1.03,0.09,0.09,1.0,0,0,2017,shooting,AFC Bournemouth
ENG-Premier League,2017/18,Bournemouth,Jack Simpson,ENG,DF,20.0,1996.0,0.8,0,0.0,0,,0.0,0.0,,,0,0,2017,shooting,AFC Bournemouth
ENG-Premier League,2017/18,Bournemouth,Jermain Defoe,ENG,FW,34.0,1982.0,12.1,4,28.0,15,53.6,2.32,1.24,0.14,0.27,0,0,2017,shooting,AFC Bournemouth
ENG-Premier League,2017/18,Bournemouth,Jordon Ibe,ENG,MF,21.0,1995.0,22.2,2,54.0,17,31.5,2.44,0.77,0.04,0.12,0,0,2017,shooting,AFC Bournemouth
ENG-Premier League,2017/18,Bournemouth,Joshua King,NOR,"MF,FW",25.0,1992.0,27.3,8,51.0,21,41.2,1.87,0.77,0.16,0.38,2,2,2017,shooting,AFC Bournemouth
ENG-Premier League,2017/18,Bournemouth,Junior Stanislas,ENG,"MF,FW",27.0,1989.0,14.3,5,45.0,20,44.4,3.15,1.4,0.11,0.25,1,1,2017,shooting,AFC Bournemouth
ENG-Premier League,2017/18,Bournemouth,Lewis Cook,ENG,MF,20.0,1997.0,24.9,0,18.0,2,11.1,0.72,0.08,0.0,0.0,0,0,2017,shooting,AFC Bournemouth
ENG-Premier League,2017/18,Bournemouth,Lys Mousset,FRA,"MF,FW",21.0,1996.0,6.6,2,23.0,5,21.7,3.47,0.76,0.09,0.4,0,0,2017,shooting,AFC Bournemouth
ENG-Premier League,2017/18,Bournemouth,Marc Pugh,ENG,MF,30.0,1987.0,10.9,0,19.0,5,26.3,1.74,0.46,0.0,0.0,0,0,2017,shooting,AFC Bournemouth
ENG-Premier League,2017/18,Bournemouth,Nathan Aké,NED,DF,22.0,1995.0,37.3,2,18.0,8,44.4,0.48,0.21,0.11,0.25,0,0,2017,shooting,AFC Bournemouth
ENG-Premier League,2017/18,Bournemouth,Ryan Fraser,SCO,MF,23.0,1994.0,22.3,5,32.0,12,37.5,1.44,0.54,0.16,0.42,0,0,2017,shooting,AFC Bournemouth
ENG-Premier League,2017/18,Bournemouth,Simon Francis,ENG,DF,32.0,1985.0,30.0,0,14.0,1,7.1,0.47,0.03,0.0,0.0,0,0,2017,shooting,AFC Bournemouth
ENG-Premier League,2017/18,Bournemouth,Steve Cook,ENG,DF,26.0,1991.0,30.7,2,20.0,6,30.0,0.65,0.2,0.1,0.33,0,0,2017,shooting,AFC Bournemouth
ENG-Premier League,2017/18,Bournemouth,Tyrone Mings,ENG,DF,24.0,1993.0,2.2,0,1.0,0,0.0,0.45,0.0,0.0,,0,0,2017,shooting,AFC Bournemouth
ENG-Premier League,2017/18,Brighton,Anthony Knockaert,FRA,MF,25.0,1991.0,26.9,3,46.0,12,26.1,1.71,0.45,0.07,0.25,0,0,2017,shooting,Brighton & Hove Albion
ENG-Premier League,2017/18,Brighton,Beram Kayal,ISR,MF,29.0,1988.0,8.3,0,4.0,1,25.0,0.48,0.12,0.0,0.0,0,0,2017,shooting,Brighton & Hove Albion
ENG-Premier League,2017/18,Brighton,Bruno,ESP,DF,36.0,1980.0,22.4,0,2.0,1,50.0,0.09,0.04,0.0,0.0,0,0,2017,shooting,Brighton & Hove Albion
ENG-Premier League,2017/18,Brighton,Connor Goldson,ENG,DF,24.0,1992.0,2.2,0,3.0,1,33.3,1.35,0.45,0.0,0.0,0,0,2017,shooting,Brighton & Hove Albion
ENG-Premier League,2017/18,Brighton,Dale Stephens,ENG,MF,28.0,1989.0,36.0,0,20.0,2,10.0,0.56,0.06,0.0,0.0,0,0,2017,shooting,Brighton & Hove Albion
ENG-Premier League,2017/18,Brighton,Davy Pröpper,NED,MF,25.0,1991.0,34.7,0,36.0,5,13.9,1.04,0.14,0.0,0.0,0,0,2017,shooting,Brighton & Hove Albion
ENG-Premier League,2017/18,Brighton,Ezequiel Schelotto,ITA,DF,28.0,1989.0,14.6,0,7.0,2,28.6,0.48,0.14,0.0,0.0,0,0,2017,shooting,Brighton & Hove Albion
ENG-Premier League,2017/18,Brighton,Gaëtan Bong,CMR,DF,29.0,1988.0,24.8,0,4.0,1,25.0,0.16,0.04,0.0,0.0,0,0,2017,shooting,Brighton & Hove Albion
ENG-Premier League,2017/18,Brighton,Glenn Murray,ENG,FW,33.0,1983.0,24.4,12,52.0,25,48.1,2.14,1.03,0.23,0.48,4,6,2017,shooting,Brighton & Hove Albion
ENG-Premier League,2017/18,Brighton,Izzy Brown,ENG,"MF,FW",20.0,1997.0,3.5,0,1.0,1,100.0,0.29,0.29,0.0,0.0,0,0,2017,shooting,Brighton & Hove Albion
ENG-Premier League,2017/18,Brighton,Jamie Murphy,SCO,MF,27.0,1989.0,1.9,0,1.0,0,0.0,0.54,0.0,0.0,,0,0,2017,shooting,Brighton & Hove Albion
ENG-Premier League,2017/18,Brighton,José Izquierdo,COL,MF,25.0,1992.0,22.0,5,52.0,16,30.8,2.36,0.73,0.1,0.31,0,0,2017,shooting,Brighton & Hove Albion
ENG-Premier League,2017/18,Brighton,Jürgen Locadia,CUW,"FW,MF",23.0,1993.0,2.5,1,6.0,1,16.7,2.41,0.4,0.17,1.0,0,0,2017,shooting,Brighton & Hove Albion
ENG-Premier League,2017/18,Brighton,Leonardo Ulloa,ARG,FW,31.0,1986.0,3.0,1,2.0,2,100.0,0.67,0.67,0.5,0.5,0,0,2017,shooting,Brighton & Hove Albion
ENG-Premier League,2017/18,Brighton,Lewis Dunk,ENG,DF,25.0,1991.0,38.0,1,27.0,9,33.3,0.71,0.24,0.04,0.11,0,0,2017,shooting,Brighton & Hove Albion
ENG-Premier League,2017/18,Brighton,Liam Rosenior,ENG,DF,33.0,1984.0,1.8,0,2.0,0,0.0,1.1,0.0,0.0,,0,0,2017,shooting,Brighton & Hove Albion
ENG-Premier League,2017/18,Brighton,Markus Suttner,AUT,DF,30.0,1987.0,13.1,0,3.0,0,0.0,0.23,0.0,0.0,,0,0,2017,shooting,Brighton & Hove Albion
ENG-Premier League,2017/18,Brighton,Mathew Ryan,AUS,GK,25.0,1992.0,38.0,0,0.0,0,,0.0,0.0,,,0,0,2017,shooting,Brighton & Hove Albion
ENG-Premier League,2017/18,Brighton,Pascal Groß,GER,"MF,FW",26.0,1991.0,32.5,7,43.0,20,46.5,1.32,0.61,0.16,0.35,1,1,2017,shooting,Brighton & Hove Albion
ENG-Premier League,2017/18,Brighton,Sam Baldock,ENG,"FW,MF",28.0,1989.0,0.4,0,0.0,0,,0.0,0.0,,,0,0,2017,shooting,Brighton & Hove Albion
ENG-Premier League,2017/18,Brighton,Shane Duffy,IRL,DF,25.0,1992.0,36.6,0,28.0,5,17.9,0.77,0.14,0.0,0.0,0,0,2017,shooting,Brighton & Hove Albion
ENG-Premier League,2017/18,Brighton,Solly March,ENG,MF,23.0,1994.0,20.6,1,27.0,9,33.3,1.31,0.44,0.04,0.11,0,0,2017,shooting,Brighton & Hove Albion
ENG-Premier League,2017/18,Brighton,Tomer Hemed,ISR,FW,30.0,1987.0,9.4,2,17.0,7,41.2,1.8,0.74,0.12,0.29,0,0,2017,shooting,Brighton & Hove Albion
ENG-Premier League,2017/18,Brighton,Uwe Hünemeier,GER,DF,31.0,1986.0,0.2,0,0.0,0,,0.0,0.0,,,0,0,2017,shooting,Brighton & Hove Albion
ENG-Premier League,2017/18,Burnley,Aaron Lennon,ENG,MF,30.0,1987.0,12.4,0,11.0,3,27.3,0.89,0.24,0.0,0.0,0,0,2017,shooting,Burnley
ENG-Premier League,2017/18,Burnley,Aiden O'Neill,AUS,MF,19.0,1998.0,0.0,0,,0,,,0.0,,,0,0,2017,shooting,Burnley
ENG-Premier League,2017/18,Burnley,Ashley Barnes,ENG,FW,27.0,1989.0,24.1,9,61.0,22,36.1,2.54,0.91,0.15,0.41,0,0,2017,shooting,Burnley
ENG-Premier League,2017/18,Burnley,Ashley Westwood,ENG,MF,27.0,1990.0,12.3,0,9.0,1,11.1,0.73,0.08,0.0,0.0,0,0,2017,shooting,Burnley
ENG-Premier League,2017/18,Burnley,Ben Mee,ENG,DF,27.0,1989.0,29.0,0,25.0,8,32.0,0.86,0.28,0.0,0.0,0,0,2017,shooting,Burnley
ENG-Premier League,2017/18,Burnley,Charlie Taylor,ENG,DF,23.0,1993.0,10.6,0,0.0,0,,0.0,0.0,,,0,0,2017,shooting,Burnley
ENG-Premier League,2017/18,Burnley,Chris Wood,NZL,FW,25.0,1991.0,18.0,10,39.0,24,61.5,2.16,1.33,0.26,0.42,0,0,2017,shooting,Burnley
ENG-Premier League,2017/18,Burnley,Georges-Kévin N'Koudou,CMR,MF,22.0,1995.0,2.5,0,4.0,0,0.0,1.58,0.0,0.0,,0,0,2017,shooting,Burnley
ENG-Premier League,2017/18,Burnley,Jack Cork,ENG,MF,28.0,1989.0,38.0,2,15.0,5,33.3,0.39,0.13,0.13,0.4,0,0,2017,shooting,Burnley
ENG-Premier League,2017/18,Burnley,James Tarkowski,ENG,DF,24.0,1992.0,31.0,0,18.0,5,27.8,0.58,0.16,0.0,0.0,0,0,2017,shooting,Burnley
ENG-Premier League,2017/18,Burnley,Jeff Hendrick,IRL,MF,25.0,1992.0,25.9,2,26.0,6,23.1,1.0,0.23,0.08,0.33,0,0,2017,shooting,Burnley
ENG-Premier League,2017/18,Burnley,Jonathan Walters,IRL,"FW,MF",33.0,1983.0,0.4,0,1.0,0,0.0,2.31,0.0,0.0,,0,0,2017,shooting,Burnley
ENG-Premier League,2017/18,Burnley,Jóhann Berg Guðmundsson,ISL,MF,26.0,1990.0,31.5,2,53.0,18,34.0,1.68,0.57,0.04,0.11,0,0,2017,shooting,Burnley
ENG-Premier League,2017/18,Burnley,Kevin Long,IRL,DF,26.0,1990.0,16.0,1,10.0,2,20.0,0.62,0.12,0.1,0.5,0,0,2017,shooting,Burnley
ENG-Premier League,2017/18,Burnley,Matthew Lowton,ENG,DF,28.0,1989.0,25.5,0,3.0,1,33.3,0.12,0.04,0.0,0.0,0,0,2017,shooting,Burnley
ENG-Premier League,2017/18,Burnley,Nahki Wells,BER,FW,27.0,1990.0,0.6,0,3.0,1,33.3,4.91,1.64,0.0,0.0,0,0,2017,shooting,Burnley
ENG-Premier League,2017/18,Burnley,Nick Pope,ENG,GK,25.0,1992.0,34.6,0,0.0,0,,0.0,0.0,,,0,0,2017,shooting,Burnley
ENG-Premier League,2017/18,Burnley,Phil Bardsley,SCO,DF,32.0,1985.0,12.5,0,2.0,2,100.0,0.16,0.16,0.0,0.0,0,0,2017,shooting,Burnley
ENG-Premier League,2017/18,Burnley,Robbie Brady,IRL,MF,25.0,1992.0,14.2,1,24.0,6,25.0,1.69,0.42,0.04,0.17,0,0,2017,shooting,Burnley
ENG-Premier League,2017/18,Burnley,Sam Vokes,WAL,FW,27.0,1989.0,11.1,4,31.0,8,25.8,2.8,0.72,0.13,0.5,0,0,2017,shooting,Burnley
ENG-Premier League,2017/18,Burnley,Scott Arfield,CAN,MF,28.0,1988.0,14.8,2,18.0,7,38.9,1.22,0.47,0.11,0.29,0,0,2017,shooting,Burnley
ENG-Premier League,2017/18,Burnley,Stephen Ward,IRL,DF,31.0,1985.0,27.3,1,7.0,1,14.3,0.26,0.04,0.14,1.0,0,0,2017,shooting,Burnley
ENG-Premier League,2017/18,Burnley,Steven Defour,BEL,MF,29.0,1988.0,22.2,1,19.0,7,36.8,0.86,0.32,0.05,0.14,0,0,2017,shooting,Burnley
ENG-Premier League,2017/18,Burnley,Tom Heaton,ENG,GK,31.0,1986.0,3.4,0,0.0,0,,0.0,0.0,,,0,0,2017,shooting,Burnley
ENG-Premier League,2017/18,Chelsea,Andreas Christensen,DEN,DF,21.0,1996.0,23.0,0,12.0,1,8.3,0.52,0.04,0.0,0.0,0,0,2017,shooting,Chelsea
ENG-Premier League,2017/18,Chelsea,Antonio Rüdiger,GER,DF,24.0,1993.0,26.0,2,16.0,4,25.0,0.62,0.15,0.13,0.5,0,0,2017,shooting,Chelsea
ENG-Premier League,2017/18,Chelsea,Callum Hudson-Odoi,ENG,"FW,MF",16.0,2000.0,0.3,0,2.0,1,50.0,6.21,3.1,0.0,0.0,0,0,2017,shooting,Chelsea
ENG-Premier League,2017/18,Chelsea,Cesc Fàbregas,ESP,MF,30.0,1987.0,25.6,2,38.0,10,26.3,1.48,0.39,0.05,0.2,0,0,2017,shooting,Chelsea
ENG-Premier League,2017/18,Chelsea,Charly Musonda Jr.,BEL,MF,20.0,1996.0,0.4,0,2.0,0,0.0,4.86,0.0,0.0,,0,0,2017,shooting,Chelsea
ENG-Premier League,2017/18,Chelsea,César Azpilicueta,ESP,DF,27.0,1989.0,37.0,2,13.0,3,23.1,0.35,0.08,0.15,0.67,0,0,2017,shooting,Chelsea
ENG-Premier League,2017/18,Chelsea,Danny Drinkwater,ENG,MF,27.0,1990.0,5.9,1,6.0,2,33.3,1.02,0.34,0.17,0.5,0,0,2017,shooting,Chelsea
ENG-Premier League,2017/18,Chelsea,David Luiz,BRA,"DF,MF",30.0,1987.0,9.3,1,11.0,4,36.4,1.18,0.43,0.09,0.25,0,0,2017,shooting,Chelsea
ENG-Premier League,2017/18,Chelsea,Davide Zappacosta,ITA,MF,25.0,1992.0,12.2,1,25.0,11,44.0,2.05,0.9,0.04,0.09,0,0,2017,shooting,Chelsea
ENG-Premier League,2017/18,Chelsea,Eden Hazard,BEL,"FW,MF",26.0,1991.0,26.9,12,71.0,37,52.1,2.64,1.37,0.17,0.32,2,2,2017,shooting,Chelsea
ENG-Premier League,2017/18,Chelsea,Emerson Palmieri,ITA,MF,22.0,1994.0,3.1,0,2.0,2,100.0,0.64,0.64,0.0,0.0,0,0,2017,shooting,Chelsea
ENG-Premier League,2017/18,Chelsea,Ethan Ampadu,WAL,"DF,MF",16.0,2000.0,0.1,0,0.0,0,,0.0,0.0,,,0,0,2017,shooting,Chelsea
ENG-Premier League,2017/18,Chelsea,Gary Cahill,ENG,DF,31.0,1985.0,23.2,0,10.0,3,30.0,0.43,0.13,0.0,0.0,0,0,2017,shooting,Chelsea
ENG-Premier League,2017/18,Chelsea,Jeremie Boga,CIV,MF,20.0,1997.0,0.2,0,0.0,0,,0.0,0.0,,,0,0,2017,shooting,Chelsea
ENG-Premier League,2017/18,Chelsea,Marcos Alonso,ESP,MF,26.0,1990.0,31.7,7,65.0,24,36.9,2.05,0.76,0.11,0.29,0,0,2017,shooting,Chelsea
ENG-Premier League,2017/18,Chelsea,Michy Batshuayi,BEL,FW,23.0,1993.0,4.0,2,13.0,5,38.5,3.25,1.25,0.15,0.4,0,0,2017,shooting,Chelsea
ENG-Premier League,2017/18,Chelsea,N'Golo Kanté,FRA,MF,26.0,1991.0,33.3,1,25.0,5,20.0,0.75,0.15,0.04,0.2,0,0,2017,shooting,Chelsea
ENG-Premier League,2017/18,Chelsea,Olivier Giroud,FRA,FW,30.0,1986.0,6.8,3,29.0,10,34.5,4.26,1.47,0.1,0.3,0,0,2017,shooting,Chelsea
ENG-Premier League,2017/18,Chelsea,Pedro,ESP,"MF,FW",30.0,1987.0,16.9,4,56.0,20,35.7,3.31,1.18,0.07,0.2,0,0,2017,shooting,Chelsea
ENG-Premier League,2017/18,Chelsea,Ross Barkley,ENG,MF,23.0,1993.0,1.4,0,2.0,1,50.0,1.4,0.7,0.0,0.0,0,0,2017,shooting,Chelsea
ENG-Premier League,2017/18,Chelsea,Thibaut Courtois,BEL,GK,25.0,1992.0,35.0,0,0.0,0,,0.0,0.0,,,0,0,2017,shooting,Chelsea
ENG-Premier League,2017/18,Chelsea,Tiemoué Bakayoko,FRA,MF,22.0,1994.0,23.6,2,41.0,9,22.0,1.74,0.38,0.05,0.22,0,0,2017,shooting,Chelsea
ENG-Premier League,2017/18,Chelsea,Victor Moses,NGA,MF,26.0,1990.0,23.4,3,35.0,11,31.4,1.49,0.47,0.09,0.27,0,0,2017,shooting,Chelsea
ENG-Premier League,2017/18,Chelsea,Willian,BRA,"MF,FW",28.0,1988.0,21.0,6,54.0,25,46.3,2.57,1.19,0.11,0.24,1,1,2017,shooting,Chelsea
ENG-Premier League,2017/18,Chelsea,Willy Caballero,ARG,GK,35.0,1981.0,3.0,0,0.0,0,,0.0,0.0,,,0,0,2017,shooting,Chelsea
ENG-Premier League,2017/18,Chelsea,Álvaro Morata,ESP,FW,24.0,1992.0,22.9,11,79.0,34,43.0,3.45,1.48,0.14,0.32,0,0,2017,shooting,Chelsea
ENG-Premier League,2017/18,Crystal Palace,Aaron Wan-Bissaka,COD,DF,19.0,1997.0,7.0,0,0.0,0,,0.0,0.0,,,0,0,2017,shooting,Crystal Palace
ENG-Premier League,2017/18,Crystal Palace,Alexander Sørloth,NOR,FW,21.0,1995.0,4.0,0,7.0,3,42.9,1.75,0.75,0.0,0.0,0,0,2017,shooting,Crystal Palace
ENG-Premier League,2017/18,Crystal Palace,Andros Townsend,ENG,"FW,MF",26.0,1991.0,34.7,2,62.0,14,22.6,1.79,0.4,0.03,0.14,0,0,2017,shooting,Crystal Palace
ENG-Premier League,2017/18,Crystal Palace,Bakary Sako,MLI,FW,29.0,1988.0,5.3,3,17.0,6,35.3,3.2,1.13,0.18,0.5,0,0,2017,shooting,Crystal Palace
ENG-Premier League,2017/18,Crystal Palace,Christian Benteke,BEL,FW,26.0,1990.0,24.9,3,59.0,21,35.6,2.37,0.84,0.05,0.14,1,2,2017,shooting,Crystal Palace
ENG-Premier League,2017/18,Crystal Palace,Damien Delaney,IRL,DF,36.0,1981.0,1.1,0,0.0,0,,0.0,0.0,,,0,0,2017,shooting,Crystal Palace
ENG-Premier League,2017/18,Crystal Palace,Freddie Ladapo,ENG,FW,24.0,1993.0,0.2,0,0.0,0,,0.0,0.0,,,0,0,2017,shooting,Crystal Palace
ENG-Premier League,2017/18,Crystal Palace,James McArthur,SCO,MF,29.0,1987.0,27.0,5,31.0,11,35.5,1.15,0.41,0.16,0.45,0,0,2017,shooting,Crystal Palace
ENG-Premier League,2017/18,Crystal Palace,James Tomkins,ENG,DF,28.0,1989.0,26.5,3,23.0,10,43.5,0.87,0.38,0.13,0.3,0,0,2017,shooting,Crystal Palace
ENG-Premier League,2017/18,Crystal Palace,Jason Puncheon,ENG,MF,31.0,1986.0,6.3,0,10.0,2,20.0,1.58,0.32,0.0,0.0,0,0,2017,shooting,Crystal Palace
ENG-Premier League,2017/18,Crystal Palace,Jaïro Riedewald,NED,"MF,DF",20.0,1996.0,4.9,0,1.0,0,0.0,0.2,0.0,0.0,,0,0,2017,shooting,Crystal Palace
ENG-Premier League,2017/18,Crystal Palace,Jeffrey Schlupp,GHA,"DF,MF",24.0,1992.0,19.4,0,15.0,2,13.3,0.77,0.1,0.0,0.0,0,0,2017,shooting,Crystal Palace
ENG-Premier League,2017/18,Crystal Palace,Joel Ward,ENG,"DF,MF",27.0,1989.0,17.9,0,5.0,1,20.0,0.28,0.06,0.0,0.0,0,0,2017,shooting,Crystal Palace
ENG-Premier League,2017/18,Crystal Palace,Julián Speroni,ARG,GK,38.0,1979.0,11.0,0,0.0,0,,0.0,0.0,,,0,0,2017,shooting,Crystal Palace
ENG-Premier League,2017/18,Crystal Palace,Lee Chung-yong,KOR,FW,29.0,1988.0,1.5,0,1.0,0,0.0,0.67,0.0,0.0,,0,0,2017,shooting,Crystal Palace
ENG-Premier League,2017/18,Crystal Palace,Levi Lumeka,ENG,MF,18.0,1998.0,0.3,0,1.0,0,0.0,3.46,0.0,0.0,,0,0,2017,shooting,Crystal Palace
ENG-Premier League,2017/18,Crystal Palace,Luka Milivojević,SRB,MF,26.0,1991.0,34.2,10,42.0,17,40.5,1.23,0.5,0.24,0.59,7,8,2017,shooting,Crystal Palace
ENG-Premier League,2017/18,Crystal Palace,Mamadou Sakho,FRA,DF,27.0,1990.0,17.8,1,3.0,1,33.3,0.17,0.06,0.33,1.0,0,0,2017,shooting,Crystal Palace
ENG-Premier League,2017/18,Crystal Palace,Martin Kelly,ENG,DF,27.0,1990.0,13.3,0,5.0,2,40.0,0.38,0.15,0.0,0.0,0,0,2017,shooting,Crystal Palace
ENG-Premier League,2017/18,Crystal Palace,Pape Souaré,SEN,DF,27.0,1990.0,0.1,0,0.0,0,,0.0,0.0,,,0,0,2017,shooting,Crystal Palace
ENG-Premier League,2017/18,Crystal Palace,Patrick van Aanholt,NED,"DF,MF",26.0,1990.0,24.3,5,33.0,11,33.3,1.36,0.45,0.15,0.45,0,0,2017,shooting,Crystal Palace
ENG-Premier League,2017/18,Crystal Palace,Ruben Loftus-Cheek,ENG,MF,21.0,1996.0,20.8,2,32.0,7,21.9,1.54,0.34,0.06,0.29,0,0,2017,shooting,Crystal Palace
ENG-Premier League,2017/18,Crystal Palace,Scott Dann,ENG,DF,30.0,1987.0,15.9,1,19.0,5,26.3,1.19,0.31,0.05,0.2,0,0,2017,shooting,Crystal Palace
ENG-Premier League,2017/18,Crystal Palace,Sullay Kaikai,SLE,"FW,MF",21.0,1995.0,0.2,0,0.0,0,,0.0,0.0,,,0,0,2017,shooting,Crystal Palace
ENG-Premier League,2017/18,Crystal Palace,Timothy Fosu-Mensah,NED,DF,19.0,1998.0,17.7,0,8.0,0,0.0,0.45,0.0,0.0,,0,0,2017,shooting,Crystal Palace
ENG-Premier League,2017/18,Crystal Palace,Wayne Hennessey,WAL,GK,30.0,1987.0,27.0,0,0.0,0,,0.0,0.0,,,0,0,2017,shooting,Crystal Palace
ENG-Premier League,2017/18,Crystal Palace,Wilfried Zaha,CIV,"FW,MF",24.0,1992.0,28.3,9,64.0,26,40.6,2.26,0.92,0.14,0.35,0,0,2017,shooting,Crystal Palace
ENG-Premier League,2017/18,Crystal Palace,Yohan Cabaye,FRA,MF,31.0,1986.0,26.4,0,39.0,12,30.8,1.48,0.45,0.0,0.0,0,0,2017,shooting,Crystal Palace
ENG-Premier League,2017/18,Everton,Aaron Lennon,ENG,"MF,FW",30.0,1987.0,8.8,0,4.0,2,50.0,0.45,0.23,0.0,0.0,0,0,2017,shooting,Everton
ENG-Premier League,2017/18,Everton,Ademola Lookman,NGA,MF,19.0,1997.0,1.8,0,3.0,0,0.0,1.7,0.0,0.0,,0,0,2017,shooting,Everton
ENG-Premier League,2017/18,Everton,Ashley Williams,WAL,DF,32.0,1984.0,20.4,1,13.0,3,23.1,0.64,0.15,0.08,0.33,0,0,2017,shooting,Everton
ENG-Premier League,2017/18,Everton,Beni Baningime,,MF,18.0,1998.0,2.2,0,0.0,0,,0.0,0.0,,,0,0,2017,shooting,Everton
ENG-Premier League,2017/18,Everton,Cenk Tosun,TUR,FW,26.0,1991.0,11.0,5,20.0,8,40.0,1.83,0.73,0.25,0.63,0,0,2017,shooting,Everton
ENG-Premier League,2017/18,Everton,Cuco Martina,CUW,"DF,MF",27.0,1989.0,20.3,0,2.0,1,50.0,0.1,0.05,0.0,0.0,0,0,2017,shooting,Everton
ENG-Premier League,2017/18,Everton,Davy Klaassen,NED,MF,24.0,1993.0,2.8,0,2.0,2,100.0,0.72,0.72,0.0,0.0,0,0,2017,shooting,Everton
ENG-Premier League,2017/18,Everton,Dominic Calvert-Lewin,ENG,"FW,MF",20.0,1997.0,20.9,4,43.0,17,39.5,2.06,0.81,0.09,0.24,0,0,2017,shooting,Everton
ENG-Premier League,2017/18,Everton,Eliaquim Mangala,FRA,DF,26.0,1991.0,1.5,0,1.0,0,0.0,0.67,0.0,0.0,,0,0,2017,shooting,Everton
ENG-Premier League,2017/18,Everton,Gylfi Sigurðsson,ISL,"MF,FW",27.0,1989.0,25.1,4,39.0,12,30.8,1.55,0.48,0.1,0.33,0,0,2017,shooting,Everton
ENG-Premier League,2017/18,Everton,Idrissa Gueye,SEN,MF,27.0,1989.0,30.6,2,23.0,7,30.4,0.75,0.23,0.09,0.29,0,0,2017,shooting,Everton
ENG-Premier League,2017/18,Everton,James McCarthy,IRL,MF,26.0,1990.0,2.3,0,1.0,0,0.0,0.44,0.0,0.0,,0,0,2017,shooting,Everton
ENG-Premier League,2017/18,Everton,Jonjoe Kenny,ENG,"DF,MF",20.0,1997.0,17.7,0,3.0,1,33.3,0.17,0.06,0.0,0.0,0,0,2017,shooting,Everton
ENG-Premier League,2017/18,Everton,Jordan Pickford,ENG,GK,23.0,1994.0,38.0,0,1.0,0,0.0,0.03,0.0,0.0,,0,0,2017,shooting,Everton
ENG-Premier League,2017/18,Everton,Kevin Mirallas,BEL,"MF,FW",29.0,1987.0,1.5,0,4.0,2,50.0,2.61,1.3,0.0,0.0,0,0,2017,shooting,Everton
ENG-Premier League,2017/18,Everton,Leighton Baines,ENG,"DF,MF",32.0,1984.0,21.2,2,7.0,4,57.1,0.33,0.19,0.29,0.5,2,2,2017,shooting,Everton
ENG-Premier League,2017/18,Everton,Mason Holgate,JAM,"DF,MF",20.0,1996.0,13.2,0,6.0,2,33.3,0.46,0.15,0.0,0.0,0,0,2017,shooting,Everton
ENG-Premier League,2017/18,Everton,Michael Keane,ENG,DF,24.0,1993.0,28.4,0,15.0,1,6.7,0.53,0.04,0.0,0.0,0,0,2017,shooting,Everton
ENG-Premier League,2017/18,Everton,Morgan Schneiderlin,FRA,MF,27.0,1989.0,23.7,0,5.0,0,0.0,0.21,0.0,0.0,,0,0,2017,shooting,Everton
ENG-Premier League,2017/18,Everton,Muhamed Bešić,BIH,"DF,MF",24.0,1992.0,0.5,0,0.0,0,,0.0,0.0,,,0,0,2017,shooting,Everton
ENG-Premier League,2017/18,Everton,Nikola Vlašić,CRO,MF,19.0,1997.0,6.4,0,5.0,1,20.0,0.78,0.16,0.0,0.0,0,0,2017,shooting,Everton
ENG-Premier League,2017/18,Everton,Oumar Niasse,SEN,FW,27.0,1990.0,12.1,8,38.0,18,47.4,3.15,1.49,0.21,0.44,0,0,2017,shooting,Everton
ENG-Premier League,2017/18,Everton,Phil Jagielka,ENG,DF,34.0,1982.0,22.9,0,7.0,2,28.6,0.31,0.09,0.0,0.0,0,0,2017,shooting,Everton
ENG-Premier League,2017/18,Everton,Ramiro Funes Mori,ARG,DF,26.0,1991.0,1.3,0,1.0,0,0.0,0.74,0.0,0.0,,0,0,2017,shooting,Everton
ENG-Premier League,2017/18,Everton,Sandro Ramírez,ESP,FW,22.0,1995.0,3.1,0,9.0,1,11.1,2.91,0.32,0.0,0.0,0,0,2017,shooting,Everton
ENG-Premier League,2017/18,Everton,Séamus Coleman,IRL,DF,28.0,1988.0,11.5,0,5.0,2,40.0,0.43,0.17,0.0,0.0,0,0,2017,shooting,Everton
ENG-Premier League,2017/18,Everton,Theo Walcott,ENG,"MF,FW",28.0,1989.0,12.8,3,19.0,9,47.4,1.48,0.7,0.16,0.33,0,0,2017,shooting,Everton
ENG-Premier League,2017/18,Everton,Tom Davies,ENG,MF,19.0,1998.0,21.1,2,21.0,3,14.3,0.99,0.14,0.1,0.67,0,0,2017,shooting,Everton
ENG-Premier League,2017/18,Everton,Wayne Rooney,ENG,"MF,FW",31.0,1985.0,25.2,10,45.0,18,40.0,1.79,0.71,0.22,0.56,3,6,2017,shooting,Everton
ENG-Premier League,2017/18,Everton,Yannick Bolasie,COD,"MF,FW",28.0,1989.0,9.5,1,19.0,7,36.8,2.01,0.74,0.05,0.14,0,0,2017,shooting,Everton
ENG-Premier League,2017/18,Huddersfield,Aaron Mooy,AUS,MF,26.0,1990.0,34.1,4,29.0,7,24.1,0.85,0.21,0.14,0.57,1,1,2017,shooting,Huddersfield Town
ENG-Premier League,2017/18,Huddersfield,Abdelhamid Sabiri,MAR,MF,20.0,1996.0,2.4,0,5.0,0,0.0,2.05,0.0,0.0,,0,0,2017,shooting,Huddersfield Town
ENG-Premier League,2017/18,Huddersfield,Alex Pritchard,ENG,"MF,FW",24.0,1993.0,11.1,1,20.0,4,20.0,1.8,0.36,0.05,0.25,0,0,2017,shooting,Huddersfield Town
ENG-Premier League,2017/18,Huddersfield,Chris Löwe,GER,DF,28.0,1989.0,17.6,0,8.0,2,25.0,0.45,0.11,0.0,0.0,0,0,2017,shooting,Huddersfield Town
ENG-Premier League,2017/18,Huddersfield,Christopher Schindler,GER,DF,27.0,1990.0,36.3,0,10.0,0,0.0,0.28,0.0,0.0,,0,0,2017,shooting,Huddersfield Town
ENG-Premier League,2017/18,Huddersfield,Collin Quaner,GER,MF,26.0,1991.0,14.2,0,16.0,4,25.0,1.13,0.28,0.0,0.0,0,0,2017,shooting,Huddersfield Town
ENG-Premier League,2017/18,Huddersfield,Danny Williams,USA,MF,28.0,1989.0,12.5,0,12.0,2,16.7,0.96,0.16,0.0,0.0,0,0,2017,shooting,Huddersfield Town
ENG-Premier League,2017/18,Huddersfield,Dean Whitehead,ENG,"DF,MF",35.0,1982.0,0.8,0,0.0,0,,0.0,0.0,,,0,0,2017,shooting,Huddersfield Town
ENG-Premier League,2017/18,Huddersfield,Elias Kachunga,COD,MF,25.0,1992.0,14.8,1,12.0,5,41.7,0.81,0.34,0.08,0.2,0,0,2017,shooting,Huddersfield Town
ENG-Premier League,2017/18,Huddersfield,Florent Hadergjonaj,KVX,"DF,MF",23.0,1994.0,18.6,0,9.0,2,22.2,0.48,0.11,0.0,0.0,0,0,2017,shooting,Huddersfield Town
ENG-Premier League,2017/18,Huddersfield,Joe Lolley,ENG,MF,24.0,1992.0,2.5,1,3.0,3,100.0,1.22,1.22,0.33,0.33,0,0,2017,shooting,Huddersfield Town
ENG-Premier League,2017/18,Huddersfield,Jonas Lössl,DEN,GK,28.0,1989.0,38.0,0,0.0,0,,0.0,0.0,,,0,0,2017,shooting,Huddersfield Town
ENG-Premier League,2017/18,Huddersfield,Jonathan Hogg,ENG,MF,28.0,1988.0,26.6,0,11.0,2,18.2,0.41,0.08,0.0,0.0,0,0,2017,shooting,Huddersfield Town
ENG-Premier League,2017/18,Huddersfield,Kasey Palmer,JAM,MF,20.0,1996.0,1.9,0,2.0,1,50.0,1.06,0.53,0.0,0.0,0,0,2017,shooting,Huddersfield Town
ENG-Premier League,2017/18,Huddersfield,Laurent Depoitre,BEL,FW,28.0,1988.0,20.2,6,25.0,12,48.0,1.24,0.59,0.24,0.5,0,0,2017,shooting,Huddersfield Town
ENG-Premier League,2017/18,Huddersfield,Martin Cranie,ENG,DF,30.0,1986.0,2.0,0,0.0,0,,0.0,0.0,,,0,0,2017,shooting,Huddersfield Town
ENG-Premier League,2017/18,Huddersfield,Mathias Jørgensen,DEN,DF,27.0,1990.0,38.0,0,13.0,3,23.1,0.34,0.08,0.0,0.0,0,0,2017,shooting,Huddersfield Town
ENG-Premier League,2017/18,Huddersfield,Michael Hefele,GER,DF,26.0,1990.0,0.4,0,0.0,0,,0.0,0.0,,,0,0,2017,shooting,Huddersfield Town
ENG-Premier League,2017/18,Huddersfield,Philip Billing,DEN,MF,21.0,1996.0,8.5,0,7.0,2,28.6,0.82,0.24,0.0,0.0,0,0,2017,shooting,Huddersfield Town
ENG-Premier League,2017/18,Huddersfield,Rajiv van La Parra,NED,MF,26.0,1991.0,23.7,3,44.0,15,34.1,1.85,0.63,0.07,0.2,1,1,2017,shooting,Huddersfield Town
ENG-Premier League,2017/18,Huddersfield,Scott Malone,ENG,DF,26.0,1991.0,12.4,0,8.0,2,25.0,0.64,0.16,0.0,0.0,0,0,2017,shooting,Huddersfield Town
ENG-Premier League,2017/18,Huddersfield,Steve Mounié,BEN,FW,22.0,1994.0,20.6,7,50.0,22,44.0,2.43,1.07,0.14,0.32,0,0,2017,shooting,Huddersfield Town
ENG-Premier League,2017/18,Huddersfield,Terence Kongolo,NED,DF,23.0,1994.0,11.7,0,2.0,0,0.0,0.17,0.0,0.0,,0,0,2017,shooting,Huddersfield Town
ENG-Premier League,2017/18,Huddersfield,Tom Ince,ENG,MF,25.0,1992.0,27.2,2,70.0,20,28.6,2.57,0.73,0.03,0.1,0,0,2017,shooting,Huddersfield Town
ENG-Premier League,2017/18,Huddersfield,Tommy Smith,ENG,DF,25.0,1992.0,21.2,0,8.0,2,25.0,0.38,0.09,0.0,0.0,0,0,2017,shooting,Huddersfield Town
ENG-Premier League,2017/18,Leicester City,Adrien Silva,POR,MF,28.0,1989.0,8.5,0,11.0,2,18.2,1.3,0.24,0.0,0.0,0,0,2017,shooting,Leicester City
ENG-Premier League,2017/18,Leicester City,Aleksandar Dragović,AUT,DF,26.0,1991.0,8.5,0,2.0,0,0.0,0.23,0.0,0.0,,0,0,2017,shooting,Leicester City
ENG-Premier League,2017/18,Leicester City,Andy King,WAL,MF,28.0,1988.0,6.0,1,6.0,5,83.3,1.01,0.84,0.17,0.2,0,0,2017,shooting,Leicester City
ENG-Premier League,2017/18,Leicester City,Ben Chilwell,ENG,"DF,MF",20.0,1996.0,20.6,0,6.0,1,16.7,0.29,0.05,0.0,0.0,0,0,2017,shooting,Leicester City
ENG-Premier League,2017/18,Leicester City,Ben Hamer,ENG,GK,29.0,1987.0,3.1,0,0.0,0,,0.0,0.0,,,0,0,2017,shooting,Leicester City
ENG-Premier League,2017/18,Leicester City,Christian Fuchs,AUT,DF,31.0,1986.0,21.3,0,11.0,0,0.0,0.52,0.0,0.0,,0,0,2017,shooting,Leicester City
ENG-Premier League,2017/18,Leicester City,Daniel Amartey,GHA,DF,22.0,1994.0,5.4,0,0.0,0,,0.0,0.0,,,0,0,2017,shooting,Leicester City
ENG-Premier League,2017/18,Leicester City,Danny Simpson,ENG,DF,30.0,1987.0,25.6,0,3.0,1,33.3,0.12,0.04,0.0,0.0,0,0,2017,shooting,Leicester City
ENG-Premier League,2017/18,Leicester City,Demarai Gray,JAM,MF,21.0,1996.0,18.9,3,36.0,9,25.0,1.91,0.48,0.08,0.33,0,0,2017,shooting,Leicester City
ENG-Premier League,2017/18,Leicester City,Eldin Jakupović,SUI,GK,32.0,1984.0,2.0,0,0.0,0,,0.0,0.0,,,0,0,2017,shooting,Leicester City
ENG-Premier League,2017/18,Leicester City,Fousseni Diabaté,MLI,"MF,FW",21.0,1995.0,6.5,0,6.0,2,33.3,0.92,0.31,0.0,0.0,0,0,2017,shooting,Leicester City
ENG-Premier League,2017/18,Leicester City,Hamza Choudhury,BAN,MF,19.0,1997.0,4.2,0,2.0,0,0.0,0.48,0.0,0.0,,0,0,2017,shooting,Leicester City
ENG-Premier League,2017/18,Leicester City,Harry Maguire,ENG,DF,24.0,1993.0,38.0,2,31.0,8,25.8,0.82,0.21,0.06,0.25,0,0,2017,shooting,Leicester City
ENG-Premier League,2017/18,Leicester City,Harvey Barnes,ENG,"FW,MF",19.0,1997.0,0.1,0,1.0,0,0.0,9.0,0.0,0.0,,0,0,2017,shooting,Leicester City
ENG-Premier League,2017/18,Leicester City,Islam Slimani,ALG,FW,29.0,1988.0,2.8,1,7.0,4,57.1,2.53,1.45,0.14,0.25,0,0,2017,shooting,Leicester City
ENG-Premier League,2017/18,Leicester City,Jamie Vardy,ENG,FW,30.0,1987.0,36.1,20,70.0,35,50.0,1.94,0.97,0.29,0.57,5,6,2017,shooting,Leicester City
ENG-Premier League,2017/18,Leicester City,Kasper Schmeichel,DEN,GK,30.0,1986.0,32.9,0,0.0,0,,0.0,0.0,,,0,0,2017,shooting,Leicester City
ENG-Premier League,2017/18,Leicester City,Kelechi Iheanacho,NGA,"MF,FW",20.0,1996.0,9.2,3,29.0,11,37.9,3.14,1.19,0.1,0.27,0,0,2017,shooting,Leicester City
ENG-Premier League,2017/18,Leicester City,Leonardo Ulloa,ARG,FW,31.0,1986.0,0.2,0,1.0,0,0.0,4.09,0.0,0.0,,0,0,2017,shooting,Leicester City
ENG-Premier League,2017/18,Leicester City,Marc Albrighton,ENG,MF,27.0,1989.0,28.2,2,20.0,6,30.0,0.71,0.21,0.1,0.33,0,0,2017,shooting,Leicester City
ENG-Premier League,2017/18,Leicester City,Matty James,ENG,MF,26.0,1991.0,11.0,0,11.0,2,18.2,1.0,0.18,0.0,0.0,0,0,2017,shooting,Leicester City
ENG-Premier League,2017/18,Leicester City,Riyad Mahrez,ALG,MF,26.0,1991.0,32.8,12,73.0,36,49.3,2.23,1.1,0.16,0.33,0,0,2017,shooting,Leicester City
ENG-Premier League,2017/18,Leicester City,Shinji Okazaki,JPN,MF,31.0,1986.0,14.7,6,28.0,16,57.1,1.9,1.09,0.21,0.38,0,0,2017,shooting,Leicester City
ENG-Premier League,2017/18,Leicester City,Vicente Iborra,ESP,MF,29.0,1988.0,15.7,3,14.0,4,28.6,0.89,0.26,0.21,0.75,0,0,2017,shooting,Leicester City
ENG-Premier League,2017/18,Leicester City,Wes Morgan,JAM,DF,33.0,1984.0,31.3,0,12.0,3,25.0,0.38,0.1,0.0,0.0,0,0,2017,shooting,Leicester City
ENG-Premier League,2017/18,Leicester City,Wilfred Ndidi,NGA,MF,20.0,1996.0,32.2,0,41.0,6,14.6,1.27,0.19,0.0,0.0,0,0,2017,shooting,Leicester City
ENG-Premier League,2017/18,Leicester City,Yohan Benalouane,TUN,DF,30.0,1987.0,1.0,0,2.0,1,50.0,2.0,1.0,0.0,0.0,0,0,2017,shooting,Leicester City
ENG-Premier League,2017/18,Liverpool,Adam Lallana,ENG,MF,29.0,1988.0,2.7,0,11.0,0,0.0,4.06,0.0,0.0,,0,0,2017,shooting,Liverpool
ENG-Premier League,2017/18,Liverpool,Alberto Moreno,ESP,DF,25.0,1992.0,14.1,0,12.0,2,16.7,0.85,0.14,0.0,0.0,0,0,2017,shooting,Liverpool
ENG-Premier League,2017/18,Liverpool,Alex Oxlade-Chamberlain,ENG,MF,23.0,1993.0,16.6,3,38.0,13,34.2,2.29,0.78,0.08,0.23,0,0,2017,shooting,Liverpool
ENG-Premier League,2017/18,Liverpool,Andy Robertson,SCO,DF,23.0,1994.0,21.6,1,12.0,2,16.7,0.56,0.09,0.08,0.5,0,0,2017,shooting,Liverpool
ENG-Premier League,2017/18,Liverpool,Ben Woodburn,WAL,"FW,MF",17.0,1999.0,0.1,0,0.0,0,,0.0,0.0,,,0,0,2017,shooting,Liverpool
ENG-Premier League,2017/18,Liverpool,Daniel Sturridge,ENG,FW,27.0,1989.0,4.8,2,21.0,8,38.1,4.39,1.67,0.1,0.25,0,0,2017,shooting,Liverpool
ENG-Premier League,2017/18,Liverpool,Danny Ings,ENG,FW,25.0,1992.0,3.0,1,8.0,5,62.5,2.7,1.69,0.13,0.2,0,0,2017,shooting,Liverpool
ENG-Premier League,2017/18,Liverpool,Dejan Lovren,CRO,DF,28.0,1989.0,23.6,2,13.0,4,30.8,0.55,0.17,0.15,0.5,0,0,2017,shooting,Liverpool
ENG-Premier League,2017/18,Liverpool,Divock Origi,BEL,"FW,MF",22.0,1995.0,0.1,0,0.0,0,,0.0,0.0,,,0,0,2017,shooting,Liverpool
ENG-Premier League,2017/18,Liverpool,Dominic Solanke,ENG,FW,19.0,1997.0,6.6,1,22.0,8,36.4,3.32,1.21,0.05,0.13,0,0,2017,shooting,Liverpool
ENG-Premier League,2017/18,Liverpool,Emre Can,GER,MF,23.0,1994.0,23.2,3,27.0,8,29.6,1.16,0.34,0.11,0.38,0,0,2017,shooting,Liverpool
ENG-Premier League,2017/18,Liverpool,Georginio Wijnaldum,NED,MF,26.0,1990.0,26.5,1,38.0,10,26.3,1.43,0.38,0.03,0.1,0,0,2017,shooting,Liverpool
ENG-Premier League,2017/18,Liverpool,James Milner,ENG,MF,31.0,1986.0,19.7,0,21.0,5,23.8,1.06,0.25,0.0,0.0,0,0,2017,shooting,Liverpool
ENG-Premier League,2017/18,Liverpool,Joe Gomez,ENG,DF,20.0,1997.0,21.1,0,5.0,0,0.0,0.24,0.0,0.0,,0,0,2017,shooting,Liverpool
ENG-Premier League,2017/18,Liverpool,Jordan Henderson,ENG,MF,27.0,1990.0,24.1,1,15.0,3,20.0,0.62,0.12,0.07,0.33,0,0,2017,shooting,Liverpool
ENG-Premier League,2017/18,Liverpool,Joël Matip,CMR,DF,25.0,1991.0,22.2,1,11.0,2,18.2,0.5,0.09,0.09,0.5,0,0,2017,shooting,Liverpool
ENG-Premier League,2017/18,Liverpool,Loris Karius,GER,GK,24.0,1993.0,19.0,0,0.0,0,,0.0,0.0,,,0,0,2017,shooting,Liverpool
ENG-Premier League,2017/18,Liverpool,Marko Grujić,SRB,MF,21.0,1996.0,0.2,0,0.0,0,,0.0,0.0,,,0,0,2017,shooting,Liverpool
ENG-Premier League,2017/18,Liverpool,Mohamed Salah,EGY,FW,25.0,1992.0,32.3,32,143.0,67,46.9,4.43,2.07,0.22,0.48,1,2,2017,shooting,Liverpool
ENG-Premier League,2017/18,Liverpool,Nathaniel Clyne,ENG,DF,26.0,1991.0,1.9,0,2.0,1,50.0,1.03,0.52,0.0,0.0,0,0,2017,shooting,Liverpool
ENG-Premier League,2017/18,Liverpool,Philippe Coutinho,BRA,"MF,FW",25.0,1992.0,12.3,7,54.0,17,31.5,4.38,1.38,0.13,0.41,0,0,2017,shooting,Liverpool
ENG-Premier League,2017/18,Liverpool,Ragnar Klavan,EST,DF,31.0,1985.0,16.1,1,1.0,1,100.0,0.06,0.06,1.0,1.0,0,0,2017,shooting,Liverpool
ENG-Premier League,2017/18,Liverpool,Roberto Firmino,BRA,FW,25.0,1991.0,30.7,15,84.0,38,45.2,2.74,1.24,0.18,0.39,1,1,2017,shooting,Liverpool
ENG-Premier League,2017/18,Liverpool,Sadio Mané,SEN,"FW,MF",25.0,1992.0,24.3,10,70.0,26,37.1,2.88,1.07,0.14,0.38,0,0,2017,shooting,Liverpool
ENG-Premier League,2017/18,Liverpool,Simon Mignolet,BEL,GK,29.0,1988.0,19.0,0,0.0,0,,0.0,0.0,,,0,0,2017,shooting,Liverpool
ENG-Premier League,2017/18,Liverpool,Trent Alexander-Arnold,ENG,"DF,MF",18.0,1998.0,17.5,1,12.0,5,41.7,0.69,0.29,0.08,0.2,0,0,2017,shooting,Liverpool
ENG-Premier League,2017/18,Liverpool,Virgil van Dijk,NED,DF,26.0,1991.0,14.0,0,16.0,6,37.5,1.14,0.43,0.0,0.0,0,0,2017,shooting,Liverpool
ENG-Premier League,2017/18,Manchester City,Aymeric Laporte,ESP,DF,23.0,1994.0,9.0,0,3.0,0,0.0,0.33,0.0,0.0,,0,0,2017,shooting,Manchester City
ENG-Premier League,2017/18,Manchester City,Benjamin Mendy,FRA,"DF,MF",23.0,1994.0,4.0,0,5.0,1,20.0,1.24,0.25,0.0,0.0,0,0,2017,shooting,Manchester City
ENG-Premier League,2017/18,Manchester City,Bernardo Silva,POR,FW,22.0,1994.0,17.0,6,25.0,14,56.0,1.47,0.82,0.24,0.43,0,0,2017,shooting,Manchester City
ENG-Premier League,2017/18,Manchester City,Brahim Díaz,MAR,"FW,MF",17.0,1999.0,0.6,0,3.0,1,33.3,4.91,1.64,0.0,0.0,0,0,2017,shooting,Manchester City
ENG-Premier League,2017/18,Manchester City,Claudio Bravo,CHI,GK,34.0,1983.0,2.5,0,0.0,0,,0.0,0.0,,,0,0,2017,shooting,Manchester City
ENG-Premier League,2017/18,Manchester City,Danilo,BRA,DF,26.0,1991.0,15.0,3,19.0,7,36.8,1.27,0.47,0.16,0.43,0,0,2017,shooting,Manchester City
ENG-Premier League,2017/18,Manchester City,David Silva,ESP,MF,31.0,1986.0,27.0,9,54.0,20,37.0,2.0,0.74,0.17,0.45,0,0,2017,shooting,Manchester City
ENG-Premier League,2017/18,Manchester City,Ederson Moraes,BRA,GK,23.0,1993.0,35.5,0,0.0,0,,0.0,0.0,,,0,0,2017,shooting,Manchester City
ENG-Premier League,2017/18,Manchester City,Eliaquim Mangala,FRA,DF,26.0,1991.0,5.4,0,1.0,0,0.0,0.18,0.0,0.0,,0,0,2017,shooting,Manchester City
ENG-Premier League,2017/18,Manchester City,Fabian Delph,ENG,DF,27.0,1989.0,19.3,1,10.0,3,30.0,0.52,0.16,0.1,0.33,0,0,2017,shooting,Manchester City
ENG-Premier League,2017/18,Manchester City,Fernandinho,BRA,MF,32.0,1985.0,32.0,5,48.0,20,41.7,1.5,0.62,0.1,0.25,0,0,2017,shooting,Manchester City
ENG-Premier League,2017/18,Manchester City,Gabriel Jesus,BRA,FW,20.0,1997.0,18.5,13,55.0,31,56.4,2.97,1.67,0.24,0.42,0,2,2017,shooting,Manchester City
ENG-Premier League,2017/18,Manchester City,John Stones,ENG,DF,23.0,1994.0,14.5,0,11.0,4,36.4,0.76,0.28,0.0,0.0,0,0,2017,shooting,Manchester City
ENG-Premier League,2017/18,Manchester City,Kevin De Bruyne,BEL,MF,26.0,1991.0,34.1,8,93.0,39,41.9,2.72,1.14,0.09,0.21,0,0,2017,shooting,Manchester City
ENG-Premier League,2017/18,Manchester City,Kyle Walker,ENG,DF,27.0,1990.0,30.9,0,13.0,1,7.7,0.42,0.03,0.0,0.0,0,0,2017,shooting,Manchester City
ENG-Premier League,2017/18,Manchester City,Leroy Sané,GER,"FW,MF",21.0,1996.0,26.9,10,56.0,20,35.7,2.08,0.74,0.18,0.5,0,0,2017,shooting,Manchester City
ENG-Premier League,2017/18,Manchester City,Lukas Nmecha,GER,FW,18.0,1998.0,0.2,0,0.0,0,,0.0,0.0,,,0,0,2017,shooting,Manchester City
ENG-Premier League,2017/18,Manchester City,Nicolás Otamendi,ARG,DF,29.0,1988.0,33.0,4,32.0,10,31.3,0.97,0.3,0.13,0.4,0,0,2017,shooting,Manchester City
ENG-Premier League,2017/18,Manchester City,Oleksandr Zinchenko,UKR,DF,20.0,1996.0,5.9,0,5.0,2,40.0,0.85,0.34,0.0,0.0,0,0,2017,shooting,Manchester City
ENG-Premier League,2017/18,Manchester City,Phil Foden,ENG,"FW,MF",17.0,2000.0,0.5,0,0.0,0,,0.0,0.0,,,0,0,2017,shooting,Manchester City
ENG-Premier League,2017/18,Manchester City,Raheem Sterling,ENG,"FW,MF",22.0,1994.0,28.7,18,87.0,36,41.4,3.03,1.25,0.21,0.5,1,1,2017,shooting,Manchester City
ENG-Premier League,2017/18,Manchester City,Sergio Agüero,ARG,FW,29.0,1988.0,21.8,21,95.0,42,44.2,4.36,1.93,0.22,0.5,4,4,2017,shooting,Manchester City
ENG-Premier League,2017/18,Manchester City,Vincent Kompany,BEL,DF,31.0,1986.0,15.5,1,9.0,2,22.2,0.58,0.13,0.11,0.5,0,0,2017,shooting,Manchester City
ENG-Premier League,2017/18,Manchester City,Yaya Touré,CIV,MF,34.0,1983.0,2.6,0,5.0,1,20.0,1.91,0.38,0.0,0.0,0,0,2017,shooting,Manchester City
ENG-Premier League,2017/18,Manchester City,İlkay Gündoğan,GER,MF,26.0,1990.0,16.9,4,35.0,11,31.4,2.08,0.65,0.11,0.36,1,1,2017,shooting,Manchester City
ENG-Premier League,2017/18,Manchester Utd,Alexis Sánchez,CHI,"FW,MF",28.0,1988.0,11.6,2,20.0,9,45.0,1.73,0.78,0.1,0.22,0,1,2017,shooting,Manchester United
ENG-Premier League,2017/18,Manchester Utd,Ander Herrera,ESP,MF,27.0,1989.0,14.1,0,12.0,1,8.3,0.85,0.07,0.0,0.0,0,0,2017,shooting,Manchester United
ENG-Premier League,2017/18,Manchester Utd,Anthony Martial,FRA,"MF,FW",21.0,1995.0,17.6,9,49.0,16,32.7,2.79,0.91,0.18,0.56,1,1,2017,shooting,Manchester United
ENG-Premier League,2017/18,Manchester Utd,Antonio Valencia,ECU,"DF,MF",31.0,1985.0,30.4,3,16.0,3,18.8,0.53,0.1,0.19,1.0,0,0,2017,shooting,Manchester United
ENG-Premier League,2017/18,Manchester Utd,Ashley Young,ENG,"DF,MF",32.0,1985.0,27.1,2,18.0,4,22.2,0.66,0.15,0.11,0.5,0,0,2017,shooting,Manchester United
ENG-Premier League,2017/18,Manchester Utd,Axel Tuanzebe,COD,DF,19.0,1997.0,0.0,0,0.0,0,,0.0,0.0,,,0,0,2017,shooting,Manchester United
ENG-Premier League,2017/18,Manchester Utd,Chris Smalling,ENG,DF,27.0,1989.0,28.2,4,13.0,6,46.2,0.46,0.21,0.31,0.67,0,0,2017,shooting,Manchester United
ENG-Premier League,2017/18,Manchester Utd,Daley Blind,NED,"DF,MF",27.0,1990.0,4.0,0,4.0,0,0.0,0.99,0.0,0.0,,0,0,2017,shooting,Manchester United
ENG-Premier League,2017/18,Manchester Utd,David de Gea,ESP,GK,26.0,1990.0,37.0,0,0.0,0,,0.0,0.0,,,0,0,2017,shooting,Manchester United
ENG-Premier League,2017/18,Manchester Utd,Eric Bailly,CIV,DF,23.0,1994.0,11.1,1,3.0,1,33.3,0.27,0.09,0.33,1.0,0,0,2017,shooting,Manchester United
ENG-Premier League,2017/18,Manchester Utd,Henrikh Mkhitaryan,ARM,MF,28.0,1989.0,10.2,1,15.0,5,33.3,1.46,0.49,0.07,0.2,0,0,2017,shooting,Manchester United
ENG-Premier League,2017/18,Manchester Utd,Jesse Lingard,ENG,"MF,FW",24.0,1992.0,20.2,8,56.0,23,41.1,2.77,1.14,0.14,0.35,0,0,2017,shooting,Manchester United
ENG-Premier League,2017/18,Manchester Utd,Juan Mata,ESP,"MF,FW",29.0,1988.0,21.4,3,29.0,11,37.9,1.36,0.52,0.1,0.27,0,0,2017,shooting,Manchester United
ENG-Premier League,2017/18,Manchester Utd,Luke Shaw,ENG,DF,22.0,1995.0,8.8,0,11.0,5,45.5,1.25,0.57,0.0,0.0,0,0,2017,shooting,Manchester United
ENG-Premier League,2017/18,Manchester Utd,Marcos Rojo,ARG,DF,27.0,1990.0,7.1,0,5.0,1,20.0,0.7,0.14,0.0,0.0,0,0,2017,shooting,Manchester United
ENG-Premier League,2017/18,Manchester Utd,Marcus Rashford,ENG,"MF,FW",19.0,1997.0,20.1,7,62.0,21,33.9,3.08,1.04,0.11,0.33,0,0,2017,shooting,Manchester United
ENG-Premier League,2017/18,Manchester Utd,Marouane Fellaini,BEL,MF,29.0,1987.0,6.9,4,10.0,7,70.0,1.45,1.01,0.4,0.57,0,0,2017,shooting,Manchester United
ENG-Premier League,2017/18,Manchester Utd,Matteo Darmian,ITA,DF,27.0,1989.0,4.9,0,2.0,0,0.0,0.41,0.0,0.0,,0,0,2017,shooting,Manchester United
ENG-Premier League,2017/18,Manchester Utd,Michael Carrick,ENG,MF,36.0,1981.0,1.2,0,2.0,1,50.0,1.65,0.83,0.0,0.0,0,0,2017,shooting,Manchester United
ENG-Premier League,2017/18,Manchester Utd,Nemanja Matić,SRB,MF,28.0,1988.0,34.6,1,18.0,3,16.7,0.52,0.09,0.06,0.33,0,0,2017,shooting,Manchester United
ENG-Premier League,2017/18,Manchester Utd,Paul Pogba,FRA,MF,24.0,1993.0,23.9,6,76.0,18,23.7,3.18,0.75,0.08,0.33,0,0,2017,shooting,Manchester United
ENG-Premier League,2017/18,Manchester Utd,Phil Jones,ENG,DF,25.0,1992.0,21.9,0,2.0,0,0.0,0.09,0.0,0.0,,0,0,2017,shooting,Manchester United
ENG-Premier League,2017/18,Manchester Utd,Romelu Lukaku,BEL,FW,24.0,1993.0,31.9,16,86.0,43,50.0,2.7,1.35,0.19,0.37,0,1,2017,shooting,Manchester United
ENG-Premier League,2017/18,Manchester Utd,Scott McTominay,SCO,MF,20.0,1996.0,7.0,0,1.0,0,0.0,0.14,0.0,0.0,,0,0,2017,shooting,Manchester United
ENG-Premier League,2017/18,Manchester Utd,Sergio Romero,ARG,GK,30.0,1987.0,1.0,0,0.0,0,,0.0,0.0,,,0,0,2017,shooting,Manchester United
ENG-Premier League,2017/18,Manchester Utd,Victor Lindelöf,SWE,DF,23.0,1994.0,14.3,0,1.0,0,0.0,0.07,0.0,0.0,,0,0,2017,shooting,Manchester United
ENG-Premier League,2017/18,Manchester Utd,Zlatan Ibrahimović,SWE,MF,35.0,1981.0,1.2,0,4.0,1,25.0,3.4,0.85,0.0,0.0,0,0,2017,shooting,Manchester United
ENG-Premier League,2017/18,Newcastle,Aleksandar Mitrović,SRB,FW,22.0,1994.0,1.1,1,4.0,2,50.0,3.79,1.89,0.25,0.5,0,0,2017,shooting,Newcastle United
ENG-Premier League,2017/18,Newcastle,Ayoze Pérez,ESP,MF,24.0,1993.0,27.7,8,58.0,24,41.4,2.09,0.87,0.14,0.33,0,0,2017,shooting,Newcastle United
ENG-Premier League,2017/18,Newcastle,Chancel Mbemba,COD,DF,22.0,1994.0,7.5,0,0.0,0,,0.0,0.0,,,0,0,2017,shooting,Newcastle United
ENG-Premier League,2017/18,Newcastle,Christian Atsu,GHA,MF,25.0,1992.0,19.8,2,35.0,12,34.3,1.77,0.61,0.06,0.17,0,0,2017,shooting,Newcastle United
ENG-Premier League,2017/18,Newcastle,Ciaran Clark,IRL,DF,27.0,1989.0,19.4,2,11.0,3,27.3,0.57,0.15,0.18,0.67,0,0,2017,shooting,Newcastle United
ENG-Premier League,2017/18,Newcastle,DeAndre Yedlin,USA,DF,24.0,1993.0,31.6,0,6.0,0,0.0,0.19,0.0,0.0,,0,0,2017,shooting,Newcastle United
ENG-Premier League,2017/18,Newcastle,Dwight Gayle,ENG,FW,26.0,1990.0,21.8,6,57.0,21,36.8,2.62,0.97,0.11,0.29,0,0,2017,shooting,Newcastle United
ENG-Premier League,2017/18,Newcastle,Florian Lejeune,FRA,DF,26.0,1991.0,23.4,0,13.0,3,23.1,0.56,0.13,0.0,0.0,0,0,2017,shooting,Newcastle United
ENG-Premier League,2017/18,Newcastle,Henri Saivet,SEN,MF,26.0,1990.0,0.9,1,1.0,1,100.0,1.08,1.08,1.0,1.0,0,0,2017,shooting,Newcastle United
ENG-Premier League,2017/18,Newcastle,Isaac Hayden,JAM,MF,22.0,1995.0,15.3,1,14.0,9,64.3,0.92,0.59,0.07,0.11,0,0,2017,shooting,Newcastle United
ENG-Premier League,2017/18,Newcastle,Islam Slimani,ALG,FW,29.0,1988.0,1.5,0,0.0,2,,0.0,1.36,,0.0,0,0,2017,shooting,Newcastle United
ENG-Premier League,2017/18,Newcastle,Jacob Murphy,ENG,MF,22.0,1995.0,12.8,1,23.0,7,30.4,1.8,0.55,0.04,0.14,0,0,2017,shooting,Newcastle United
ENG-Premier League,2017/18,Newcastle,Jamaal Lascelles,ENG,DF,23.0,1993.0,32.5,3,13.0,8,61.5,0.4,0.25,0.23,0.38,0,0,2017,shooting,Newcastle United
ENG-Premier League,2017/18,Newcastle,Javier Manquillo,ESP,DF,23.0,1994.0,19.5,0,2.0,0,0.0,0.1,0.0,0.0,,0,0,2017,shooting,Newcastle United
ENG-Premier League,2017/18,Newcastle,Jesús Gámez,ESP,DF,32.0,1985.0,1.1,0,1.0,0,0.0,0.92,0.0,0.0,,0,0,2017,shooting,Newcastle United
ENG-Premier League,2017/18,Newcastle,Jonjo Shelvey,ENG,MF,25.0,1992.0,25.2,1,42.0,9,21.4,1.67,0.36,0.02,0.11,0,0,2017,shooting,Newcastle United
ENG-Premier League,2017/18,Newcastle,Joselu,ESP,FW,27.0,1990.0,19.0,4,47.0,17,36.2,2.47,0.89,0.09,0.24,0,1,2017,shooting,Newcastle United
ENG-Premier League,2017/18,Newcastle,Karl Darlow,WAL,GK,26.0,1990.0,10.0,0,0.0,0,,0.0,0.0,,,0,0,2017,shooting,Newcastle United
ENG-Premier League,2017/18,Newcastle,Kenedy,BRA,MF,21.0,1996.0,11.4,2,23.0,4,17.4,2.02,0.35,0.09,0.5,0,0,2017,shooting,Newcastle United
ENG-Premier League,2017/18,Newcastle,Martin Dúbravka,SVK,GK,28.0,1989.0,12.0,0,0.0,0,,0.0,0.0,,,0,0,2017,shooting,Newcastle United
ENG-Premier League,2017/18,Newcastle,Massadio Haïdara,MLI,"DF,MF",24.0,1992.0,0.0,0,0.0,0,,0.0,0.0,,,0,0,2017,shooting,Newcastle United
ENG-Premier League,2017/18,Newcastle,Matt Ritchie,SCO,MF,27.0,1989.0,31.2,3,59.0,16,27.1,1.89,0.51,0.05,0.19,0,0,2017,shooting,Newcastle United
ENG-Premier League,2017/18,Newcastle,Mikel Merino,ESP,MF,21.0,1996.0,15.0,1,16.0,6,37.5,1.07,0.4,0.06,0.17,0,0,2017,shooting,Newcastle United
ENG-Premier League,2017/18,Newcastle,Mohamed Diamé,SEN,MF,30.0,1987.0,22.7,2,20.0,6,30.0,0.88,0.26,0.1,0.33,0,0,2017,shooting,Newcastle United
ENG-Premier League,2017/18,Newcastle,Paul Dummett,WAL,DF,25.0,1991.0,17.8,0,4.0,0,0.0,0.22,0.0,0.0,,0,0,2017,shooting,Newcastle United
ENG-Premier League,2017/18,Newcastle,Rob Elliot,IRL,GK,31.0,1986.0,16.0,0,0.0,0,,0.0,0.0,,,0,0,2017,shooting,Newcastle United
ENG-Premier League,2017/18,Newcastle,Rolando Aarons,ENG,MF,21.0,1995.0,1.5,0,2.0,1,50.0,1.29,0.65,0.0,0.0,0,0,2017,shooting,Newcastle United
ENG-Premier League,2017/18,Southampton,Alex McCarthy,ENG,GK,27.0,1989.0,18.0,0,0.0,0,,0.0,0.0,,,0,0,2017,shooting,Southampton
ENG-Premier League,2017/18,Southampton,Charlie Austin,ENG,FW,28.0,1989.0,11.5,7,47.0,25,53.2,4.08,2.17,0.15,0.28,1,1,2017,shooting,Southampton
ENG-Premier League,2017/18,Southampton,Cédric Soares,POR,"DF,MF",25.0,1991.0,31.0,0,23.0,4,17.4,0.74,0.13,0.0,0.0,0,0,2017,shooting,Southampton
ENG-Premier League,2017/18,Southampton,Dušan Tadić,SRB,MF,28.0,1988.0,31.0,6,40.0,16,40.0,1.29,0.52,0.15,0.38,1,1,2017,shooting,Southampton
ENG-Premier League,2017/18,Southampton,Fraser Forster,ENG,GK,29.0,1988.0,20.0,0,0.0,0,,0.0,0.0,,,0,0,2017,shooting,Southampton
ENG-Premier League,2017/18,Southampton,Guido Carrillo,ARG,FW,26.0,1991.0,5.0,0,11.0,4,36.4,2.2,0.8,0.0,0.0,0,0,2017,shooting,Southampton
ENG-Premier League,2017/18,Southampton,Jack Stephens,ENG,DF,23.0,1994.0,22.0,2,11.0,4,36.4,0.5,0.18,0.18,0.5,0,0,2017,shooting,Southampton
ENG-Premier League,2017/18,Southampton,James Ward-Prowse,ENG,MF,22.0,1994.0,19.1,3,28.0,14,50.0,1.47,0.73,0.11,0.21,0,0,2017,shooting,Southampton
ENG-Premier League,2017/18,Southampton,Jan Bednarek,POL,DF,21.0,1996.0,4.7,1,1.0,1,100.0,0.21,0.21,1.0,1.0,0,0,2017,shooting,Southampton
ENG-Premier League,2017/18,Southampton,Josh Sims,ENG,MF,20.0,1997.0,1.8,0,11.0,5,45.5,6.07,2.76,0.0,0.0,0,0,2017,shooting,Southampton
ENG-Premier League,2017/18,Southampton,Jérémy Pied,FRA,DF,28.0,1989.0,2.0,0,2.0,0,0.0,1.0,0.0,0.0,,0,0,2017,shooting,Southampton
ENG-Premier League,2017/18,Southampton,Manolo Gabbiadini,ITA,FW,25.0,1991.0,12.0,5,22.0,10,45.5,1.83,0.83,0.23,0.5,1,1,2017,shooting,Southampton
ENG-Premier League,2017/18,Southampton,Mario Lemina,GAB,MF,23.0,1993.0,19.1,1,23.0,5,21.7,1.2,0.26,0.04,0.2,0,0,2017,shooting,Southampton
ENG-Premier League,2017/18,Southampton,Matt Targett,ENG,DF,21.0,1995.0,1.8,0,0.0,0,,0.0,0.0,,,0,0,2017,shooting,Southampton
ENG-Premier League,2017/18,Southampton,Maya Yoshida,JPN,DF,28.0,1988.0,22.8,2,20.0,4,20.0,0.88,0.18,0.1,0.5,0,0,2017,shooting,Southampton
ENG-Premier League,2017/18,Southampton,Michael Obafemi,IRL,FW,17.0,2000.0,0.1,0,1.0,0,0.0,10.0,0.0,0.0,,0,0,2017,shooting,Southampton
ENG-Premier League,2017/18,Southampton,Nathan Redmond,ENG,MF,23.0,1994.0,21.6,1,44.0,15,34.1,2.04,0.69,0.02,0.07,0,0,2017,shooting,Southampton
ENG-Premier League,2017/18,Southampton,Oriol Romeu,ESP,MF,25.0,1991.0,32.2,1,27.0,4,14.8,0.84,0.12,0.04,0.25,0,0,2017,shooting,Southampton
ENG-Premier League,2017/18,Southampton,Pierre Højbjerg,DEN,MF,21.0,1995.0,18.6,0,16.0,6,37.5,0.86,0.32,0.0,0.0,0,0,2017,shooting,Southampton
ENG-Premier League,2017/18,Southampton,Ryan Bertrand,ENG,"DF,MF",27.0,1989.0,34.8,0,20.0,3,15.0,0.57,0.09,0.0,0.0,0,0,2017,shooting,Southampton
ENG-Premier League,2017/18,Southampton,Sam McQueen,ENG,DF,22.0,1995.0,1.6,0,1.0,0,0.0,0.61,0.0,0.0,,0,0,2017,shooting,Southampton
ENG-Premier League,2017/18,Southampton,Shane Long,IRL,FW,30.0,1987.0,17.6,2,32.0,13,40.6,1.82,0.74,0.06,0.15,0,0,2017,shooting,Southampton
ENG-Premier League,2017/18,Southampton,Sofiane Boufal,MAR,MF,23.0,1993.0,13.5,2,30.0,6,20.0,2.21,0.44,0.07,0.33,0,0,2017,shooting,Southampton
ENG-Premier League,2017/18,Southampton,Steven Davis,NIR,MF,32.0,1985.0,16.9,3,13.0,4,30.8,0.77,0.24,0.23,0.75,0,0,2017,shooting,Southampton
ENG-Premier League,2017/18,Southampton,Virgil van Dijk,NED,DF,26.0,1991.0,11.0,0,11.0,0,0.0,1.0,0.0,0.0,,0,0,2017,shooting,Southampton
ENG-Premier League,2017/18,Southampton,Wesley Hoedt,NED,DF,23.0,1994.0,28.0,0,16.0,2,12.5,0.57,0.07,0.0,0.0,0,0,2017,shooting,Southampton
ENG-Premier League,2017/18,Stoke City,Badou Ndiaye,SEN,MF,26.0,1990.0,12.6,2,19.0,6,31.6,1.5,0.47,0.11,0.33,0,0,2017,shooting,Stoke City
ENG-Premier League,2017/18,Stoke City,Bojan Krkić,ESP,MF,26.0,1990.0,0.8,0,1.0,0,0.0,1.27,0.0,0.0,,0,0,2017,shooting,Stoke City
ENG-Premier League,2017/18,Stoke City,Bruno Martins Indi,NED,DF,25.0,1992.0,13.8,0,4.0,1,25.0,0.29,0.07,0.0,0.0,0,0,2017,shooting,Stoke City
ENG-Premier League,2017/18,Stoke City,Charlie Adam,SCO,MF,31.0,1985.0,4.6,0,10.0,3,30.0,2.19,0.66,0.0,0.0,0,1,2017,shooting,Stoke City
ENG-Premier League,2017/18,Stoke City,Darren Fletcher,SCO,MF,33.0,1984.0,24.7,1,11.0,2,18.2,0.45,0.08,0.09,0.5,0,0,2017,shooting,Stoke City
ENG-Premier League,2017/18,Stoke City,Eric Maxim Choupo-Moting,CMR,"MF,FW",28.0,1989.0,25.7,5,60.0,20,33.3,2.33,0.78,0.08,0.25,0,0,2017,shooting,Stoke City
ENG-Premier League,2017/18,Stoke City,Erik Pieters,NED,"MF,DF",28.0,1988.0,30.2,0,3.0,1,33.3,0.1,0.03,0.0,0.0,0,0,2017,shooting,Stoke City
ENG-Premier League,2017/18,Stoke City,Geoff Cameron,USA,"MF,DF",32.0,1985.0,16.9,0,5.0,0,0.0,0.3,0.0,0.0,,0,0,2017,shooting,Stoke City
ENG-Premier League,2017/18,Stoke City,Glen Johnson,ENG,"DF,MF",32.0,1984.0,6.1,0,2.0,1,50.0,0.33,0.16,0.0,0.0,0,0,2017,shooting,Stoke City
ENG-Premier League,2017/18,Stoke City,Ibrahim Afellay,NED,MF,31.0,1986.0,1.8,0,0.0,0,,0.0,0.0,,,0,0,2017,shooting,Stoke City
ENG-Premier League,2017/18,Stoke City,Jack Butland,ENG,GK,24.0,1993.0,35.0,0,0.0,0,,0.0,0.0,,,0,0,2017,shooting,Stoke City
ENG-Premier League,2017/18,Stoke City,Jesé,ESP,"FW,MF",24.0,1993.0,6.8,1,13.0,4,30.8,1.91,0.59,0.08,0.25,0,0,2017,shooting,Stoke City
ENG-Premier League,2017/18,Stoke City,Joe Allen,WAL,MF,27.0,1990.0,34.9,2,24.0,4,16.7,0.69,0.11,0.08,0.5,0,0,2017,shooting,Stoke City
ENG-Premier League,2017/18,Stoke City,Josh Tymon,ENG,DF,18.0,1999.0,1.8,0,0.0,0,,0.0,0.0,,,0,0,2017,shooting,Stoke City
ENG-Premier League,2017/18,Stoke City,Julien Ngoy,BEL,"FW,MF",19.0,1997.0,0.2,0,0.0,0,,0.0,0.0,,,0,0,2017,shooting,Stoke City
ENG-Premier League,2017/18,Stoke City,Kevin Wimmer,AUT,DF,24.0,1992.0,14.7,0,1.0,0,0.0,0.07,0.0,0.0,,0,0,2017,shooting,Stoke City
ENG-Premier League,2017/18,Stoke City,Kostas Stafylidis,GRE,DF,23.0,1993.0,3.7,0,4.0,0,0.0,1.07,0.0,0.0,,0,0,2017,shooting,Stoke City
ENG-Premier League,2017/18,Stoke City,Kurt Zouma,FRA,DF,22.0,1994.0,32.1,1,20.0,8,40.0,0.62,0.25,0.05,0.13,0,0,2017,shooting,Stoke City
ENG-Premier League,2017/18,Stoke City,Lasse Sørensen,DEN,MF,17.0,1999.0,0.8,0,0.0,0,,0.0,0.0,,,0,0,2017,shooting,Stoke City
ENG-Premier League,2017/18,Stoke City,Lee Grant,ENG,GK,34.0,1983.0,3.0,0,0.0,0,,0.0,0.0,,,0,0,2017,shooting,Stoke City
ENG-Premier League,2017/18,Stoke City,Mame Biram Diouf,SEN,"MF,FW",29.0,1987.0,28.8,6,58.0,20,34.5,2.01,0.69,0.1,0.3,0,0,2017,shooting,Stoke City
ENG-Premier League,2017/18,Stoke City,Moritz Bauer,AUT,"DF,MF",25.0,1992.0,14.5,0,4.0,1,25.0,0.28,0.07,0.0,0.0,0,0,2017,shooting,Stoke City
ENG-Premier League,2017/18,Stoke City,Peter Crouch,ENG,FW,36.0,1981.0,17.4,5,23.0,9,39.1,1.32,0.52,0.22,0.56,0,0,2017,shooting,Stoke City
ENG-Premier League,2017/18,Stoke City,Ramadan Sobhi,EGY,MF,20.0,1997.0,13.8,2,13.0,6,46.2,0.95,0.44,0.15,0.33,0,0,2017,shooting,Stoke City
ENG-Premier League,2017/18,Stoke City,Ryan Shawcross,ENG,DF,29.0,1987.0,26.3,1,24.0,8,33.3,0.91,0.3,0.04,0.13,0,0,2017,shooting,Stoke City
ENG-Premier League,2017/18,Stoke City,Saido Berahino,BDI,FW,23.0,1993.0,5.5,0,10.0,4,40.0,1.82,0.73,0.0,0.0,0,1,2017,shooting,Stoke City
ENG-Premier League,2017/18,Stoke City,Stephen Ireland,IRL,MF,30.0,1986.0,1.5,0,3.0,0,0.0,2.06,0.0,0.0,,0,0,2017,shooting,Stoke City
ENG-Premier League,2017/18,Stoke City,Tom Edwards,ENG,"DF,MF",18.0,1999.0,5.3,0,1.0,0,0.0,0.19,0.0,0.0,,0,0,2017,shooting,Stoke City
ENG-Premier League,2017/18,Stoke City,Tyrese Campbell,ENG,"FW,MF",17.0,1999.0,0.9,0,2.0,1,50.0,2.28,1.14,0.0,0.0,0,0,2017,shooting,Stoke City
ENG-Premier League,2017/18,Stoke City,Xherdan Shaqiri,SUI,"MF,FW",25.0,1991.0,33.8,8,69.0,32,46.4,2.04,0.95,0.12,0.25,0,1,2017,shooting,Stoke City
ENG-Premier League,2017/18,Swansea City,Alfie Mawson,ENG,DF,23.0,1994.0,38.0,2,20.0,6,30.0,0.53,0.16,0.1,0.33,0,0,2017,shooting,Swansea City
ENG-Premier League,2017/18,Swansea City,André Ayew,GHA,"FW,MF",27.0,1989.0,10.6,0,13.0,7,53.8,1.23,0.66,0.0,0.0,0,0,2017,shooting,Swansea City
ENG-Premier League,2017/18,Swansea City,Andy King,WAL,MF,28.0,1988.0,7.9,2,8.0,4,50.0,1.01,0.5,0.25,0.5,0,0,2017,shooting,Swansea City
ENG-Premier League,2017/18,Swansea City,Connor Roberts,WAL,MF,21.0,1995.0,3.0,0,0.0,0,,0.0,0.0,,,0,0,2017,shooting,Swansea City
ENG-Premier League,2017/18,Swansea City,Federico Fernández,ARG,DF,28.0,1989.0,29.7,1,9.0,4,44.4,0.3,0.13,0.11,0.25,0,0,2017,shooting,Swansea City
ENG-Premier League,2017/18,Swansea City,Jay Fulton,SCO,MF,23.0,1994.0,0.2,0,0.0,0,,0.0,0.0,,,0,0,2017,shooting,Swansea City
ENG-Premier League,2017/18,Swansea City,Jordan Ayew,GHA,"FW,MF",25.0,1991.0,31.7,7,67.0,21,31.3,2.11,0.66,0.1,0.33,1,1,2017,shooting,Swansea City
ENG-Premier League,2017/18,Swansea City,Ki Sung-yueng,KOR,MF,28.0,1989.0,20.8,2,19.0,6,31.6,0.92,0.29,0.11,0.33,0,0,2017,shooting,Swansea City
ENG-Premier League,2017/18,Swansea City,Kyle Bartley,ENG,DF,26.0,1991.0,2.6,0,2.0,0,0.0,0.77,0.0,0.0,,0,0,2017,shooting,Swansea City
ENG-Premier League,2017/18,Swansea City,Kyle Naughton,ENG,"DF,MF",28.0,1988.0,33.7,0,12.0,1,8.3,0.36,0.03,0.0,0.0,0,0,2017,shooting,Swansea City
ENG-Premier League,2017/18,Swansea City,Leon Britton,ENG,MF,34.0,1982.0,3.4,0,0.0,0,,0.0,0.0,,,0,0,2017,shooting,Swansea City
ENG-Premier League,2017/18,Swansea City,Leroy Fer,NED,MF,27.0,1990.0,15.5,1,12.0,3,25.0,0.77,0.19,0.08,0.33,0,0,2017,shooting,Swansea City
ENG-Premier League,2017/18,Swansea City,Luciano Narsingh,NED,"FW,MF",26.0,1990.0,6.9,1,10.0,5,50.0,1.44,0.72,0.1,0.2,0,0,2017,shooting,Swansea City
ENG-Premier League,2017/18,Swansea City,Martin Olsson,SWE,"DF,MF",29.0,1988.0,35.0,0,17.0,1,5.9,0.49,0.03,0.0,0.0,0,0,2017,shooting,Swansea City
ENG-Premier League,2017/18,Swansea City,Mike van der Hoorn,NED,DF,24.0,1992.0,21.6,1,11.0,5,45.5,0.51,0.23,0.09,0.2,0,0,2017,shooting,Swansea City
ENG-Premier League,2017/18,Swansea City,Nathan Dyer,ENG,"FW,MF",29.0,1987.0,14.5,0,10.0,2,20.0,0.69,0.14,0.0,0.0,0,0,2017,shooting,Swansea City
ENG-Premier League,2017/18,Swansea City,Oliver McBurnie,SCO,FW,21.0,1996.0,3.1,0,5.0,3,60.0,1.63,0.98,0.0,0.0,0,0,2017,shooting,Swansea City
ENG-Premier League,2017/18,Swansea City,Renato Sanches,POR,"MF,FW",19.0,1997.0,7.8,0,12.0,0,0.0,1.54,0.0,0.0,,0,0,2017,shooting,Swansea City
ENG-Premier League,2017/18,Swansea City,Roque Mesa,ESP,MF,28.0,1989.0,8.4,0,8.0,1,12.5,0.95,0.12,0.0,0.0,0,0,2017,shooting,Swansea City
ENG-Premier League,2017/18,Swansea City,Sam Clucas,ENG,MF,26.0,1990.0,22.7,3,18.0,7,38.9,0.79,0.31,0.17,0.43,0,0,2017,shooting,Swansea City
ENG-Premier League,2017/18,Swansea City,Tammy Abraham,ENG,FW,19.0,1997.0,19.2,5,42.0,15,35.7,2.19,0.78,0.12,0.33,0,0,2017,shooting,Swansea City
ENG-Premier League,2017/18,Swansea City,Tom Carroll,ENG,MF,25.0,1992.0,28.6,0,20.0,3,15.0,0.7,0.11,0.0,0.0,0,0,2017,shooting,Swansea City
ENG-Premier League,2017/18,Swansea City,Wayne Routledge,ENG,"MF,FW",32.0,1985.0,4.8,0,5.0,2,40.0,1.05,0.42,0.0,0.0,0,0,2017,shooting,Swansea City
ENG-Premier League,2017/18,Swansea City,Wilfried Bony,CIV,FW,28.0,1988.0,7.9,2,19.0,7,36.8,2.42,0.89,0.11,0.29,0,0,2017,shooting,Swansea City
ENG-Premier League,2017/18,Swansea City,Àngel Rangel,ESP,DF,34.0,1982.0,1.7,0,0.0,0,,0.0,0.0,,,0,0,2017,shooting,Swansea City
ENG-Premier League,2017/18,Swansea City,Łukasz Fabiański,POL,GK,32.0,1985.0,38.0,0,0.0,0,,0.0,0.0,,,0,0,2017,shooting,Swansea City
ENG-Premier League,2017/18,Tottenham,Ben Davies,WAL,"DF,MF",24.0,1993.0,25.8,2,18.0,6,33.3,0.7,0.23,0.11,0.33,0,0,2017,shooting,Tottenham Hotspur
ENG-Premier League,2017/18,Tottenham,Christian Eriksen,DEN,MF,25.0,1992.0,35.8,10,98.0,39,39.8,2.74,1.09,0.1,0.26,0,0,2017,shooting,Tottenham Hotspur
ENG-Premier League,2017/18,Tottenham,Danny Rose,ENG,"DF,MF",27.0,1990.0,8.9,0,7.0,1,14.3,0.79,0.11,0.0,0.0,0,0,2017,shooting,Tottenham Hotspur
ENG-Premier League,2017/18,Tottenham,Davinson Sánchez,COL,DF,21.0,1996.0,28.2,0,9.0,1,11.1,0.32,0.04,0.0,0.0,0,0,2017,shooting,Tottenham Hotspur
ENG-Premier League,2017/18,Tottenham,Dele Alli,ENG,MF,21.0,1996.0,32.9,9,68.0,17,25.0,2.07,0.52,0.13,0.53,0,0,2017,shooting,Tottenham Hotspur
ENG-Premier League,2017/18,Tottenham,Eric Dier,ENG,"MF,DF",23.0,1994.0,31.4,0,32.0,7,21.9,1.02,0.22,0.0,0.0,0,0,2017,shooting,Tottenham Hotspur
ENG-Premier League,2017/18,Tottenham,Fernando Llorente,ESP,FW,32.0,1985.0,2.6,1,6.0,2,33.3,2.27,0.76,0.17,0.5,0,0,2017,shooting,Tottenham Hotspur
ENG-Premier League,2017/18,Tottenham,Georges-Kévin N'Koudou,CMR,"FW,MF",22.0,1995.0,0.0,0,0.0,0,,0.0,0.0,,,0,0,2017,shooting,Tottenham Hotspur
ENG-Premier League,2017/18,Tottenham,Harry Kane,ENG,FW,24.0,1993.0,34.2,30,183.0,76,41.5,5.35,2.22,0.16,0.39,2,3,2017,shooting,Tottenham Hotspur
ENG-Premier League,2017/18,Tottenham,Harry Winks,ENG,MF,21.0,1996.0,8.6,0,3.0,0,0.0,0.35,0.0,0.0,,0,0,2017,shooting,Tottenham Hotspur
ENG-Premier League,2017/18,Tottenham,Hugo Lloris,FRA,GK,30.0,1986.0,36.0,0,0.0,0,,0.0,0.0,,,0,0,2017,shooting,Tottenham Hotspur
ENG-Premier League,2017/18,Tottenham,Jan Vertonghen,BEL,DF,30.0,1987.0,35.6,0,24.0,4,16.7,0.67,0.11,0.0,0.0,0,0,2017,shooting,Tottenham Hotspur
ENG-Premier League,2017/18,Tottenham,Kieran Trippier,ENG,"DF,MF",26.0,1990.0,21.3,0,7.0,1,14.3,0.33,0.05,0.0,0.0,0,0,2017,shooting,Tottenham Hotspur
ENG-Premier League,2017/18,Tottenham,Kyle Walker-Peters,ENG,DF,20.0,1997.0,2.1,0,0.0,0,,0.0,0.0,,,0,0,2017,shooting,Tottenham Hotspur
ENG-Premier League,2017/18,Tottenham,Lucas Moura,BRA,MF,24.0,1992.0,2.3,0,5.0,2,40.0,2.14,0.86,0.0,0.0,0,0,2017,shooting,Tottenham Hotspur
ENG-Premier League,2017/18,Tottenham,Michel Vorm,NED,GK,33.0,1983.0,1.0,0,0.0,0,,0.0,0.0,,,0,0,2017,shooting,Tottenham Hotspur
ENG-Premier League,2017/18,Tottenham,Mousa Dembélé,BEL,MF,30.0,1987.0,20.9,0,11.0,3,27.3,0.53,0.14,0.0,0.0,0,0,2017,shooting,Tottenham Hotspur
ENG-Premier League,2017/18,Tottenham,Moussa Sissoko,FRA,MF,27.0,1989.0,15.6,1,19.0,8,42.1,1.22,0.51,0.05,0.13,0,0,2017,shooting,Tottenham Hotspur
ENG-Premier League,2017/18,Tottenham,Paulo Gazzaniga,ARG,GK,25.0,1992.0,1.0,0,0.0,0,,0.0,0.0,,,0,0,2017,shooting,Tottenham Hotspur
ENG-Premier League,2017/18,Tottenham,Serge Aurier,CIV,"DF,MF",24.0,1992.0,15.9,2,15.0,6,40.0,0.95,0.38,0.13,0.33,0,0,2017,shooting,Tottenham Hotspur
ENG-Premier League,2017/18,Tottenham,Son Heung-min,KOR,"MF,FW",25.0,1992.0,25.6,12,75.0,34,45.3,2.93,1.33,0.16,0.35,0,0,2017,shooting,Tottenham Hotspur
ENG-Premier League,2017/18,Tottenham,Toby Alderweireld,BEL,DF,28.0,1989.0,13.1,0,10.0,1,10.0,0.76,0.08,0.0,0.0,0,0,2017,shooting,Tottenham Hotspur
ENG-Premier League,2017/18,Tottenham,Victor Wanyama,KEN,MF,26.0,1991.0,9.4,1,12.0,3,25.0,1.28,0.32,0.08,0.33,0,0,2017,shooting,Tottenham Hotspur
ENG-Premier League,2017/18,Tottenham,Vincent Janssen,NED,FW,23.0,1994.0,0.0,0,0.0,0,,0.0,0.0,,,0,0,2017,shooting,Tottenham Hotspur
ENG-Premier League,2017/18,Tottenham,Érik Lamela,ARG,MF,25.0,1992.0,9.4,2,20.0,6,30.0,2.14,0.64,0.1,0.33,0,0,2017,shooting,Tottenham Hotspur
ENG-Premier League,2017/18,Watford,Abdoulaye Doucouré,MLI,MF,24.0,1993.0,36.9,7,47.0,17,36.2,1.27,0.46,0.15,0.41,0,0,2017,shooting,Watford
ENG-Premier League,2017/18,Watford,Adrian Mariappa,JAM,DF,30.0,1986.0,24.6,0,10.0,2,20.0,0.41,0.08,0.0,0.0,0,0,2017,shooting,Watford
ENG-Premier League,2017/18,Watford,Andre Gray,JAM,FW,26.0,1991.0,16.6,5,34.0,13,38.2,2.04,0.78,0.15,0.38,0,0,2017,shooting,Watford
ENG-Premier League,2017/18,Watford,André Carrillo,PER,"MF,FW",26.0,1991.0,17.1,1,24.0,3,12.5,1.4,0.18,0.04,0.33,0,0,2017,shooting,Watford
ENG-Premier League,2017/18,Watford,Ben Watson,ENG,MF,32.0,1985.0,5.1,0,1.0,0,0.0,0.2,0.0,0.0,,0,0,2017,shooting,Watford
ENG-Premier League,2017/18,Watford,Christian Kabasele,BEL,DF,26.0,1991.0,25.9,2,10.0,5,50.0,0.39,0.19,0.2,0.4,0,0,2017,shooting,Watford
ENG-Premier League,2017/18,Watford,Craig Cathcart,NIR,DF,28.0,1989.0,5.8,0,2.0,1,50.0,0.34,0.17,0.0,0.0,0,0,2017,shooting,Watford
ENG-Premier League,2017/18,Watford,Daryl Janmaat,NED,"DF,MF",28.0,1989.0,20.2,3,24.0,10,41.7,1.19,0.49,0.13,0.3,0,0,2017,shooting,Watford
ENG-Premier League,2017/18,Watford,Dodi Lukebakio,BEL,"FW,MF",19.0,1997.0,0.2,0,1.0,0,0.0,5.63,0.0,0.0,,0,0,2017,shooting,Watford
ENG-Premier League,2017/18,Watford,Gerard Deulofeu,ESP,"MF,FW",23.0,1994.0,4.8,1,9.0,4,44.4,1.86,0.83,0.11,0.25,0,0,2017,shooting,Watford
ENG-Premier League,2017/18,Watford,Heurelho Gomes,BRA,GK,36.0,1981.0,23.6,0,0.0,0,,0.0,0.0,,,0,0,2017,shooting,Watford
ENG-Premier League,2017/18,Watford,Jerome Sinclair,ENG,FW,20.0,1996.0,0.3,0,0.0,0,,0.0,0.0,,,0,0,2017,shooting,Watford
ENG-Premier League,2017/18,Watford,José Holebas,GRE,"DF,MF",33.0,1984.0,26.5,0,17.0,3,17.6,0.64,0.11,0.0,0.0,0,0,2017,shooting,Watford
ENG-Premier League,2017/18,Watford,Kiko Femenía,ESP,"MF,DF",26.0,1991.0,19.0,1,9.0,3,33.3,0.47,0.16,0.11,0.33,0,0,2017,shooting,Watford
ENG-Premier League,2017/18,Watford,Marvin Zeegelaar,NED,"MF,DF",26.0,1990.0,11.0,0,0.0,0,,0.0,0.0,,,0,0,2017,shooting,Watford
ENG-Premier League,2017/18,Watford,Miguel Britos,URU,DF,32.0,1985.0,8.9,1,4.0,2,50.0,0.45,0.23,0.25,0.5,0,0,2017,shooting,Watford
ENG-Premier League,2017/18,Watford,Molla Wagué,MLI,DF,26.0,1991.0,4.9,1,3.0,1,33.3,0.62,0.21,0.33,1.0,0,0,2017,shooting,Watford
ENG-Premier League,2017/18,Watford,Nathaniel Chalobah,ENG,MF,22.0,1994.0,5.0,0,12.0,4,33.3,2.42,0.81,0.0,0.0,0,0,2017,shooting,Watford
ENG-Premier League,2017/18,Watford,Nordin Amrabat,MAR,FW,30.0,1987.0,2.2,0,1.0,0,0.0,0.45,0.0,0.0,,0,0,2017,shooting,Watford
ENG-Premier League,2017/18,Watford,Orestis Karnezis,GRE,GK,32.0,1985.0,14.4,0,0.0,0,,0.0,0.0,,,0,0,2017,shooting,Watford
ENG-Premier League,2017/18,Watford,Richarlison,BRA,"MF,FW",20.0,1997.0,31.4,5,96.0,24,25.0,3.06,0.77,0.05,0.21,0,0,2017,shooting,Watford
ENG-Premier League,2017/18,Watford,Roberto Pereyra,ARG,"MF,FW",26.0,1991.0,18.0,5,33.0,13,39.4,1.83,0.72,0.15,0.38,0,0,2017,shooting,Watford
ENG-Premier League,2017/18,Watford,Sebastian Prödl,AUT,DF,30.0,1987.0,17.4,0,8.0,1,12.5,0.46,0.06,0.0,0.0,0,0,2017,shooting,Watford
ENG-Premier League,2017/18,Watford,Stefano Okaka,ITA,FW,27.0,1989.0,5.0,1,10.0,3,30.0,1.99,0.6,0.1,0.33,0,0,2017,shooting,Watford
ENG-Premier League,2017/18,Watford,Tom Cleverley,ENG,MF,27.0,1989.0,21.1,1,16.0,3,18.8,0.76,0.14,0.06,0.33,0,1,2017,shooting,Watford
ENG-Premier League,2017/18,Watford,Troy Deeney,ENG,FW,29.0,1988.0,20.5,5,36.0,15,41.7,1.76,0.73,0.14,0.33,3,5,2017,shooting,Watford
ENG-Premier League,2017/18,Watford,Will Hughes,ENG,MF,22.0,1995.0,11.0,2,12.0,4,33.3,1.09,0.36,0.17,0.5,0,0,2017,shooting,Watford
ENG-Premier League,2017/18,Watford,Younès Kaboul,FRA,DF,31.0,1986.0,1.7,0,0.0,0,,0.0,0.0,,,0,0,2017,shooting,Watford
ENG-Premier League,2017/18,Watford,Étienne Capoue,FRA,MF,29.0,1988.0,17.1,1,23.0,3,13.0,1.34,0.18,0.04,0.33,0,0,2017,shooting,Watford
ENG-Premier League,2017/18,West Brom,Ahmed Hegazi,EGY,DF,26.0,1991.0,37.6,2,14.0,4,28.6,0.37,0.11,0.14,0.5,0,0,2017,shooting,West Bromwich Albion
ENG-Premier League,2017/18,West Brom,Allan Nyom,CMR,"DF,MF",29.0,1988.0,25.7,0,3.0,0,0.0,0.12,0.0,0.0,,0,0,2017,shooting,West Bromwich Albion
ENG-Premier League,2017/18,West Brom,Ben Foster,ENG,GK,34.0,1983.0,37.0,0,0.0,0,,0.0,0.0,,,0,0,2017,shooting,West Bromwich Albion
ENG-Premier League,2017/18,West Brom,Boaz Myhill,WAL,GK,34.0,1982.0,1.0,0,0.0,0,,0.0,0.0,,,0,0,2017,shooting,West Bromwich Albion
ENG-Premier League,2017/18,West Brom,Chris Brunt,NIR,"MF,DF",32.0,1984.0,21.3,0,26.0,5,19.2,1.22,0.23,0.0,0.0,0,0,2017,shooting,West Bromwich Albion
ENG-Premier League,2017/18,West Brom,Claudio Yacob,ARG,MF,30.0,1987.0,10.0,0,7.0,1,14.3,0.7,0.1,0.0,0.0,0,0,2017,shooting,West Bromwich Albion
ENG-Premier League,2017/18,West Brom,Craig Dawson,ENG,DF,27.0,1990.0,27.9,2,16.0,4,25.0,0.57,0.14,0.13,0.5,0,0,2017,shooting,West Bromwich Albion
ENG-Premier League,2017/18,West Brom,Daniel Sturridge,ENG,FW,27.0,1989.0,1.3,0,3.0,2,66.7,2.29,1.53,0.0,0.0,0,0,2017,shooting,West Bromwich Albion
ENG-Premier League,2017/18,West Brom,Gareth Barry,ENG,MF,36.0,1981.0,21.4,1,16.0,6,37.5,0.75,0.28,0.06,0.17,0,0,2017,shooting,West Bromwich Albion
ENG-Premier League,2017/18,West Brom,Gareth McAuley,NIR,DF,37.0,1979.0,5.1,0,0.0,0,,0.0,0.0,,,0,0,2017,shooting,West Bromwich Albion
ENG-Premier League,2017/18,West Brom,Grzegorz Krychowiak,POL,MF,27.0,1990.0,18.2,0,17.0,3,17.6,0.93,0.16,0.0,0.0,0,0,2017,shooting,West Bromwich Albion
ENG-Premier League,2017/18,West Brom,Hal Robson-Kanu,WAL,FW,28.0,1989.0,9.2,2,19.0,8,42.1,2.07,0.87,0.11,0.25,0,0,2017,shooting,West Bromwich Albion
ENG-Premier League,2017/18,West Brom,Jake Livermore,ENG,MF,27.0,1989.0,29.7,2,15.0,4,26.7,0.5,0.13,0.13,0.5,0,0,2017,shooting,West Bromwich Albion
ENG-Premier League,2017/18,West Brom,James McClean,IRL,"MF,FW",28.0,1989.0,15.6,1,30.0,6,20.0,1.92,0.38,0.03,0.17,0,0,2017,shooting,West Bromwich Albion
ENG-Premier League,2017/18,West Brom,James Morrison,SCO,MF,31.0,1986.0,2.3,1,4.0,2,50.0,1.74,0.87,0.25,0.5,0,0,2017,shooting,West Bromwich Albion
ENG-Premier League,2017/18,West Brom,Jay Rodriguez,ENG,"FW,MF",28.0,1989.0,31.2,7,69.0,25,36.2,2.21,0.8,0.1,0.28,1,1,2017,shooting,West Bromwich Albion
ENG-Premier League,2017/18,West Brom,Jonny Evans,NIR,DF,29.0,1988.0,25.2,2,10.0,5,50.0,0.4,0.2,0.2,0.4,0,0,2017,shooting,West Bromwich Albion
ENG-Premier League,2017/18,West Brom,Kieran Gibbs,ENG,"DF,MF",27.0,1989.0,31.4,0,9.0,1,11.1,0.29,0.03,0.0,0.0,0,0,2017,shooting,West Bromwich Albion
ENG-Premier League,2017/18,West Brom,Matt Phillips,SCO,MF,26.0,1991.0,23.3,2,28.0,8,28.6,1.2,0.34,0.07,0.25,0,0,2017,shooting,West Bromwich Albion
ENG-Premier League,2017/18,West Brom,Nacer Chadli,BEL,"MF,FW",27.0,1989.0,2.4,1,4.0,2,50.0,1.67,0.84,0.25,0.5,0,0,2017,shooting,West Bromwich Albion
ENG-Premier League,2017/18,West Brom,Oliver Burke,SCO,FW,20.0,1997.0,4.1,0,4.0,0,0.0,0.98,0.0,0.0,,0,0,2017,shooting,West Bromwich Albion
ENG-Premier League,2017/18,West Brom,Rekeem Harper,ENG,MF,17.0,2000.0,0.2,0,0.0,0,,0.0,0.0,,,0,0,2017,shooting,West Bromwich Albion
ENG-Premier League,2017/18,West Brom,Salomón Rondón,VEN,FW,27.0,1989.0,30.7,7,78.0,29,37.2,2.54,0.94,0.09,0.24,0,0,2017,shooting,West Bromwich Albion
ENG-Premier League,2017/18,West Brom,Sam Field,ENG,MF,19.0,1998.0,6.0,1,5.0,1,20.0,0.84,0.17,0.2,1.0,0,0,2017,shooting,West Bromwich Albion
ENG-Premier League,2017/18,West Ham,Aaron Cresswell,ENG,"DF,MF",27.0,1989.0,34.1,1,21.0,3,14.3,0.62,0.09,0.05,0.33,0,0,2017,shooting,West Ham United
ENG-Premier League,2017/18,West Ham,Adrián,ESP,GK,30.0,1987.0,19.0,0,0.0,0,,0.0,0.0,,,0,0,2017,shooting,West Ham United
ENG-Premier League,2017/18,West Ham,André Ayew,GHA,"MF,FW",27.0,1989.0,9.9,3,13.0,5,38.5,1.31,0.5,0.23,0.6,0,1,2017,shooting,West Ham United
ENG-Premier League,2017/18,West Ham,Andy Carroll,ENG,FW,28.0,1989.0,8.3,3,28.0,8,28.6,3.36,0.96,0.11,0.38,0,0,2017,shooting,West Ham United
ENG-Premier League,2017/18,West Ham,Angelo Ogbonna,ITA,DF,29.0,1988.0,32.0,1,9.0,3,33.3,0.28,0.09,0.11,0.33,0,0,2017,shooting,West Ham United
ENG-Premier League,2017/18,West Ham,Arthur Masuaku,COD,"MF,DF",23.0,1993.0,20.8,0,9.0,3,33.3,0.43,0.14,0.0,0.0,0,0,2017,shooting,West Ham United
ENG-Premier League,2017/18,West Ham,Cheikhou Kouyaté,SEN,MF,27.0,1989.0,31.1,2,23.0,5,21.7,0.74,0.16,0.09,0.4,0,0,2017,shooting,West Ham United
ENG-Premier League,2017/18,West Ham,Declan Rice,ENG,"DF,MF",18.0,1999.0,15.9,0,5.0,0,0.0,0.31,0.0,0.0,,0,0,2017,shooting,West Ham United
ENG-Premier League,2017/18,West Ham,Diafra Sakho,SEN,FW,27.0,1989.0,3.4,2,9.0,3,33.3,2.65,0.88,0.22,0.67,0,0,2017,shooting,West Ham United
ENG-Premier League,2017/18,West Ham,Edimilson Fernandes,SUI,MF,21.0,1996.0,9.4,0,7.0,1,14.3,0.75,0.11,0.0,0.0,0,0,2017,shooting,West Ham United
ENG-Premier League,2017/18,West Ham,James Collins,WAL,DF,33.0,1983.0,11.7,1,4.0,1,25.0,0.34,0.09,0.25,1.0,0,0,2017,shooting,West Ham United
ENG-Premier League,2017/18,West Ham,Javier Hernández,MEX,FW,29.0,1988.0,17.2,8,29.0,16,55.2,1.69,0.93,0.28,0.5,0,0,2017,shooting,West Ham United
ENG-Premier League,2017/18,West Ham,Joe Hart,ENG,GK,30.0,1987.0,19.0,0,0.0,0,,0.0,0.0,,,0,0,2017,shooting,West Ham United
ENG-Premier League,2017/18,West Ham,Jordan Hugill,ENG,FW,25.0,1992.0,0.3,0,0.0,0,,0.0,0.0,,,0,0,2017,shooting,West Ham United
ENG-Premier League,2017/18,West Ham,Josh Cullen,IRL,"DF,MF",21.0,1996.0,0.1,0,0.0,0,,0.0,0.0,,,0,0,2017,shooting,West Ham United
ENG-Premier League,2017/18,West Ham,José Fonte,POR,DF,33.0,1983.0,7.6,0,8.0,1,12.5,1.05,0.13,0.0,0.0,0,0,2017,shooting,West Ham United
ENG-Premier League,2017/18,West Ham,João Mário,POR,MF,24.0,1993.0,11.4,2,16.0,4,25.0,1.41,0.35,0.13,0.5,0,0,2017,shooting,West Ham United
ENG-Premier League,2017/18,West Ham,Manuel Lanzini,ARG,"MF,FW",24.0,1993.0,22.7,5,44.0,18,40.9,1.94,0.79,0.11,0.28,0,1,2017,shooting,West Ham United
ENG-Premier League,2017/18,West Ham,Mark Noble,ENG,MF,30.0,1987.0,26.7,4,15.0,6,40.0,0.56,0.23,0.27,0.67,2,2,2017,shooting,West Ham United
ENG-Premier League,2017/18,West Ham,Marko Arnautović,AUT,"FW,MF",28.0,1989.0,25.7,11,71.0,33,46.5,2.76,1.28,0.15,0.33,0,0,2017,shooting,West Ham United
ENG-Premier League,2017/18,West Ham,Michail Antonio,JAM,"MF,FW",27.0,1990.0,15.0,3,34.0,15,44.1,2.26,1.0,0.09,0.2,0,0,2017,shooting,West Ham United
ENG-Premier League,2017/18,West Ham,Pablo Zabaleta,ARG,"MF,DF",32.0,1985.0,36.5,0,7.0,1,14.3,0.19,0.03,0.0,0.0,0,0,2017,shooting,West Ham United
ENG-Premier League,2017/18,West Ham,Patrice Evra,FRA,"DF,MF",36.0,1981.0,2.5,0,0.0,0,,0.0,0.0,,,0,0,2017,shooting,West Ham United
ENG-Premier League,2017/18,West Ham,Pedro Obiang,EQG,MF,25.0,1992.0,17.4,2,13.0,5,38.5,0.75,0.29,0.15,0.4,0,0,2017,shooting,West Ham United
ENG-Premier League,2017/18,West Ham,Reece Oxford,ENG,DF,18.0,1998.0,0.1,0,0.0,0,,0.0,0.0,,,0,0,2017,shooting,West Ham United
ENG-Premier League,2017/18,West Ham,Sam Byram,ENG,MF,23.0,1993.0,2.8,0,4.0,0,0.0,1.45,0.0,0.0,,0,0,2017,shooting,West Ham United
ENG-Premier League,2017/18,West Ham,Winston Reid,NZL,DF,29.0,1988.0,16.1,0,5.0,0,0.0,0.31,0.0,0.0,,0,0,2017,shooting,West Ham United
ENG-Premier League,2018/19,Arsenal,Aaron Ramsey,WAL,MF,27.0,1990.0,14.8,4,33.0,14,42.4,2.23,0.95,0.12,0.29,0,0,2018,shooting,Arsenal
ENG-Premier League,2018/19,Arsenal,Ainsley Maitland-Niles,ENG,"MF,DF",20.0,1997.0,11.0,1,5.0,3,60.0,0.46,0.27,0.2,0.33,0,0,2018,shooting,Arsenal
ENG-Premier League,2018/19,Arsenal,Alex Iwobi,NGA,"MF,FW",22.0,1996.0,21.9,3,35.0,14,40.0,1.6,0.64,0.09,0.21,0,0,2018,shooting,Arsenal
ENG-Premier League,2018/19,Arsenal,Alexandre Lacazette,FRA,FW,27.0,1991.0,27.8,13,83.0,32,38.6,2.99,1.15,0.16,0.41,0,0,2018,shooting,Arsenal
ENG-Premier League,2018/19,Arsenal,Bernd Leno,GER,GK,26.0,1992.0,31.5,0,0.0,0,,0.0,0.0,,,0,0,2018,shooting,Arsenal
ENG-Premier League,2018/19,Arsenal,Bukayo Saka,ENG,"FW,MF",16.0,2001.0,0.1,0,0.0,0,,0.0,0.0,,,0,0,2018,shooting,Arsenal
ENG-Premier League,2018/19,Arsenal,Carl Jenkinson,ENG,MF,26.0,1992.0,1.8,0,0.0,0,,0.0,0.0,,,0,0,2018,shooting,Arsenal
ENG-Premier League,2018/19,Arsenal,Danny Welbeck,ENG,MF,27.0,1990.0,1.7,1,4.0,2,50.0,2.35,1.18,0.25,0.5,0,0,2018,shooting,Arsenal
ENG-Premier League,2018/19,Arsenal,Denis Suárez,ESP,MF,24.0,1994.0,0.8,0,0.0,0,,0.0,0.0,,,0,0,2018,shooting,Arsenal
ENG-Premier League,2018/19,Arsenal,Eddie Nketiah,ENG,FW,19.0,1999.0,0.7,1,3.0,1,33.3,4.03,1.34,0.33,1.0,0,0,2018,shooting,Arsenal
ENG-Premier League,2018/19,Arsenal,Granit Xhaka,SUI,MF,25.0,1992.0,27.8,4,29.0,12,41.4,1.04,0.43,0.14,0.33,0,0,2018,shooting,Arsenal
ENG-Premier League,2018/19,Arsenal,Henrikh Mkhitaryan,ARM,"MF,FW",29.0,1989.0,18.2,6,49.0,14,28.6,2.69,0.77,0.12,0.43,0,0,2018,shooting,Arsenal
ENG-Premier League,2018/19,Arsenal,Héctor Bellerín,ESP,"DF,MF",23.0,1995.0,17.0,0,18.0,4,22.2,1.06,0.23,0.0,0.0,0,0,2018,shooting,Arsenal
ENG-Premier League,2018/19,Arsenal,Joe Willock,ENG,MF,18.0,1999.0,0.7,0,2.0,0,0.0,2.81,0.0,0.0,,0,0,2018,shooting,Arsenal
ENG-Premier League,2018/19,Arsenal,Konstantinos Mavropanos,GRE,DF,20.0,1997.0,1.6,0,2.0,0,0.0,1.22,0.0,0.0,,0,0,2018,shooting,Arsenal
ENG-Premier League,2018/19,Arsenal,Laurent Koscielny,FRA,DF,32.0,1985.0,14.8,3,5.0,4,80.0,0.34,0.27,0.6,0.75,0,0,2018,shooting,Arsenal
ENG-Premier League,2018/19,Arsenal,Lucas Torreira,URU,MF,22.0,1996.0,26.5,2,25.0,6,24.0,0.94,0.23,0.08,0.33,0,0,2018,shooting,Arsenal
ENG-Premier League,2018/19,Arsenal,Mattéo Guendouzi,FRA,MF,19.0,1999.0,23.9,0,16.0,3,18.8,0.67,0.13,0.0,0.0,0,0,2018,shooting,Arsenal
ENG-Premier League,2018/19,Arsenal,Mesut Özil,GER,MF,29.0,1988.0,19.3,5,11.0,6,54.5,0.57,0.31,0.45,0.83,0,0,2018,shooting,Arsenal
ENG-Premier League,2018/19,Arsenal,Mohamed Elneny,EGY,MF,26.0,1992.0,4.2,0,7.0,0,0.0,1.66,0.0,0.0,,0,0,2018,shooting,Arsenal
ENG-Premier League,2018/19,Arsenal,Nacho Monreal,ESP,DF,32.0,1986.0,20.7,1,9.0,4,44.4,0.44,0.19,0.11,0.25,0,0,2018,shooting,Arsenal
ENG-Premier League,2018/19,Arsenal,Petr Čech,CZE,GK,36.0,1982.0,6.5,0,0.0,0,,0.0,0.0,,,0,0,2018,shooting,Arsenal
ENG-Premier League,2018/19,Arsenal,Pierre-Emerick Aubameyang,GAB,"FW,MF",29.0,1989.0,30.3,22,93.0,40,43.0,3.07,1.32,0.24,0.55,4,5,2018,shooting,Arsenal
ENG-Premier League,2018/19,Arsenal,Rob Holding,ENG,DF,22.0,1995.0,9.0,0,2.0,0,0.0,0.22,0.0,0.0,,0,0,2018,shooting,Arsenal
ENG-Premier League,2018/19,Arsenal,Sead Kolašinac,BIH,"MF,DF",25.0,1993.0,21.0,0,9.0,2,22.2,0.43,0.1,0.0,0.0,0,0,2018,shooting,Arsenal
ENG-Premier League,2018/19,Arsenal,Shkodran Mustafi,GER,DF,26.0,1992.0,29.0,2,18.0,9,50.0,0.62,0.31,0.11,0.22,0,0,2018,shooting,Arsenal
ENG-Premier League,2018/19,Arsenal,Sokratis Papastathopoulos,GRE,DF,30.0,1988.0,24.4,1,11.0,2,18.2,0.45,0.08,0.09,0.5,0,0,2018,shooting,Arsenal
ENG-Premier League,2018/19,Arsenal,Stephan Lichtsteiner,SUI,DF,34.0,1984.0,10.4,0,1.0,0,0.0,0.1,0.0,0.0,,0,0,2018,shooting,Arsenal
ENG-Premier League,2018/19,Bournemouth,Adam Smith,ENG,"DF,MF",27.0,1991.0,23.0,1,7.0,1,14.3,0.3,0.04,0.14,1.0,0,0,2018,shooting,AFC Bournemouth
ENG-Premier League,2018/19,Bournemouth,Andrew Surman,ENG,MF,31.0,1986.0,16.0,0,9.0,1,11.1,0.56,0.06,0.0,0.0,0,0,2018,shooting,AFC Bournemouth
ENG-Premier League,2018/19,Bournemouth,Artur Boruc,POL,GK,38.0,1980.0,12.0,0,0.0,0,,0.0,0.0,,,0,0,2018,shooting,AFC Bournemouth
ENG-Premier League,2018/19,Bournemouth,Asmir Begović,BIH,GK,31.0,1987.0,24.0,0,0.0,0,,0.0,0.0,,,0,0,2018,shooting,AFC Bournemouth
ENG-Premier League,2018/19,Bournemouth,Callum Wilson,ENG,FW,26.0,1992.0,28.1,14,65.0,30,46.2,2.31,1.07,0.22,0.47,1,2,2018,shooting,AFC Bournemouth
ENG-Premier League,2018/19,Bournemouth,Charlie Daniels,ENG,"DF,MF",31.0,1986.0,17.6,1,12.0,3,25.0,0.68,0.17,0.08,0.33,0,0,2018,shooting,AFC Bournemouth
ENG-Premier League,2018/19,Bournemouth,Chris Mepham,WAL,DF,20.0,1997.0,9.4,0,2.0,0,0.0,0.21,0.0,0.0,,0,0,2018,shooting,AFC Bournemouth
ENG-Premier League,2018/19,Bournemouth,Dan Gosling,ENG,MF,28.0,1990.0,19.3,2,21.0,7,33.3,1.09,0.36,0.1,0.29,0,0,2018,shooting,AFC Bournemouth
ENG-Premier League,2018/19,Bournemouth,David Brooks,WAL,MF,21.0,1997.0,25.1,7,41.0,20,48.8,1.63,0.8,0.17,0.35,0,0,2018,shooting,AFC Bournemouth
ENG-Premier League,2018/19,Bournemouth,Diego Rico,ESP,"DF,MF",25.0,1993.0,6.8,0,9.0,0,0.0,1.32,0.0,0.0,,0,0,2018,shooting,AFC Bournemouth
ENG-Premier League,2018/19,Bournemouth,Dominic Solanke,ENG,FW,20.0,1997.0,3.9,0,11.0,3,27.3,2.85,0.78,0.0,0.0,0,0,2018,shooting,AFC Bournemouth
ENG-Premier League,2018/19,Bournemouth,Emerson Hyndman,USA,MF,22.0,1996.0,0.4,0,0.0,0,,0.0,0.0,,,0,0,2018,shooting,AFC Bournemouth
ENG-Premier League,2018/19,Bournemouth,Jack Simpson,ENG,DF,21.0,1996.0,4.5,0,2.0,1,50.0,0.45,0.22,0.0,0.0,0,0,2018,shooting,AFC Bournemouth
ENG-Premier League,2018/19,Bournemouth,Jefferson Lerma,COL,MF,23.0,1994.0,27.8,2,31.0,8,25.8,1.11,0.29,0.06,0.25,0,0,2018,shooting,AFC Bournemouth
ENG-Premier League,2018/19,Bournemouth,Jermain Defoe,ENG,FW,35.0,1982.0,0.3,0,1.0,1,100.0,3.6,3.6,0.0,0.0,0,0,2018,shooting,AFC Bournemouth
ENG-Premier League,2018/19,Bournemouth,Jordon Ibe,ENG,MF,22.0,1995.0,8.9,1,9.0,3,33.3,1.02,0.34,0.11,0.33,0,0,2018,shooting,AFC Bournemouth
ENG-Premier League,2018/19,Bournemouth,Joshua King,NOR,"FW,MF",26.0,1992.0,32.9,12,72.0,23,31.9,2.19,0.7,0.17,0.52,5,6,2018,shooting,AFC Bournemouth
ENG-Premier League,2018/19,Bournemouth,Junior Stanislas,ENG,"MF,DF",28.0,1989.0,11.5,2,34.0,10,29.4,2.97,0.87,0.06,0.2,1,1,2018,shooting,AFC Bournemouth
ENG-Premier League,2018/19,Bournemouth,Lewis Cook,ENG,MF,21.0,1997.0,8.0,0,4.0,0,0.0,0.5,0.0,0.0,,0,0,2018,shooting,AFC Bournemouth
ENG-Premier League,2018/19,Bournemouth,Lys Mousset,FRA,FW,22.0,1996.0,4.1,1,12.0,7,58.3,2.93,1.71,0.08,0.14,0,0,2018,shooting,AFC Bournemouth
ENG-Premier League,2018/19,Bournemouth,Mark Travers,IRL,GK,19.0,1999.0,2.0,0,0.0,0,,0.0,0.0,,,0,0,2018,shooting,AFC Bournemouth
ENG-Premier League,2018/19,Bournemouth,Nathan Aké,NED,DF,23.0,1995.0,37.9,4,25.0,8,32.0,0.66,0.21,0.16,0.5,0,0,2018,shooting,AFC Bournemouth
ENG-Premier League,2018/19,Bournemouth,Nathaniel Clyne,ENG,DF,27.0,1991.0,12.7,0,2.0,0,0.0,0.16,0.0,0.0,,0,0,2018,shooting,AFC Bournemouth
ENG-Premier League,2018/19,Bournemouth,Ryan Fraser,SCO,MF,24.0,1994.0,35.2,7,51.0,25,49.0,1.45,0.71,0.14,0.28,0,0,2018,shooting,AFC Bournemouth
ENG-Premier League,2018/19,Bournemouth,Sam Surridge,ENG,FW,20.0,1998.0,0.1,0,2.0,1,50.0,13.85,6.92,0.0,0.0,0,0,2018,shooting,AFC Bournemouth
ENG-Premier League,2018/19,Bournemouth,Simon Francis,ENG,DF,33.0,1985.0,13.7,0,4.0,1,25.0,0.29,0.07,0.0,0.0,0,0,2018,shooting,AFC Bournemouth
ENG-Premier League,2018/19,Bournemouth,Steve Cook,ENG,DF,27.0,1991.0,31.0,1,21.0,9,42.9,0.68,0.29,0.05,0.11,0,0,2018,shooting,AFC Bournemouth
ENG-Premier League,2018/19,Bournemouth,Tyrone Mings,ENG,DF,25.0,1993.0,1.6,0,0.0,0,,0.0,0.0,,,0,0,2018,shooting,AFC Bournemouth
ENG-Premier League,2018/19,Brighton,Alireza Jahanbakhsh,IRN,"MF,FW",24.0,1993.0,11.3,0,21.0,6,28.6,1.85,0.53,0.0,0.0,0,0,2018,shooting,Brighton & Hove Albion
ENG-Premier League,2018/19,Brighton,Anthony Knockaert,FRA,"MF,FW",26.0,1991.0,20.4,2,27.0,9,33.3,1.32,0.44,0.07,0.22,0,0,2018,shooting,Brighton & Hove Albion
ENG-Premier League,2018/19,Brighton,Beram Kayal,ISR,MF,30.0,1988.0,10.4,1,5.0,2,40.0,0.48,0.19,0.2,0.5,0,0,2018,shooting,Brighton & Hove Albion
ENG-Premier League,2018/19,Brighton,Bernardo,BRA,DF,23.0,1995.0,19.5,0,8.0,3,37.5,0.41,0.15,0.0,0.0,0,0,2018,shooting,Brighton & Hove Albion
ENG-Premier League,2018/19,Brighton,Bruno,ESP,DF,37.0,1980.0,12.6,0,2.0,0,0.0,0.16,0.0,0.0,,0,0,2018,shooting,Brighton & Hove Albion
ENG-Premier League,2018/19,Brighton,Dale Stephens,ENG,MF,29.0,1989.0,27.6,1,12.0,1,8.3,0.43,0.04,0.08,1.0,0,0,2018,shooting,Brighton & Hove Albion
ENG-Premier League,2018/19,Brighton,David Button,ENG,GK,29.0,1989.0,4.0,0,0.0,0,,0.0,0.0,,,0,0,2018,shooting,Brighton & Hove Albion
ENG-Premier League,2018/19,Brighton,Davy Pröpper,NED,MF,26.0,1991.0,28.3,1,15.0,2,13.3,0.53,0.07,0.07,0.5,0,0,2018,shooting,Brighton & Hove Albion
ENG-Premier League,2018/19,Brighton,Florin Andone,ROU,FW,25.0,1993.0,9.8,3,20.0,9,45.0,2.04,0.92,0.15,0.33,0,0,2018,shooting,Brighton & Hove Albion
ENG-Premier League,2018/19,Brighton,Gaëtan Bong,CMR,DF,30.0,1988.0,20.1,0,2.0,0,0.0,0.1,0.0,0.0,,0,0,2018,shooting,Brighton & Hove Albion
ENG-Premier League,2018/19,Brighton,Glenn Murray,ENG,FW,34.0,1983.0,27.9,13,54.0,21,38.9,1.94,0.75,0.24,0.62,4,4,2018,shooting,Brighton & Hove Albion
ENG-Premier League,2018/19,Brighton,José Izquierdo,COL,"MF,FW",26.0,1992.0,8.8,0,14.0,3,21.4,1.58,0.34,0.0,0.0,0,0,2018,shooting,Brighton & Hove Albion
ENG-Premier League,2018/19,Brighton,Jürgen Locadia,CUW,"MF,FW",24.0,1993.0,13.7,2,28.0,10,35.7,2.04,0.73,0.07,0.2,0,0,2018,shooting,Brighton & Hove Albion
ENG-Premier League,2018/19,Brighton,Leon Balogun,NGA,DF,30.0,1988.0,6.6,1,1.0,1,100.0,0.15,0.15,1.0,1.0,0,0,2018,shooting,Brighton & Hove Albion
ENG-Premier League,2018/19,Brighton,Lewis Dunk,ENG,DF,26.0,1991.0,35.0,2,20.0,4,20.0,0.57,0.11,0.1,0.5,0,0,2018,shooting,Brighton & Hove Albion
ENG-Premier League,2018/19,Brighton,Martín Montoya,ESP,DF,27.0,1991.0,24.1,0,8.0,1,12.5,0.33,0.04,0.0,0.0,0,0,2018,shooting,Brighton & Hove Albion
ENG-Premier League,2018/19,Brighton,Mathew Ryan,AUS,GK,26.0,1992.0,34.0,0,0.0,0,,0.0,0.0,,,0,0,2018,shooting,Brighton & Hove Albion
ENG-Premier League,2018/19,Brighton,Pascal Groß,GER,MF,27.0,1991.0,20.7,3,24.0,9,37.5,1.16,0.43,0.13,0.33,1,2,2018,shooting,Brighton & Hove Albion
ENG-Premier League,2018/19,Brighton,Shane Duffy,IRL,DF,26.0,1992.0,34.3,5,37.0,16,43.2,1.08,0.47,0.14,0.31,0,0,2018,shooting,Brighton & Hove Albion
ENG-Premier League,2018/19,Brighton,Solly March,ENG,"MF,FW",24.0,1994.0,27.4,1,43.0,9,20.9,1.57,0.33,0.02,0.11,0,0,2018,shooting,Brighton & Hove Albion
ENG-Premier League,2018/19,Brighton,Yves Bissouma,MLI,MF,21.0,1996.0,19.7,0,31.0,3,9.7,1.57,0.15,0.0,0.0,0,0,2018,shooting,Brighton & Hove Albion
ENG-Premier League,2018/19,Burnley,Aaron Lennon,ENG,MF,31.0,1987.0,13.5,1,4.0,2,50.0,0.3,0.15,0.25,0.5,0,0,2018,shooting,Burnley
ENG-Premier League,2018/19,Burnley,Ashley Barnes,ENG,FW,28.0,1989.0,26.5,12,65.0,30,46.2,2.45,1.13,0.18,0.4,2,2,2018,shooting,Burnley
ENG-Premier League,2018/19,Burnley,Ashley Westwood,ENG,MF,28.0,1990.0,31.4,2,22.0,7,31.8,0.7,0.22,0.09,0.29,0,0,2018,shooting,Burnley
ENG-Premier League,2018/19,Burnley,Ben Gibson,ENG,DF,25.0,1993.0,0.7,1,1.0,1,100.0,1.45,1.45,1.0,1.0,0,0,2018,shooting,Burnley
ENG-Premier League,2018/19,Burnley,Ben Mee,ENG,DF,28.0,1989.0,38.0,0,21.0,4,19.0,0.55,0.11,0.0,0.0,0,0,2018,shooting,Burnley
ENG-Premier League,2018/19,Burnley,Charlie Taylor,ENG,DF,24.0,1993.0,36.0,0,6.0,0,0.0,0.17,0.0,0.0,,0,0,2018,shooting,Burnley
ENG-Premier League,2018/19,Burnley,Chris Wood,NZL,FW,26.0,1991.0,28.8,10,58.0,24,41.4,2.02,0.83,0.17,0.42,0,0,2018,shooting,Burnley
ENG-Premier League,2018/19,Burnley,Dwight McNeil,ENG,MF,18.0,1999.0,17.7,3,27.0,6,22.2,1.53,0.34,0.11,0.5,0,0,2018,shooting,Burnley
ENG-Premier League,2018/19,Burnley,Jack Cork,ENG,MF,29.0,1989.0,36.8,1,18.0,2,11.1,0.49,0.05,0.06,0.5,0,0,2018,shooting,Burnley
ENG-Premier League,2018/19,Burnley,James Tarkowski,ENG,DF,25.0,1992.0,34.3,3,22.0,10,45.5,0.64,0.29,0.14,0.3,0,0,2018,shooting,Burnley
ENG-Premier League,2018/19,Burnley,Jeff Hendrick,IRL,MF,26.0,1992.0,22.9,3,19.0,5,26.3,0.83,0.22,0.16,0.6,0,0,2018,shooting,Burnley
ENG-Premier League,2018/19,Burnley,Joe Hart,ENG,GK,31.0,1987.0,19.0,0,0.0,0,,0.0,0.0,,,0,0,2018,shooting,Burnley
ENG-Premier League,2018/19,Burnley,Jóhann Berg Guðmundsson,ISL,MF,27.0,1990.0,19.5,3,32.0,9,28.1,1.64,0.46,0.09,0.33,0,0,2018,shooting,Burnley
ENG-Premier League,2018/19,Burnley,Kevin Long,IRL,DF,27.0,1990.0,5.7,0,1.0,0,0.0,0.18,0.0,0.0,,0,0,2018,shooting,Burnley
ENG-Premier League,2018/19,Burnley,Matthew Lowton,ENG,DF,29.0,1989.0,19.4,0,4.0,1,25.0,0.21,0.05,0.0,0.0,0,0,2018,shooting,Burnley
ENG-Premier League,2018/19,Burnley,Matěj Vydra,CZE,MF,26.0,1992.0,3.5,1,6.0,3,50.0,1.7,0.85,0.17,0.33,0,0,2018,shooting,Burnley
ENG-Premier League,2018/19,Burnley,Peter Crouch,ENG,FW,37.0,1981.0,1.0,0,5.0,1,20.0,4.89,0.98,0.0,0.0,0,0,2018,shooting,Burnley
ENG-Premier League,2018/19,Burnley,Phil Bardsley,SCO,DF,33.0,1985.0,18.6,0,12.0,1,8.3,0.65,0.05,0.0,0.0,0,0,2018,shooting,Burnley
ENG-Premier League,2018/19,Burnley,Robbie Brady,IRL,MF,26.0,1992.0,8.0,0,12.0,2,16.7,1.5,0.25,0.0,0.0,0,0,2018,shooting,Burnley
ENG-Premier League,2018/19,Burnley,Sam Vokes,WAL,FW,28.0,1989.0,10.2,3,22.0,7,31.8,2.16,0.69,0.14,0.43,0,0,2018,shooting,Burnley
ENG-Premier League,2018/19,Burnley,Stephen Ward,IRL,DF,32.0,1985.0,2.5,0,1.0,1,100.0,0.39,0.39,0.0,0.0,0,0,2018,shooting,Burnley
ENG-Premier League,2018/19,Burnley,Steven Defour,BEL,MF,30.0,1988.0,5.0,0,0.0,0,,0.0,0.0,,,0,0,2018,shooting,Burnley
ENG-Premier League,2018/19,Burnley,Tom Heaton,ENG,GK,32.0,1986.0,19.0,0,1.0,0,0.0,0.05,0.0,0.0,,0,0,2018,shooting,Burnley
ENG-Premier League,2018/19,Cardiff City,Aron Gunnarsson,ISL,MF,29.0,1989.0,25.2,1,20.0,4,20.0,0.79,0.16,0.05,0.25,0,0,2018,shooting,Cardiff City
ENG-Premier League,2018/19,Cardiff City,Bobby De Cordova-Reid,JAM,"MF,FW",25.0,1993.0,15.8,5,27.0,9,33.3,1.71,0.57,0.19,0.56,1,1,2018,shooting,Cardiff City
ENG-Premier League,2018/19,Cardiff City,Bruno Ecuele Manga,GAB,DF,30.0,1988.0,37.5,0,10.0,4,40.0,0.27,0.11,0.0,0.0,0,0,2018,shooting,Cardiff City
ENG-Premier League,2018/19,Cardiff City,Callum Paterson,SCO,"FW,MF",23.0,1994.0,22.2,4,41.0,8,19.5,1.85,0.36,0.1,0.5,0,0,2018,shooting,Cardiff City
ENG-Premier League,2018/19,Cardiff City,Danny Ward,ENG,FW,26.0,1991.0,4.9,1,11.0,6,54.5,2.22,1.21,0.09,0.17,0,0,2018,shooting,Cardiff City
ENG-Premier League,2018/19,Cardiff City,Gary Madine,ENG,FW,27.0,1990.0,0.4,0,0.0,0,,0.0,0.0,,,0,0,2018,shooting,Cardiff City
ENG-Premier League,2018/19,Cardiff City,Greg Cunningham,IRL,DF,27.0,1991.0,7.0,0,2.0,1,50.0,0.29,0.14,0.0,0.0,0,0,2018,shooting,Cardiff City
ENG-Premier League,2018/19,Cardiff City,Harry Arter,IRL,MF,28.0,1989.0,22.2,0,23.0,5,21.7,1.04,0.23,0.0,0.0,0,0,2018,shooting,Cardiff City
ENG-Premier League,2018/19,Cardiff City,Jazz Richards,WAL,"DF,MF",27.0,1991.0,1.5,0,0.0,0,,0.0,0.0,,,0,0,2018,shooting,Cardiff City
ENG-Premier League,2018/19,Cardiff City,Joe Bennett,ENG,DF,28.0,1990.0,29.3,0,10.0,3,30.0,0.34,0.1,0.0,0.0,0,0,2018,shooting,Cardiff City
ENG-Premier League,2018/19,Cardiff City,Joe Ralls,ENG,MF,24.0,1993.0,21.8,0,23.0,3,13.0,1.06,0.14,0.0,0.0,0,1,2018,shooting,Cardiff City
ENG-Premier League,2018/19,Cardiff City,Josh Murphy,ENG,"MF,FW",23.0,1995.0,20.2,3,47.0,16,34.0,2.33,0.79,0.06,0.19,0,0,2018,shooting,Cardiff City
ENG-Premier League,2018/19,Cardiff City,Junior Hoilett,CAN,MF,28.0,1990.0,23.8,3,40.0,10,25.0,1.68,0.42,0.08,0.3,0,0,2018,shooting,Cardiff City
ENG-Premier League,2018/19,Cardiff City,Kadeem Harris,ENG,MF,25.0,1993.0,4.2,1,5.0,3,60.0,1.2,0.72,0.2,0.33,0,0,2018,shooting,Cardiff City
ENG-Premier League,2018/19,Cardiff City,Kenneth Zohore,DEN,FW,24.0,1994.0,8.4,1,17.0,8,47.1,2.03,0.96,0.06,0.13,0,0,2018,shooting,Cardiff City
ENG-Premier League,2018/19,Cardiff City,Leandro Bacuna,CUW,MF,26.0,1991.0,6.2,0,5.0,1,20.0,0.8,0.16,0.0,0.0,0,0,2018,shooting,Cardiff City
ENG-Premier League,2018/19,Cardiff City,Lee Peltier,ENG,DF,31.0,1986.0,17.2,0,1.0,1,100.0,0.06,0.06,0.0,0.0,0,0,2018,shooting,Cardiff City
ENG-Premier League,2018/19,Cardiff City,Loïc Damour,FRA,MF,27.0,1991.0,0.3,0,1.0,0,0.0,3.91,0.0,0.0,,0,0,2018,shooting,Cardiff City
ENG-Premier League,2018/19,Cardiff City,Nathaniel Mendez-Laing,GUA,MF,26.0,1992.0,10.9,4,20.0,10,50.0,1.83,0.91,0.2,0.4,1,1,2018,shooting,Cardiff City
ENG-Premier League,2018/19,Cardiff City,Neil Etheridge,PHI,GK,28.0,1990.0,38.0,0,0.0,0,,0.0,0.0,,,0,0,2018,shooting,Cardiff City
ENG-Premier League,2018/19,Cardiff City,Oumar Niasse,SEN,FW,28.0,1990.0,10.3,0,17.0,6,35.3,1.64,0.58,0.0,0.0,0,0,2018,shooting,Cardiff City
ENG-Premier League,2018/19,Cardiff City,Rhys Healey,WAL,FW,23.0,1994.0,0.6,0,1.0,0,0.0,1.73,0.0,0.0,,0,0,2018,shooting,Cardiff City
ENG-Premier League,2018/19,Cardiff City,Sean Morrison,ENG,DF,27.0,1991.0,33.8,1,35.0,10,28.6,1.04,0.3,0.03,0.1,0,0,2018,shooting,Cardiff City
ENG-Premier League,2018/19,Cardiff City,Sol Bamba,CIV,DF,33.0,1985.0,27.5,4,22.0,7,31.8,0.8,0.25,0.18,0.57,0,0,2018,shooting,Cardiff City
ENG-Premier League,2018/19,Cardiff City,Víctor Camarasa,ESP,MF,24.0,1994.0,28.5,5,41.0,12,29.3,1.44,0.42,0.12,0.42,1,1,2018,shooting,Cardiff City
ENG-Premier League,2018/19,Chelsea,Andreas Christensen,DEN,DF,22.0,1996.0,6.9,0,0.0,0,,0.0,0.0,,,0,0,2018,shooting,Chelsea
ENG-Premier League,2018/19,Chelsea,Antonio Rüdiger,GER,DF,25.0,1993.0,31.9,1,27.0,6,22.2,0.85,0.19,0.04,0.17,0,0,2018,shooting,Chelsea
ENG-Premier League,2018/19,Chelsea,Callum Hudson-Odoi,ENG,FW,17.0,2000.0,4.4,0,6.0,3,50.0,1.37,0.69,0.0,0.0,0,0,2018,shooting,Chelsea
ENG-Premier League,2018/19,Chelsea,Cesc Fàbregas,ESP,MF,31.0,1987.0,2.0,0,1.0,0,0.0,0.5,0.0,0.0,,0,0,2018,shooting,Chelsea
ENG-Premier League,2018/19,Chelsea,César Azpilicueta,ESP,DF,28.0,1989.0,37.8,1,17.0,7,41.2,0.45,0.19,0.06,0.14,0,0,2018,shooting,Chelsea
ENG-Premier League,2018/19,Chelsea,David Luiz,BRA,DF,31.0,1987.0,36.0,3,34.0,8,23.5,0.95,0.22,0.09,0.38,0,0,2018,shooting,Chelsea
ENG-Premier League,2018/19,Chelsea,Davide Zappacosta,ITA,DF,26.0,1992.0,1.4,0,2.0,1,50.0,1.41,0.7,0.0,0.0,0,0,2018,shooting,Chelsea
ENG-Premier League,2018/19,Chelsea,Eden Hazard,BEL,FW,27.0,1991.0,32.5,16,93.0,43,46.2,2.86,1.32,0.17,0.37,4,4,2018,shooting,Chelsea
ENG-Premier League,2018/19,Chelsea,Emerson Palmieri,ITA,DF,23.0,1994.0,7.4,0,5.0,1,20.0,0.68,0.14,0.0,0.0,0,0,2018,shooting,Chelsea
ENG-Premier League,2018/19,Chelsea,Gary Cahill,ENG,DF,32.0,1985.0,0.3,0,0.0,0,,0.0,0.0,,,0,0,2018,shooting,Chelsea
ENG-Premier League,2018/19,Chelsea,Gonzalo Higuaín,ARG,FW,30.0,1987.0,12.1,5,46.0,15,32.6,3.82,1.24,0.11,0.33,0,0,2018,shooting,Chelsea
ENG-Premier League,2018/19,Chelsea,Jorginho,ITA,MF,26.0,1991.0,35.1,2,19.0,7,36.8,0.54,0.2,0.11,0.29,1,1,2018,shooting,Chelsea
ENG-Premier League,2018/19,Chelsea,Kepa Arrizabalaga,ESP,GK,23.0,1994.0,36.0,0,0.0,0,,0.0,0.0,,,0,0,2018,shooting,Chelsea
ENG-Premier League,2018/19,Chelsea,Marcos Alonso,ESP,DF,27.0,1990.0,30.7,2,45.0,7,15.6,1.47,0.23,0.04,0.29,0,0,2018,shooting,Chelsea
ENG-Premier League,2018/19,Chelsea,Mateo Kovačić,CRO,MF,24.0,1994.0,19.3,0,28.0,4,14.3,1.45,0.21,0.0,0.0,0,0,2018,shooting,Chelsea
ENG-Premier League,2018/19,Chelsea,N'Golo Kanté,FRA,MF,27.0,1991.0,34.4,4,29.0,6,20.7,0.84,0.17,0.14,0.67,0,0,2018,shooting,Chelsea
ENG-Premier League,2018/19,Chelsea,Olivier Giroud,FRA,FW,31.0,1986.0,9.4,2,33.0,10,30.3,3.51,1.06,0.06,0.2,0,0,2018,shooting,Chelsea
ENG-Premier League,2018/19,Chelsea,Pedro,ESP,FW,31.0,1987.0,19.8,8,57.0,25,43.9,2.89,1.27,0.14,0.32,0,0,2018,shooting,Chelsea
ENG-Premier League,2018/19,Chelsea,Ross Barkley,ENG,MF,24.0,1993.0,13.8,3,40.0,9,22.5,2.89,0.65,0.08,0.33,0,0,2018,shooting,Chelsea
ENG-Premier League,2018/19,Chelsea,Ruben Loftus-Cheek,ENG,MF,22.0,1996.0,11.1,6,28.0,8,28.6,2.53,0.72,0.21,0.75,0,0,2018,shooting,Chelsea
ENG-Premier League,2018/19,Chelsea,Victor Moses,NGA,"FW,MF",27.0,1990.0,0.3,0,1.0,0,0.0,3.21,0.0,0.0,,0,0,2018,shooting,Chelsea
ENG-Premier League,2018/19,Chelsea,Willian,BRA,FW,29.0,1988.0,23.3,3,62.0,22,35.5,2.66,0.94,0.05,0.14,0,0,2018,shooting,Chelsea
ENG-Premier League,2018/19,Chelsea,Willy Caballero,ARG,GK,36.0,1981.0,2.0,0,0.0,0,,0.0,0.0,,,0,0,2018,shooting,Chelsea
ENG-Premier League,2018/19,Chelsea,Álvaro Morata,ESP,FW,25.0,1992.0,10.5,5,35.0,16,45.7,3.35,1.53,0.14,0.31,0,0,2018,shooting,Chelsea
ENG-Premier League,2018/19,Crystal Palace,Aaron Wan-Bissaka,COD,DF,20.0,1997.0,34.8,0,9.0,0,0.0,0.26,0.0,0.0,,0,0,2018,shooting,Crystal Palace
ENG-Premier League,2018/19,Crystal Palace,Alexander Sørloth,NOR,FW,22.0,1995.0,2.1,0,4.0,1,25.0,1.95,0.49,0.0,0.0,0,0,2018,shooting,Crystal Palace
ENG-Premier League,2018/19,Crystal Palace,Andros Townsend,ENG,"FW,MF",27.0,1991.0,33.4,6,63.0,19,30.2,1.88,0.57,0.1,0.32,0,0,2018,shooting,Crystal Palace
ENG-Premier League,2018/19,Crystal Palace,Bakary Sako,MLI,"FW,MF",30.0,1988.0,0.3,0,0.0,0,,0.0,0.0,,,0,0,2018,shooting,Crystal Palace
ENG-Premier League,2018/19,Crystal Palace,Cheikhou Kouyaté,SEN,MF,28.0,1989.0,21.1,0,20.0,8,40.0,0.95,0.38,0.0,0.0,0,0,2018,shooting,Crystal Palace
ENG-Premier League,2018/19,Crystal Palace,Christian Benteke,BEL,FW,27.0,1990.0,9.0,1,25.0,8,32.0,2.76,0.88,0.04,0.13,0,0,2018,shooting,Crystal Palace
ENG-Premier League,2018/19,Crystal Palace,Connor Wickham,ENG,"FW,MF",25.0,1993.0,0.7,0,5.0,1,20.0,6.72,1.34,0.0,0.0,0,0,2018,shooting,Crystal Palace
ENG-Premier League,2018/19,Crystal Palace,James McArthur,SCO,MF,30.0,1987.0,34.0,3,34.0,8,23.5,1.0,0.24,0.09,0.38,0,0,2018,shooting,Crystal Palace
ENG-Premier League,2018/19,Crystal Palace,James Tomkins,ENG,DF,29.0,1989.0,28.4,1,22.0,6,27.3,0.77,0.21,0.05,0.17,0,0,2018,shooting,Crystal Palace
ENG-Premier League,2018/19,Crystal Palace,Jason Puncheon,ENG,MF,32.0,1986.0,0.1,0,0.0,0,,0.0,0.0,,,0,0,2018,shooting,Crystal Palace
ENG-Premier League,2018/19,Crystal Palace,Jeffrey Schlupp,GHA,MF,25.0,1992.0,18.6,4,28.0,8,28.6,1.51,0.43,0.14,0.5,0,0,2018,shooting,Crystal Palace
ENG-Premier League,2018/19,Crystal Palace,Joel Ward,ENG,DF,28.0,1989.0,6.1,1,2.0,1,50.0,0.33,0.16,0.5,1.0,0,0,2018,shooting,Crystal Palace
ENG-Premier League,2018/19,Crystal Palace,Jordan Ayew,GHA,FW,26.0,1991.0,13.1,1,27.0,3,11.1,2.06,0.23,0.04,0.33,0,0,2018,shooting,Crystal Palace
ENG-Premier League,2018/19,Crystal Palace,Julián Speroni,ARG,GK,39.0,1979.0,1.0,0,0.0,0,,0.0,0.0,,,0,0,2018,shooting,Crystal Palace
ENG-Premier League,2018/19,Crystal Palace,Luka Milivojević,SRB,MF,27.0,1991.0,38.0,12,57.0,25,43.9,1.5,0.66,0.21,0.48,10,11,2018,shooting,Crystal Palace
ENG-Premier League,2018/19,Crystal Palace,Luke Dreher,ENG,MF,19.0,1998.0,0.0,0,0.0,0,,0.0,0.0,,,0,0,2018,shooting,Crystal Palace
ENG-Premier League,2018/19,Crystal Palace,Mamadou Sakho,FRA,DF,28.0,1990.0,26.8,0,4.0,1,25.0,0.15,0.04,0.0,0.0,0,0,2018,shooting,Crystal Palace
ENG-Premier League,2018/19,Crystal Palace,Martin Kelly,ENG,DF,28.0,1990.0,12.3,0,3.0,1,33.3,0.24,0.08,0.0,0.0,0,0,2018,shooting,Crystal Palace
ENG-Premier League,2018/19,Crystal Palace,Max Meyer,GER,MF,22.0,1995.0,15.7,1,38.0,8,21.1,2.42,0.51,0.03,0.13,0,0,2018,shooting,Crystal Palace
ENG-Premier League,2018/19,Crystal Palace,Michy Batshuayi,BEL,FW,24.0,1993.0,8.3,5,27.0,10,37.0,3.24,1.2,0.19,0.5,0,0,2018,shooting,Crystal Palace
ENG-Premier League,2018/19,Crystal Palace,Pape Souaré,SEN,DF,28.0,1990.0,0.0,0,0.0,0,,0.0,0.0,,,0,0,2018,shooting,Crystal Palace
ENG-Premier League,2018/19,Crystal Palace,Patrick van Aanholt,NED,DF,27.0,1990.0,35.5,3,45.0,12,26.7,1.27,0.34,0.07,0.25,0,0,2018,shooting,Crystal Palace
ENG-Premier League,2018/19,Crystal Palace,Scott Dann,ENG,DF,31.0,1987.0,7.4,0,6.0,1,16.7,0.81,0.14,0.0,0.0,0,0,2018,shooting,Crystal Palace
ENG-Premier League,2018/19,Crystal Palace,Vicente Guaita,ESP,GK,31.0,1987.0,19.5,0,0.0,0,,0.0,0.0,,,0,0,2018,shooting,Crystal Palace
ENG-Premier League,2018/19,Crystal Palace,Wayne Hennessey,WAL,GK,31.0,1987.0,17.5,0,0.0,0,,0.0,0.0,,,0,0,2018,shooting,Crystal Palace
ENG-Premier League,2018/19,Crystal Palace,Wilfried Zaha,CIV,"FW,MF",25.0,1992.0,33.7,10,73.0,27,37.0,2.16,0.8,0.14,0.37,0,0,2018,shooting,Crystal Palace
ENG-Premier League,2018/19,Everton,Ademola Lookman,NGA,MF,20.0,1997.0,6.9,0,12.0,3,25.0,1.75,0.44,0.0,0.0,0,0,2018,shooting,Everton
ENG-Premier League,2018/19,Everton,André Gomes,POR,MF,25.0,1993.0,22.0,1,21.0,5,23.8,0.95,0.23,0.05,0.2,0,0,2018,shooting,Everton
ENG-Premier League,2018/19,Everton,Bernard,BRA,MF,25.0,1992.0,23.5,1,23.0,5,21.7,0.98,0.21,0.04,0.2,0,0,2018,shooting,Everton
ENG-Premier League,2018/19,Everton,Cenk Tosun,TUR,FW,27.0,1991.0,11.8,3,37.0,17,45.9,3.14,1.44,0.08,0.18,0,0,2018,shooting,Everton
ENG-Premier League,2018/19,Everton,Dominic Calvert-Lewin,ENG,"FW,MF",21.0,1997.0,19.8,6,52.0,17,32.7,2.62,0.86,0.12,0.35,0,0,2018,shooting,Everton
ENG-Premier League,2018/19,Everton,Gylfi Sigurðsson,ISL,MF,28.0,1989.0,34.6,13,86.0,34,39.5,2.48,0.98,0.15,0.38,2,5,2018,shooting,Everton
ENG-Premier League,2018/19,Everton,Idrissa Gueye,SEN,MF,28.0,1989.0,31.4,0,19.0,4,21.1,0.61,0.13,0.0,0.0,0,0,2018,shooting,Everton
ENG-Premier League,2018/19,Everton,James McCarthy,IRL,MF,27.0,1990.0,0.2,0,0.0,0,,0.0,0.0,,,0,0,2018,shooting,Everton
ENG-Premier League,2018/19,Everton,Jonjoe Kenny,ENG,DF,21.0,1997.0,8.8,0,3.0,0,0.0,0.34,0.0,0.0,,0,0,2018,shooting,Everton
ENG-Premier League,2018/19,Everton,Jordan Pickford,ENG,GK,24.0,1994.0,38.0,0,0.0,0,,0.0,0.0,,,0,0,2018,shooting,Everton
ENG-Premier League,2018/19,Everton,Kurt Zouma,FRA,DF,23.0,1994.0,29.0,2,20.0,3,15.0,0.69,0.1,0.1,0.67,0,0,2018,shooting,Everton
ENG-Premier League,2018/19,Everton,Leighton Baines,ENG,DF,33.0,1984.0,4.2,0,2.0,1,50.0,0.48,0.24,0.0,0.0,0,0,2018,shooting,Everton
ENG-Premier League,2018/19,Everton,Lucas Digne,FRA,DF,25.0,1993.0,32.9,4,34.0,10,29.4,1.03,0.3,0.12,0.4,0,0,2018,shooting,Everton
ENG-Premier League,2018/19,Everton,Mason Holgate,JAM,DF,21.0,1996.0,4.5,0,0.0,0,,0.0,0.0,,,0,0,2018,shooting,Everton
ENG-Premier League,2018/19,Everton,Michael Keane,ENG,DF,25.0,1993.0,33.0,1,31.0,9,29.0,0.94,0.27,0.03,0.11,0,0,2018,shooting,Everton
ENG-Premier League,2018/19,Everton,Morgan Schneiderlin,FRA,MF,28.0,1989.0,9.3,0,3.0,0,0.0,0.32,0.0,0.0,,0,0,2018,shooting,Everton
ENG-Premier League,2018/19,Everton,Oumar Niasse,SEN,"FW,MF",28.0,1990.0,0.7,0,3.0,1,33.3,4.29,1.43,0.0,0.0,0,0,2018,shooting,Everton
ENG-Premier League,2018/19,Everton,Phil Jagielka,ENG,DF,35.0,1982.0,3.7,1,1.0,1,100.0,0.27,0.27,1.0,1.0,0,0,2018,shooting,Everton
ENG-Premier League,2018/19,Everton,Richarlison,BRA,"MF,FW",21.0,1997.0,29.6,13,81.0,30,37.0,2.74,1.01,0.16,0.43,0,0,2018,shooting,Everton
ENG-Premier League,2018/19,Everton,Séamus Coleman,IRL,DF,29.0,1988.0,28.4,2,15.0,7,46.7,0.53,0.25,0.13,0.29,0,0,2018,shooting,Everton
ENG-Premier League,2018/19,Everton,Theo Walcott,ENG,MF,29.0,1989.0,23.5,5,42.0,21,50.0,1.78,0.89,0.12,0.24,0,0,2018,shooting,Everton
ENG-Premier League,2018/19,Everton,Tom Davies,ENG,MF,20.0,1998.0,10.9,0,7.0,2,28.6,0.64,0.18,0.0,0.0,0,0,2018,shooting,Everton
ENG-Premier League,2018/19,Everton,Yerry Mina,COL,DF,23.0,1994.0,9.9,1,4.0,1,25.0,0.4,0.1,0.25,1.0,0,0,2018,shooting,Everton
ENG-Premier League,2018/19,Fulham,Aboubakar Kamara,MTN,"MF,FW",23.0,1995.0,7.7,3,21.0,10,47.6,2.73,1.3,0.14,0.3,1,2,2018,shooting,Fulham
ENG-Premier League,2018/19,Fulham,Aleksandar Mitrović,SRB,FW,23.0,1994.0,36.4,11,130.0,48,36.9,3.57,1.32,0.08,0.23,1,1,2018,shooting,Fulham
ENG-Premier League,2018/19,Fulham,Alfie Mawson,ENG,DF,24.0,1994.0,12.6,0,2.0,1,50.0,0.16,0.08,0.0,0.0,0,0,2018,shooting,Fulham
ENG-Premier League,2018/19,Fulham,André Schürrle,GER,"FW,MF",27.0,1990.0,18.2,6,55.0,18,32.7,3.02,0.99,0.11,0.33,0,0,2018,shooting,Fulham
ENG-Premier League,2018/19,Fulham,Calum Chambers,ENG,"MF,DF",23.0,1995.0,28.8,2,35.0,11,31.4,1.22,0.38,0.06,0.18,0,0,2018,shooting,Fulham
ENG-Premier League,2018/19,Fulham,Cyrus Christie,IRL,"MF,DF",25.0,1992.0,21.6,0,12.0,3,25.0,0.55,0.14,0.0,0.0,0,0,2018,shooting,Fulham
ENG-Premier League,2018/19,Fulham,Denis Odoi,GHA,DF,30.0,1988.0,28.8,0,10.0,1,10.0,0.35,0.03,0.0,0.0,0,0,2018,shooting,Fulham
ENG-Premier League,2018/19,Fulham,Fabricio,ESP,GK,30.0,1987.0,2.0,0,0.0,0,,0.0,0.0,,,0,0,2018,shooting,Fulham
ENG-Premier League,2018/19,Fulham,Floyd Ayité,TOG,"MF,FW",29.0,1988.0,5.3,1,7.0,1,14.3,1.32,0.19,0.14,1.0,0,0,2018,shooting,Fulham
ENG-Premier League,2018/19,Fulham,Frank Anguissa,CMR,MF,22.0,1995.0,16.9,0,21.0,5,23.8,1.25,0.3,0.0,0.0,0,0,2018,shooting,Fulham
ENG-Premier League,2018/19,Fulham,Harvey Elliott,ENG,"FW,MF",15.0,2003.0,0.2,0,1.0,1,100.0,4.5,4.5,0.0,0.0,0,0,2018,shooting,Fulham
ENG-Premier League,2018/19,Fulham,Håvard Nordtveit,NOR,DF,28.0,1990.0,4.0,0,0.0,0,,0.0,0.0,,,0,0,2018,shooting,Fulham
ENG-Premier League,2018/19,Fulham,Ibrahima Cissé,GUI,MF,24.0,1994.0,1.0,0,0.0,0,,0.0,0.0,,,0,0,2018,shooting,Fulham
ENG-Premier League,2018/19,Fulham,Jean Seri,CIV,MF,27.0,1991.0,24.9,1,19.0,6,31.6,0.76,0.24,0.05,0.17,0,0,2018,shooting,Fulham
ENG-Premier League,2018/19,Fulham,Joe Bryan,ENG,"DF,MF",24.0,1993.0,26.1,0,21.0,8,38.1,0.81,0.31,0.0,0.0,0,0,2018,shooting,Fulham
ENG-Premier League,2018/19,Fulham,Kevin McDonald,SCO,MF,29.0,1988.0,9.3,0,4.0,0,0.0,0.43,0.0,0.0,,0,0,2018,shooting,Fulham
ENG-Premier League,2018/19,Fulham,Lazar Marković,SRB,"FW,MF",24.0,1994.0,0.5,0,0.0,0,,0.0,0.0,,,0,0,2018,shooting,Fulham
ENG-Premier League,2018/19,Fulham,Luciano Vietto,ARG,"FW,MF",24.0,1993.0,11.0,1,24.0,8,33.3,2.19,0.73,0.04,0.13,0,0,2018,shooting,Fulham
ENG-Premier League,2018/19,Fulham,Marcus Bettinelli,ENG,GK,26.0,1992.0,7.0,0,0.0,0,,0.0,0.0,,,0,0,2018,shooting,Fulham
ENG-Premier League,2018/19,Fulham,Maxime Le Marchand,FRA,DF,28.0,1989.0,25.0,0,5.0,0,0.0,0.2,0.0,0.0,,0,0,2018,shooting,Fulham
ENG-Premier League,2018/19,Fulham,Neeskens Kebano,COD,"FW,MF",26.0,1992.0,1.2,0,1.0,0,0.0,0.83,0.0,0.0,,0,0,2018,shooting,Fulham
ENG-Premier League,2018/19,Fulham,Ryan Babel,NED,"FW,MF",31.0,1986.0,13.9,5,27.0,9,33.3,1.94,0.65,0.19,0.56,0,0,2018,shooting,Fulham
ENG-Premier League,2018/19,Fulham,Ryan Sessegnon,ENG,"MF,FW",18.0,2000.0,25.6,2,28.0,11,39.3,1.1,0.43,0.07,0.18,0,0,2018,shooting,Fulham
ENG-Premier League,2018/19,Fulham,Sergio Rico,ESP,GK,24.0,1993.0,29.0,0,0.0,0,,0.0,0.0,,,0,0,2018,shooting,Fulham
ENG-Premier League,2018/19,Fulham,Stefan Johansen,NOR,MF,27.0,1991.0,4.6,0,1.0,0,0.0,0.22,0.0,0.0,,0,0,2018,shooting,Fulham
ENG-Premier League,2018/19,Fulham,Tim Ream,USA,DF,30.0,1987.0,22.7,0,1.0,0,0.0,0.04,0.0,0.0,,0,0,2018,shooting,Fulham
ENG-Premier League,2018/19,Fulham,Timothy Fosu-Mensah,NED,DF,20.0,1998.0,8.8,0,4.0,1,25.0,0.45,0.11,0.0,0.0,0,0,2018,shooting,Fulham
ENG-Premier League,2018/19,Fulham,Tom Cairney,SCO,"MF,FW",27.0,1991.0,24.4,1,24.0,5,20.8,0.98,0.21,0.04,0.2,0,0,2018,shooting,Fulham
ENG-Premier League,2018/19,Huddersfield,Aaron Mooy,AUS,MF,27.0,1990.0,25.9,3,43.0,14,32.6,1.66,0.54,0.07,0.21,1,1,2018,shooting,Huddersfield Town
ENG-Premier League,2018/19,Huddersfield,Aaron Rowe,ENG,MF,17.0,2000.0,0.8,0,0.0,0,,0.0,0.0,,,0,0,2018,shooting,Huddersfield Town
ENG-Premier League,2018/19,Huddersfield,Abdelhamid Sabiri,MAR,FW,21.0,1996.0,0.5,0,0.0,0,,0.0,0.0,,,0,0,2018,shooting,Huddersfield Town
ENG-Premier League,2018/19,Huddersfield,Adama Diakhaby,FRA,"FW,MF",22.0,1996.0,6.1,0,7.0,3,42.9,1.14,0.49,0.0,0.0,0,0,2018,shooting,Huddersfield Town
ENG-Premier League,2018/19,Huddersfield,Alex Pritchard,ENG,"FW,MF",25.0,1993.0,23.1,2,47.0,13,27.7,2.03,0.56,0.04,0.15,0,0,2018,shooting,Huddersfield Town
ENG-Premier League,2018/19,Huddersfield,Ben Hamer,ENG,GK,30.0,1987.0,6.1,0,0.0,0,,0.0,0.0,,,0,0,2018,shooting,Huddersfield Town
ENG-Premier League,2018/19,Huddersfield,Chris Löwe,GER,"MF,DF",29.0,1989.0,22.9,0,18.0,6,33.3,0.79,0.26,0.0,0.0,0,0,2018,shooting,Huddersfield Town
ENG-Premier League,2018/19,Huddersfield,Christopher Schindler,GER,DF,28.0,1990.0,36.2,1,13.0,4,30.8,0.36,0.11,0.08,0.25,0,0,2018,shooting,Huddersfield Town
ENG-Premier League,2018/19,Huddersfield,Collin Quaner,GER,FW,27.0,1991.0,0.4,0,0.0,0,,0.0,0.0,,,0,0,2018,shooting,Huddersfield Town
ENG-Premier League,2018/19,Huddersfield,Danny Williams,USA,MF,29.0,1989.0,1.1,0,1.0,0,0.0,0.94,0.0,0.0,,0,0,2018,shooting,Huddersfield Town
ENG-Premier League,2018/19,Huddersfield,Demeaco Duhaney,ENG,DF,19.0,1998.0,0.5,0,0.0,0,,0.0,0.0,,,0,0,2018,shooting,Huddersfield Town
ENG-Premier League,2018/19,Huddersfield,Elias Kachunga,COD,"MF,FW",26.0,1992.0,13.1,0,14.0,3,21.4,1.07,0.23,0.0,0.0,0,0,2018,shooting,Huddersfield Town
ENG-Premier League,2018/19,Huddersfield,Erik Durm,GER,"DF,MF",26.0,1992.0,22.8,0,10.0,0,0.0,0.44,0.0,0.0,,0,0,2018,shooting,Huddersfield Town
ENG-Premier League,2018/19,Huddersfield,Florent Hadergjonaj,KVX,"MF,DF",24.0,1994.0,20.5,0,6.0,2,33.3,0.29,0.1,0.0,0.0,0,0,2018,shooting,Huddersfield Town
ENG-Premier League,2018/19,Huddersfield,Isaac Mbenza,BEL,"MF,FW",22.0,1996.0,11.0,1,16.0,5,31.3,1.46,0.46,0.06,0.2,0,0,2018,shooting,Huddersfield Town
ENG-Premier League,2018/19,Huddersfield,Jason Puncheon,ENG,"MF,FW",32.0,1986.0,4.2,0,6.0,0,0.0,1.41,0.0,0.0,,0,0,2018,shooting,Huddersfield Town
ENG-Premier League,2018/19,Huddersfield,Joel Coleman,ENG,GK,22.0,1995.0,1.0,0,0.0,0,,0.0,0.0,,,0,0,2018,shooting,Huddersfield Town
ENG-Premier League,2018/19,Huddersfield,Jon Gorenc Stanković,SVN,"MF,DF",22.0,1996.0,7.9,1,9.0,2,22.2,1.13,0.25,0.11,0.5,0,0,2018,shooting,Huddersfield Town
ENG-Premier League,2018/19,Huddersfield,Jonas Lössl,DEN,GK,29.0,1989.0,30.9,0,0.0,0,,0.0,0.0,,,0,0,2018,shooting,Huddersfield Town
ENG-Premier League,2018/19,Huddersfield,Jonathan Hogg,ENG,MF,29.0,1988.0,26.3,0,8.0,1,12.5,0.3,0.04,0.0,0.0,0,0,2018,shooting,Huddersfield Town
ENG-Premier League,2018/19,Huddersfield,Juninho Bacuna,CUW,"MF,DF",20.0,1997.0,15.7,1,19.0,8,42.1,1.21,0.51,0.05,0.13,0,0,2018,shooting,Huddersfield Town
ENG-Premier League,2018/19,Huddersfield,Karlan Grant,ENG,"FW,MF",20.0,1997.0,9.7,3,20.0,11,55.0,2.05,1.13,0.15,0.27,0,0,2018,shooting,Huddersfield Town
ENG-Premier League,2018/19,Huddersfield,Laurent Depoitre,BEL,FW,29.0,1988.0,11.9,0,30.0,7,23.3,2.53,0.59,0.0,0.0,0,0,2018,shooting,Huddersfield Town
ENG-Premier League,2018/19,Huddersfield,Mathias Jørgensen,DEN,DF,28.0,1990.0,23.9,3,8.0,4,50.0,0.34,0.17,0.38,0.75,0,0,2018,shooting,Huddersfield Town
ENG-Premier League,2018/19,Huddersfield,Matty Daly,ENG,MF,17.0,2001.0,0.8,0,0.0,0,,0.0,0.0,,,0,0,2018,shooting,Huddersfield Town
ENG-Premier League,2018/19,Huddersfield,Philip Billing,DEN,MF,22.0,1996.0,24.3,2,42.0,9,21.4,1.73,0.37,0.05,0.22,0,0,2018,shooting,Huddersfield Town
ENG-Premier League,2018/19,Huddersfield,Rajiv van La Parra,NED,"MF,FW",27.0,1991.0,4.5,0,5.0,0,0.0,1.11,0.0,0.0,,0,0,2018,shooting,Huddersfield Town
ENG-Premier League,2018/19,Huddersfield,Ramadan Sobhi,EGY,MF,21.0,1997.0,0.9,0,0.0,0,,0.0,0.0,,,0,0,2018,shooting,Huddersfield Town
ENG-Premier League,2018/19,Huddersfield,Steve Mounié,BEN,FW,23.0,1994.0,19.8,2,62.0,24,38.7,3.14,1.21,0.03,0.08,0,0,2018,shooting,Huddersfield Town
ENG-Premier League,2018/19,Huddersfield,Terence Kongolo,NED,DF,24.0,1994.0,30.2,1,14.0,4,28.6,0.46,0.13,0.07,0.25,0,0,2018,shooting,Huddersfield Town
ENG-Premier League,2018/19,Huddersfield,Tommy Smith,ENG,DF,26.0,1992.0,12.7,0,3.0,0,0.0,0.24,0.0,0.0,,0,0,2018,shooting,Huddersfield Town
ENG-Premier League,2018/19,Leicester City,Adrien Silva,POR,MF,29.0,1989.0,1.0,0,0.0,0,,0.0,0.0,,,0,0,2018,shooting,Leicester City
ENG-Premier League,2018/19,Leicester City,Ben Chilwell,ENG,DF,21.0,1996.0,36.0,0,22.0,10,45.5,0.61,0.28,0.0,0.0,0,0,2018,shooting,Leicester City
ENG-Premier League,2018/19,Leicester City,Christian Fuchs,AUT,DF,32.0,1986.0,2.3,0,2.0,0,0.0,0.87,0.0,0.0,,0,0,2018,shooting,Leicester City
ENG-Premier League,2018/19,Leicester City,Daniel Amartey,GHA,DF,23.0,1994.0,7.1,0,4.0,1,25.0,0.56,0.14,0.0,0.0,0,0,2018,shooting,Leicester City
ENG-Premier League,2018/19,Leicester City,Danny Simpson,ENG,DF,31.0,1987.0,3.2,0,0.0,0,,0.0,0.0,,,0,0,2018,shooting,Leicester City
ENG-Premier League,2018/19,Leicester City,Demarai Gray,JAM,"MF,FW",22.0,1996.0,22.1,4,47.0,19,40.4,2.13,0.86,0.09,0.21,0,0,2018,shooting,Leicester City
ENG-Premier League,2018/19,Leicester City,Fousseni Diabaté,MLI,MF,22.0,1995.0,0.6,0,0.0,0,,0.0,0.0,,,0,0,2018,shooting,Leicester City
ENG-Premier League,2018/19,Leicester City,Hamza Choudhury,BAN,MF,20.0,1997.0,6.6,0,4.0,2,50.0,0.61,0.3,0.0,0.0,0,0,2018,shooting,Leicester City
ENG-Premier League,2018/19,Leicester City,Harry Maguire,ENG,DF,25.0,1993.0,28.8,3,30.0,13,43.3,1.04,0.45,0.1,0.23,0,0,2018,shooting,Leicester City
ENG-Premier League,2018/19,Leicester City,Harvey Barnes,ENG,"MF,FW",20.0,1997.0,11.2,1,40.0,10,25.0,3.59,0.9,0.03,0.1,0,0,2018,shooting,Leicester City
ENG-Premier League,2018/19,Leicester City,James Maddison,ENG,"MF,FW",21.0,1996.0,31.5,7,83.0,29,34.9,2.64,0.92,0.08,0.24,1,2,2018,shooting,Leicester City
ENG-Premier League,2018/19,Leicester City,Jamie Vardy,ENG,FW,31.0,1987.0,30.3,18,79.0,40,50.6,2.61,1.32,0.23,0.45,4,5,2018,shooting,Leicester City
ENG-Premier League,2018/19,Leicester City,Jonny Evans,NIR,DF,30.0,1988.0,22.2,1,10.0,4,40.0,0.45,0.18,0.1,0.25,0,0,2018,shooting,Leicester City
ENG-Premier League,2018/19,Leicester City,Kasper Schmeichel,DEN,GK,31.0,1986.0,38.0,0,1.0,0,0.0,0.03,0.0,0.0,,0,0,2018,shooting,Leicester City
ENG-Premier League,2018/19,Leicester City,Kelechi Iheanacho,NGA,"FW,MF",21.0,1996.0,10.5,1,18.0,6,33.3,1.72,0.57,0.06,0.17,0,0,2018,shooting,Leicester City
ENG-Premier League,2018/19,Leicester City,Marc Albrighton,ENG,"MF,FW",28.0,1989.0,18.1,2,19.0,7,36.8,1.05,0.39,0.11,0.29,0,0,2018,shooting,Leicester City
ENG-Premier League,2018/19,Leicester City,Nampalys Mendy,SEN,MF,26.0,1992.0,23.2,0,2.0,0,0.0,0.09,0.0,0.0,,0,0,2018,shooting,Leicester City
ENG-Premier League,2018/19,Leicester City,Rachid Ghezzal,ALG,"MF,FW",26.0,1992.0,8.3,1,19.0,5,26.3,2.3,0.61,0.05,0.2,0,0,2018,shooting,Leicester City
ENG-Premier League,2018/19,Leicester City,Ricardo Pereira,POR,"DF,MF",24.0,1993.0,34.7,2,26.0,9,34.6,0.75,0.26,0.08,0.22,0,0,2018,shooting,Leicester City
ENG-Premier League,2018/19,Leicester City,Shinji Okazaki,JPN,FW,32.0,1986.0,3.2,0,6.0,4,66.7,1.87,1.25,0.0,0.0,0,0,2018,shooting,Leicester City
ENG-Premier League,2018/19,Leicester City,Vicente Iborra,ESP,MF,30.0,1988.0,2.5,0,2.0,1,50.0,0.79,0.39,0.0,0.0,0,0,2018,shooting,Leicester City
ENG-Premier League,2018/19,Leicester City,Wes Morgan,JAM,DF,34.0,1984.0,21.4,3,15.0,5,33.3,0.7,0.23,0.2,0.6,0,0,2018,shooting,Leicester City
ENG-Premier League,2018/19,Leicester City,Wilfred Ndidi,NGA,MF,21.0,1996.0,36.6,2,56.0,9,16.1,1.53,0.25,0.04,0.22,0,0,2018,shooting,Leicester City
ENG-Premier League,2018/19,Leicester City,Youri Tielemans,BEL,MF,21.0,1997.0,12.1,3,31.0,12,38.7,2.57,0.99,0.1,0.25,0,0,2018,shooting,Leicester City
ENG-Premier League,2018/19,Leicester City,Çağlar Söyüncü,TUR,DF,22.0,1996.0,4.1,0,2.0,0,0.0,0.48,0.0,0.0,,0,0,2018,shooting,Leicester City
ENG-Premier League,2018/19,Liverpool,Adam Lallana,ENG,"MF,FW",30.0,1988.0,5.2,0,5.0,3,60.0,0.96,0.58,0.0,0.0,0,0,2018,shooting,Liverpool
ENG-Premier League,2018/19,Liverpool,Alberto Moreno,ESP,DF,26.0,1992.0,1.7,0,1.0,0,0.0,0.58,0.0,0.0,,0,0,2018,shooting,Liverpool
ENG-Premier League,2018/19,Liverpool,Alex Oxlade-Chamberlain,ENG,"FW,MF",24.0,1993.0,0.2,0,1.0,1,100.0,4.29,4.29,0.0,0.0,0,0,2018,shooting,Liverpool
ENG-Premier League,2018/19,Liverpool,Alisson,BRA,GK,25.0,1992.0,38.0,0,0.0,0,,0.0,0.0,,,0,0,2018,shooting,Liverpool
ENG-Premier League,2018/19,Liverpool,Andy Robertson,SCO,DF,24.0,1994.0,35.7,0,16.0,5,31.3,0.45,0.14,0.0,0.0,0,0,2018,shooting,Liverpool
ENG-Premier League,2018/19,Liverpool,Daniel Sturridge,ENG,FW,28.0,1989.0,5.7,2,18.0,6,33.3,3.18,1.06,0.11,0.33,0,0,2018,shooting,Liverpool
ENG-Premier League,2018/19,Liverpool,Dejan Lovren,CRO,DF,29.0,1989.0,11.0,1,6.0,1,16.7,0.55,0.09,0.17,1.0,0,0,2018,shooting,Liverpool
ENG-Premier League,2018/19,Liverpool,Divock Origi,BEL,FW,23.0,1995.0,4.1,3,13.0,6,46.2,3.15,1.46,0.23,0.5,0,0,2018,shooting,Liverpool
ENG-Premier League,2018/19,Liverpool,Fabinho,BRA,MF,24.0,1993.0,22.4,1,17.0,4,23.5,0.76,0.18,0.06,0.25,0,0,2018,shooting,Liverpool
ENG-Premier League,2018/19,Liverpool,Georginio Wijnaldum,NED,MF,27.0,1990.0,30.3,3,30.0,10,33.3,0.99,0.33,0.1,0.3,0,0,2018,shooting,Liverpool
ENG-Premier League,2018/19,Liverpool,James Milner,ENG,"MF,DF",32.0,1986.0,19.9,5,24.0,8,33.3,1.21,0.4,0.21,0.63,3,3,2018,shooting,Liverpool
ENG-Premier League,2018/19,Liverpool,Joe Gomez,ENG,DF,21.0,1997.0,11.8,0,5.0,1,20.0,0.42,0.08,0.0,0.0,0,0,2018,shooting,Liverpool
ENG-Premier League,2018/19,Liverpool,Jordan Henderson,ENG,MF,28.0,1990.0,22.1,1,16.0,1,6.3,0.72,0.05,0.06,1.0,0,0,2018,shooting,Liverpool
ENG-Premier League,2018/19,Liverpool,Joël Matip,CMR,DF,26.0,1991.0,17.1,1,8.0,2,25.0,0.47,0.12,0.13,0.5,0,0,2018,shooting,Liverpool
ENG-Premier League,2018/19,Liverpool,Mohamed Salah,EGY,FW,26.0,1992.0,36.1,22,136.0,64,47.1,3.77,1.77,0.16,0.34,3,3,2018,shooting,Liverpool
ENG-Premier League,2018/19,Liverpool,Naby Keïta,GUI,MF,23.0,1995.0,15.4,2,27.0,10,37.0,1.75,0.65,0.07,0.2,0,0,2018,shooting,Liverpool
ENG-Premier League,2018/19,Liverpool,Nathaniel Clyne,ENG,DF,27.0,1991.0,1.2,0,3.0,1,33.3,2.43,0.81,0.0,0.0,0,0,2018,shooting,Liverpool
ENG-Premier League,2018/19,Liverpool,Rafael Camacho,POR,"FW,MF",18.0,2000.0,0.0,0,0.0,0,,0.0,0.0,,,0,0,2018,shooting,Liverpool
ENG-Premier League,2018/19,Liverpool,Roberto Firmino,BRA,"FW,MF",26.0,1991.0,29.0,12,75.0,35,46.7,2.59,1.21,0.16,0.34,1,1,2018,shooting,Liverpool
ENG-Premier League,2018/19,Liverpool,Sadio Mané,SEN,"FW,MF",26.0,1992.0,34.2,22,87.0,42,48.3,2.54,1.23,0.25,0.52,0,0,2018,shooting,Liverpool
ENG-Premier League,2018/19,Liverpool,Trent Alexander-Arnold,ENG,DF,19.0,1998.0,27.4,1,29.0,9,31.0,1.06,0.33,0.03,0.11,0,0,2018,shooting,Liverpool
ENG-Premier League,2018/19,Liverpool,Virgil van Dijk,NED,DF,27.0,1991.0,37.6,4,32.0,10,31.3,0.85,0.27,0.13,0.4,0,0,2018,shooting,Liverpool
ENG-Premier League,2018/19,Liverpool,Xherdan Shaqiri,SUI,MF,26.0,1991.0,11.8,6,26.0,10,38.5,2.2,0.85,0.23,0.6,0,0,2018,shooting,Liverpool
ENG-Premier League,2018/19,Manchester City,Aymeric Laporte,ESP,DF,24.0,1994.0,34.0,3,26.0,7,26.9,0.77,0.21,0.12,0.43,0,0,2018,shooting,Manchester City
ENG-Premier League,2018/19,Manchester City,Benjamin Mendy,FRA,"DF,MF",24.0,1994.0,10.0,0,7.0,3,42.9,0.7,0.3,0.0,0.0,0,0,2018,shooting,Manchester City
ENG-Premier League,2018/19,Manchester City,Bernardo Silva,POR,"MF,FW",23.0,1994.0,31.7,7,62.0,22,35.5,1.96,0.69,0.11,0.32,0,0,2018,shooting,Manchester City
ENG-Premier League,2018/19,Manchester City,Danilo,BRA,DF,27.0,1991.0,9.0,1,14.0,3,21.4,1.56,0.33,0.07,0.33,0,0,2018,shooting,Manchester City
ENG-Premier League,2018/19,Manchester City,David Silva,ESP,MF,32.0,1986.0,26.7,6,51.0,20,39.2,1.91,0.75,0.12,0.3,0,0,2018,shooting,Manchester City
ENG-Premier League,2018/19,Manchester City,Ederson Moraes,BRA,GK,24.0,1993.0,38.0,0,0.0,0,,0.0,0.0,,,0,0,2018,shooting,Manchester City
ENG-Premier League,2018/19,Manchester City,Fabian Delph,ENG,DF,28.0,1989.0,8.1,0,4.0,3,75.0,0.5,0.37,0.0,0.0,0,0,2018,shooting,Manchester City
ENG-Premier League,2018/19,Manchester City,Fernandinho,BRA,MF,33.0,1985.0,26.4,1,30.0,7,23.3,1.14,0.27,0.03,0.14,0,0,2018,shooting,Manchester City
ENG-Premier League,2018/19,Manchester City,Gabriel Jesus,BRA,FW,21.0,1997.0,11.5,7,43.0,25,58.1,3.74,2.17,0.16,0.28,1,1,2018,shooting,Manchester City
ENG-Premier League,2018/19,Manchester City,John Stones,ENG,DF,24.0,1994.0,19.6,0,5.0,1,20.0,0.26,0.05,0.0,0.0,0,0,2018,shooting,Manchester City
ENG-Premier League,2018/19,Manchester City,Kevin De Bruyne,BEL,MF,27.0,1991.0,10.8,2,31.0,13,41.9,2.86,1.2,0.06,0.15,0,0,2018,shooting,Manchester City
ENG-Premier League,2018/19,Manchester City,Kyle Walker,ENG,DF,28.0,1990.0,30.9,1,21.0,4,19.0,0.68,0.13,0.05,0.25,0,0,2018,shooting,Manchester City
ENG-Premier League,2018/19,Manchester City,Leroy Sané,GER,FW,22.0,1996.0,20.7,10,56.0,25,44.6,2.7,1.21,0.18,0.4,0,0,2018,shooting,Manchester City
ENG-Premier League,2018/19,Manchester City,Nicolás Otamendi,ARG,DF,30.0,1988.0,13.7,0,15.0,3,20.0,1.09,0.22,0.0,0.0,0,0,2018,shooting,Manchester City
ENG-Premier League,2018/19,Manchester City,Oleksandr Zinchenko,UKR,DF,21.0,1996.0,12.8,0,7.0,1,14.3,0.55,0.08,0.0,0.0,0,0,2018,shooting,Manchester City
ENG-Premier League,2018/19,Manchester City,Phil Foden,ENG,MF,18.0,2000.0,3.7,1,14.0,6,42.9,3.76,1.61,0.07,0.17,0,0,2018,shooting,Manchester City
ENG-Premier League,2018/19,Manchester City,Raheem Sterling,ENG,"FW,MF",23.0,1994.0,30.8,17,77.0,39,50.6,2.5,1.27,0.22,0.44,0,0,2018,shooting,Manchester City
ENG-Premier League,2018/19,Manchester City,Riyad Mahrez,ALG,"FW,MF",27.0,1991.0,14.9,7,54.0,25,46.3,3.62,1.68,0.13,0.28,0,1,2018,shooting,Manchester City
ENG-Premier League,2018/19,Manchester City,Sergio Agüero,ARG,FW,30.0,1988.0,27.3,21,118.0,43,36.4,4.32,1.57,0.18,0.49,2,2,2018,shooting,Manchester City
ENG-Premier League,2018/19,Manchester City,Vincent Kompany,BEL,DF,32.0,1986.0,13.6,1,5.0,1,20.0,0.37,0.07,0.2,1.0,0,0,2018,shooting,Manchester City
ENG-Premier League,2018/19,Manchester City,İlkay Gündoğan,GER,MF,27.0,1990.0,23.7,6,43.0,11,25.6,1.81,0.46,0.14,0.55,0,0,2018,shooting,Manchester City
ENG-Premier League,2018/19,Manchester Utd,Alexis Sánchez,CHI,"FW,MF",29.0,1988.0,9.8,1,17.0,9,52.9,1.74,0.92,0.06,0.11,0,0,2018,shooting,Manchester United
ENG-Premier League,2018/19,Manchester Utd,Ander Herrera,ESP,MF,28.0,1989.0,15.6,2,21.0,8,38.1,1.35,0.51,0.1,0.25,0,0,2018,shooting,Manchester United
ENG-Premier League,2018/19,Manchester Utd,Andreas Pereira,BRA,MF,22.0,1996.0,6.7,1,8.0,2,25.0,1.2,0.3,0.13,0.5,0,0,2018,shooting,Manchester United
ENG-Premier League,2018/19,Manchester Utd,Angel Gomes,ENG,"FW,MF",17.0,2000.0,0.3,0,2.0,1,50.0,6.67,3.33,0.0,0.0,0,0,2018,shooting,Manchester United
ENG-Premier League,2018/19,Manchester Utd,Anthony Martial,FRA,"FW,MF",22.0,1995.0,18.0,10,40.0,23,57.5,2.22,1.28,0.25,0.43,1,1,2018,shooting,Manchester United
ENG-Premier League,2018/19,Manchester Utd,Antonio Valencia,ECU,"DF,MF",32.0,1985.0,5.2,0,2.0,0,0.0,0.39,0.0,0.0,,0,0,2018,shooting,Manchester United
ENG-Premier League,2018/19,Manchester Utd,Ashley Young,ENG,DF,33.0,1985.0,28.5,2,12.0,3,25.0,0.42,0.11,0.17,0.67,0,0,2018,shooting,Manchester United
ENG-Premier League,2018/19,Manchester Utd,Chris Smalling,ENG,DF,28.0,1989.0,23.6,1,13.0,3,23.1,0.55,0.13,0.08,0.33,0,0,2018,shooting,Manchester United
ENG-Premier League,2018/19,Manchester Utd,David de Gea,ESP,GK,27.0,1990.0,38.0,0,0.0,0,,0.0,0.0,,,0,0,2018,shooting,Manchester United
ENG-Premier League,2018/19,Manchester Utd,Diogo Dalot,POR,"DF,MF",19.0,1999.0,11.3,0,15.0,0,0.0,1.33,0.0,0.0,,0,0,2018,shooting,Manchester United
ENG-Premier League,2018/19,Manchester Utd,Eric Bailly,CIV,DF,24.0,1994.0,7.1,0,3.0,1,33.3,0.42,0.14,0.0,0.0,0,0,2018,shooting,Manchester United
ENG-Premier League,2018/19,Manchester Utd,Fred,BRA,MF,25.0,1993.0,11.6,1,17.0,2,11.8,1.47,0.17,0.06,0.5,0,0,2018,shooting,Manchester United
ENG-Premier League,2018/19,Manchester Utd,James Garner,ENG,MF,17.0,2001.0,0.0,0,0.0,0,,0.0,0.0,,,0,0,2018,shooting,Manchester United
ENG-Premier League,2018/19,Manchester Utd,Jesse Lingard,ENG,"FW,MF",25.0,1992.0,18.5,4,32.0,14,43.8,1.73,0.76,0.13,0.29,1,1,2018,shooting,Manchester United
ENG-Premier League,2018/19,Manchester Utd,Juan Mata,ESP,"MF,FW",30.0,1988.0,14.3,3,19.0,6,31.6,1.33,0.42,0.16,0.5,0,0,2018,shooting,Manchester United
ENG-Premier League,2018/19,Manchester Utd,Luke Shaw,ENG,DF,23.0,1995.0,28.8,1,21.0,7,33.3,0.73,0.24,0.05,0.14,0,0,2018,shooting,Manchester United
ENG-Premier League,2018/19,Manchester Utd,Marcos Rojo,ARG,DF,28.0,1990.0,2.4,0,6.0,4,66.7,2.55,1.7,0.0,0.0,0,0,2018,shooting,Manchester United
ENG-Premier League,2018/19,Manchester Utd,Marcus Rashford,ENG,"FW,MF",20.0,1997.0,25.9,10,84.0,40,47.6,3.24,1.54,0.12,0.25,0,0,2018,shooting,Manchester United
ENG-Premier League,2018/19,Manchester Utd,Marouane Fellaini,BEL,MF,30.0,1987.0,8.4,0,7.0,3,42.9,0.84,0.36,0.0,0.0,0,0,2018,shooting,Manchester United
ENG-Premier League,2018/19,Manchester Utd,Mason Greenwood,ENG,FW,16.0,2001.0,1.3,0,7.0,4,57.1,5.38,3.08,0.0,0.0,0,0,2018,shooting,Manchester United
ENG-Premier League,2018/19,Manchester Utd,Matteo Darmian,ITA,"DF,MF",28.0,1989.0,4.9,0,1.0,1,100.0,0.2,0.2,0.0,0.0,0,0,2018,shooting,Manchester United
ENG-Premier League,2018/19,Manchester Utd,Nemanja Matić,SRB,MF,29.0,1988.0,27.1,1,12.0,3,25.0,0.44,0.11,0.08,0.33,0,0,2018,shooting,Manchester United
ENG-Premier League,2018/19,Manchester Utd,Paul Pogba,FRA,MF,25.0,1993.0,33.4,13,105.0,50,47.6,3.14,1.5,0.12,0.26,7,10,2018,shooting,Manchester United
ENG-Premier League,2018/19,Manchester Utd,Phil Jones,ENG,DF,26.0,1992.0,14.0,0,5.0,2,40.0,0.36,0.14,0.0,0.0,0,0,2018,shooting,Manchester United
ENG-Premier League,2018/19,Manchester Utd,Romelu Lukaku,BEL,FW,25.0,1993.0,23.7,12,55.0,32,58.2,2.32,1.35,0.22,0.38,0,0,2018,shooting,Manchester United
ENG-Premier League,2018/19,Manchester Utd,Scott McTominay,SCO,"MF,DF",21.0,1996.0,9.6,2,15.0,6,40.0,1.56,0.62,0.13,0.33,0,0,2018,shooting,Manchester United
ENG-Premier League,2018/19,Manchester Utd,Tahith Chong,CUW,"FW,MF",18.0,1999.0,0.4,0,2.0,1,50.0,4.74,2.37,0.0,0.0,0,0,2018,shooting,Manchester United
ENG-Premier League,2018/19,Manchester Utd,Victor Lindelöf,SWE,DF,24.0,1994.0,28.9,1,8.0,1,12.5,0.28,0.03,0.13,1.0,0,0,2018,shooting,Manchester United
ENG-Premier League,2018/19,Newcastle,Antonio Barreca,ITA,"DF,MF",23.0,1995.0,0.1,0,0.0,0,,0.0,0.0,,,0,0,2018,shooting,Newcastle United
ENG-Premier League,2018/19,Newcastle,Ayoze Pérez,ESP,"MF,FW",25.0,1993.0,32.4,12,55.0,28,50.9,1.7,0.86,0.22,0.43,0,0,2018,shooting,Newcastle United
ENG-Premier League,2018/19,Newcastle,Christian Atsu,GHA,MF,26.0,1992.0,16.6,1,28.0,14,50.0,1.69,0.84,0.04,0.07,0,0,2018,shooting,Newcastle United
ENG-Premier League,2018/19,Newcastle,Ciaran Clark,IRL,DF,28.0,1989.0,9.5,3,7.0,3,42.9,0.73,0.31,0.43,1.0,0,0,2018,shooting,Newcastle United
ENG-Premier League,2018/19,Newcastle,DeAndre Yedlin,USA,"DF,MF",25.0,1993.0,27.5,1,13.0,3,23.1,0.47,0.11,0.08,0.33,0,0,2018,shooting,Newcastle United
ENG-Premier League,2018/19,Newcastle,Fabian Schär,SUI,DF,26.0,1991.0,22.2,4,25.0,7,28.0,1.13,0.32,0.16,0.57,0,0,2018,shooting,Newcastle United
ENG-Premier League,2018/19,Newcastle,Federico Fernández,ARG,DF,29.0,1989.0,16.5,0,4.0,1,25.0,0.24,0.06,0.0,0.0,0,0,2018,shooting,Newcastle United
ENG-Premier League,2018/19,Newcastle,Florian Lejeune,FRA,DF,27.0,1991.0,11.7,0,6.0,2,33.3,0.51,0.17,0.0,0.0,0,0,2018,shooting,Newcastle United
ENG-Premier League,2018/19,Newcastle,Isaac Hayden,JAM,MF,23.0,1995.0,20.7,1,21.0,5,23.8,1.02,0.24,0.05,0.2,0,0,2018,shooting,Newcastle United
ENG-Premier League,2018/19,Newcastle,Jacob Murphy,ENG,MF,23.0,1995.0,3.4,0,2.0,1,50.0,0.6,0.3,0.0,0.0,0,0,2018,shooting,Newcastle United
ENG-Premier League,2018/19,Newcastle,Jamaal Lascelles,ENG,DF,24.0,1993.0,30.5,0,11.0,1,9.1,0.36,0.03,0.0,0.0,0,0,2018,shooting,Newcastle United
ENG-Premier League,2018/19,Newcastle,Javier Manquillo,ESP,DF,24.0,1994.0,12.2,0,2.0,1,50.0,0.16,0.08,0.0,0.0,0,0,2018,shooting,Newcastle United
ENG-Premier League,2018/19,Newcastle,Jonjo Shelvey,ENG,MF,26.0,1992.0,10.5,1,23.0,8,34.8,2.18,0.76,0.04,0.13,0,0,2018,shooting,Newcastle United
ENG-Premier League,2018/19,Newcastle,Joselu,ESP,FW,28.0,1990.0,6.6,2,17.0,5,29.4,2.57,0.76,0.12,0.4,0,0,2018,shooting,Newcastle United
ENG-Premier League,2018/19,Newcastle,Kenedy,BRA,MF,22.0,1996.0,15.0,1,31.0,6,19.4,2.07,0.4,0.03,0.17,0,1,2018,shooting,Newcastle United
ENG-Premier League,2018/19,Newcastle,Ki Sung-yueng,KOR,MF,29.0,1989.0,14.5,0,8.0,2,25.0,0.55,0.14,0.0,0.0,0,0,2018,shooting,Newcastle United
ENG-Premier League,2018/19,Newcastle,Martin Dúbravka,SVK,GK,29.0,1989.0,38.0,0,0.0,0,,0.0,0.0,,,0,0,2018,shooting,Newcastle United
ENG-Premier League,2018/19,Newcastle,Matt Ritchie,SCO,"DF,MF",28.0,1989.0,32.5,2,41.0,10,24.4,1.26,0.31,0.05,0.2,1,2,2018,shooting,Newcastle United
ENG-Premier League,2018/19,Newcastle,Miguel Almirón,PAR,"MF,FW",24.0,1994.0,8.4,0,19.0,8,42.1,2.25,0.95,0.0,0.0,0,0,2018,shooting,Newcastle United
ENG-Premier League,2018/19,Newcastle,Mohamed Diamé,SEN,MF,31.0,1987.0,24.1,0,21.0,3,14.3,0.87,0.12,0.0,0.0,0,0,2018,shooting,Newcastle United
ENG-Premier League,2018/19,Newcastle,Paul Dummett,WAL,DF,26.0,1991.0,22.1,0,9.0,1,11.1,0.41,0.05,0.0,0.0,0,0,2018,shooting,Newcastle United
ENG-Premier League,2018/19,Newcastle,Salomón Rondón,VEN,FW,28.0,1989.0,28.9,11,89.0,29,32.6,3.08,1.0,0.12,0.38,0,0,2018,shooting,Newcastle United
ENG-Premier League,2018/19,Newcastle,Sean Longstaff,ENG,MF,20.0,1997.0,7.6,1,8.0,2,25.0,1.05,0.26,0.13,0.5,0,0,2018,shooting,Newcastle United
ENG-Premier League,2018/19,Newcastle,Yoshinori Mutō,JPN,"FW,MF",26.0,1992.0,5.8,1,6.0,3,50.0,1.03,0.52,0.17,0.33,0,0,2018,shooting,Newcastle United
ENG-Premier League,2018/19,Southampton,Alex McCarthy,ENG,GK,28.0,1989.0,25.0,0,0.0,0,,0.0,0.0,,,0,0,2018,shooting,Southampton
ENG-Premier League,2018/19,Southampton,Angus Gunn,SCO,GK,22.0,1996.0,12.0,0,0.0,0,,0.0,0.0,,,0,0,2018,shooting,Southampton
ENG-Premier League,2018/19,Southampton,Callum Slattery,ENG,MF,19.0,1999.0,1.2,0,1.0,0,0.0,0.8,0.0,0.0,,0,0,2018,shooting,Southampton
ENG-Premier League,2018/19,Southampton,Charlie Austin,ENG,FW,29.0,1989.0,10.9,2,32.0,9,28.1,2.93,0.82,0.06,0.22,0,1,2018,shooting,Southampton
ENG-Premier League,2018/19,Southampton,Cédric Soares,POR,"DF,MF",26.0,1991.0,16.6,1,10.0,3,30.0,0.6,0.18,0.1,0.33,0,0,2018,shooting,Southampton
ENG-Premier League,2018/19,Southampton,Danny Ings,ENG,FW,26.0,1992.0,18.3,7,54.0,23,42.6,2.94,1.25,0.13,0.3,3,3,2018,shooting,Southampton
ENG-Premier League,2018/19,Southampton,Fraser Forster,ENG,GK,30.0,1988.0,1.0,0,0.0,0,,0.0,0.0,,,0,0,2018,shooting,Southampton
ENG-Premier League,2018/19,Southampton,Jack Stephens,ENG,DF,24.0,1994.0,18.9,1,7.0,5,71.4,0.37,0.26,0.14,0.2,0,0,2018,shooting,Southampton
ENG-Premier League,2018/19,Southampton,James Ward-Prowse,ENG,MF,23.0,1994.0,21.6,7,31.0,16,51.6,1.43,0.74,0.23,0.44,1,1,2018,shooting,Southampton
ENG-Premier League,2018/19,Southampton,Jan Bednarek,POL,DF,22.0,1996.0,23.9,0,5.0,1,20.0,0.21,0.04,0.0,0.0,0,0,2018,shooting,Southampton
ENG-Premier League,2018/19,Southampton,Jannik Vestergaard,DEN,DF,25.0,1992.0,22.5,0,14.0,1,7.1,0.62,0.04,0.0,0.0,0,0,2018,shooting,Southampton
ENG-Premier League,2018/19,Southampton,Josh Sims,ENG,MF,21.0,1997.0,2.4,0,5.0,1,20.0,2.12,0.42,0.0,0.0,0,0,2018,shooting,Southampton
ENG-Premier League,2018/19,Southampton,Kayne Ramsey,ENG,DF,17.0,2000.0,1.0,0,0.0,0,,0.0,0.0,,,0,0,2018,shooting,Southampton
ENG-Premier League,2018/19,Southampton,Manolo Gabbiadini,ITA,"MF,FW",26.0,1991.0,5.3,1,21.0,8,38.1,3.97,1.51,0.05,0.13,0,0,2018,shooting,Southampton
ENG-Premier League,2018/19,Southampton,Mario Lemina,GAB,MF,24.0,1993.0,17.9,1,27.0,6,22.2,1.51,0.33,0.04,0.17,0,0,2018,shooting,Southampton
ENG-Premier League,2018/19,Southampton,Matt Targett,ENG,"MF,DF",22.0,1995.0,13.2,1,11.0,3,27.3,0.83,0.23,0.09,0.33,0,0,2018,shooting,Southampton
ENG-Premier League,2018/19,Southampton,Maya Yoshida,JPN,DF,29.0,1988.0,16.9,0,14.0,3,21.4,0.83,0.18,0.0,0.0,0,0,2018,shooting,Southampton
ENG-Premier League,2018/19,Southampton,Michael Obafemi,IRL,FW,18.0,2000.0,1.5,1,7.0,3,42.9,4.6,1.97,0.14,0.33,0,0,2018,shooting,Southampton
ENG-Premier League,2018/19,Southampton,Mohamed Elyounoussi,NOR,MF,23.0,1994.0,8.8,0,20.0,6,30.0,2.27,0.68,0.0,0.0,0,0,2018,shooting,Southampton
ENG-Premier League,2018/19,Southampton,Nathan Redmond,ENG,"MF,FW",24.0,1994.0,36.3,6,74.0,22,29.7,2.04,0.61,0.08,0.27,0,0,2018,shooting,Southampton
ENG-Premier League,2018/19,Southampton,Oriol Romeu,ESP,MF,26.0,1991.0,23.7,1,10.0,4,40.0,0.42,0.17,0.1,0.25,0,0,2018,shooting,Southampton
ENG-Premier League,2018/19,Southampton,Pierre Højbjerg,DEN,MF,22.0,1995.0,30.7,4,53.0,19,35.8,1.73,0.62,0.08,0.21,0,0,2018,shooting,Southampton
ENG-Premier League,2018/19,Southampton,Ryan Bertrand,ENG,"DF,MF",28.0,1989.0,24.0,1,16.0,2,12.5,0.67,0.08,0.06,0.5,0,0,2018,shooting,Southampton
ENG-Premier League,2018/19,Southampton,Sam Gallagher,ENG,"FW,MF",22.0,1995.0,0.4,0,0.0,0,,0.0,0.0,,,0,0,2018,shooting,Southampton
ENG-Premier League,2018/19,Southampton,Shane Long,IRL,FW,31.0,1987.0,14.1,5,30.0,10,33.3,2.12,0.71,0.17,0.5,0,0,2018,shooting,Southampton
ENG-Premier League,2018/19,Southampton,Steven Davis,NIR,MF,33.0,1985.0,1.1,0,0.0,0,,0.0,0.0,,,0,0,2018,shooting,Southampton
ENG-Premier League,2018/19,Southampton,Stuart Armstrong,SCO,"MF,FW",26.0,1992.0,15.9,3,32.0,12,37.5,2.01,0.75,0.09,0.25,0,0,2018,shooting,Southampton
ENG-Premier League,2018/19,Southampton,Tyreke Johnson,ENG,"FW,MF",19.0,1998.0,0.0,0,0.0,0,,0.0,0.0,,,0,0,2018,shooting,Southampton
ENG-Premier League,2018/19,Southampton,Wesley Hoedt,NED,DF,24.0,1994.0,13.0,0,6.0,1,16.7,0.46,0.08,0.0,0.0,0,0,2018,shooting,Southampton
ENG-Premier League,2018/19,Southampton,Yan Valery,TUN,"MF,DF",19.0,1999.0,19.0,2,6.0,5,83.3,0.32,0.26,0.33,0.4,0,0,2018,shooting,Southampton
ENG-Premier League,2018/19,Tottenham,Ben Davies,WAL,"DF,MF",25.0,1993.0,20.5,0,14.0,1,7.1,0.68,0.05,0.0,0.0,0,0,2018,shooting,Tottenham Hotspur
ENG-Premier League,2018/19,Tottenham,Christian Eriksen,DEN,"MF,FW",26.0,1992.0,30.8,8,83.0,31,37.3,2.69,1.01,0.1,0.26,0,0,2018,shooting,Tottenham Hotspur
ENG-Premier League,2018/19,Tottenham,Danny Rose,ENG,"DF,MF",28.0,1990.0,20.0,0,15.0,2,13.3,0.75,0.1,0.0,0.0,0,0,2018,shooting,Tottenham Hotspur
ENG-Premier League,2018/19,Tottenham,Davinson Sánchez,COL,DF,22.0,1996.0,21.6,1,15.0,3,20.0,0.7,0.14,0.07,0.33,0,0,2018,shooting,Tottenham Hotspur
ENG-Premier League,2018/19,Tottenham,Dele Alli,ENG,"MF,FW",22.0,1996.0,20.3,5,39.0,19,48.7,1.92,0.94,0.13,0.26,0,0,2018,shooting,Tottenham Hotspur
ENG-Premier League,2018/19,Tottenham,Eric Dier,ENG,MF,24.0,1994.0,16.7,3,9.0,3,33.3,0.54,0.18,0.33,1.0,0,0,2018,shooting,Tottenham Hotspur
ENG-Premier League,2018/19,Tottenham,Fernando Llorente,ESP,FW,33.0,1985.0,7.7,1,24.0,5,20.8,3.11,0.65,0.04,0.2,0,0,2018,shooting,Tottenham Hotspur
ENG-Premier League,2018/19,Tottenham,Georges-Kévin N'Koudou,CMR,"FW,MF",23.0,1995.0,0.1,0,0.0,0,,0.0,0.0,,,0,0,2018,shooting,Tottenham Hotspur
ENG-Premier League,2018/19,Tottenham,Harry Kane,ENG,FW,25.0,1993.0,26.9,17,102.0,46,45.1,3.79,1.71,0.17,0.37,4,4,2018,shooting,Tottenham Hotspur
ENG-Premier League,2018/19,Tottenham,Harry Winks,ENG,MF,22.0,1996.0,17.7,1,9.0,2,22.2,0.51,0.11,0.11,0.5,0,0,2018,shooting,Tottenham Hotspur
ENG-Premier League,2018/19,Tottenham,Hugo Lloris,FRA,GK,31.0,1986.0,33.0,0,0.0,0,,0.0,0.0,,,0,0,2018,shooting,Tottenham Hotspur
ENG-Premier League,2018/19,Tottenham,Jan Vertonghen,BEL,DF,31.0,1987.0,21.2,1,15.0,2,13.3,0.71,0.09,0.07,0.5,0,0,2018,shooting,Tottenham Hotspur
ENG-Premier League,2018/19,Tottenham,Juan Foyth,ARG,DF,20.0,1998.0,9.9,1,4.0,1,25.0,0.41,0.1,0.25,1.0,0,0,2018,shooting,Tottenham Hotspur
ENG-Premier League,2018/19,Tottenham,Kieran Trippier,ENG,"DF,MF",27.0,1990.0,25.3,1,8.0,3,37.5,0.32,0.12,0.13,0.33,0,0,2018,shooting,Tottenham Hotspur
ENG-Premier League,2018/19,Tottenham,Kyle Walker-Peters,ENG,"DF,MF",21.0,1997.0,4.2,0,2.0,0,0.0,0.48,0.0,0.0,,0,0,2018,shooting,Tottenham Hotspur
ENG-Premier League,2018/19,Tottenham,Lucas Moura,BRA,"FW,MF",25.0,1992.0,23.6,10,45.0,20,44.4,1.91,0.85,0.22,0.5,0,0,2018,shooting,Tottenham Hotspur
ENG-Premier League,2018/19,Tottenham,Luke Amos,ENG,MF,21.0,1997.0,0.0,0,0.0,0,,0.0,0.0,,,0,0,2018,shooting,Tottenham Hotspur
ENG-Premier League,2018/19,Tottenham,Michel Vorm,NED,GK,34.0,1983.0,2.0,0,0.0,0,,0.0,0.0,,,0,0,2018,shooting,Tottenham Hotspur
ENG-Premier League,2018/19,Tottenham,Mousa Dembélé,BEL,MF,31.0,1987.0,5.7,0,1.0,0,0.0,0.17,0.0,0.0,,0,0,2018,shooting,Tottenham Hotspur
ENG-Premier League,2018/19,Tottenham,Moussa Sissoko,FRA,MF,28.0,1989.0,25.9,0,15.0,3,20.0,0.58,0.12,0.0,0.0,0,0,2018,shooting,Tottenham Hotspur
ENG-Premier League,2018/19,Tottenham,Oliver Skipp,ENG,MF,17.0,2000.0,2.4,0,2.0,0,0.0,0.82,0.0,0.0,,0,0,2018,shooting,Tottenham Hotspur
ENG-Premier League,2018/19,Tottenham,Paulo Gazzaniga,ARG,GK,26.0,1992.0,3.0,0,0.0,0,,0.0,0.0,,,0,0,2018,shooting,Tottenham Hotspur
ENG-Premier League,2018/19,Tottenham,Serge Aurier,CIV,"DF,MF",25.0,1992.0,6.3,0,4.0,1,25.0,0.64,0.16,0.0,0.0,0,0,2018,shooting,Tottenham Hotspur
ENG-Premier League,2018/19,Tottenham,Son Heung-min,KOR,"FW,MF",26.0,1992.0,22.7,12,74.0,29,39.2,3.27,1.28,0.16,0.41,0,0,2018,shooting,Tottenham Hotspur
ENG-Premier League,2018/19,Tottenham,Toby Alderweireld,BEL,DF,29.0,1989.0,32.5,0,18.0,5,27.8,0.55,0.15,0.0,0.0,0,0,2018,shooting,Tottenham Hotspur
ENG-Premier League,2018/19,Tottenham,Victor Wanyama,KEN,MF,27.0,1991.0,5.7,1,7.0,2,28.6,1.22,0.35,0.14,0.5,0,0,2018,shooting,Tottenham Hotspur
ENG-Premier League,2018/19,Tottenham,Vincent Janssen,NED,FW,24.0,1994.0,0.4,0,3.0,1,33.3,6.92,2.31,0.0,0.0,0,0,2018,shooting,Tottenham Hotspur
ENG-Premier League,2018/19,Tottenham,Érik Lamela,ARG,"MF,FW",26.0,1992.0,10.8,4,29.0,11,37.9,2.68,1.02,0.14,0.36,0,0,2018,shooting,Tottenham Hotspur
ENG-Premier League,2018/19,Watford,Abdoulaye Doucouré,MLI,MF,25.0,1993.0,34.0,5,50.0,17,34.0,1.47,0.5,0.1,0.29,0,0,2018,shooting,Watford
ENG-Premier League,2018/19,Watford,Adam Masina,MAR,DF,24.0,1994.0,11.2,0,3.0,0,0.0,0.27,0.0,0.0,,0,0,2018,shooting,Watford
ENG-Premier League,2018/19,Watford,Adrian Mariappa,JAM,DF,31.0,1986.0,21.4,0,7.0,1,14.3,0.33,0.05,0.0,0.0,0,0,2018,shooting,Watford
ENG-Premier League,2018/19,Watford,Andre Gray,JAM,FW,27.0,1991.0,15.2,7,35.0,17,48.6,2.31,1.12,0.2,0.41,0,0,2018,shooting,Watford
ENG-Premier League,2018/19,Watford,Ben Foster,ENG,GK,35.0,1983.0,38.0,0,1.0,0,0.0,0.03,0.0,0.0,,0,0,2018,shooting,Watford
ENG-Premier League,2018/19,Watford,Ben Wilmot,ENG,DF,18.0,1999.0,0.3,0,0.0,0,,0.0,0.0,,,0,0,2018,shooting,Watford
ENG-Premier League,2018/19,Watford,Christian Kabasele,BEL,DF,27.0,1991.0,17.6,0,8.0,2,25.0,0.45,0.11,0.0,0.0,0,0,2018,shooting,Watford
ENG-Premier League,2018/19,Watford,Craig Cathcart,NIR,DF,29.0,1989.0,34.4,3,13.0,5,38.5,0.38,0.15,0.23,0.6,0,0,2018,shooting,Watford
ENG-Premier League,2018/19,Watford,Daryl Janmaat,NED,DF,29.0,1989.0,16.9,0,11.0,1,9.1,0.65,0.06,0.0,0.0,0,0,2018,shooting,Watford
ENG-Premier League,2018/19,Watford,Domingos Quina,POR,MF,18.0,1999.0,3.8,1,5.0,1,20.0,1.33,0.27,0.2,1.0,0,0,2018,shooting,Watford
ENG-Premier League,2018/19,Watford,Gerard Deulofeu,ESP,FW,24.0,1994.0,23.0,10,60.0,23,38.3,2.61,1.0,0.17,0.43,0,0,2018,shooting,Watford
ENG-Premier League,2018/19,Watford,Isaac Success,NGA,"FW,MF",22.0,1996.0,11.7,1,29.0,10,34.5,2.48,0.86,0.03,0.1,0,0,2018,shooting,Watford
ENG-Premier League,2018/19,Watford,José Holebas,GRE,DF,34.0,1984.0,26.6,3,17.0,6,35.3,0.64,0.23,0.18,0.5,0,0,2018,shooting,Watford
ENG-Premier League,2018/19,Watford,Ken Sema,SWE,MF,24.0,1993.0,8.4,1,12.0,4,33.3,1.43,0.48,0.08,0.25,0,0,2018,shooting,Watford
ENG-Premier League,2018/19,Watford,Kiko Femenía,ESP,DF,27.0,1991.0,22.8,1,6.0,2,33.3,0.26,0.09,0.17,0.5,0,0,2018,shooting,Watford
ENG-Premier League,2018/19,Watford,Marc Navarro,ESP,DF,23.0,1995.0,0.9,0,0.0,0,,0.0,0.0,,,0,0,2018,shooting,Watford
ENG-Premier League,2018/19,Watford,Miguel Britos,URU,DF,33.0,1985.0,2.1,0,0.0,0,,0.0,0.0,,,0,0,2018,shooting,Watford
ENG-Premier League,2018/19,Watford,Nathaniel Chalobah,ENG,MF,23.0,1994.0,3.0,0,2.0,1,50.0,0.67,0.33,0.0,0.0,0,0,2018,shooting,Watford
ENG-Premier League,2018/19,Watford,Roberto Pereyra,ARG,MF,27.0,1991.0,31.3,6,57.0,21,36.8,1.82,0.67,0.11,0.29,0,0,2018,shooting,Watford
ENG-Premier League,2018/19,Watford,Sebastian Prödl,AUT,"DF,MF",31.0,1987.0,0.1,0,0.0,0,,0.0,0.0,,,0,0,2018,shooting,Watford
ENG-Premier League,2018/19,Watford,Stefano Okaka,ITA,FW,28.0,1989.0,0.3,0,2.0,0,0.0,7.5,0.0,0.0,,0,0,2018,shooting,Watford
ENG-Premier League,2018/19,Watford,Tom Cleverley,ENG,MF,28.0,1989.0,5.3,1,4.0,2,50.0,0.75,0.38,0.25,0.5,0,0,2018,shooting,Watford
ENG-Premier League,2018/19,Watford,Troy Deeney,ENG,FW,30.0,1988.0,28.3,9,63.0,29,46.0,2.23,1.03,0.14,0.31,1,1,2018,shooting,Watford
ENG-Premier League,2018/19,Watford,Will Hughes,ENG,MF,23.0,1995.0,26.9,2,31.0,7,22.6,1.15,0.26,0.06,0.29,0,0,2018,shooting,Watford
ENG-Premier League,2018/19,Watford,Étienne Capoue,FRA,MF,30.0,1988.0,32.7,1,18.0,4,22.2,0.55,0.12,0.06,0.25,0,0,2018,shooting,Watford
ENG-Premier League,2018/19,West Ham,Aaron Cresswell,ENG,DF,28.0,1989.0,17.7,0,11.0,1,9.1,0.62,0.06,0.0,0.0,0,0,2018,shooting,West Ham United
ENG-Premier League,2018/19,West Ham,Andriy Yarmolenko,UKR,"MF,FW",28.0,1989.0,5.1,2,9.0,4,44.4,1.76,0.78,0.22,0.5,0,0,2018,shooting,West Ham United
ENG-Premier League,2018/19,West Ham,Andy Carroll,ENG,FW,29.0,1989.0,5.1,0,14.0,6,42.9,2.73,1.17,0.0,0.0,0,0,2018,shooting,West Ham United
ENG-Premier League,2018/19,West Ham,Angelo Ogbonna,ITA,DF,30.0,1988.0,20.8,1,16.0,5,31.3,0.77,0.24,0.06,0.2,0,0,2018,shooting,West Ham United
ENG-Premier League,2018/19,West Ham,Arthur Masuaku,COD,DF,24.0,1993.0,19.5,0,4.0,1,25.0,0.2,0.05,0.0,0.0,0,0,2018,shooting,West Ham United
ENG-Premier League,2018/19,West Ham,Ben Johnson,ENG,DF,18.0,2000.0,0.7,0,0.0,0,,0.0,0.0,,,0,0,2018,shooting,West Ham United
ENG-Premier League,2018/19,West Ham,Carlos Sánchez,COL,MF,32.0,1986.0,2.7,0,3.0,0,0.0,1.1,0.0,0.0,,0,0,2018,shooting,West Ham United
ENG-Premier League,2018/19,West Ham,Declan Rice,ENG,MF,19.0,1999.0,33.4,2,23.0,5,21.7,0.69,0.15,0.09,0.4,0,0,2018,shooting,West Ham United
ENG-Premier League,2018/19,West Ham,Fabián Balbuena,PAR,DF,26.0,1991.0,22.4,1,19.0,2,10.5,0.85,0.09,0.05,0.5,0,0,2018,shooting,West Ham United
ENG-Premier League,2018/19,West Ham,Felipe Anderson,BRA,MF,25.0,1993.0,33.8,9,58.0,25,43.1,1.72,0.74,0.16,0.36,0,0,2018,shooting,West Ham United
ENG-Premier League,2018/19,West Ham,Grady Diangana,COD,MF,20.0,1998.0,6.8,0,10.0,3,30.0,1.48,0.44,0.0,0.0,0,0,2018,shooting,West Ham United
ENG-Premier League,2018/19,West Ham,Issa Diop,MAR,DF,21.0,1997.0,33.0,1,12.0,5,41.7,0.36,0.15,0.08,0.2,0,0,2018,shooting,West Ham United
ENG-Premier League,2018/19,West Ham,Jack Wilshere,ENG,MF,26.0,1992.0,4.4,0,2.0,1,50.0,0.46,0.23,0.0,0.0,0,0,2018,shooting,West Ham United
ENG-Premier League,2018/19,West Ham,Javier Hernández,MEX,FW,30.0,1988.0,14.8,7,37.0,18,48.6,2.5,1.21,0.19,0.39,0,0,2018,shooting,West Ham United
ENG-Premier League,2018/19,West Ham,Lucas Pérez,ESP,FW,29.0,1988.0,5.3,3,9.0,3,33.3,1.71,0.57,0.33,1.0,0,0,2018,shooting,West Ham United
ENG-Premier League,2018/19,West Ham,Manuel Lanzini,ARG,MF,25.0,1993.0,7.6,1,11.0,4,36.4,1.44,0.52,0.09,0.25,0,0,2018,shooting,West Ham United
ENG-Premier League,2018/19,West Ham,Mark Noble,ENG,MF,31.0,1987.0,25.5,5,17.0,8,47.1,0.67,0.31,0.29,0.63,4,4,2018,shooting,West Ham United
ENG-Premier League,2018/19,West Ham,Marko Arnautović,AUT,FW,29.0,1989.0,22.1,10,62.0,32,51.6,2.8,1.45,0.16,0.31,1,1,2018,shooting,West Ham United
ENG-Premier League,2018/19,West Ham,Michail Antonio,JAM,"MF,FW",28.0,1990.0,23.4,6,67.0,26,38.8,2.87,1.11,0.09,0.23,0,0,2018,shooting,West Ham United
ENG-Premier League,2018/19,West Ham,Pablo Zabaleta,ARG,DF,33.0,1985.0,23.2,0,7.0,1,14.3,0.3,0.04,0.0,0.0,0,0,2018,shooting,West Ham United
ENG-Premier League,2018/19,West Ham,Pedro Obiang,EQG,MF,26.0,1992.0,12.5,0,16.0,1,6.3,1.28,0.08,0.0,0.0,0,0,2018,shooting,West Ham United
ENG-Premier League,2018/19,West Ham,Robert Snodgrass,SCO,MF,30.0,1987.0,24.7,2,30.0,7,23.3,1.22,0.28,0.07,0.29,0,0,2018,shooting,West Ham United
ENG-Premier League,2018/19,West Ham,Ryan Fredericks,ENG,DF,25.0,1992.0,12.1,1,5.0,2,40.0,0.41,0.17,0.2,0.5,0,0,2018,shooting,West Ham United
ENG-Premier League,2018/19,West Ham,Samir Nasri,FRA,MF,31.0,1987.0,2.7,0,3.0,0,0.0,1.1,0.0,0.0,,0,0,2018,shooting,West Ham United
ENG-Premier League,2018/19,West Ham,Xande Silva,POR,"FW,MF",21.0,1997.0,0.2,0,2.0,0,0.0,10.0,0.0,0.0,,0,0,2018,shooting,West Ham United
ENG-Premier League,2018/19,West Ham,Łukasz Fabiański,POL,GK,33.0,1985.0,38.0,0,0.0,0,,0.0,0.0,,,0,0,2018,shooting,West Ham United
ENG-Premier League,2018/19,Wolves,Adama Traoré,ESP,"MF,FW",22.0,1996.0,10.0,1,19.0,7,36.8,1.9,0.7,0.05,0.14,0,0,2018,shooting,Wolverhampton Wanderers
ENG-Premier League,2018/19,Wolves,Conor Coady,ENG,DF,25.0,1993.0,38.0,0,0.0,0,,0.0,0.0,,,0,0,2018,shooting,Wolverhampton Wanderers
ENG-Premier League,2018/19,Wolves,Diogo Jota,POR,"FW,MF",21.0,1996.0,26.2,9,58.0,24,41.4,2.22,0.92,0.16,0.38,0,0,2018,shooting,Wolverhampton Wanderers
ENG-Premier League,2018/19,Wolves,Hélder Costa,ANG,"MF,FW",24.0,1994.0,14.9,1,25.0,7,28.0,1.68,0.47,0.04,0.14,0,0,2018,shooting,Wolverhampton Wanderers
ENG-Premier League,2018/19,Wolves,Ivan Cavaleiro,POR,"FW,MF",24.0,1993.0,7.7,3,13.0,4,30.8,1.69,0.52,0.23,0.75,0,0,2018,shooting,Wolverhampton Wanderers
ENG-Premier League,2018/19,Wolves,John Ruddy,ENG,GK,31.0,1986.0,1.0,0,0.0,0,,0.0,0.0,,,0,0,2018,shooting,Wolverhampton Wanderers
ENG-Premier League,2018/19,Wolves,Jonny Castro,ESP,MF,24.0,1994.0,30.8,1,24.0,7,29.2,0.78,0.23,0.04,0.14,0,0,2018,shooting,Wolverhampton Wanderers
ENG-Premier League,2018/19,Wolves,João Moutinho,POR,MF,31.0,1986.0,33.7,1,18.0,3,16.7,0.53,0.09,0.06,0.33,0,0,2018,shooting,Wolverhampton Wanderers
ENG-Premier League,2018/19,Wolves,Leander Dendoncker,BEL,MF,23.0,1995.0,16.3,2,17.0,10,58.8,1.04,0.61,0.12,0.2,0,0,2018,shooting,Wolverhampton Wanderers
ENG-Premier League,2018/19,Wolves,Léo Bonatini,BRA,FW,24.0,1994.0,1.5,0,9.0,1,11.1,6.0,0.67,0.0,0.0,0,0,2018,shooting,Wolverhampton Wanderers
ENG-Premier League,2018/19,Wolves,Matt Doherty,IRL,MF,26.0,1992.0,34.9,4,46.0,18,39.1,1.32,0.52,0.09,0.22,0,0,2018,shooting,Wolverhampton Wanderers
ENG-Premier League,2018/19,Wolves,Max Kilman,ENG,DF,21.0,1997.0,0.0,0,0.0,0,,0.0,0.0,,,0,0,2018,shooting,Wolverhampton Wanderers
ENG-Premier League,2018/19,Wolves,Morgan Gibbs-White,ENG,"MF,FW",18.0,2000.0,7.4,0,9.0,1,11.1,1.22,0.14,0.0,0.0,0,0,2018,shooting,Wolverhampton Wanderers
ENG-Premier League,2018/19,Wolves,Raúl Jiménez,MEX,FW,27.0,1991.0,34.6,13,111.0,35,31.5,3.21,1.01,0.12,0.37,2,2,2018,shooting,Wolverhampton Wanderers
ENG-Premier League,2018/19,Wolves,Romain Saïss,MAR,"MF,DF",28.0,1990.0,12.8,2,11.0,5,45.5,0.86,0.39,0.18,0.4,0,0,2018,shooting,Wolverhampton Wanderers
ENG-Premier League,2018/19,Wolves,Rui Patrício,POR,GK,30.0,1988.0,37.0,0,0.0,0,,0.0,0.0,,,0,0,2018,shooting,Wolverhampton Wanderers
ENG-Premier League,2018/19,Wolves,Ryan Bennett,ENG,DF,28.0,1990.0,34.0,1,15.0,4,26.7,0.44,0.12,0.07,0.25,0,0,2018,shooting,Wolverhampton Wanderers
ENG-Premier League,2018/19,Wolves,Rúben Neves,POR,MF,21.0,1997.0,33.4,4,74.0,16,21.6,2.21,0.48,0.05,0.25,2,2,2018,shooting,Wolverhampton Wanderers
ENG-Premier League,2018/19,Wolves,Rúben Vinagre,POR,MF,19.0,1999.0,7.9,0,4.0,3,75.0,0.51,0.38,0.0,0.0,0,0,2018,shooting,Wolverhampton Wanderers
ENG-Premier League,2018/19,Wolves,Will Norris,ENG,GK,24.0,1993.0,0.0,0,0.0,0,,0.0,0.0,,,0,0,2018,shooting,Wolverhampton Wanderers
ENG-Premier League,2018/19,Wolves,Willy Boly,CIV,DF,27.0,1991.0,35.2,4,23.0,6,26.1,0.65,0.17,0.17,0.67,0,0,2018,shooting,Wolverhampton Wanderers
ENG-Premier League,2019/20,Arsenal,Ainsley Maitland-Niles,ENG,DF,21.0,1997.0,15.4,0,4.0,1,25.0,0.26,0.06,0.0,0.0,0,0,2019,shooting,Arsenal
ENG-Premier League,2019/20,Arsenal,Alexandre Lacazette,FRA,FW,28.0,1991.0,20.8,10,53.0,26,49.1,2.55,1.25,0.19,0.38,0,0,2019,shooting,Arsenal
ENG-Premier League,2019/20,Arsenal,Bernd Leno,GER,GK,27.0,1992.0,29.4,0,0.0,0,,0.0,0.0,,,0,0,2019,shooting,Arsenal
ENG-Premier League,2019/20,Arsenal,Bukayo Saka,ENG,"MF,DF",17.0,2001.0,19.5,1,13.0,4,30.8,0.67,0.21,0.08,0.25,0,0,2019,shooting,Arsenal
ENG-Premier League,2019/20,Arsenal,Calum Chambers,ENG,DF,24.0,1995.0,12.2,1,12.0,2,16.7,0.98,0.16,0.08,0.5,0,0,2019,shooting,Arsenal
ENG-Premier League,2019/20,Arsenal,Cédric Soares,POR,MF,27.0,1991.0,2.8,1,1.0,1,100.0,0.36,0.36,1.0,1.0,0,0,2019,shooting,Arsenal
ENG-Premier League,2019/20,Arsenal,Dani Ceballos,ESP,MF,22.0,1996.0,18.8,0,13.0,3,23.1,0.69,0.16,0.0,0.0,0,0,2019,shooting,Arsenal
ENG-Premier League,2019/20,Arsenal,David Luiz,BRA,DF,32.0,1987.0,31.2,2,23.0,8,34.8,0.74,0.26,0.09,0.25,0,0,2019,shooting,Arsenal
ENG-Premier League,2019/20,Arsenal,Eddie Nketiah,ENG,FW,20.0,1999.0,7.0,2,15.0,5,33.3,2.13,0.71,0.13,0.4,0,0,2019,shooting,Arsenal
ENG-Premier League,2019/20,Arsenal,Emile Smith Rowe,ENG,MF,19.0,2000.0,1.1,0,0.0,0,,0.0,0.0,,,0,0,2019,shooting,Arsenal
ENG-Premier League,2019/20,Arsenal,Emiliano Martínez,ARG,GK,26.0,1992.0,8.6,0,0.0,0,,0.0,0.0,,,0,0,2019,shooting,Arsenal
ENG-Premier League,2019/20,Arsenal,Gabriel Martinelli,BRA,MF,18.0,2001.0,7.4,3,12.0,5,41.7,1.63,0.68,0.25,0.6,0,0,2019,shooting,Arsenal
ENG-Premier League,2019/20,Arsenal,Granit Xhaka,SUI,MF,26.0,1992.0,28.7,1,11.0,3,27.3,0.38,0.1,0.09,0.33,0,0,2019,shooting,Arsenal
ENG-Premier League,2019/20,Arsenal,Henrikh Mkhitaryan,ARM,MF,30.0,1989.0,1.2,0,2.0,0,0.0,1.61,0.0,0.0,,0,0,2019,shooting,Arsenal
ENG-Premier League,2019/20,Arsenal,Héctor Bellerín,ESP,"DF,MF",24.0,1995.0,12.9,1,7.0,2,28.6,0.54,0.16,0.14,0.5,0,0,2019,shooting,Arsenal
ENG-Premier League,2019/20,Arsenal,Joe Willock,ENG,MF,19.0,1999.0,9.5,1,15.0,5,33.3,1.58,0.53,0.07,0.2,0,0,2019,shooting,Arsenal
ENG-Premier League,2019/20,Arsenal,Kieran Tierney,SCO,"DF,MF",22.0,1997.0,11.0,1,6.0,2,33.3,0.55,0.18,0.17,0.5,0,0,2019,shooting,Arsenal
ENG-Premier League,2019/20,Arsenal,Lucas Torreira,URU,MF,23.0,1996.0,16.8,1,21.0,6,28.6,1.25,0.36,0.05,0.17,0,0,2019,shooting,Arsenal
ENG-Premier League,2019/20,Arsenal,Mattéo Guendouzi,FRA,MF,20.0,1999.0,19.4,0,11.0,5,45.5,0.57,0.26,0.0,0.0,0,0,2019,shooting,Arsenal
ENG-Premier League,2019/20,Arsenal,Mesut Özil,GER,MF,30.0,1988.0,16.0,1,9.0,3,33.3,0.56,0.19,0.11,0.33,0,0,2019,shooting,Arsenal
ENG-Premier League,2019/20,Arsenal,Nacho Monreal,ESP,DF,33.0,1986.0,3.0,0,1.0,0,0.0,0.33,0.0,0.0,,0,0,2019,shooting,Arsenal
ENG-Premier League,2019/20,Arsenal,Nicolas Pépé,CIV,"MF,FW",24.0,1995.0,22.3,5,50.0,18,36.0,2.24,0.81,0.1,0.28,1,1,2019,shooting,Arsenal
ENG-Premier League,2019/20,Arsenal,Pablo Marí,ESP,DF,25.0,1993.0,1.3,0,0.0,0,,0.0,0.0,,,0,0,2019,shooting,Arsenal
ENG-Premier League,2019/20,Arsenal,Pierre-Emerick Aubameyang,GAB,"FW,MF",30.0,1989.0,34.8,22,93.0,42,45.2,2.67,1.21,0.24,0.52,2,2,2019,shooting,Arsenal
ENG-Premier League,2019/20,Arsenal,Reiss Nelson,ENG,"MF,FW",19.0,1999.0,7.0,1,11.0,4,36.4,1.57,0.57,0.09,0.25,0,0,2019,shooting,Arsenal
ENG-Premier League,2019/20,Arsenal,Rob Holding,ENG,DF,23.0,1995.0,6.5,0,2.0,0,0.0,0.31,0.0,0.0,,0,0,2019,shooting,Arsenal
ENG-Premier League,2019/20,Arsenal,Sead Kolašinac,BIH,DF,26.0,1993.0,18.9,0,4.0,0,0.0,0.21,0.0,0.0,,0,0,2019,shooting,Arsenal
ENG-Premier League,2019/20,Arsenal,Shkodran Mustafi,GER,DF,27.0,1992.0,13.4,0,11.0,4,36.4,0.82,0.3,0.0,0.0,0,0,2019,shooting,Arsenal
ENG-Premier League,2019/20,Arsenal,Sokratis Papastathopoulos,GRE,DF,31.0,1988.0,18.8,2,7.0,2,28.6,0.37,0.11,0.29,1.0,0,0,2019,shooting,Arsenal
ENG-Premier League,2019/20,Aston Villa,Ahmed Elmohamady,EGY,DF,31.0,1987.0,11.5,1,5.0,1,20.0,0.44,0.09,0.2,1.0,0,0,2019,shooting,Aston Villa
ENG-Premier League,2019/20,Aston Villa,Anwar El Ghazi,NED,"FW,MF",24.0,1995.0,22.8,4,53.0,20,37.7,2.33,0.88,0.08,0.2,1,1,2019,shooting,Aston Villa
ENG-Premier League,2019/20,Aston Villa,Björn Engels,BEL,DF,24.0,1994.0,16.1,1,8.0,1,12.5,0.5,0.06,0.13,1.0,0,0,2019,shooting,Aston Villa
ENG-Premier League,2019/20,Aston Villa,Borja Bastón,ESP,FW,26.0,1992.0,0.2,0,0.0,0,,0.0,0.0,,,0,0,2019,shooting,Aston Villa
ENG-Premier League,2019/20,Aston Villa,Conor Hourihane,IRL,MF,28.0,1991.0,17.0,3,29.0,10,34.5,1.7,0.59,0.1,0.3,0,0,2019,shooting,Aston Villa
ENG-Premier League,2019/20,Aston Villa,Danny Drinkwater,ENG,MF,29.0,1990.0,2.9,0,2.0,0,0.0,0.69,0.0,0.0,,0,0,2019,shooting,Aston Villa
ENG-Premier League,2019/20,Aston Villa,Douglas Luiz,BRA,MF,21.0,1998.0,29.0,3,38.0,12,31.6,1.31,0.41,0.08,0.25,0,0,2019,shooting,Aston Villa
ENG-Premier League,2019/20,Aston Villa,Ezri Konsa,ENG,DF,21.0,1997.0,22.7,1,11.0,4,36.4,0.49,0.18,0.09,0.25,0,0,2019,shooting,Aston Villa
ENG-Premier League,2019/20,Aston Villa,Frederic Guilbert,FRA,"DF,MF",24.0,1994.0,22.7,0,8.0,3,37.5,0.35,0.13,0.0,0.0,0,0,2019,shooting,Aston Villa
ENG-Premier League,2019/20,Aston Villa,Henri Lansbury,ENG,MF,28.0,1990.0,2.2,0,2.0,0,0.0,0.92,0.0,0.0,,0,0,2019,shooting,Aston Villa
ENG-Premier League,2019/20,Aston Villa,Indiana Vassilev,USA,"FW,MF",18.0,2001.0,0.6,0,1.0,0,0.0,1.76,0.0,0.0,,0,0,2019,shooting,Aston Villa
ENG-Premier League,2019/20,Aston Villa,Jack Grealish,ENG,"FW,MF",23.0,1995.0,35.9,8,73.0,23,31.5,2.03,0.64,0.11,0.35,0,1,2019,shooting,Aston Villa
ENG-Premier League,2019/20,Aston Villa,Jed Steer,ENG,GK,26.0,1992.0,0.1,0,0.0,0,,0.0,0.0,,,0,0,2019,shooting,Aston Villa
ENG-Premier League,2019/20,Aston Villa,John McGinn,SCO,MF,24.0,1994.0,25.7,3,55.0,20,36.4,2.14,0.78,0.05,0.15,0,0,2019,shooting,Aston Villa
ENG-Premier League,2019/20,Aston Villa,Jonathan Kodjia,CIV,FW,29.0,1989.0,1.3,0,2.0,0,0.0,1.54,0.0,0.0,,0,0,2019,shooting,Aston Villa
ENG-Premier League,2019/20,Aston Villa,Jota,ESP,"MF,FW",28.0,1991.0,3.7,0,6.0,1,16.7,1.61,0.27,0.0,0.0,0,0,2019,shooting,Aston Villa
ENG-Premier League,2019/20,Aston Villa,Keinan Davis,ENG,FW,21.0,1998.0,6.1,0,17.0,5,29.4,2.79,0.82,0.0,0.0,0,0,2019,shooting,Aston Villa
ENG-Premier League,2019/20,Aston Villa,Kortney Hause,ENG,DF,24.0,1995.0,17.2,1,20.0,3,15.0,1.17,0.17,0.05,0.33,0,0,2019,shooting,Aston Villa
ENG-Premier League,2019/20,Aston Villa,Marvelous Nakamba,ZIM,MF,25.0,1994.0,20.4,0,7.0,1,14.3,0.34,0.05,0.0,0.0,0,0,2019,shooting,Aston Villa
ENG-Premier League,2019/20,Aston Villa,Matt Targett,ENG,"DF,MF",23.0,1995.0,25.5,1,7.0,4,57.1,0.27,0.16,0.14,0.25,0,0,2019,shooting,Aston Villa
ENG-Premier League,2019/20,Aston Villa,Mbwana Samatta,TAN,FW,26.0,1992.0,10.5,1,17.0,3,17.6,1.62,0.29,0.06,0.33,0,0,2019,shooting,Aston Villa
ENG-Premier League,2019/20,Aston Villa,Neil Taylor,WAL,DF,30.0,1989.0,12.1,0,3.0,0,0.0,0.25,0.0,0.0,,0,0,2019,shooting,Aston Villa
ENG-Premier League,2019/20,Aston Villa,Pepe Reina,ESP,GK,36.0,1982.0,12.0,0,0.0,0,,0.0,0.0,,,0,0,2019,shooting,Aston Villa
ENG-Premier League,2019/20,Aston Villa,Tom Heaton,ENG,GK,33.0,1986.0,19.9,0,0.0,0,,0.0,0.0,,,0,0,2019,shooting,Aston Villa
ENG-Premier League,2019/20,Aston Villa,Trézéguet,EGY,"FW,MF",24.0,1994.0,21.7,6,50.0,17,34.0,2.31,0.78,0.12,0.35,0,0,2019,shooting,Aston Villa
ENG-Premier League,2019/20,Aston Villa,Tyrone Mings,ENG,DF,26.0,1993.0,32.2,2,9.0,4,44.4,0.28,0.12,0.22,0.5,0,0,2019,shooting,Aston Villa
ENG-Premier League,2019/20,Aston Villa,Wesley Moraes,BRA,FW,22.0,1996.0,19.8,5,36.0,18,50.0,1.82,0.91,0.14,0.28,0,1,2019,shooting,Aston Villa
ENG-Premier League,2019/20,Aston Villa,Ørjan Nyland,NOR,GK,28.0,1990.0,6.0,0,0.0,0,,0.0,0.0,,,0,0,2019,shooting,Aston Villa
ENG-Premier League,2019/20,Bournemouth,Aaron Ramsdale,ENG,GK,21.0,1998.0,37.0,0,0.0,0,,0.0,0.0,,,0,0,2019,shooting,AFC Bournemouth
ENG-Premier League,2019/20,Bournemouth,Adam Smith,ENG,DF,28.0,1991.0,22.8,0,4.0,1,25.0,0.18,0.04,0.0,0.0,0,0,2019,shooting,AFC Bournemouth
ENG-Premier League,2019/20,Bournemouth,Andrew Surman,ENG,MF,32.0,1986.0,2.6,0,1.0,0,0.0,0.38,0.0,0.0,,0,0,2019,shooting,AFC Bournemouth
ENG-Premier League,2019/20,Bournemouth,Arnaut Danjuma,NED,MF,22.0,1997.0,7.0,0,13.0,4,30.8,1.86,0.57,0.0,0.0,0,0,2019,shooting,AFC Bournemouth
ENG-Premier League,2019/20,Bournemouth,Callum Wilson,ENG,FW,27.0,1992.0,32.3,8,54.0,21,38.9,1.67,0.65,0.15,0.38,0,0,2019,shooting,AFC Bournemouth
ENG-Premier League,2019/20,Bournemouth,Charlie Daniels,ENG,DF,32.0,1986.0,1.4,0,0.0,0,,0.0,0.0,,,0,0,2019,shooting,AFC Bournemouth
ENG-Premier League,2019/20,Bournemouth,Chris Mepham,WAL,DF,21.0,1997.0,10.1,1,7.0,2,28.6,0.69,0.2,0.14,0.5,0,0,2019,shooting,AFC Bournemouth
ENG-Premier League,2019/20,Bournemouth,Dan Gosling,ENG,MF,29.0,1990.0,14.0,3,13.0,6,46.2,0.93,0.43,0.23,0.5,0,0,2019,shooting,AFC Bournemouth
ENG-Premier League,2019/20,Bournemouth,David Brooks,WAL,MF,22.0,1997.0,5.6,1,6.0,2,33.3,1.07,0.36,0.17,0.5,0,0,2019,shooting,AFC Bournemouth
ENG-Premier League,2019/20,Bournemouth,Diego Rico,ESP,DF,26.0,1993.0,25.9,0,11.0,3,27.3,0.42,0.12,0.0,0.0,0,0,2019,shooting,AFC Bournemouth
ENG-Premier League,2019/20,Bournemouth,Dominic Solanke,ENG,FW,21.0,1997.0,18.3,3,32.0,8,25.0,1.74,0.44,0.09,0.38,0,0,2019,shooting,AFC Bournemouth
ENG-Premier League,2019/20,Bournemouth,Harry Wilson,WAL,"MF,FW",22.0,1997.0,18.3,7,56.0,19,33.9,3.06,1.04,0.13,0.37,0,0,2019,shooting,AFC Bournemouth
ENG-Premier League,2019/20,Bournemouth,Jack Simpson,ENG,DF,22.0,1996.0,2.7,0,1.0,0,0.0,0.37,0.0,0.0,,0,0,2019,shooting,AFC Bournemouth
ENG-Premier League,2019/20,Bournemouth,Jack Stacey,ENG,DF,23.0,1996.0,17.2,0,5.0,2,40.0,0.29,0.12,0.0,0.0,0,0,2019,shooting,AFC Bournemouth
ENG-Premier League,2019/20,Bournemouth,Jefferson Lerma,COL,MF,24.0,1994.0,30.0,1,30.0,2,6.7,1.0,0.07,0.03,0.5,0,0,2019,shooting,AFC Bournemouth
ENG-Premier League,2019/20,Bournemouth,Jordon Ibe,ENG,"FW,MF",23.0,1995.0,0.6,0,0.0,0,,0.0,0.0,,,0,0,2019,shooting,AFC Bournemouth
ENG-Premier League,2019/20,Bournemouth,Joshua King,NOR,"FW,MF",27.0,1992.0,22.3,6,26.0,13,50.0,1.16,0.58,0.23,0.46,3,3,2019,shooting,AFC Bournemouth
ENG-Premier League,2019/20,Bournemouth,Junior Stanislas,ENG,"MF,DF",29.0,1989.0,7.9,3,17.0,7,41.2,2.15,0.88,0.18,0.43,1,1,2019,shooting,AFC Bournemouth
ENG-Premier League,2019/20,Bournemouth,Lewis Cook,ENG,MF,22.0,1997.0,15.0,0,9.0,2,22.2,0.6,0.13,0.0,0.0,0,0,2019,shooting,AFC Bournemouth
ENG-Premier League,2019/20,Bournemouth,Lloyd Kelly,ENG,DF,20.0,1998.0,7.1,0,1.0,0,0.0,0.14,0.0,0.0,,0,0,2019,shooting,AFC Bournemouth
ENG-Premier League,2019/20,Bournemouth,Mark Travers,IRL,GK,20.0,1999.0,1.0,0,0.0,0,,0.0,0.0,,,0,0,2019,shooting,AFC Bournemouth
ENG-Premier League,2019/20,Bournemouth,Nathan Aké,NED,DF,24.0,1995.0,27.8,2,25.0,7,28.0,0.9,0.25,0.08,0.29,0,0,2019,shooting,AFC Bournemouth
ENG-Premier League,2019/20,Bournemouth,Philip Billing,DEN,MF,23.0,1996.0,28.1,1,33.0,8,24.2,1.17,0.28,0.03,0.13,0,0,2019,shooting,AFC Bournemouth
ENG-Premier League,2019/20,Bournemouth,Ryan Fraser,SCO,"MF,FW",25.0,1994.0,23.0,1,27.0,12,44.4,1.18,0.52,0.04,0.08,0,0,2019,shooting,AFC Bournemouth
ENG-Premier League,2019/20,Bournemouth,Sam Surridge,ENG,FW,21.0,1998.0,0.3,0,2.0,0,0.0,6.67,0.0,0.0,,0,0,2019,shooting,AFC Bournemouth
ENG-Premier League,2019/20,Bournemouth,Simon Francis,ENG,DF,34.0,1985.0,10.8,0,3.0,0,0.0,0.28,0.0,0.0,,0,0,2019,shooting,AFC Bournemouth
ENG-Premier League,2019/20,Bournemouth,Steve Cook,ENG,DF,28.0,1991.0,27.0,1,12.0,2,16.7,0.44,0.07,0.08,0.5,0,0,2019,shooting,AFC Bournemouth
ENG-Premier League,2019/20,Brighton,Aaron Connolly,IRL,FW,19.0,2000.0,14.0,3,36.0,13,36.1,2.58,0.93,0.08,0.23,0,0,2019,shooting,Brighton & Hove Albion
ENG-Premier League,2019/20,Brighton,Aaron Mooy,AUS,"MF,FW",28.0,1990.0,23.2,2,33.0,8,24.2,1.42,0.35,0.06,0.25,0,0,2019,shooting,Brighton & Hove Albion
ENG-Premier League,2019/20,Brighton,Adam Webster,ENG,DF,24.0,1995.0,29.6,3,16.0,7,43.8,0.54,0.24,0.19,0.43,0,0,2019,shooting,Brighton & Hove Albion
ENG-Premier League,2019/20,Brighton,Alexis Mac Allister,ARG,"MF,FW",20.0,1998.0,3.9,0,7.0,1,14.3,1.79,0.26,0.0,0.0,0,0,2019,shooting,Brighton & Hove Albion
ENG-Premier League,2019/20,Brighton,Alireza Jahanbakhsh,IRN,"MF,FW",25.0,1993.0,3.5,2,12.0,2,16.7,3.47,0.58,0.17,1.0,0,0,2019,shooting,Brighton & Hove Albion
ENG-Premier League,2019/20,Brighton,Bernardo,BRA,"DF,MF",24.0,1995.0,7.5,0,7.0,2,28.6,0.93,0.27,0.0,0.0,0,0,2019,shooting,Brighton & Hove Albion
ENG-Premier League,2019/20,Brighton,Dale Stephens,ENG,MF,30.0,1989.0,28.1,0,19.0,2,10.5,0.68,0.07,0.0,0.0,0,0,2019,shooting,Brighton & Hove Albion
ENG-Premier League,2019/20,Brighton,Dan Burn,ENG,DF,27.0,1992.0,32.0,0,13.0,0,0.0,0.41,0.0,0.0,,0,0,2019,shooting,Brighton & Hove Albion
ENG-Premier League,2019/20,Brighton,Davy Pröpper,NED,MF,27.0,1991.0,31.4,1,29.0,8,27.6,0.92,0.25,0.03,0.13,0,0,2019,shooting,Brighton & Hove Albion
ENG-Premier League,2019/20,Brighton,Ezequiel Schelotto,ITA,"DF,MF",30.0,1989.0,4.0,0,4.0,1,25.0,1.0,0.25,0.0,0.0,0,0,2019,shooting,Brighton & Hove Albion
ENG-Premier League,2019/20,Brighton,Florin Andone,ROU,FW,26.0,1993.0,0.8,1,1.0,1,100.0,1.23,1.23,1.0,1.0,0,0,2019,shooting,Brighton & Hove Albion
ENG-Premier League,2019/20,Brighton,Gaëtan Bong,CMR,DF,31.0,1988.0,0.7,0,0.0,0,,0.0,0.0,,,0,0,2019,shooting,Brighton & Hove Albion
ENG-Premier League,2019/20,Brighton,Glenn Murray,ENG,FW,35.0,1983.0,8.9,1,19.0,5,26.3,2.15,0.56,0.05,0.2,0,0,2019,shooting,Brighton & Hove Albion
ENG-Premier League,2019/20,Brighton,Jürgen Locadia,CUW,MF,25.0,1993.0,1.0,0,2.0,1,50.0,2.09,1.05,0.0,0.0,0,0,2019,shooting,Brighton & Hove Albion
ENG-Premier League,2019/20,Brighton,Leandro Trossard,BEL,"MF,FW",24.0,1994.0,22.3,5,41.0,12,29.3,1.83,0.54,0.12,0.42,0,0,2019,shooting,Brighton & Hove Albion
ENG-Premier League,2019/20,Brighton,Lewis Dunk,ENG,DF,27.0,1991.0,35.9,3,31.0,10,32.3,0.86,0.28,0.1,0.3,0,0,2019,shooting,Brighton & Hove Albion
ENG-Premier League,2019/20,Brighton,Martín Montoya,ESP,"DF,MF",28.0,1991.0,21.1,0,8.0,3,37.5,0.38,0.14,0.0,0.0,0,0,2019,shooting,Brighton & Hove Albion
ENG-Premier League,2019/20,Brighton,Mathew Ryan,AUS,GK,27.0,1992.0,38.0,0,0.0,0,,0.0,0.0,,,0,0,2019,shooting,Brighton & Hove Albion
ENG-Premier League,2019/20,Brighton,Neal Maupay,FRA,FW,22.0,1996.0,30.7,10,96.0,38,39.6,3.12,1.24,0.1,0.26,1,2,2019,shooting,Brighton & Hove Albion
ENG-Premier League,2019/20,Brighton,Pascal Groß,GER,"MF,FW",28.0,1991.0,20.0,2,29.0,8,27.6,1.45,0.4,0.07,0.25,0,0,2019,shooting,Brighton & Hove Albion
ENG-Premier League,2019/20,Brighton,Shane Duffy,IRL,DF,27.0,1992.0,13.8,1,6.0,1,16.7,0.44,0.07,0.17,1.0,0,0,2019,shooting,Brighton & Hove Albion
ENG-Premier League,2019/20,Brighton,Solly March,ENG,"MF,FW",25.0,1994.0,12.7,0,20.0,8,40.0,1.57,0.63,0.0,0.0,0,0,2019,shooting,Brighton & Hove Albion
ENG-Premier League,2019/20,Brighton,Steven Alzate,COL,"MF,DF",20.0,1998.0,13.2,0,13.0,3,23.1,0.98,0.23,0.0,0.0,0,0,2019,shooting,Brighton & Hove Albion
ENG-Premier League,2019/20,Brighton,Tariq Lamptey,GHA,"DF,MF",18.0,2000.0,6.5,0,2.0,0,0.0,0.31,0.0,0.0,,0,0,2019,shooting,Brighton & Hove Albion
ENG-Premier League,2019/20,Brighton,Yves Bissouma,MLI,MF,22.0,1996.0,14.0,1,16.0,7,43.8,1.14,0.5,0.06,0.14,0,0,2019,shooting,Brighton & Hove Albion
ENG-Premier League,2019/20,Burnley,Aaron Lennon,ENG,MF,32.0,1987.0,5.5,0,1.0,0,0.0,0.18,0.0,0.0,,0,0,2019,shooting,Burnley
ENG-Premier League,2019/20,Burnley,Ashley Barnes,ENG,FW,29.0,1989.0,15.0,6,40.0,12,30.0,2.66,0.8,0.15,0.5,1,1,2019,shooting,Burnley
ENG-Premier League,2019/20,Burnley,Ashley Westwood,ENG,MF,29.0,1990.0,35.0,2,13.0,3,23.1,0.37,0.09,0.15,0.67,0,0,2019,shooting,Burnley
ENG-Premier League,2019/20,Burnley,Ben Mee,ENG,DF,29.0,1989.0,32.0,1,17.0,7,41.2,0.53,0.22,0.06,0.14,0,0,2019,shooting,Burnley
ENG-Premier League,2019/20,Burnley,Charlie Taylor,ENG,DF,25.0,1993.0,21.6,0,1.0,0,0.0,0.05,0.0,0.0,,0,0,2019,shooting,Burnley
ENG-Premier League,2019/20,Burnley,Chris Wood,NZL,FW,27.0,1991.0,27.1,14,65.0,30,46.2,2.4,1.11,0.22,0.47,1,1,2019,shooting,Burnley
ENG-Premier League,2019/20,Burnley,Danny Drinkwater,ENG,MF,29.0,1990.0,0.6,0,0.0,0,,0.0,0.0,,,0,0,2019,shooting,Burnley
ENG-Premier League,2019/20,Burnley,Dwight McNeil,ENG,MF,19.0,1999.0,37.1,2,48.0,14,29.2,1.29,0.38,0.04,0.14,0,0,2019,shooting,Burnley
ENG-Premier League,2019/20,Burnley,Erik Pieters,NED,"DF,MF",30.0,1988.0,20.9,0,14.0,3,21.4,0.67,0.14,0.0,0.0,0,0,2019,shooting,Burnley
ENG-Premier League,2019/20,Burnley,Jack Cork,ENG,MF,30.0,1989.0,29.0,0,18.0,6,33.3,0.62,0.21,0.0,0.0,0,0,2019,shooting,Burnley
ENG-Premier League,2019/20,Burnley,James Tarkowski,ENG,DF,26.0,1992.0,38.0,2,21.0,5,23.8,0.55,0.13,0.1,0.4,0,0,2019,shooting,Burnley
ENG-Premier League,2019/20,Burnley,Jay Rodriguez,ENG,FW,30.0,1989.0,22.4,8,67.0,30,44.8,2.99,1.34,0.12,0.27,1,1,2019,shooting,Burnley
ENG-Premier League,2019/20,Burnley,Jeff Hendrick,IRL,MF,27.0,1992.0,21.5,2,22.0,6,27.3,1.03,0.28,0.09,0.33,0,0,2019,shooting,Burnley
ENG-Premier League,2019/20,Burnley,Josh Brownhill,ENG,MF,23.0,1995.0,8.9,0,6.0,0,0.0,0.67,0.0,0.0,,0,0,2019,shooting,Burnley
ENG-Premier League,2019/20,Burnley,Jóhann Berg Guðmundsson,ISL,MF,28.0,1990.0,6.9,1,11.0,2,18.2,1.59,0.29,0.09,0.5,0,0,2019,shooting,Burnley
ENG-Premier League,2019/20,Burnley,Kevin Long,IRL,DF,28.0,1990.0,6.3,0,2.0,0,0.0,0.32,0.0,0.0,,0,0,2019,shooting,Burnley
ENG-Premier League,2019/20,Burnley,Matthew Lowton,ENG,DF,30.0,1989.0,17.0,0,1.0,0,0.0,0.06,0.0,0.0,,0,0,2019,shooting,Burnley
ENG-Premier League,2019/20,Burnley,Matěj Vydra,CZE,FW,27.0,1992.0,9.1,2,18.0,10,55.6,1.98,1.1,0.11,0.2,0,0,2019,shooting,Burnley
ENG-Premier League,2019/20,Burnley,Max Thompson,ENG,FW,17.0,2002.0,0.0,0,0.0,0,,0.0,0.0,,,0,0,2019,shooting,Burnley
ENG-Premier League,2019/20,Burnley,Nick Pope,ENG,GK,27.0,1992.0,38.0,0,0.0,0,,0.0,0.0,,,0,0,2019,shooting,Burnley
ENG-Premier League,2019/20,Burnley,Phil Bardsley,SCO,DF,34.0,1985.0,21.0,0,12.0,5,41.7,0.57,0.24,0.0,0.0,0,0,2019,shooting,Burnley
ENG-Premier League,2019/20,Burnley,Robbie Brady,IRL,MF,27.0,1992.0,5.0,1,12.0,1,8.3,2.38,0.2,0.08,1.0,0,0,2019,shooting,Burnley
ENG-Premier League,2019/20,Chelsea,Andreas Christensen,DEN,DF,23.0,1996.0,19.5,0,7.0,2,28.6,0.36,0.1,0.0,0.0,0,0,2019,shooting,Chelsea
ENG-Premier League,2019/20,Chelsea,Antonio Rüdiger,GER,DF,26.0,1993.0,19.0,2,12.0,3,25.0,0.63,0.16,0.17,0.67,0,0,2019,shooting,Chelsea
ENG-Premier League,2019/20,Chelsea,Armando Broja,ALB,FW,17.0,2001.0,0.1,0,0.0,0,,0.0,0.0,,,0,0,2019,shooting,Chelsea
ENG-Premier League,2019/20,Chelsea,Billy Gilmour,SCO,MF,18.0,2001.0,2.2,0,1.0,0,0.0,0.46,0.0,0.0,,0,0,2019,shooting,Chelsea
ENG-Premier League,2019/20,Chelsea,Callum Hudson-Odoi,ENG,"MF,FW",18.0,2000.0,9.6,1,21.0,4,19.0,2.19,0.42,0.05,0.25,0,0,2019,shooting,Chelsea
ENG-Premier League,2019/20,Chelsea,Christian Pulisic,USA,"FW,MF",20.0,1998.0,19.1,9,63.0,26,41.3,3.29,1.36,0.14,0.35,0,0,2019,shooting,Chelsea
ENG-Premier League,2019/20,Chelsea,César Azpilicueta,ESP,"DF,MF",29.0,1989.0,35.9,2,29.0,6,20.7,0.81,0.17,0.07,0.33,0,0,2019,shooting,Chelsea
ENG-Premier League,2019/20,Chelsea,Emerson Palmieri,ITA,"DF,MF",24.0,1994.0,11.4,0,13.0,7,53.8,1.14,0.62,0.0,0.0,0,0,2019,shooting,Chelsea
ENG-Premier League,2019/20,Chelsea,Faustino Anjorin,ENG,MF,17.0,2001.0,0.2,0,1.0,0,0.0,4.5,0.0,0.0,,0,0,2019,shooting,Chelsea
ENG-Premier League,2019/20,Chelsea,Fikayo Tomori,ENG,DF,21.0,1997.0,14.3,1,7.0,3,42.9,0.49,0.21,0.14,0.33,0,0,2019,shooting,Chelsea
ENG-Premier League,2019/20,Chelsea,Jorginho,ITA,MF,27.0,1991.0,26.4,4,12.0,4,33.3,0.45,0.15,0.33,1.0,3,3,2019,shooting,Chelsea
ENG-Premier League,2019/20,Chelsea,Kepa Arrizabalaga,ESP,GK,24.0,1994.0,33.0,0,0.0,0,,0.0,0.0,,,0,0,2019,shooting,Chelsea
ENG-Premier League,2019/20,Chelsea,Kurt Zouma,FRA,DF,24.0,1994.0,26.0,0,15.0,5,33.3,0.58,0.19,0.0,0.0,0,0,2019,shooting,Chelsea
ENG-Premier League,2019/20,Chelsea,Marcos Alonso,ESP,"DF,MF",28.0,1990.0,15.9,4,30.0,8,26.7,1.89,0.5,0.13,0.5,0,0,2019,shooting,Chelsea
ENG-Premier League,2019/20,Chelsea,Mason Mount,ENG,"MF,FW",20.0,1999.0,31.9,7,78.0,29,37.2,2.45,0.91,0.09,0.24,0,0,2019,shooting,Chelsea
ENG-Premier League,2019/20,Chelsea,Mateo Kovačić,CRO,MF,25.0,1994.0,23.0,1,21.0,5,23.8,0.91,0.22,0.05,0.2,0,0,2019,shooting,Chelsea
ENG-Premier League,2019/20,Chelsea,Michy Batshuayi,BEL,FW,25.0,1993.0,2.7,1,15.0,2,13.3,5.65,0.75,0.07,0.5,0,0,2019,shooting,Chelsea
ENG-Premier League,2019/20,Chelsea,N'Golo Kanté,FRA,MF,28.0,1991.0,19.2,3,18.0,6,33.3,0.94,0.31,0.17,0.5,0,0,2019,shooting,Chelsea
ENG-Premier League,2019/20,Chelsea,Olivier Giroud,FRA,FW,32.0,1986.0,11.0,8,39.0,19,48.7,3.53,1.72,0.21,0.42,0,0,2019,shooting,Chelsea
ENG-Premier League,2019/20,Chelsea,Pedro,ESP,"MF,FW",32.0,1987.0,7.3,1,22.0,10,45.5,3.0,1.36,0.05,0.1,0,0,2019,shooting,Chelsea
ENG-Premier League,2019/20,Chelsea,Reece James,ENG,"DF,MF",19.0,1999.0,16.8,0,18.0,3,16.7,1.07,0.18,0.0,0.0,0,0,2019,shooting,Chelsea
ENG-Premier League,2019/20,Chelsea,Ross Barkley,ENG,MF,25.0,1993.0,12.3,1,40.0,12,30.0,3.26,0.98,0.03,0.08,0,0,2019,shooting,Chelsea
ENG-Premier League,2019/20,Chelsea,Ruben Loftus-Cheek,ENG,"MF,FW",23.0,1996.0,2.3,0,4.0,0,0.0,1.73,0.0,0.0,,0,0,2019,shooting,Chelsea
ENG-Premier League,2019/20,Chelsea,Tammy Abraham,ENG,FW,21.0,1997.0,24.6,15,88.0,40,45.5,3.58,1.63,0.17,0.38,0,0,2019,shooting,Chelsea
ENG-Premier League,2019/20,Chelsea,Tariq Lamptey,GHA,"DF,MF",18.0,2000.0,0.4,0,0.0,0,,0.0,0.0,,,0,0,2019,shooting,Chelsea
ENG-Premier League,2019/20,Chelsea,Willian,BRA,"FW,MF",30.0,1988.0,28.9,9,71.0,29,40.8,2.46,1.0,0.13,0.31,4,4,2019,shooting,Chelsea
ENG-Premier League,2019/20,Chelsea,Willy Caballero,ARG,GK,37.0,1981.0,5.0,0,0.0,0,,0.0,0.0,,,0,0,2019,shooting,Chelsea
ENG-Premier League,2019/20,Crystal Palace,Andros Townsend,ENG,MF,28.0,1991.0,14.4,1,12.0,5,41.7,0.83,0.35,0.08,0.2,0,0,2019,shooting,Crystal Palace
ENG-Premier League,2019/20,Crystal Palace,Brandon Pierrick,ENG,MF,17.0,2001.0,0.2,0,0.0,0,,0.0,0.0,,,0,0,2019,shooting,Crystal Palace
ENG-Premier League,2019/20,Crystal Palace,Cenk Tosun,TUR,FW,28.0,1991.0,2.0,1,4.0,2,50.0,2.03,1.02,0.25,0.5,0,0,2019,shooting,Crystal Palace
ENG-Premier League,2019/20,Crystal Palace,Cheikhou Kouyaté,SEN,MF,29.0,1989.0,28.1,1,24.0,4,16.7,0.85,0.14,0.04,0.25,0,0,2019,shooting,Crystal Palace
ENG-Premier League,2019/20,Crystal Palace,Christian Benteke,BEL,FW,28.0,1990.0,14.0,2,41.0,19,46.3,2.93,1.36,0.05,0.11,0,0,2019,shooting,Crystal Palace
ENG-Premier League,2019/20,Crystal Palace,Connor Wickham,ENG,"FW,MF",26.0,1993.0,1.1,1,3.0,2,66.7,2.81,1.87,0.33,0.5,0,0,2019,shooting,Crystal Palace
ENG-Premier League,2019/20,Crystal Palace,Gary Cahill,ENG,DF,33.0,1985.0,24.1,0,21.0,5,23.8,0.87,0.21,0.0,0.0,0,0,2019,shooting,Crystal Palace
ENG-Premier League,2019/20,Crystal Palace,James McArthur,SCO,MF,31.0,1987.0,34.3,0,28.0,6,21.4,0.82,0.17,0.0,0.0,0,0,2019,shooting,Crystal Palace
ENG-Premier League,2019/20,Crystal Palace,James McCarthy,IRL,MF,28.0,1990.0,18.7,0,12.0,3,25.0,0.64,0.16,0.0,0.0,0,0,2019,shooting,Crystal Palace
ENG-Premier League,2019/20,Crystal Palace,James Tomkins,ENG,DF,30.0,1989.0,17.6,1,9.0,3,33.3,0.51,0.17,0.11,0.33,0,0,2019,shooting,Crystal Palace
ENG-Premier League,2019/20,Crystal Palace,Jaïro Riedewald,NED,"DF,MF",22.0,1996.0,8.5,0,3.0,0,0.0,0.35,0.0,0.0,,0,0,2019,shooting,Crystal Palace
ENG-Premier League,2019/20,Crystal Palace,Jeffrey Schlupp,GHA,MF,26.0,1992.0,11.5,3,18.0,10,55.6,1.56,0.87,0.17,0.3,0,0,2019,shooting,Crystal Palace
ENG-Premier League,2019/20,Crystal Palace,Joel Ward,ENG,DF,29.0,1989.0,26.5,0,5.0,1,20.0,0.19,0.04,0.0,0.0,0,0,2019,shooting,Crystal Palace
ENG-Premier League,2019/20,Crystal Palace,Jordan Ayew,GHA,"FW,MF",27.0,1991.0,35.0,9,58.0,24,41.4,1.66,0.69,0.16,0.38,0,0,2019,shooting,Crystal Palace
ENG-Premier League,2019/20,Crystal Palace,Luka Milivojević,SRB,MF,28.0,1991.0,27.9,3,31.0,9,29.0,1.11,0.32,0.1,0.33,2,2,2019,shooting,Crystal Palace
ENG-Premier League,2019/20,Crystal Palace,Mamadou Sakho,FRA,DF,29.0,1990.0,10.3,0,0.0,0,,0.0,0.0,,,0,0,2019,shooting,Crystal Palace
ENG-Premier League,2019/20,Crystal Palace,Martin Kelly,ENG,DF,29.0,1990.0,17.2,0,2.0,0,0.0,0.12,0.0,0.0,,0,0,2019,shooting,Crystal Palace
ENG-Premier League,2019/20,Crystal Palace,Max Meyer,GER,"MF,FW",23.0,1995.0,7.3,0,9.0,2,22.2,1.24,0.27,0.0,0.0,0,0,2019,shooting,Crystal Palace
ENG-Premier League,2019/20,Crystal Palace,Patrick van Aanholt,NED,DF,28.0,1990.0,27.9,3,27.0,6,22.2,0.97,0.22,0.11,0.5,1,1,2019,shooting,Crystal Palace
ENG-Premier League,2019/20,Crystal Palace,Scott Dann,ENG,DF,32.0,1987.0,14.1,0,8.0,2,25.0,0.57,0.14,0.0,0.0,0,0,2019,shooting,Crystal Palace
ENG-Premier League,2019/20,Crystal Palace,Tyrick Mitchell,ENG,DF,19.0,1999.0,2.2,0,0.0,0,,0.0,0.0,,,0,0,2019,shooting,Crystal Palace
ENG-Premier League,2019/20,Crystal Palace,Vicente Guaita,ESP,GK,32.0,1987.0,35.0,0,0.0,0,,0.0,0.0,,,0,0,2019,shooting,Crystal Palace
ENG-Premier League,2019/20,Crystal Palace,Víctor Camarasa,ESP,MF,25.0,1994.0,0.1,0,0.0,0,,0.0,0.0,,,0,0,2019,shooting,Crystal Palace
ENG-Premier League,2019/20,Crystal Palace,Wayne Hennessey,WAL,GK,32.0,1987.0,3.0,0,0.0,0,,0.0,0.0,,,0,0,2019,shooting,Crystal Palace
ENG-Premier League,2019/20,Crystal Palace,Wilfried Zaha,CIV,"MF,FW",26.0,1992.0,36.4,4,61.0,17,27.9,1.67,0.47,0.07,0.24,0,0,2019,shooting,Crystal Palace
ENG-Premier League,2019/20,Everton,Alex Iwobi,NGA,MF,23.0,1996.0,17.7,1,23.0,10,43.5,1.3,0.56,0.04,0.1,0,0,2019,shooting,Everton
ENG-Premier League,2019/20,Everton,André Gomes,POR,MF,26.0,1993.0,16.2,0,5.0,0,0.0,0.31,0.0,0.0,,0,0,2019,shooting,Everton
ENG-Premier League,2019/20,Everton,Anthony Gordon,ENG,MF,18.0,2001.0,4.9,0,6.0,1,16.7,1.23,0.2,0.0,0.0,0,0,2019,shooting,Everton
ENG-Premier League,2019/20,Everton,Bernard,BRA,MF,26.0,1992.0,14.2,3,12.0,5,41.7,0.84,0.35,0.25,0.6,0,0,2019,shooting,Everton
ENG-Premier League,2019/20,Everton,Cenk Tosun,TUR,FW,28.0,1991.0,3.2,1,11.0,3,27.3,3.4,0.93,0.09,0.33,0,0,2019,shooting,Everton
ENG-Premier League,2019/20,Everton,Djibril Sidibé,FRA,"DF,MF",27.0,1992.0,20.3,0,12.0,3,25.0,0.59,0.15,0.0,0.0,0,0,2019,shooting,Everton
ENG-Premier League,2019/20,Everton,Dominic Calvert-Lewin,ENG,FW,22.0,1997.0,29.2,13,85.0,38,44.7,2.91,1.3,0.15,0.34,0,0,2019,shooting,Everton
ENG-Premier League,2019/20,Everton,Fabian Delph,ENG,MF,29.0,1989.0,13.2,0,3.0,0,0.0,0.23,0.0,0.0,,0,0,2019,shooting,Everton
ENG-Premier League,2019/20,Everton,Gylfi Sigurðsson,ISL,MF,29.0,1989.0,28.4,2,46.0,14,30.4,1.62,0.49,0.04,0.14,1,1,2019,shooting,Everton
ENG-Premier League,2019/20,Everton,Jarrad Branthwaite,ENG,DF,17.0,2002.0,3.3,0,0.0,0,,0.0,0.0,,,0,0,2019,shooting,Everton
ENG-Premier League,2019/20,Everton,Jean-Philippe Gbamin,CIV,MF,23.0,1995.0,1.5,0,0.0,0,,0.0,0.0,,,0,0,2019,shooting,Everton
ENG-Premier League,2019/20,Everton,Jordan Pickford,ENG,GK,25.0,1994.0,38.0,0,0.0,0,,0.0,0.0,,,0,0,2019,shooting,Everton
ENG-Premier League,2019/20,Everton,Leighton Baines,ENG,"DF,MF",34.0,1984.0,4.5,0,1.0,0,0.0,0.22,0.0,0.0,,0,0,2019,shooting,Everton
ENG-Premier League,2019/20,Everton,Lucas Digne,FRA,DF,26.0,1993.0,33.7,0,29.0,4,13.8,0.86,0.12,0.0,0.0,0,0,2019,shooting,Everton
ENG-Premier League,2019/20,Everton,Mason Holgate,JAM,DF,22.0,1996.0,22.8,0,12.0,5,41.7,0.53,0.22,0.0,0.0,0,0,2019,shooting,Everton
ENG-Premier League,2019/20,Everton,Michael Keane,ENG,DF,26.0,1993.0,28.4,2,14.0,4,28.6,0.49,0.14,0.14,0.5,0,0,2019,shooting,Everton
ENG-Premier League,2019/20,Everton,Moise Kean,ITA,FW,19.0,2000.0,9.5,2,30.0,13,43.3,3.17,1.37,0.07,0.15,0,0,2019,shooting,Everton
ENG-Premier League,2019/20,Everton,Morgan Schneiderlin,FRA,MF,29.0,1989.0,11.1,0,6.0,0,0.0,0.54,0.0,0.0,,0,0,2019,shooting,Everton
ENG-Premier League,2019/20,Everton,Oumar Niasse,SEN,"FW,MF",29.0,1990.0,0.2,0,0.0,0,,0.0,0.0,,,0,0,2019,shooting,Everton
ENG-Premier League,2019/20,Everton,Richarlison,BRA,"FW,MF",22.0,1997.0,34.1,13,89.0,31,34.8,2.61,0.91,0.15,0.42,0,0,2019,shooting,Everton
ENG-Premier League,2019/20,Everton,Séamus Coleman,IRL,DF,30.0,1988.0,20.4,0,8.0,4,50.0,0.39,0.2,0.0,0.0,0,0,2019,shooting,Everton
ENG-Premier League,2019/20,Everton,Theo Walcott,ENG,MF,30.0,1989.0,14.3,2,31.0,10,32.3,2.17,0.7,0.06,0.2,0,0,2019,shooting,Everton
ENG-Premier League,2019/20,Everton,Tom Davies,ENG,MF,21.0,1998.0,22.5,1,17.0,5,29.4,0.75,0.22,0.06,0.2,0,0,2019,shooting,Everton
ENG-Premier League,2019/20,Everton,Yerry Mina,COL,DF,24.0,1994.0,25.4,2,30.0,12,40.0,1.18,0.47,0.07,0.17,0,0,2019,shooting,Everton
ENG-Premier League,2019/20,Leicester City,Ayoze Pérez,ESP,"MF,FW",26.0,1993.0,22.3,8,47.0,22,46.8,2.11,0.99,0.17,0.36,1,1,2019,shooting,Leicester City
ENG-Premier League,2019/20,Leicester City,Ben Chilwell,ENG,DF,22.0,1996.0,26.4,3,16.0,6,37.5,0.61,0.23,0.19,0.5,0,0,2019,shooting,Leicester City
ENG-Premier League,2019/20,Leicester City,Christian Fuchs,AUT,"DF,MF",33.0,1986.0,8.6,0,5.0,1,20.0,0.58,0.12,0.0,0.0,0,0,2019,shooting,Leicester City
ENG-Premier League,2019/20,Leicester City,Demarai Gray,JAM,MF,23.0,1996.0,6.9,2,22.0,7,31.8,3.18,1.01,0.09,0.29,0,1,2019,shooting,Leicester City
ENG-Premier League,2019/20,Leicester City,Dennis Praet,BEL,MF,25.0,1994.0,12.6,1,16.0,3,18.8,1.27,0.24,0.06,0.33,0,0,2019,shooting,Leicester City
ENG-Premier League,2019/20,Leicester City,George Hirst,SCO,FW,20.0,1999.0,0.1,0,3.0,1,33.3,24.55,8.18,0.0,0.0,0,0,2019,shooting,Leicester City
ENG-Premier League,2019/20,Leicester City,Hamza Choudhury,BAN,MF,21.0,1997.0,9.9,1,7.0,2,28.6,0.71,0.2,0.14,0.5,0,0,2019,shooting,Leicester City
ENG-Premier League,2019/20,Leicester City,Harvey Barnes,ENG,MF,21.0,1997.0,23.1,6,61.0,28,45.9,2.64,1.21,0.1,0.21,0,0,2019,shooting,Leicester City
ENG-Premier League,2019/20,Leicester City,James Justin,ENG,"DF,MF",21.0,1998.0,11.2,0,7.0,0,0.0,0.62,0.0,0.0,,0,0,2019,shooting,Leicester City
ENG-Premier League,2019/20,Leicester City,James Maddison,ENG,"MF,FW",22.0,1996.0,29.2,6,74.0,18,24.3,2.54,0.62,0.08,0.33,0,0,2019,shooting,Leicester City
ENG-Premier League,2019/20,Leicester City,Jamie Vardy,ENG,FW,32.0,1987.0,33.7,23,89.0,43,48.3,2.64,1.28,0.26,0.53,4,5,2019,shooting,Leicester City
ENG-Premier League,2019/20,Leicester City,Jonny Evans,NIR,DF,31.0,1988.0,37.6,1,23.0,8,34.8,0.61,0.21,0.04,0.13,0,0,2019,shooting,Leicester City
ENG-Premier League,2019/20,Leicester City,Kasper Schmeichel,DEN,GK,32.0,1986.0,38.0,0,1.0,0,0.0,0.03,0.0,0.0,,0,0,2019,shooting,Leicester City
ENG-Premier League,2019/20,Leicester City,Kelechi Iheanacho,NGA,FW,22.0,1996.0,10.7,5,35.0,19,54.3,3.28,1.78,0.14,0.26,0,0,2019,shooting,Leicester City
ENG-Premier League,2019/20,Leicester City,Luke Thomas,ENG,MF,18.0,2001.0,3.0,0,0.0,0,,0.0,0.0,,,0,0,2019,shooting,Leicester City
ENG-Premier League,2019/20,Leicester City,Marc Albrighton,ENG,MF,29.0,1989.0,9.6,0,10.0,2,20.0,1.04,0.21,0.0,0.0,0,0,2019,shooting,Leicester City
ENG-Premier League,2019/20,Leicester City,Matty James,ENG,MF,28.0,1991.0,0.1,0,0.0,0,,0.0,0.0,,,0,0,2019,shooting,Leicester City
ENG-Premier League,2019/20,Leicester City,Nampalys Mendy,SEN,MF,27.0,1992.0,3.2,0,1.0,1,100.0,0.31,0.31,0.0,0.0,0,0,2019,shooting,Leicester City
ENG-Premier League,2019/20,Leicester City,Ricardo Pereira,POR,DF,25.0,1993.0,28.0,3,18.0,5,27.8,0.64,0.18,0.17,0.6,0,0,2019,shooting,Leicester City
ENG-Premier League,2019/20,Leicester City,Ryan Bennett,ENG,DF,29.0,1990.0,3.7,0,0.0,0,,0.0,0.0,,,0,0,2019,shooting,Leicester City
ENG-Premier League,2019/20,Leicester City,Wes Morgan,JAM,DF,35.0,1984.0,4.8,0,4.0,2,50.0,0.83,0.41,0.0,0.0,0,0,2019,shooting,Leicester City
ENG-Premier League,2019/20,Leicester City,Wilfred Ndidi,NGA,MF,22.0,1996.0,29.7,2,26.0,3,11.5,0.88,0.1,0.08,0.67,0,0,2019,shooting,Leicester City
ENG-Premier League,2019/20,Leicester City,Youri Tielemans,BEL,MF,22.0,1997.0,31.4,3,54.0,13,24.1,1.72,0.41,0.06,0.23,0,0,2019,shooting,Leicester City
ENG-Premier League,2019/20,Leicester City,Çağlar Söyüncü,TUR,DF,23.0,1996.0,33.7,1,17.0,5,29.4,0.5,0.15,0.06,0.2,0,0,2019,shooting,Leicester City
ENG-Premier League,2019/20,Liverpool,Adam Lallana,ENG,MF,31.0,1988.0,4.2,1,5.0,1,20.0,1.18,0.24,0.2,1.0,0,0,2019,shooting,Liverpool
ENG-Premier League,2019/20,Liverpool,Adrián,ESP,GK,32.0,1987.0,9.7,0,0.0,0,,0.0,0.0,,,0,0,2019,shooting,Liverpool
ENG-Premier League,2019/20,Liverpool,Alex Oxlade-Chamberlain,ENG,"MF,FW",25.0,1993.0,16.5,4,40.0,10,25.0,2.42,0.61,0.1,0.4,0,0,2019,shooting,Liverpool
ENG-Premier League,2019/20,Liverpool,Alisson,BRA,GK,26.0,1992.0,28.3,0,0.0,0,,0.0,0.0,,,0,0,2019,shooting,Liverpool
ENG-Premier League,2019/20,Liverpool,Andy Robertson,SCO,DF,25.0,1994.0,34.6,2,22.0,6,27.3,0.64,0.17,0.09,0.33,0,0,2019,shooting,Liverpool
ENG-Premier League,2019/20,Liverpool,Curtis Jones,ENG,MF,18.0,2001.0,1.4,1,6.0,2,33.3,4.29,1.43,0.17,0.5,0,0,2019,shooting,Liverpool
ENG-Premier League,2019/20,Liverpool,Dejan Lovren,CRO,DF,30.0,1989.0,8.6,0,5.0,1,20.0,0.58,0.12,0.0,0.0,0,0,2019,shooting,Liverpool
ENG-Premier League,2019/20,Liverpool,Divock Origi,BEL,FW,24.0,1995.0,8.0,4,14.0,6,42.9,1.76,0.75,0.29,0.67,0,0,2019,shooting,Liverpool
ENG-Premier League,2019/20,Liverpool,Fabinho,BRA,MF,25.0,1993.0,23.1,2,12.0,4,33.3,0.52,0.17,0.17,0.5,0,0,2019,shooting,Liverpool
ENG-Premier League,2019/20,Liverpool,Georginio Wijnaldum,NED,MF,28.0,1990.0,32.6,4,36.0,15,41.7,1.1,0.46,0.11,0.27,0,0,2019,shooting,Liverpool
ENG-Premier League,2019/20,Liverpool,Harvey Elliott,ENG,"FW,MF",16.0,2003.0,0.1,0,0.0,0,,0.0,0.0,,,0,0,2019,shooting,Liverpool
ENG-Premier League,2019/20,Liverpool,James Milner,ENG,"MF,DF",33.0,1986.0,10.4,2,12.0,4,33.3,1.15,0.38,0.17,0.5,2,2,2019,shooting,Liverpool
ENG-Premier League,2019/20,Liverpool,Joe Gomez,ENG,DF,22.0,1997.0,22.3,0,1.0,0,0.0,0.04,0.0,0.0,,0,0,2019,shooting,Liverpool
ENG-Premier League,2019/20,Liverpool,Jordan Henderson,ENG,MF,29.0,1990.0,24.9,4,20.0,8,40.0,0.8,0.32,0.2,0.5,0,0,2019,shooting,Liverpool
ENG-Premier League,2019/20,Liverpool,Joël Matip,CMR,DF,27.0,1991.0,7.8,1,4.0,1,25.0,0.51,0.13,0.25,1.0,0,0,2019,shooting,Liverpool
ENG-Premier League,2019/20,Liverpool,Mohamed Salah,EGY,FW,27.0,1992.0,32.0,19,132.0,59,44.7,4.13,1.85,0.14,0.32,3,3,2019,shooting,Liverpool
ENG-Premier League,2019/20,Liverpool,Naby Keïta,GUI,MF,24.0,1995.0,9.1,2,12.0,7,58.3,1.33,0.77,0.17,0.29,0,0,2019,shooting,Liverpool
ENG-Premier League,2019/20,Liverpool,Neco Williams,WAL,DF,18.0,2001.0,2.6,0,7.0,1,14.3,2.74,0.39,0.0,0.0,0,0,2019,shooting,Liverpool
ENG-Premier League,2019/20,Liverpool,Roberto Firmino,BRA,FW,27.0,1991.0,33.2,9,98.0,39,39.8,2.95,1.17,0.09,0.23,0,0,2019,shooting,Liverpool
ENG-Premier League,2019/20,Liverpool,Sadio Mané,SEN,FW,27.0,1992.0,30.5,18,77.0,36,46.8,2.52,1.18,0.23,0.5,0,0,2019,shooting,Liverpool
ENG-Premier League,2019/20,Liverpool,Takumi Minamino,JPN,FW,24.0,1995.0,2.8,0,8.0,2,25.0,2.89,0.72,0.0,0.0,0,0,2019,shooting,Liverpool
ENG-Premier League,2019/20,Liverpool,Trent Alexander-Arnold,ENG,DF,20.0,1998.0,35.3,4,44.0,13,29.5,1.25,0.37,0.09,0.31,0,0,2019,shooting,Liverpool
ENG-Premier League,2019/20,Liverpool,Virgil van Dijk,NED,DF,28.0,1991.0,38.0,5,31.0,15,48.4,0.82,0.39,0.16,0.33,0,0,2019,shooting,Liverpool
ENG-Premier League,2019/20,Liverpool,Xherdan Shaqiri,SUI,MF,27.0,1991.0,2.1,1,4.0,1,25.0,1.95,0.49,0.25,1.0,0,0,2019,shooting,Liverpool
ENG-Premier League,2019/20,Manchester City,Angeliño,ESP,DF,22.0,1997.0,4.7,0,5.0,0,0.0,1.06,0.0,0.0,,0,0,2019,shooting,Manchester City
ENG-Premier League,2019/20,Manchester City,Aymeric Laporte,ESP,DF,25.0,1994.0,12.2,1,4.0,2,50.0,0.33,0.16,0.25,0.5,0,0,2019,shooting,Manchester City
ENG-Premier League,2019/20,Manchester City,Benjamin Mendy,FRA,DF,25.0,1994.0,16.6,0,10.0,1,10.0,0.6,0.06,0.0,0.0,0,0,2019,shooting,Manchester City
ENG-Premier League,2019/20,Manchester City,Bernardo Silva,POR,"FW,MF",24.0,1994.0,22.6,6,52.0,15,28.8,2.31,0.67,0.12,0.4,0,0,2019,shooting,Manchester City
ENG-Premier League,2019/20,Manchester City,Claudio Bravo,CHI,GK,36.0,1983.0,3.9,0,0.0,0,,0.0,0.0,,,0,0,2019,shooting,Manchester City
ENG-Premier League,2019/20,Manchester City,David Silva,ESP,MF,33.0,1986.0,20.3,6,47.0,18,38.3,2.32,0.89,0.13,0.33,0,0,2019,shooting,Manchester City
ENG-Premier League,2019/20,Manchester City,Ederson Moraes,BRA,GK,25.0,1993.0,34.1,0,0.0,0,,0.0,0.0,,,0,0,2019,shooting,Manchester City
ENG-Premier League,2019/20,Manchester City,Eric García,ESP,DF,18.0,2001.0,8.8,0,2.0,1,50.0,0.23,0.11,0.0,0.0,0,0,2019,shooting,Manchester City
ENG-Premier League,2019/20,Manchester City,Fernandinho,BRA,DF,34.0,1985.0,26.6,0,16.0,1,6.3,0.6,0.04,0.0,0.0,0,0,2019,shooting,Manchester City
ENG-Premier League,2019/20,Manchester City,Gabriel Jesus,BRA,FW,22.0,1997.0,22.6,14,101.0,48,47.5,4.48,2.13,0.14,0.29,0,1,2019,shooting,Manchester City
ENG-Premier League,2019/20,Manchester City,John Stones,ENG,DF,25.0,1994.0,12.5,0,6.0,1,16.7,0.48,0.08,0.0,0.0,0,0,2019,shooting,Manchester City
ENG-Premier League,2019/20,Manchester City,João Cancelo,POR,DF,25.0,1994.0,13.4,0,15.0,3,20.0,1.12,0.22,0.0,0.0,0,0,2019,shooting,Manchester City
ENG-Premier League,2019/20,Manchester City,Kevin De Bruyne,BEL,MF,28.0,1991.0,31.0,13,98.0,30,30.6,3.16,0.97,0.13,0.43,2,2,2019,shooting,Manchester City
ENG-Premier League,2019/20,Manchester City,Kyle Walker,ENG,DF,29.0,1990.0,26.6,1,14.0,3,21.4,0.53,0.11,0.07,0.33,0,0,2019,shooting,Manchester City
ENG-Premier League,2019/20,Manchester City,Leroy Sané,GER,"FW,MF",23.0,1996.0,0.1,0,2.0,0,0.0,15.0,0.0,0.0,,0,0,2019,shooting,Manchester City
ENG-Premier League,2019/20,Manchester City,Nicolás Otamendi,ARG,DF,31.0,1988.0,19.1,2,15.0,7,46.7,0.79,0.37,0.13,0.29,0,0,2019,shooting,Manchester City
ENG-Premier League,2019/20,Manchester City,Oleksandr Zinchenko,UKR,DF,22.0,1996.0,14.2,0,16.0,3,18.8,1.13,0.21,0.0,0.0,0,0,2019,shooting,Manchester City
ENG-Premier League,2019/20,Manchester City,Phil Foden,ENG,"FW,MF",19.0,2000.0,10.0,5,34.0,15,44.1,3.4,1.5,0.15,0.33,0,0,2019,shooting,Manchester City
ENG-Premier League,2019/20,Manchester City,Raheem Sterling,ENG,"FW,MF",24.0,1994.0,29.5,20,100.0,39,39.0,3.39,1.32,0.2,0.51,0,2,2019,shooting,Manchester City
ENG-Premier League,2019/20,Manchester City,Riyad Mahrez,ALG,"FW,MF",28.0,1991.0,21.6,11,74.0,32,43.2,3.43,1.48,0.15,0.34,1,1,2019,shooting,Manchester City
ENG-Premier League,2019/20,Manchester City,Rodri,ESP,MF,23.0,1996.0,27.6,3,24.0,9,37.5,0.87,0.33,0.13,0.33,0,0,2019,shooting,Manchester City
ENG-Premier League,2019/20,Manchester City,Sergio Agüero,ARG,FW,31.0,1988.0,16.1,16,76.0,28,36.8,4.71,1.74,0.21,0.57,2,3,2019,shooting,Manchester City
ENG-Premier League,2019/20,Manchester City,Tommy Doyle,ENG,MF,17.0,2001.0,0.2,0,1.0,1,100.0,5.63,5.63,0.0,0.0,0,0,2019,shooting,Manchester City
ENG-Premier League,2019/20,Manchester City,İlkay Gündoğan,GER,MF,28.0,1990.0,22.4,2,33.0,8,24.2,1.47,0.36,0.06,0.25,1,2,2019,shooting,Manchester City
ENG-Premier League,2019/20,Manchester Utd,Aaron Wan-Bissaka,COD,"DF,MF",21.0,1997.0,34.1,0,7.0,1,14.3,0.21,0.03,0.0,0.0,0,0,2019,shooting,Manchester United
ENG-Premier League,2019/20,Manchester Utd,Andreas Pereira,BRA,MF,23.0,1996.0,16.5,1,37.0,14,37.8,2.24,0.85,0.03,0.07,0,0,2019,shooting,Manchester United
ENG-Premier League,2019/20,Manchester Utd,Angel Gomes,ENG,"FW,MF",18.0,2000.0,0.2,0,0.0,0,,0.0,0.0,,,0,0,2019,shooting,Manchester United
ENG-Premier League,2019/20,Manchester Utd,Anthony Martial,FRA,FW,23.0,1995.0,29.2,17,80.0,40,50.0,2.74,1.37,0.21,0.43,0,1,2019,shooting,Manchester United
ENG-Premier League,2019/20,Manchester Utd,Ashley Young,ENG,"DF,MF",34.0,1985.0,10.6,0,3.0,0,0.0,0.28,0.0,0.0,,0,0,2019,shooting,Manchester United
ENG-Premier League,2019/20,Manchester Utd,Axel Tuanzebe,COD,DF,21.0,1997.0,2.1,0,0.0,0,,0.0,0.0,,,0,0,2019,shooting,Manchester United
ENG-Premier League,2019/20,Manchester Utd,Brandon Williams,ENG,"DF,MF",18.0,2000.0,11.2,1,6.0,2,33.3,0.54,0.18,0.17,0.5,0,0,2019,shooting,Manchester United
ENG-Premier League,2019/20,Manchester Utd,Bruno Fernandes,POR,MF,24.0,1994.0,13.2,8,44.0,18,40.9,3.34,1.37,0.18,0.44,4,4,2019,shooting,Manchester United
ENG-Premier League,2019/20,Manchester Utd,Daniel James,WAL,"MF,FW",21.0,1997.0,25.4,3,42.0,20,47.6,1.65,0.79,0.07,0.15,0,0,2019,shooting,Manchester United
ENG-Premier League,2019/20,Manchester Utd,David de Gea,ESP,GK,28.0,1990.0,38.0,0,0.0,0,,0.0,0.0,,,0,0,2019,shooting,Manchester United
ENG-Premier League,2019/20,Manchester Utd,Diogo Dalot,POR,DF,20.0,1999.0,0.7,0,1.0,0,0.0,1.34,0.0,0.0,,0,0,2019,shooting,Manchester United
ENG-Premier League,2019/20,Manchester Utd,Eric Bailly,CIV,DF,25.0,1994.0,1.7,0,0.0,0,,0.0,0.0,,,0,0,2019,shooting,Manchester United
ENG-Premier League,2019/20,Manchester Utd,Fred,BRA,MF,26.0,1993.0,24.0,0,40.0,10,25.0,1.66,0.42,0.0,0.0,0,0,2019,shooting,Manchester United
ENG-Premier League,2019/20,Manchester Utd,Harry Maguire,ENG,DF,26.0,1993.0,38.0,1,31.0,8,25.8,0.82,0.21,0.03,0.13,0,0,2019,shooting,Manchester United
ENG-Premier League,2019/20,Manchester Utd,James Garner,ENG,MF,18.0,2001.0,0.1,0,0.0,0,,0.0,0.0,,,0,0,2019,shooting,Manchester United
ENG-Premier League,2019/20,Manchester Utd,Jesse Lingard,ENG,MF,26.0,1992.0,10.4,1,22.0,6,27.3,2.12,0.58,0.05,0.17,0,0,2019,shooting,Manchester United
ENG-Premier League,2019/20,Manchester Utd,Juan Mata,ESP,MF,31.0,1988.0,8.4,0,10.0,2,20.0,1.19,0.24,0.0,0.0,0,0,2019,shooting,Manchester United
ENG-Premier League,2019/20,Manchester Utd,Luke Shaw,ENG,DF,24.0,1995.0,19.3,0,11.0,5,45.5,0.57,0.26,0.0,0.0,0,0,2019,shooting,Manchester United
ENG-Premier League,2019/20,Manchester Utd,Marcos Rojo,ARG,DF,29.0,1990.0,1.4,0,1.0,0,0.0,0.74,0.0,0.0,,0,0,2019,shooting,Manchester United
ENG-Premier League,2019/20,Manchester Utd,Marcus Rashford,ENG,"MF,FW",21.0,1997.0,29.4,17,95.0,44,46.3,3.23,1.5,0.18,0.39,6,8,2019,shooting,Manchester United
ENG-Premier League,2019/20,Manchester Utd,Mason Greenwood,ENG,"MF,FW",17.0,2001.0,14.7,10,38.0,20,52.6,2.59,1.36,0.26,0.5,0,0,2019,shooting,Manchester United
ENG-Premier League,2019/20,Manchester Utd,Nemanja Matić,SRB,MF,30.0,1988.0,17.6,0,7.0,2,28.6,0.4,0.11,0.0,0.0,0,0,2019,shooting,Manchester United
ENG-Premier League,2019/20,Manchester Utd,Odion Ighalo,NGA,FW,30.0,1989.0,1.1,0,7.0,4,57.1,6.24,3.56,0.0,0.0,0,0,2019,shooting,Manchester United
ENG-Premier League,2019/20,Manchester Utd,Paul Pogba,FRA,MF,26.0,1993.0,13.4,1,22.0,8,36.4,1.64,0.6,0.05,0.13,0,1,2019,shooting,Manchester United
ENG-Premier League,2019/20,Manchester Utd,Phil Jones,ENG,DF,27.0,1992.0,1.5,0,2.0,1,50.0,1.33,0.67,0.0,0.0,0,0,2019,shooting,Manchester United
ENG-Premier League,2019/20,Manchester Utd,Scott McTominay,SCO,MF,22.0,1996.0,19.7,4,29.0,10,34.5,1.47,0.51,0.14,0.4,0,0,2019,shooting,Manchester United
ENG-Premier League,2019/20,Manchester Utd,Tahith Chong,CUW,"FW,MF",19.0,1999.0,0.4,0,1.0,0,0.0,2.43,0.0,0.0,,0,0,2019,shooting,Manchester United
ENG-Premier League,2019/20,Manchester Utd,Timothy Fosu-Mensah,NED,DF,21.0,1998.0,1.5,0,1.0,0,0.0,0.66,0.0,0.0,,0,0,2019,shooting,Manchester United
ENG-Premier League,2019/20,Manchester Utd,Victor Lindelöf,SWE,DF,25.0,1994.0,34.4,1,6.0,1,16.7,0.17,0.03,0.17,1.0,0,0,2019,shooting,Manchester United
ENG-Premier League,2019/20,Newcastle,Allan Saint-Maximin,FRA,MF,22.0,1997.0,20.7,3,46.0,21,45.7,2.22,1.01,0.07,0.14,0,0,2019,shooting,Newcastle United
ENG-Premier League,2019/20,Newcastle,Andy Carroll,ENG,FW,30.0,1989.0,7.0,0,16.0,3,18.8,2.28,0.43,0.0,0.0,0,0,2019,shooting,Newcastle United
ENG-Premier League,2019/20,Newcastle,Christian Atsu,GHA,MF,27.0,1992.0,8.3,0,5.0,1,20.0,0.6,0.12,0.0,0.0,0,0,2019,shooting,Newcastle United
ENG-Premier League,2019/20,Newcastle,Ciaran Clark,IRL,DF,29.0,1989.0,13.2,2,6.0,4,66.7,0.46,0.3,0.33,0.5,0,0,2019,shooting,Newcastle United
ENG-Premier League,2019/20,Newcastle,Danny Rose,ENG,DF,29.0,1990.0,9.6,0,0.0,0,,0.0,0.0,,,0,0,2019,shooting,Newcastle United
ENG-Premier League,2019/20,Newcastle,DeAndre Yedlin,USA,"DF,MF",26.0,1993.0,10.4,1,1.0,1,100.0,0.1,0.1,1.0,1.0,0,0,2019,shooting,Newcastle United
ENG-Premier League,2019/20,Newcastle,Dwight Gayle,ENG,FW,28.0,1990.0,9.4,4,23.0,10,43.5,2.44,1.06,0.17,0.4,0,0,2019,shooting,Newcastle United
ENG-Premier League,2019/20,Newcastle,Emil Krafth,SWE,DF,24.0,1994.0,11.3,0,4.0,0,0.0,0.35,0.0,0.0,,0,0,2019,shooting,Newcastle United
ENG-Premier League,2019/20,Newcastle,Fabian Schär,SUI,DF,27.0,1991.0,18.6,2,20.0,6,30.0,1.08,0.32,0.1,0.33,0,0,2019,shooting,Newcastle United
ENG-Premier League,2019/20,Newcastle,Federico Fernández,ARG,DF,30.0,1989.0,29.1,2,14.0,6,42.9,0.48,0.21,0.14,0.33,0,0,2019,shooting,Newcastle United
ENG-Premier League,2019/20,Newcastle,Florian Lejeune,FRA,DF,28.0,1991.0,4.9,2,4.0,3,75.0,0.81,0.61,0.5,0.67,0,0,2019,shooting,Newcastle United
ENG-Premier League,2019/20,Newcastle,Isaac Hayden,JAM,MF,24.0,1995.0,24.7,1,18.0,3,16.7,0.73,0.12,0.06,0.33,0,0,2019,shooting,Newcastle United
ENG-Premier League,2019/20,Newcastle,Jamaal Lascelles,ENG,DF,25.0,1993.0,23.1,1,8.0,2,25.0,0.35,0.09,0.13,0.5,0,0,2019,shooting,Newcastle United
ENG-Premier League,2019/20,Newcastle,Javier Manquillo,ESP,"DF,MF",25.0,1994.0,17.8,0,1.0,0,0.0,0.06,0.0,0.0,,0,0,2019,shooting,Newcastle United
ENG-Premier League,2019/20,Newcastle,Jetro Willems,NED,"DF,MF",25.0,1994.0,16.6,2,14.0,6,42.9,0.84,0.36,0.14,0.33,0,0,2019,shooting,Newcastle United
ENG-Premier League,2019/20,Newcastle,Joelinton,BRA,"FW,MF",22.0,1996.0,29.8,2,50.0,15,30.0,1.68,0.5,0.04,0.13,0,0,2019,shooting,Newcastle United
ENG-Premier League,2019/20,Newcastle,Jonjo Shelvey,ENG,MF,27.0,1992.0,23.5,6,45.0,14,31.1,1.91,0.59,0.13,0.43,0,0,2019,shooting,Newcastle United
ENG-Premier League,2019/20,Newcastle,Kelland Watts,ENG,DF,19.0,1999.0,0.2,0,0.0,0,,0.0,0.0,,,0,0,2019,shooting,Newcastle United
ENG-Premier League,2019/20,Newcastle,Ki Sung-yueng,KOR,MF,30.0,1989.0,1.5,0,0.0,0,,0.0,0.0,,,0,0,2019,shooting,Newcastle United
ENG-Premier League,2019/20,Newcastle,Martin Dúbravka,SVK,GK,30.0,1989.0,38.0,0,0.0,0,,0.0,0.0,,,0,0,2019,shooting,Newcastle United
ENG-Premier League,2019/20,Newcastle,Matt Ritchie,SCO,"MF,DF",29.0,1989.0,14.6,2,26.0,8,30.8,1.78,0.55,0.08,0.25,0,1,2019,shooting,Newcastle United
ENG-Premier League,2019/20,Newcastle,Matthew Longstaff,ENG,MF,19.0,2000.0,6.4,2,4.0,2,50.0,0.63,0.31,0.5,1.0,0,0,2019,shooting,Newcastle United
ENG-Premier League,2019/20,Newcastle,Miguel Almirón,PAR,"MF,FW",25.0,1994.0,33.6,4,55.0,17,30.9,1.64,0.51,0.07,0.24,0,0,2019,shooting,Newcastle United
ENG-Premier League,2019/20,Newcastle,Nabil Bentaleb,ALG,MF,24.0,1994.0,8.3,0,4.0,0,0.0,0.48,0.0,0.0,,0,0,2019,shooting,Newcastle United
ENG-Premier League,2019/20,Newcastle,Paul Dummett,WAL,DF,27.0,1991.0,13.6,0,1.0,1,100.0,0.07,0.07,0.0,0.0,0,0,2019,shooting,Newcastle United
ENG-Premier League,2019/20,Newcastle,Sean Longstaff,ENG,MF,21.0,1997.0,15.3,1,25.0,7,28.0,1.63,0.46,0.04,0.14,0,0,2019,shooting,Newcastle United
ENG-Premier League,2019/20,Newcastle,Valentino Lazaro,AUT,"MF,DF",23.0,1996.0,5.3,1,4.0,1,25.0,0.75,0.19,0.25,1.0,0,0,2019,shooting,Newcastle United
ENG-Premier League,2019/20,Newcastle,Yoshinori Mutō,JPN,MF,27.0,1992.0,2.4,0,1.0,0,0.0,0.42,0.0,0.0,,0,0,2019,shooting,Newcastle United
ENG-Premier League,2019/20,Norwich City,Adam Idah,IRL,FW,18.0,2001.0,2.5,0,6.0,2,33.3,2.37,0.79,0.0,0.0,0,0,2019,shooting,Norwich City
ENG-Premier League,2019/20,Norwich City,Akin Famewo,ENG,DF,20.0,1998.0,0.0,0,0.0,0,,0.0,0.0,,,0,0,2019,shooting,Norwich City
ENG-Premier League,2019/20,Norwich City,Alexander Tettey,NOR,"MF,DF",33.0,1986.0,26.0,1,23.0,4,17.4,0.89,0.15,0.04,0.25,0,0,2019,shooting,Norwich City
ENG-Premier League,2019/20,Norwich City,Ben Godfrey,ENG,DF,21.0,1998.0,29.4,0,15.0,6,40.0,0.51,0.2,0.0,0.0,0,0,2019,shooting,Norwich City
ENG-Premier League,2019/20,Norwich City,Christoph Zimmermann,GER,DF,26.0,1993.0,15.9,0,6.0,1,16.7,0.38,0.06,0.0,0.0,0,0,2019,shooting,Norwich City
ENG-Premier League,2019/20,Norwich City,Dennis Srbeny,GER,"FW,MF",25.0,1994.0,0.5,1,2.0,1,50.0,3.83,1.91,0.5,1.0,0,0,2019,shooting,Norwich City
ENG-Premier League,2019/20,Norwich City,Emi Buendía,ARG,MF,22.0,1996.0,27.4,1,40.0,11,27.5,1.46,0.4,0.03,0.09,0,0,2019,shooting,Norwich City
ENG-Premier League,2019/20,Norwich City,Grant Hanley,SCO,DF,27.0,1991.0,14.0,0,7.0,2,28.6,0.5,0.14,0.0,0.0,0,0,2019,shooting,Norwich City
ENG-Premier League,2019/20,Norwich City,Ibrahim Amadou,FRA,"DF,MF",26.0,1993.0,8.4,0,6.0,1,16.7,0.71,0.12,0.0,0.0,0,0,2019,shooting,Norwich City
ENG-Premier League,2019/20,Norwich City,Jamal Lewis,NIR,DF,21.0,1998.0,25.6,1,9.0,4,44.4,0.35,0.16,0.11,0.25,0,0,2019,shooting,Norwich City
ENG-Premier League,2019/20,Norwich City,Jordan Thomas,ENG,DF,18.0,2001.0,0.0,0,0.0,0,,0.0,0.0,,,0,0,2019,shooting,Norwich City
ENG-Premier League,2019/20,Norwich City,Josh Martin,ENG,MF,17.0,2001.0,0.4,0,1.0,1,100.0,2.43,2.43,0.0,0.0,0,0,2019,shooting,Norwich City
ENG-Premier League,2019/20,Norwich City,Josip Drmić,SUI,FW,26.0,1992.0,7.2,1,14.0,6,42.9,1.95,0.83,0.07,0.17,0,0,2019,shooting,Norwich City
ENG-Premier League,2019/20,Norwich City,Kenny McLean,SCO,MF,27.0,1992.0,33.0,1,30.0,10,33.3,0.91,0.3,0.03,0.1,0,0,2019,shooting,Norwich City
ENG-Premier League,2019/20,Norwich City,Lukas Rupp,GER,MF,28.0,1991.0,7.7,0,4.0,2,50.0,0.52,0.26,0.0,0.0,0,0,2019,shooting,Norwich City
ENG-Premier League,2019/20,Norwich City,Marco Stiepermann,GER,MF,28.0,1991.0,13.1,0,19.0,6,31.6,1.45,0.46,0.0,0.0,0,0,2019,shooting,Norwich City
ENG-Premier League,2019/20,Norwich City,Mario Vrančić,BIH,MF,30.0,1989.0,7.1,1,14.0,3,21.4,1.98,0.42,0.07,0.33,0,0,2019,shooting,Norwich City
ENG-Premier League,2019/20,Norwich City,Max Aarons,ENG,DF,19.0,2000.0,36.0,0,14.0,4,28.6,0.39,0.11,0.0,0.0,0,0,2019,shooting,Norwich City
ENG-Premier League,2019/20,Norwich City,Michael McGovern,NIR,GK,35.0,1984.0,1.8,0,0.0,0,,0.0,0.0,,,0,0,2019,shooting,Norwich City
ENG-Premier League,2019/20,Norwich City,Moritz Leitner,GER,MF,26.0,1992.0,7.6,0,8.0,0,0.0,1.05,0.0,0.0,,0,0,2019,shooting,Norwich City
ENG-Premier League,2019/20,Norwich City,Ondrej Duda,SVK,MF,24.0,1994.0,8.0,0,10.0,4,40.0,1.24,0.5,0.0,0.0,0,0,2019,shooting,Norwich City
ENG-Premier League,2019/20,Norwich City,Onel Hernández,CUB,MF,26.0,1993.0,15.4,1,29.0,8,27.6,1.89,0.52,0.03,0.13,0,0,2019,shooting,Norwich City
ENG-Premier League,2019/20,Norwich City,Patrick Roberts,ENG,"FW,MF",22.0,1997.0,0.3,0,0.0,0,,0.0,0.0,,,0,0,2019,shooting,Norwich City
ENG-Premier League,2019/20,Norwich City,Ralf Fährmann,GER,GK,30.0,1988.0,0.2,0,0.0,0,,0.0,0.0,,,0,0,2019,shooting,Norwich City
ENG-Premier League,2019/20,Norwich City,Sam Byram,ENG,DF,25.0,1993.0,14.4,0,15.0,2,13.3,1.04,0.14,0.0,0.0,0,0,2019,shooting,Norwich City
ENG-Premier League,2019/20,Norwich City,Teemu Pukki,FIN,FW,29.0,1990.0,32.1,11,80.0,35,43.8,2.49,1.09,0.14,0.31,2,2,2019,shooting,Norwich City
ENG-Premier League,2019/20,Norwich City,Tim Krul,NED,GK,31.0,1988.0,36.0,0,0.0,0,,0.0,0.0,,,0,0,2019,shooting,Norwich City
ENG-Premier League,2019/20,Norwich City,Timm Klose,SUI,DF,31.0,1988.0,6.5,0,3.0,0,0.0,0.46,0.0,0.0,,0,0,2019,shooting,Norwich City
ENG-Premier League,2019/20,Norwich City,Todd Cantwell,ENG,MF,21.0,1998.0,27.7,6,42.0,16,38.1,1.52,0.58,0.14,0.38,0,0,2019,shooting,Norwich City
ENG-Premier League,2019/20,Norwich City,Tom Trybull,GER,MF,26.0,1993.0,12.6,0,11.0,2,18.2,0.88,0.16,0.0,0.0,0,0,2019,shooting,Norwich City
ENG-Premier League,2019/20,Sheffield United,Ben Osborn,ENG,MF,24.0,1994.0,6.6,0,3.0,1,33.3,0.45,0.15,0.0,0.0,0,0,2019,shooting,Sheffield United
ENG-Premier League,2019/20,Sheffield United,Billy Sharp,ENG,FW,33.0,1986.0,11.7,3,16.0,7,43.8,1.37,0.6,0.19,0.43,0,0,2019,shooting,Sheffield United
ENG-Premier League,2019/20,Sheffield United,Callum Robinson,IRL,FW,24.0,1995.0,7.5,1,12.0,4,33.3,1.6,0.53,0.08,0.25,0,0,2019,shooting,Sheffield United
ENG-Premier League,2019/20,Sheffield United,Chris Basham,ENG,DF,31.0,1988.0,36.0,0,6.0,0,0.0,0.17,0.0,0.0,,0,0,2019,shooting,Sheffield United
ENG-Premier League,2019/20,Sheffield United,David McGoldrick,IRL,FW,31.0,1987.0,20.2,2,45.0,20,44.4,2.23,0.99,0.04,0.1,0,0,2019,shooting,Sheffield United
ENG-Premier League,2019/20,Sheffield United,Dean Henderson,ENG,GK,22.0,1997.0,36.0,0,1.0,0,0.0,0.03,0.0,0.0,,0,0,2019,shooting,Sheffield United
ENG-Premier League,2019/20,Sheffield United,Enda Stevens,IRL,MF,29.0,1990.0,37.2,2,22.0,4,18.2,0.59,0.11,0.09,0.5,0,0,2019,shooting,Sheffield United
ENG-Premier League,2019/20,Sheffield United,George Baldock,GRE,MF,26.0,1993.0,38.0,2,13.0,5,38.5,0.34,0.13,0.15,0.4,0,0,2019,shooting,Sheffield United
ENG-Premier League,2019/20,Sheffield United,Jack O'Connell,ENG,DF,25.0,1994.0,32.4,0,14.0,3,21.4,0.43,0.09,0.0,0.0,0,0,2019,shooting,Sheffield United
ENG-Premier League,2019/20,Sheffield United,Jack Robinson,ENG,DF,25.0,1993.0,5.6,0,0.0,0,,0.0,0.0,,,0,0,2019,shooting,Sheffield United
ENG-Premier League,2019/20,Sheffield United,Jack Rodwell,ENG,"DF,MF",28.0,1991.0,0.2,0,0.0,0,,0.0,0.0,,,0,0,2019,shooting,Sheffield United
ENG-Premier League,2019/20,Sheffield United,John Egan,IRL,DF,26.0,1992.0,35.4,2,28.0,5,17.9,0.79,0.14,0.07,0.4,0,0,2019,shooting,Sheffield United
ENG-Premier League,2019/20,Sheffield United,John Fleck,SCO,MF,27.0,1991.0,28.0,5,31.0,11,35.5,1.11,0.39,0.16,0.45,0,0,2019,shooting,Sheffield United
ENG-Premier League,2019/20,Sheffield United,John Lundstram,ENG,MF,25.0,1994.0,27.3,5,44.0,11,25.0,1.61,0.4,0.11,0.45,0,0,2019,shooting,Sheffield United
ENG-Premier League,2019/20,Sheffield United,Kieron Freeman,WAL,"DF,MF",27.0,1992.0,0.1,0,0.0,0,,0.0,0.0,,,0,0,2019,shooting,Sheffield United
ENG-Premier League,2019/20,Sheffield United,Leon Clarke,ENG,FW,34.0,1985.0,0.4,0,1.0,0,0.0,2.57,0.0,0.0,,0,0,2019,shooting,Sheffield United
ENG-Premier League,2019/20,Sheffield United,Luke Freeman,ENG,MF,27.0,1992.0,4.1,0,3.0,0,0.0,0.74,0.0,0.0,,0,0,2019,shooting,Sheffield United
ENG-Premier League,2019/20,Sheffield United,Lys Mousset,FRA,FW,23.0,1996.0,13.8,6,37.0,9,24.3,2.69,0.65,0.16,0.67,0,0,2019,shooting,Sheffield United
ENG-Premier League,2019/20,Sheffield United,Muhamed Bešić,BIH,MF,26.0,1992.0,2.8,0,4.0,2,50.0,1.44,0.72,0.0,0.0,0,0,2019,shooting,Sheffield United
ENG-Premier League,2019/20,Sheffield United,Oliver McBurnie,SCO,FW,23.0,1996.0,23.5,6,50.0,25,50.0,2.13,1.06,0.12,0.24,0,0,2019,shooting,Sheffield United
ENG-Premier League,2019/20,Sheffield United,Oliver Norwood,NIR,MF,28.0,1991.0,34.3,1,17.0,6,35.3,0.5,0.17,0.06,0.17,1,1,2019,shooting,Sheffield United
ENG-Premier League,2019/20,Sheffield United,Phil Jagielka,ENG,DF,36.0,1982.0,2.7,0,0.0,0,,0.0,0.0,,,0,0,2019,shooting,Sheffield United
ENG-Premier League,2019/20,Sheffield United,Ravel Morrison,JAM,MF,26.0,1993.0,0.1,0,1.0,0,0.0,6.92,0.0,0.0,,0,0,2019,shooting,Sheffield United
ENG-Premier League,2019/20,Sheffield United,Richairo Živković,CUW,FW,22.0,1996.0,1.2,0,1.0,0,0.0,0.8,0.0,0.0,,0,0,2019,shooting,Sheffield United
ENG-Premier League,2019/20,Sheffield United,Sander Berge,NOR,MF,21.0,1998.0,10.5,1,5.0,2,40.0,0.48,0.19,0.2,0.5,0,0,2019,shooting,Sheffield United
ENG-Premier League,2019/20,Sheffield United,Simon Moore,ENG,GK,29.0,1990.0,2.0,0,0.0,0,,0.0,0.0,,,0,0,2019,shooting,Sheffield United
ENG-Premier League,2019/20,Southampton,Alex McCarthy,ENG,GK,29.0,1989.0,28.0,0,0.0,0,,0.0,0.0,,,0,0,2019,shooting,Southampton
ENG-Premier League,2019/20,Southampton,Angus Gunn,SCO,GK,23.0,1996.0,10.0,0,0.0,0,,0.0,0.0,,,0,0,2019,shooting,Southampton
ENG-Premier League,2019/20,Southampton,Ché Adams,SCO,FW,23.0,1996.0,12.3,4,36.0,10,27.8,2.92,0.81,0.11,0.4,0,0,2019,shooting,Southampton
ENG-Premier League,2019/20,Southampton,Cédric Soares,POR,"DF,MF",27.0,1991.0,14.5,0,9.0,4,44.4,0.62,0.28,0.0,0.0,0,0,2019,shooting,Southampton
ENG-Premier League,2019/20,Southampton,Danny Ings,ENG,FW,27.0,1992.0,31.2,22,93.0,38,40.9,2.99,1.22,0.24,0.58,1,2,2019,shooting,Southampton
ENG-Premier League,2019/20,Southampton,Jack Stephens,ENG,DF,25.0,1994.0,27.2,1,6.0,2,33.3,0.22,0.07,0.17,0.5,0,0,2019,shooting,Southampton
ENG-Premier League,2019/20,Southampton,Jake Vokins,ENG,DF,19.0,2000.0,1.0,0,1.0,0,0.0,1.0,0.0,0.0,,0,0,2019,shooting,Southampton
ENG-Premier League,2019/20,Southampton,James Ward-Prowse,ENG,MF,24.0,1994.0,38.0,5,57.0,26,45.6,1.5,0.68,0.09,0.19,1,3,2019,shooting,Southampton
ENG-Premier League,2019/20,Southampton,Jan Bednarek,POL,DF,23.0,1996.0,34.0,1,7.0,1,14.3,0.21,0.03,0.14,1.0,0,0,2019,shooting,Southampton
ENG-Premier League,2019/20,Southampton,Jannik Vestergaard,DEN,DF,26.0,1992.0,16.6,1,12.0,5,41.7,0.72,0.3,0.08,0.2,0,0,2019,shooting,Southampton
ENG-Premier League,2019/20,Southampton,Kevin Danso,AUT,DF,20.0,1998.0,3.1,0,1.0,0,0.0,0.32,0.0,0.0,,0,0,2019,shooting,Southampton
ENG-Premier League,2019/20,Southampton,Kyle Walker-Peters,ENG,DF,22.0,1997.0,7.8,0,2.0,0,0.0,0.26,0.0,0.0,,0,0,2019,shooting,Southampton
ENG-Premier League,2019/20,Southampton,Maya Yoshida,JPN,DF,30.0,1988.0,6.2,0,5.0,3,60.0,0.8,0.48,0.0,0.0,0,0,2019,shooting,Southampton
ENG-Premier League,2019/20,Southampton,Michael Obafemi,IRL,FW,19.0,2000.0,7.4,3,12.0,5,41.7,1.62,0.68,0.25,0.6,0,0,2019,shooting,Southampton
ENG-Premier League,2019/20,Southampton,Moussa Djenepo,MLI,"MF,FW",21.0,1998.0,10.3,2,20.0,8,40.0,1.94,0.78,0.1,0.25,0,0,2019,shooting,Southampton
ENG-Premier League,2019/20,Southampton,Nathan Redmond,ENG,"MF,FW",25.0,1994.0,30.7,4,59.0,21,35.6,1.92,0.68,0.07,0.19,0,0,2019,shooting,Southampton
ENG-Premier League,2019/20,Southampton,Nathan Tella,NGA,"FW,MF",20.0,1999.0,0.0,0,1.0,1,100.0,30.0,30.0,0.0,0.0,0,0,2019,shooting,Southampton
ENG-Premier League,2019/20,Southampton,Oriol Romeu,ESP,MF,27.0,1991.0,20.7,0,8.0,0,0.0,0.39,0.0,0.0,,0,0,2019,shooting,Southampton
ENG-Premier League,2019/20,Southampton,Pierre Højbjerg,DEN,MF,23.0,1995.0,30.6,0,46.0,11,23.9,1.5,0.36,0.0,0.0,0,0,2019,shooting,Southampton
ENG-Premier League,2019/20,Southampton,Ryan Bertrand,ENG,"DF,MF",29.0,1989.0,30.5,1,19.0,3,15.8,0.62,0.1,0.05,0.33,0,0,2019,shooting,Southampton
ENG-Premier League,2019/20,Southampton,Shane Long,IRL,FW,32.0,1987.0,15.5,2,33.0,14,42.4,2.13,0.9,0.06,0.14,0,0,2019,shooting,Southampton
ENG-Premier League,2019/20,Southampton,Sofiane Boufal,MAR,MF,25.0,1993.0,8.5,0,18.0,7,38.9,2.12,0.82,0.0,0.0,0,0,2019,shooting,Southampton
ENG-Premier League,2019/20,Southampton,Stuart Armstrong,SCO,MF,27.0,1992.0,19.1,5,46.0,20,43.5,2.41,1.05,0.11,0.25,0,0,2019,shooting,Southampton
ENG-Premier League,2019/20,Southampton,William Smallbone,IRL,MF,19.0,2000.0,4.4,0,6.0,0,0.0,1.37,0.0,0.0,,0,0,2019,shooting,Southampton
ENG-Premier League,2019/20,Southampton,Yan Valery,TUN,"DF,MF",20.0,1999.0,8.7,0,3.0,2,66.7,0.35,0.23,0.0,0.0,0,0,2019,shooting,Southampton
ENG-Premier League,2019/20,Tottenham,Ben Davies,WAL,DF,26.0,1993.0,15.9,0,7.0,1,14.3,0.44,0.06,0.0,0.0,0,0,2019,shooting,Tottenham Hotspur
ENG-Premier League,2019/20,Tottenham,Christian Eriksen,DEN,"MF,FW",27.0,1992.0,12.2,2,26.0,9,34.6,2.13,0.74,0.08,0.22,0,0,2019,shooting,Tottenham Hotspur
ENG-Premier League,2019/20,Tottenham,Danny Rose,ENG,"DF,MF",29.0,1990.0,9.9,0,2.0,0,0.0,0.2,0.0,0.0,,0,0,2019,shooting,Tottenham Hotspur
ENG-Premier League,2019/20,Tottenham,Davinson Sánchez,COL,DF,23.0,1996.0,27.0,0,7.0,3,42.9,0.26,0.11,0.0,0.0,0,0,2019,shooting,Tottenham Hotspur
ENG-Premier League,2019/20,Tottenham,Dele Alli,ENG,"MF,FW",23.0,1996.0,20.5,8,42.0,19,45.2,2.05,0.93,0.19,0.42,1,1,2019,shooting,Tottenham Hotspur
ENG-Premier League,2019/20,Tottenham,Eric Dier,ENG,"DF,MF",25.0,1994.0,14.9,0,8.0,1,12.5,0.54,0.07,0.0,0.0,0,0,2019,shooting,Tottenham Hotspur
ENG-Premier League,2019/20,Tottenham,Gedson Fernandes,POR,MF,20.0,1999.0,0.8,0,2.0,0,0.0,2.65,0.0,0.0,,0,0,2019,shooting,Tottenham Hotspur
ENG-Premier League,2019/20,Tottenham,Georges-Kévin N'Koudou,CMR,"FW,MF",24.0,1995.0,0.0,0,1.0,0,0.0,30.0,0.0,0.0,,0,0,2019,shooting,Tottenham Hotspur
ENG-Premier League,2019/20,Tottenham,Giovani Lo Celso,ARG,MF,23.0,1996.0,16.6,0,18.0,3,16.7,1.09,0.18,0.0,0.0,0,0,2019,shooting,Tottenham Hotspur
ENG-Premier League,2019/20,Tottenham,Harry Kane,ENG,FW,26.0,1993.0,28.7,18,82.0,37,45.1,2.85,1.29,0.22,0.49,2,2,2019,shooting,Tottenham Hotspur
ENG-Premier League,2019/20,Tottenham,Harry Winks,ENG,MF,23.0,1996.0,24.7,0,14.0,2,14.3,0.57,0.08,0.0,0.0,0,0,2019,shooting,Tottenham Hotspur
ENG-Premier League,2019/20,Tottenham,Hugo Lloris,FRA,GK,32.0,1986.0,20.1,0,0.0,0,,0.0,0.0,,,0,0,2019,shooting,Tottenham Hotspur
ENG-Premier League,2019/20,Tottenham,Jan Vertonghen,BEL,DF,32.0,1987.0,18.3,1,4.0,2,50.0,0.22,0.11,0.25,0.5,0,0,2019,shooting,Tottenham Hotspur
ENG-Premier League,2019/20,Tottenham,Japhet Tanganga,ENG,"DF,MF",20.0,1999.0,5.8,0,3.0,1,33.3,0.51,0.17,0.0,0.0,0,0,2019,shooting,Tottenham Hotspur
ENG-Premier League,2019/20,Tottenham,Juan Foyth,ARG,DF,21.0,1998.0,0.8,0,0.0,0,,0.0,0.0,,,0,0,2019,shooting,Tottenham Hotspur
ENG-Premier League,2019/20,Tottenham,Kyle Walker-Peters,ENG,DF,22.0,1997.0,2.7,0,1.0,0,0.0,0.37,0.0,0.0,,0,0,2019,shooting,Tottenham Hotspur
ENG-Premier League,2019/20,Tottenham,Lucas Moura,BRA,"MF,FW",26.0,1992.0,24.9,4,56.0,14,25.0,2.25,0.56,0.07,0.29,0,0,2019,shooting,Tottenham Hotspur
ENG-Premier League,2019/20,Tottenham,Moussa Sissoko,FRA,MF,29.0,1989.0,27.2,2,15.0,4,26.7,0.55,0.15,0.13,0.5,0,0,2019,shooting,Tottenham Hotspur
ENG-Premier League,2019/20,Tottenham,Oliver Skipp,ENG,MF,18.0,2000.0,0.9,0,0.0,0,,0.0,0.0,,,0,0,2019,shooting,Tottenham Hotspur
ENG-Premier League,2019/20,Tottenham,Paulo Gazzaniga,ARG,GK,27.0,1992.0,17.9,0,0.0,0,,0.0,0.0,,,0,0,2019,shooting,Tottenham Hotspur
ENG-Premier League,2019/20,Tottenham,Ryan Sessegnon,ENG,"MF,DF",19.0,2000.0,3.8,0,1.0,0,0.0,0.26,0.0,0.0,,0,0,2019,shooting,Tottenham Hotspur
ENG-Premier League,2019/20,Tottenham,Serge Aurier,CIV,"DF,MF",26.0,1992.0,30.0,1,13.0,4,30.8,0.43,0.13,0.08,0.25,0,0,2019,shooting,Tottenham Hotspur
ENG-Premier League,2019/20,Tottenham,Son Heung-min,KOR,"MF,FW",27.0,1992.0,27.5,11,81.0,38,46.9,2.94,1.38,0.14,0.29,0,1,2019,shooting,Tottenham Hotspur
ENG-Premier League,2019/20,Tottenham,Steven Bergwijn,NED,"MF,FW",21.0,1997.0,7.8,3,9.0,4,44.4,1.15,0.51,0.33,0.75,0,0,2019,shooting,Tottenham Hotspur
ENG-Premier League,2019/20,Tottenham,Tanguy Ndombele,FRA,MF,22.0,1996.0,11.2,2,9.0,4,44.4,0.8,0.36,0.22,0.5,0,0,2019,shooting,Tottenham Hotspur
ENG-Premier League,2019/20,Tottenham,Toby Alderweireld,BEL,DF,30.0,1989.0,32.9,2,15.0,4,26.7,0.46,0.12,0.13,0.5,0,0,2019,shooting,Tottenham Hotspur
ENG-Premier League,2019/20,Tottenham,Troy Parrott,IRL,FW,17.0,2002.0,0.1,0,0.0,0,,0.0,0.0,,,0,0,2019,shooting,Tottenham Hotspur
ENG-Premier League,2019/20,Tottenham,Victor Wanyama,KEN,MF,28.0,1991.0,0.3,0,0.0,0,,0.0,0.0,,,0,0,2019,shooting,Tottenham Hotspur
ENG-Premier League,2019/20,Tottenham,Érik Lamela,ARG,"MF,FW",27.0,1992.0,13.5,2,29.0,10,34.5,2.15,0.74,0.07,0.2,0,0,2019,shooting,Tottenham Hotspur
ENG-Premier League,2019/20,Watford,Abdoulaye Doucouré,MLI,MF,26.0,1993.0,35.1,4,61.0,13,21.3,1.74,0.37,0.07,0.31,0,0,2019,shooting,Watford
ENG-Premier League,2019/20,Watford,Adam Masina,MAR,DF,25.0,1994.0,20.2,1,15.0,3,20.0,0.74,0.15,0.07,0.33,0,0,2019,shooting,Watford
ENG-Premier League,2019/20,Watford,Adrian Mariappa,JAM,DF,32.0,1986.0,16.8,0,3.0,0,0.0,0.18,0.0,0.0,,0,0,2019,shooting,Watford
ENG-Premier League,2019/20,Watford,Andre Gray,JAM,FW,28.0,1991.0,8.4,2,19.0,7,36.8,2.26,0.83,0.11,0.29,0,0,2019,shooting,Watford
ENG-Premier League,2019/20,Watford,Ben Foster,ENG,GK,36.0,1983.0,38.0,0,1.0,1,100.0,0.03,0.03,0.0,0.0,0,0,2019,shooting,Watford
ENG-Premier League,2019/20,Watford,Christian Kabasele,BEL,DF,28.0,1991.0,25.0,0,9.0,1,11.1,0.36,0.04,0.0,0.0,0,0,2019,shooting,Watford
ENG-Premier League,2019/20,Watford,Craig Cathcart,NIR,DF,30.0,1989.0,27.6,0,2.0,1,50.0,0.07,0.04,0.0,0.0,0,0,2019,shooting,Watford
ENG-Premier League,2019/20,Watford,Craig Dawson,ENG,DF,29.0,1990.0,26.2,2,26.0,7,26.9,0.99,0.27,0.08,0.29,0,0,2019,shooting,Watford
ENG-Premier League,2019/20,Watford,Danny Welbeck,ENG,"FW,MF",28.0,1990.0,9.1,2,22.0,9,40.9,2.41,0.99,0.09,0.22,0,0,2019,shooting,Watford
ENG-Premier League,2019/20,Watford,Daryl Janmaat,NED,"DF,MF",30.0,1989.0,6.7,0,4.0,0,0.0,0.59,0.0,0.0,,0,0,2019,shooting,Watford
ENG-Premier League,2019/20,Watford,Dimitri Foulquier,FRA,MF,26.0,1993.0,0.7,0,0.0,0,,0.0,0.0,,,0,0,2019,shooting,Watford
ENG-Premier League,2019/20,Watford,Domingos Quina,POR,MF,19.0,1999.0,0.2,0,1.0,1,100.0,4.09,4.09,0.0,0.0,0,0,2019,shooting,Watford
ENG-Premier League,2019/20,Watford,Gerard Deulofeu,ESP,"MF,FW",25.0,1994.0,23.3,4,64.0,21,32.8,2.75,0.9,0.06,0.19,1,1,2019,shooting,Watford
ENG-Premier League,2019/20,Watford,Ignacio Pussetto,ARG,"FW,MF",23.0,1995.0,0.8,0,0.0,0,,0.0,0.0,,,0,0,2019,shooting,Watford
ENG-Premier League,2019/20,Watford,Isaac Success,NGA,"FW,MF",23.0,1996.0,0.8,0,1.0,1,100.0,1.29,1.29,0.0,0.0,0,0,2019,shooting,Watford
ENG-Premier League,2019/20,Watford,Ismaila Sarr,SEN,MF,21.0,1998.0,22.5,5,44.0,13,29.5,1.95,0.58,0.11,0.38,0,0,2019,shooting,Watford
ENG-Premier League,2019/20,Watford,José Holebas,GRE,DF,35.0,1984.0,11.4,0,6.0,3,50.0,0.53,0.26,0.0,0.0,0,0,2019,shooting,Watford
ENG-Premier League,2019/20,Watford,João Pedro,BRA,"FW,MF",17.0,2001.0,0.3,0,1.0,0,0.0,3.6,0.0,0.0,,0,0,2019,shooting,Watford
ENG-Premier League,2019/20,Watford,Kiko Femenía,ESP,DF,28.0,1991.0,24.9,0,5.0,1,20.0,0.2,0.04,0.0,0.0,0,0,2019,shooting,Watford
ENG-Premier League,2019/20,Watford,Nathaniel Chalobah,ENG,MF,24.0,1994.0,10.3,0,9.0,0,0.0,0.87,0.0,0.0,,0,0,2019,shooting,Watford
ENG-Premier League,2019/20,Watford,Roberto Pereyra,ARG,"MF,FW",28.0,1991.0,18.3,3,21.0,9,42.9,1.15,0.49,0.14,0.33,1,1,2019,shooting,Watford
ENG-Premier League,2019/20,Watford,Sebastian Prödl,AUT,DF,32.0,1987.0,0.6,0,2.0,0,0.0,3.21,0.0,0.0,,0,0,2019,shooting,Watford
ENG-Premier League,2019/20,Watford,Tom Cleverley,ENG,MF,29.0,1989.0,10.8,1,17.0,5,29.4,1.58,0.46,0.06,0.2,0,0,2019,shooting,Watford
ENG-Premier League,2019/20,Watford,Troy Deeney,ENG,FW,31.0,1988.0,24.7,10,45.0,23,51.1,1.82,0.93,0.22,0.43,5,6,2019,shooting,Watford
ENG-Premier League,2019/20,Watford,Will Hughes,ENG,MF,24.0,1995.0,25.0,1,27.0,3,11.1,1.08,0.12,0.04,0.33,0,0,2019,shooting,Watford
ENG-Premier League,2019/20,Watford,Étienne Capoue,FRA,MF,31.0,1988.0,29.2,0,19.0,1,5.3,0.65,0.03,0.0,0.0,0,0,2019,shooting,Watford
ENG-Premier League,2019/20,West Ham,Aaron Cresswell,ENG,DF,29.0,1989.0,30.3,3,18.0,5,27.8,0.59,0.17,0.17,0.6,0,0,2019,shooting,West Ham United
ENG-Premier League,2019/20,West Ham,Albian Ajeti,SUI,FW,22.0,1997.0,1.5,0,3.0,0,0.0,1.94,0.0,0.0,,0,0,2019,shooting,West Ham United
ENG-Premier League,2019/20,West Ham,Andriy Yarmolenko,UKR,MF,29.0,1989.0,11.0,5,26.0,13,50.0,2.36,1.18,0.19,0.38,0,0,2019,shooting,West Ham United
ENG-Premier League,2019/20,West Ham,Angelo Ogbonna,ITA,DF,31.0,1988.0,31.0,2,13.0,4,30.8,0.42,0.13,0.15,0.5,0,0,2019,shooting,West Ham United
ENG-Premier League,2019/20,West Ham,Arthur Masuaku,COD,"DF,MF",25.0,1993.0,10.4,0,5.0,2,40.0,0.48,0.19,0.0,0.0,0,0,2019,shooting,West Ham United
ENG-Premier League,2019/20,West Ham,Ben Johnson,ENG,DF,19.0,2000.0,3.0,0,1.0,0,0.0,0.33,0.0,0.0,,0,0,2019,shooting,West Ham United
ENG-Premier League,2019/20,West Ham,Carlos Sánchez,COL,MF,33.0,1986.0,1.3,0,0.0,0,,0.0,0.0,,,0,0,2019,shooting,West Ham United
ENG-Premier League,2019/20,West Ham,Darren Randolph,IRL,GK,32.0,1987.0,2.0,0,0.0,0,,0.0,0.0,,,0,0,2019,shooting,West Ham United
ENG-Premier League,2019/20,West Ham,David Martin,ENG,GK,33.0,1986.0,4.8,0,0.0,0,,0.0,0.0,,,0,0,2019,shooting,West Ham United
ENG-Premier League,2019/20,West Ham,Declan Rice,ENG,MF,20.0,1999.0,38.0,1,31.0,9,29.0,0.82,0.24,0.03,0.11,0,0,2019,shooting,West Ham United
ENG-Premier League,2019/20,West Ham,Fabián Balbuena,PAR,DF,27.0,1991.0,13.1,1,10.0,4,40.0,0.76,0.31,0.1,0.25,0,0,2019,shooting,West Ham United
ENG-Premier League,2019/20,West Ham,Felipe Anderson,BRA,MF,26.0,1993.0,16.6,1,23.0,8,34.8,1.38,0.48,0.04,0.13,0,0,2019,shooting,West Ham United
ENG-Premier League,2019/20,West Ham,Issa Diop,MAR,DF,22.0,1997.0,30.7,3,15.0,7,46.7,0.49,0.23,0.2,0.43,0,0,2019,shooting,West Ham United
ENG-Premier League,2019/20,West Ham,Jack Wilshere,ENG,MF,27.0,1992.0,2.4,0,0.0,0,,0.0,0.0,,,0,0,2019,shooting,West Ham United
ENG-Premier League,2019/20,West Ham,Jarrod Bowen,ENG,MF,22.0,1996.0,10.2,1,24.0,7,29.2,2.36,0.69,0.04,0.14,0,0,2019,shooting,West Ham United
ENG-Premier League,2019/20,West Ham,Javier Hernández,MEX,FW,31.0,1988.0,1.2,1,3.0,2,66.7,2.52,1.68,0.33,0.5,0,0,2019,shooting,West Ham United
ENG-Premier League,2019/20,West Ham,Jeremy Ngakia,,DF,18.0,2000.0,4.9,0,1.0,1,100.0,0.2,0.2,0.0,0.0,0,0,2019,shooting,West Ham United
ENG-Premier League,2019/20,West Ham,Manuel Lanzini,ARG,MF,26.0,1993.0,15.3,0,23.0,7,30.4,1.5,0.46,0.0,0.0,0,0,2019,shooting,West Ham United
ENG-Premier League,2019/20,West Ham,Mark Noble,ENG,MF,32.0,1987.0,29.7,4,17.0,6,35.3,0.57,0.2,0.24,0.67,3,3,2019,shooting,West Ham United
ENG-Premier League,2019/20,West Ham,Michail Antonio,JAM,"FW,MF",29.0,1990.0,19.6,10,68.0,31,45.6,3.46,1.58,0.15,0.32,1,1,2019,shooting,West Ham United
ENG-Premier League,2019/20,West Ham,Nathan Holland,ENG,"FW,MF",21.0,1998.0,0.4,0,1.0,1,100.0,2.73,2.73,0.0,0.0,0,0,2019,shooting,West Ham United
ENG-Premier League,2019/20,West Ham,Pablo Fornals,ESP,MF,23.0,1996.0,24.1,2,36.0,11,30.6,1.49,0.46,0.06,0.18,0,0,2019,shooting,West Ham United
ENG-Premier League,2019/20,West Ham,Pablo Zabaleta,ARG,"DF,MF",34.0,1985.0,6.6,0,0.0,0,,0.0,0.0,,,0,0,2019,shooting,West Ham United
ENG-Premier League,2019/20,West Ham,Robert Snodgrass,SCO,MF,31.0,1987.0,16.8,5,21.0,10,47.6,1.25,0.6,0.24,0.5,0,0,2019,shooting,West Ham United
ENG-Premier League,2019/20,West Ham,Roberto,ESP,GK,33.0,1986.0,7.6,0,0.0,0,,0.0,0.0,,,0,0,2019,shooting,West Ham United
ENG-Premier League,2019/20,West Ham,Ryan Fredericks,ENG,DF,26.0,1992.0,24.9,0,3.0,0,0.0,0.12,0.0,0.0,,0,0,2019,shooting,West Ham United
ENG-Premier League,2019/20,West Ham,Sébastien Haller,CIV,FW,25.0,1994.0,25.2,7,56.0,27,48.2,2.22,1.07,0.13,0.26,0,0,2019,shooting,West Ham United
ENG-Premier League,2019/20,West Ham,Tomáš Souček,CZE,MF,24.0,1995.0,11.6,3,20.0,8,40.0,1.73,0.69,0.15,0.38,0,0,2019,shooting,West Ham United
ENG-Premier League,2019/20,West Ham,Łukasz Fabiański,POL,GK,34.0,1985.0,23.5,0,0.0,0,,0.0,0.0,,,0,0,2019,shooting,West Ham United
ENG-Premier League,2019/20,Wolves,Adama Traoré,ESP,"FW,MF",23.0,1996.0,28.9,4,43.0,12,27.9,1.49,0.41,0.09,0.33,0,0,2019,shooting,Wolverhampton Wanderers
ENG-Premier League,2019/20,Wolves,Bruno Jordão,POR,MF,20.0,1998.0,0.1,0,0.0,0,,0.0,0.0,,,0,0,2019,shooting,Wolverhampton Wanderers
ENG-Premier League,2019/20,Wolves,Conor Coady,ENG,DF,26.0,1993.0,38.0,0,0.0,0,,0.0,0.0,,,0,0,2019,shooting,Wolverhampton Wanderers
ENG-Premier League,2019/20,Wolves,Daniel Podence,POR,FW,23.0,1995.0,3.2,1,10.0,3,30.0,3.11,0.93,0.1,0.33,0,0,2019,shooting,Wolverhampton Wanderers
ENG-Premier League,2019/20,Wolves,Diogo Jota,POR,FW,22.0,1996.0,25.4,7,68.0,25,36.8,2.68,0.99,0.1,0.28,0,0,2019,shooting,Wolverhampton Wanderers
ENG-Premier League,2019/20,Wolves,Jesús Vallejo,ESP,DF,22.0,1997.0,1.8,0,0.0,0,,0.0,0.0,,,0,0,2019,shooting,Wolverhampton Wanderers
ENG-Premier League,2019/20,Wolves,Jonny Castro,ESP,MF,25.0,1994.0,32.1,2,19.0,5,26.3,0.59,0.16,0.11,0.4,0,0,2019,shooting,Wolverhampton Wanderers
ENG-Premier League,2019/20,Wolves,João Moutinho,POR,MF,32.0,1986.0,34.5,1,22.0,6,27.3,0.64,0.17,0.05,0.17,0,0,2019,shooting,Wolverhampton Wanderers
ENG-Premier League,2019/20,Wolves,Leander Dendoncker,BEL,"MF,DF",24.0,1995.0,31.1,4,19.0,5,26.3,0.61,0.16,0.21,0.8,0,0,2019,shooting,Wolverhampton Wanderers
ENG-Premier League,2019/20,Wolves,Matt Doherty,IRL,MF,27.0,1992.0,31.5,4,34.0,16,47.1,1.08,0.51,0.12,0.25,0,0,2019,shooting,Wolverhampton Wanderers
ENG-Premier League,2019/20,Wolves,Max Kilman,ENG,DF,22.0,1997.0,2.1,0,0.0,0,,0.0,0.0,,,0,0,2019,shooting,Wolverhampton Wanderers
ENG-Premier League,2019/20,Wolves,Morgan Gibbs-White,ENG,MF,19.0,2000.0,1.4,0,2.0,0,0.0,1.4,0.0,0.0,,0,0,2019,shooting,Wolverhampton Wanderers
ENG-Premier League,2019/20,Wolves,Patrick Cutrone,ITA,FW,21.0,1998.0,3.3,2,11.0,3,27.3,3.33,0.91,0.18,0.67,0,0,2019,shooting,Wolverhampton Wanderers
ENG-Premier League,2019/20,Wolves,Pedro Neto,POR,"FW,MF",19.0,2000.0,10.4,3,17.0,6,35.3,1.63,0.58,0.18,0.5,0,0,2019,shooting,Wolverhampton Wanderers
ENG-Premier League,2019/20,Wolves,Raúl Jiménez,MEX,FW,28.0,1991.0,36.0,17,118.0,43,36.4,3.28,1.2,0.14,0.4,4,4,2019,shooting,Wolverhampton Wanderers
ENG-Premier League,2019/20,Wolves,Romain Saïss,MAR,DF,29.0,1990.0,30.1,2,23.0,8,34.8,0.77,0.27,0.09,0.25,0,0,2019,shooting,Wolverhampton Wanderers
ENG-Premier League,2019/20,Wolves,Rui Patrício,POR,GK,31.0,1988.0,38.0,0,0.0,0,,0.0,0.0,,,0,0,2019,shooting,Wolverhampton Wanderers
ENG-Premier League,2019/20,Wolves,Ryan Bennett,ENG,DF,29.0,1990.0,6.7,0,1.0,0,0.0,0.15,0.0,0.0,,0,0,2019,shooting,Wolverhampton Wanderers
ENG-Premier League,2019/20,Wolves,Rúben Neves,POR,MF,22.0,1997.0,34.0,2,61.0,10,16.4,1.8,0.29,0.03,0.2,0,0,2019,shooting,Wolverhampton Wanderers
ENG-Premier League,2019/20,Wolves,Rúben Vinagre,POR,MF,20.0,1999.0,7.2,0,5.0,0,0.0,0.69,0.0,0.0,,0,0,2019,shooting,Wolverhampton Wanderers
ENG-Premier League,2019/20,Wolves,Willy Boly,CIV,DF,28.0,1991.0,22.0,0,5.0,3,60.0,0.23,0.14,0.0,0.0,0,0,2019,shooting,Wolverhampton Wanderers
ENG-Premier League,2020/21,Arsenal,Ainsley Maitland-Niles,ENG,"MF,DF",22.0,1997.0,5.4,0,2.0,1,50.0,0.37,0.18,0.0,0.0,0,0,2020,shooting,Arsenal
ENG-Premier League,2020/21,Arsenal,Alexandre Lacazette,FRA,FW,29.0,1991.0,21.4,13,45.0,29,64.4,2.11,1.36,0.29,0.45,3,3,2020,shooting,Arsenal
ENG-Premier League,2020/21,Arsenal,Bernd Leno,GER,GK,28.0,1992.0,34.8,0,0.0,0,,0.0,0.0,,,0,0,2020,shooting,Arsenal
ENG-Premier League,2020/21,Arsenal,Bukayo Saka,ENG,MF,18.0,2001.0,28.4,5,61.0,20,32.8,2.15,0.71,0.08,0.25,0,0,2020,shooting,Arsenal
ENG-Premier League,2020/21,Arsenal,Calum Chambers,ENG,DF,25.0,1995.0,8.4,0,8.0,0,0.0,0.96,0.0,0.0,,0,0,2020,shooting,Arsenal
ENG-Premier League,2020/21,Arsenal,Cédric Soares,POR,DF,28.0,1991.0,8.3,0,7.0,2,28.6,0.84,0.24,0.0,0.0,0,0,2020,shooting,Arsenal
ENG-Premier League,2020/21,Arsenal,Dani Ceballos,ESP,MF,23.0,1996.0,17.9,0,13.0,2,15.4,0.72,0.11,0.0,0.0,0,0,2020,shooting,Arsenal
ENG-Premier League,2020/21,Arsenal,David Luiz,BRA,DF,33.0,1987.0,15.5,1,15.0,2,13.3,0.97,0.13,0.07,0.5,0,0,2020,shooting,Arsenal
ENG-Premier League,2020/21,Arsenal,Eddie Nketiah,ENG,FW,21.0,1999.0,4.7,2,12.0,5,41.7,2.55,1.06,0.17,0.4,0,0,2020,shooting,Arsenal
ENG-Premier League,2020/21,Arsenal,Emile Smith Rowe,ENG,MF,20.0,2000.0,16.0,2,13.0,6,46.2,0.81,0.37,0.15,0.33,0,0,2020,shooting,Arsenal
ENG-Premier League,2020/21,Arsenal,Gabriel Magalhães,BRA,DF,22.0,1997.0,22.2,2,16.0,4,25.0,0.72,0.18,0.13,0.5,0,0,2020,shooting,Arsenal
ENG-Premier League,2020/21,Arsenal,Gabriel Martinelli,BRA,"MF,FW",19.0,2001.0,6.5,2,20.0,8,40.0,3.06,1.22,0.1,0.25,0,0,2020,shooting,Arsenal
ENG-Premier League,2020/21,Arsenal,Granit Xhaka,SUI,"MF,DF",27.0,1992.0,28.0,1,21.0,7,33.3,0.75,0.25,0.05,0.14,0,0,2020,shooting,Arsenal
ENG-Premier League,2020/21,Arsenal,Héctor Bellerín,ESP,"DF,MF",25.0,1995.0,23.2,1,15.0,5,33.3,0.65,0.22,0.07,0.2,0,0,2020,shooting,Arsenal
ENG-Premier League,2020/21,Arsenal,Joe Willock,ENG,MF,20.0,1999.0,2.6,0,4.0,1,25.0,1.51,0.38,0.0,0.0,0,0,2020,shooting,Arsenal
ENG-Premier League,2020/21,Arsenal,Kieran Tierney,SCO,DF,23.0,1997.0,25.5,1,15.0,3,20.0,0.59,0.12,0.07,0.33,0,0,2020,shooting,Arsenal
ENG-Premier League,2020/21,Arsenal,Martin Ødegaard,NOR,MF,21.0,1998.0,9.6,1,15.0,3,20.0,1.56,0.31,0.07,0.33,0,0,2020,shooting,Arsenal
ENG-Premier League,2020/21,Arsenal,Mathew Ryan,AUS,GK,28.0,1992.0,3.0,0,0.0,0,,0.0,0.0,,,0,0,2020,shooting,Arsenal
ENG-Premier League,2020/21,Arsenal,Mohamed Elneny,EGY,MF,28.0,1992.0,17.2,1,9.0,3,33.3,0.52,0.17,0.11,0.33,0,0,2020,shooting,Arsenal
ENG-Premier League,2020/21,Arsenal,Nicolas Pépé,CIV,"MF,FW",25.0,1995.0,18.0,10,48.0,21,43.8,2.67,1.17,0.21,0.48,1,1,2020,shooting,Arsenal
ENG-Premier League,2020/21,Arsenal,Pablo Marí,ESP,DF,26.0,1993.0,10.0,0,2.0,0,0.0,0.2,0.0,0.0,,0,0,2020,shooting,Arsenal
ENG-Premier League,2020/21,Arsenal,Pierre-Emerick Aubameyang,GAB,"FW,MF",31.0,1989.0,25.9,10,57.0,22,38.6,2.2,0.85,0.18,0.45,2,2,2020,shooting,Arsenal
ENG-Premier League,2020/21,Arsenal,Reiss Nelson,ENG,"FW,MF",20.0,1999.0,0.8,0,1.0,0,0.0,1.27,0.0,0.0,,0,0,2020,shooting,Arsenal
ENG-Premier League,2020/21,Arsenal,Rob Holding,ENG,DF,24.0,1995.0,28.4,0,14.0,3,21.4,0.49,0.11,0.0,0.0,0,0,2020,shooting,Arsenal
ENG-Premier League,2020/21,Arsenal,Rúnar Alex Rúnarsson,ISL,GK,25.0,1995.0,0.2,0,0.0,0,,0.0,0.0,,,0,0,2020,shooting,Arsenal
ENG-Premier League,2020/21,Arsenal,Sead Kolašinac,BIH,DF,27.0,1993.0,1.0,0,0.0,0,,0.0,0.0,,,0,0,2020,shooting,Arsenal
ENG-Premier League,2020/21,Arsenal,Shkodran Mustafi,GER,DF,28.0,1992.0,0.5,0,0.0,0,,0.0,0.0,,,0,0,2020,shooting,Arsenal
ENG-Premier League,2020/21,Arsenal,Thomas Partey,GHA,MF,27.0,1993.0,17.0,0,26.0,4,15.4,1.53,0.23,0.0,0.0,0,0,2020,shooting,Arsenal
ENG-Premier League,2020/21,Arsenal,Willian,BRA,"MF,FW",31.0,1988.0,15.6,1,20.0,3,15.0,1.28,0.19,0.05,0.33,0,0,2020,shooting,Arsenal
ENG-Premier League,2020/21,Aston Villa,Ahmed Elmohamady,EGY,DF,32.0,1987.0,9.3,0,9.0,1,11.1,0.97,0.11,0.0,0.0,0,0,2020,shooting,Aston Villa
ENG-Premier League,2020/21,Aston Villa,Anwar El Ghazi,NED,"MF,FW",25.0,1995.0,17.9,10,64.0,30,46.9,3.57,1.67,0.16,0.33,4,4,2020,shooting,Aston Villa
ENG-Premier League,2020/21,Aston Villa,Bertrand Traoré,BFA,"MF,FW",24.0,1995.0,25.7,7,64.0,24,37.5,2.49,0.93,0.11,0.29,0,0,2020,shooting,Aston Villa
ENG-Premier League,2020/21,Aston Villa,Carney Chukwuemeka,AUT,MF,16.0,2003.0,0.2,0,1.0,0,0.0,4.5,0.0,0.0,,0,0,2020,shooting,Aston Villa
ENG-Premier League,2020/21,Aston Villa,Conor Hourihane,IRL,MF,29.0,1991.0,2.5,1,5.0,2,40.0,2.0,0.8,0.2,0.5,0,0,2020,shooting,Aston Villa
ENG-Premier League,2020/21,Aston Villa,Douglas Luiz,BRA,MF,22.0,1998.0,30.9,0,26.0,8,30.8,0.84,0.26,0.0,0.0,0,0,2020,shooting,Aston Villa
ENG-Premier League,2020/21,Aston Villa,Emiliano Martínez,ARG,GK,27.0,1992.0,38.0,0,0.0,0,,0.0,0.0,,,0,0,2020,shooting,Aston Villa
ENG-Premier League,2020/21,Aston Villa,Ezri Konsa,ENG,DF,22.0,1997.0,35.5,2,23.0,8,34.8,0.65,0.23,0.09,0.25,0,0,2020,shooting,Aston Villa
ENG-Premier League,2020/21,Aston Villa,Jack Grealish,ENG,"MF,FW",24.0,1995.0,24.3,6,50.0,19,38.0,2.06,0.78,0.12,0.32,0,0,2020,shooting,Aston Villa
ENG-Premier League,2020/21,Aston Villa,Jacob Ramsey,ENG,MF,19.0,2001.0,7.0,0,11.0,1,9.1,1.58,0.14,0.0,0.0,0,0,2020,shooting,Aston Villa
ENG-Premier League,2020/21,Aston Villa,Jaden Philogene Bidace,ENG,"FW,MF",18.0,2002.0,0.0,0,0.0,0,,0.0,0.0,,,0,0,2020,shooting,Aston Villa
ENG-Premier League,2020/21,Aston Villa,John McGinn,SCO,MF,25.0,1994.0,37.0,3,46.0,12,26.1,1.24,0.32,0.07,0.25,0,0,2020,shooting,Aston Villa
ENG-Premier League,2020/21,Aston Villa,Keinan Davis,ENG,FW,22.0,1998.0,3.1,1,9.0,2,22.2,2.92,0.65,0.11,0.5,0,0,2020,shooting,Aston Villa
ENG-Premier League,2020/21,Aston Villa,Kortney Hause,ENG,DF,25.0,1995.0,7.0,1,5.0,2,40.0,0.71,0.29,0.2,0.5,0,0,2020,shooting,Aston Villa
ENG-Premier League,2020/21,Aston Villa,Marvelous Nakamba,ZIM,MF,26.0,1994.0,8.3,0,2.0,1,50.0,0.24,0.12,0.0,0.0,0,0,2020,shooting,Aston Villa
ENG-Premier League,2020/21,Aston Villa,Matt Targett,ENG,DF,24.0,1995.0,37.8,0,6.0,2,33.3,0.16,0.05,0.0,0.0,0,0,2020,shooting,Aston Villa
ENG-Premier League,2020/21,Aston Villa,Matty Cash,POL,DF,22.0,1997.0,26.4,0,9.0,2,22.2,0.34,0.08,0.0,0.0,0,0,2020,shooting,Aston Villa
ENG-Premier League,2020/21,Aston Villa,Morgan Sanson,FRA,MF,25.0,1994.0,3.3,0,2.0,0,0.0,0.61,0.0,0.0,,0,0,2020,shooting,Aston Villa
ENG-Premier League,2020/21,Aston Villa,Neil Taylor,WAL,"DF,MF",31.0,1989.0,0.2,0,0.0,0,,0.0,0.0,,,0,0,2020,shooting,Aston Villa
ENG-Premier League,2020/21,Aston Villa,Ollie Watkins,ENG,FW,24.0,1995.0,37.0,14,98.0,47,48.0,2.65,1.27,0.14,0.3,1,2,2020,shooting,Aston Villa
ENG-Premier League,2020/21,Aston Villa,Ross Barkley,ENG,MF,26.0,1993.0,17.0,3,38.0,11,28.9,2.23,0.65,0.08,0.27,0,0,2020,shooting,Aston Villa
ENG-Premier League,2020/21,Aston Villa,Trézéguet,EGY,"MF,FW",25.0,1994.0,13.0,2,35.0,12,34.3,2.7,0.93,0.06,0.17,0,0,2020,shooting,Aston Villa
ENG-Premier League,2020/21,Aston Villa,Tyrone Mings,ENG,DF,27.0,1993.0,35.5,2,19.0,7,36.8,0.54,0.2,0.11,0.29,0,0,2020,shooting,Aston Villa
ENG-Premier League,2020/21,Aston Villa,Wesley Moraes,BRA,FW,23.0,1996.0,0.2,0,1.0,1,100.0,5.0,5.0,0.0,0.0,0,0,2020,shooting,Aston Villa
ENG-Premier League,2020/21,Brighton,Aaron Connolly,IRL,"FW,MF",20.0,2000.0,8.8,2,23.0,9,39.1,2.62,1.02,0.09,0.22,0,0,2020,shooting,Brighton & Hove Albion
ENG-Premier League,2020/21,Brighton,Adam Lallana,ENG,"MF,FW",32.0,1988.0,17.7,1,22.0,5,22.7,1.24,0.28,0.05,0.2,0,0,2020,shooting,Brighton & Hove Albion
ENG-Premier League,2020/21,Brighton,Adam Webster,ENG,DF,25.0,1995.0,28.8,1,25.0,7,28.0,0.87,0.24,0.04,0.14,0,0,2020,shooting,Brighton & Hove Albion
ENG-Premier League,2020/21,Brighton,Alexis Mac Allister,ARG,"MF,FW",21.0,1998.0,12.4,1,24.0,3,12.5,1.94,0.24,0.04,0.33,0,0,2020,shooting,Brighton & Hove Albion
ENG-Premier League,2020/21,Brighton,Alireza Jahanbakhsh,IRN,"MF,FW",26.0,1993.0,5.9,0,18.0,3,16.7,3.07,0.51,0.0,0.0,0,0,2020,shooting,Brighton & Hove Albion
ENG-Premier League,2020/21,Brighton,Andi Zeqiri,SUI,FW,21.0,1999.0,1.9,0,7.0,2,28.6,3.68,1.05,0.0,0.0,0,0,2020,shooting,Brighton & Hove Albion
ENG-Premier League,2020/21,Brighton,Ben White,ENG,"DF,MF",22.0,1997.0,35.5,0,10.0,1,10.0,0.28,0.03,0.0,0.0,0,0,2020,shooting,Brighton & Hove Albion
ENG-Premier League,2020/21,Brighton,Bernardo,BRA,MF,25.0,1995.0,2.3,0,4.0,0,0.0,1.75,0.0,0.0,,0,0,2020,shooting,Brighton & Hove Albion
ENG-Premier League,2020/21,Brighton,Dan Burn,ENG,"DF,MF",28.0,1992.0,22.9,1,17.0,6,35.3,0.74,0.26,0.06,0.17,0,0,2020,shooting,Brighton & Hove Albion
ENG-Premier League,2020/21,Brighton,Danny Welbeck,ENG,FW,29.0,1990.0,17.2,6,35.0,15,42.9,2.04,0.87,0.17,0.4,0,1,2020,shooting,Brighton & Hove Albion
ENG-Premier League,2020/21,Brighton,Davy Pröpper,NED,MF,28.0,1991.0,2.4,0,4.0,2,50.0,1.69,0.85,0.0,0.0,0,0,2020,shooting,Brighton & Hove Albion
ENG-Premier League,2020/21,Brighton,Jakub Moder,POL,MF,21.0,1999.0,7.2,0,13.0,3,23.1,1.81,0.42,0.0,0.0,0,0,2020,shooting,Brighton & Hove Albion
ENG-Premier League,2020/21,Brighton,Jayson Molumby,IRL,MF,20.0,1999.0,0.0,0,0.0,0,,0.0,0.0,,,0,0,2020,shooting,Brighton & Hove Albion
ENG-Premier League,2020/21,Brighton,José Izquierdo,COL,"FW,MF",28.0,1992.0,0.1,0,1.0,1,100.0,10.0,10.0,0.0,0.0,0,0,2020,shooting,Brighton & Hove Albion
ENG-Premier League,2020/21,Brighton,Joël Veltman,NED,"DF,MF",28.0,1992.0,25.3,1,14.0,4,28.6,0.55,0.16,0.07,0.25,0,0,2020,shooting,Brighton & Hove Albion
ENG-Premier League,2020/21,Brighton,Leandro Trossard,BEL,"MF,FW",25.0,1994.0,29.0,5,58.0,23,39.7,2.0,0.79,0.09,0.22,0,0,2020,shooting,Brighton & Hove Albion
ENG-Premier League,2020/21,Brighton,Lewis Dunk,ENG,DF,28.0,1991.0,32.6,5,32.0,15,46.9,0.98,0.46,0.16,0.33,0,0,2020,shooting,Brighton & Hove Albion
ENG-Premier League,2020/21,Brighton,Mathew Ryan,AUS,GK,28.0,1992.0,11.0,0,0.0,0,,0.0,0.0,,,0,0,2020,shooting,Brighton & Hove Albion
ENG-Premier League,2020/21,Brighton,Neal Maupay,FRA,"FW,MF",23.0,1996.0,27.9,8,71.0,26,36.6,2.54,0.93,0.11,0.31,3,4,2020,shooting,Brighton & Hove Albion
ENG-Premier League,2020/21,Brighton,Pascal Groß,GER,MF,29.0,1991.0,27.6,3,32.0,7,21.9,1.16,0.25,0.09,0.43,3,4,2020,shooting,Brighton & Hove Albion
ENG-Premier League,2020/21,Brighton,Percy Tau,RSA,MF,26.0,1994.0,1.1,0,0.0,0,,0.0,0.0,,,0,0,2020,shooting,Brighton & Hove Albion
ENG-Premier League,2020/21,Brighton,Reda Khadra,GER,"FW,MF",19.0,2001.0,0.1,0,0.0,0,,0.0,0.0,,,0,0,2020,shooting,Brighton & Hove Albion
ENG-Premier League,2020/21,Brighton,Robert Sánchez,ESP,GK,22.0,1997.0,27.0,0,0.0,0,,0.0,0.0,,,0,0,2020,shooting,Brighton & Hove Albion
ENG-Premier League,2020/21,Brighton,Solly March,ENG,MF,26.0,1994.0,18.6,2,22.0,4,18.2,1.18,0.22,0.09,0.5,0,0,2020,shooting,Brighton & Hove Albion
ENG-Premier League,2020/21,Brighton,Steven Alzate,COL,MF,21.0,1998.0,10.0,1,7.0,2,28.6,0.7,0.2,0.14,0.5,0,0,2020,shooting,Brighton & Hove Albion
ENG-Premier League,2020/21,Brighton,Tariq Lamptey,GHA,MF,19.0,2000.0,9.8,1,6.0,2,33.3,0.61,0.2,0.17,0.5,0,0,2020,shooting,Brighton & Hove Albion
ENG-Premier League,2020/21,Brighton,Yves Bissouma,MLI,MF,23.0,1996.0,34.6,1,42.0,3,7.1,1.22,0.09,0.02,0.33,0,0,2020,shooting,Brighton & Hove Albion
ENG-Premier League,2020/21,Burnley,Ashley Barnes,ENG,FW,30.0,1989.0,14.8,3,39.0,13,33.3,2.64,0.88,0.08,0.23,1,1,2020,shooting,Burnley
ENG-Premier League,2020/21,Burnley,Ashley Westwood,ENG,MF,30.0,1990.0,37.9,3,20.0,7,35.0,0.53,0.18,0.15,0.43,0,0,2020,shooting,Burnley
ENG-Premier League,2020/21,Burnley,Bailey Peacock-Farrell,NIR,GK,23.0,1996.0,4.0,0,0.0,0,,0.0,0.0,,,0,0,2020,shooting,Burnley
ENG-Premier League,2020/21,Burnley,Ben Mee,ENG,DF,30.0,1989.0,29.9,2,23.0,7,30.4,0.77,0.23,0.09,0.29,0,0,2020,shooting,Burnley
ENG-Premier League,2020/21,Burnley,Charlie Taylor,ENG,DF,26.0,1993.0,27.0,0,3.0,2,66.7,0.11,0.07,0.0,0.0,0,0,2020,shooting,Burnley
ENG-Premier League,2020/21,Burnley,Chris Wood,NZL,FW,28.0,1991.0,30.5,12,70.0,40,57.1,2.3,1.31,0.17,0.3,2,2,2020,shooting,Burnley
ENG-Premier League,2020/21,Burnley,Dale Stephens,ENG,MF,31.0,1989.0,2.9,0,3.0,1,33.3,1.03,0.34,0.0,0.0,0,0,2020,shooting,Burnley
ENG-Premier League,2020/21,Burnley,Dwight McNeil,ENG,MF,20.0,1999.0,34.1,2,26.0,10,38.5,0.76,0.29,0.08,0.2,0,0,2020,shooting,Burnley
ENG-Premier League,2020/21,Burnley,Erik Pieters,NED,"DF,MF",31.0,1988.0,14.1,0,4.0,3,75.0,0.28,0.21,0.0,0.0,0,0,2020,shooting,Burnley
ENG-Premier League,2020/21,Burnley,Jack Cork,ENG,MF,31.0,1989.0,15.0,0,5.0,0,0.0,0.33,0.0,0.0,,0,0,2020,shooting,Burnley
ENG-Premier League,2020/21,Burnley,James Tarkowski,ENG,DF,27.0,1992.0,36.0,1,23.0,7,30.4,0.64,0.19,0.04,0.14,0,0,2020,shooting,Burnley
ENG-Premier League,2020/21,Burnley,Jay Rodriguez,ENG,"FW,MF",31.0,1989.0,14.1,1,31.0,10,32.3,2.21,0.71,0.03,0.1,0,0,2020,shooting,Burnley
ENG-Premier League,2020/21,Burnley,Jimmy Dunne,IRL,DF,22.0,1997.0,3.0,1,7.0,1,14.3,2.33,0.33,0.14,1.0,0,0,2020,shooting,Burnley
ENG-Premier League,2020/21,Burnley,Joel Mumbongo,SWE,FW,21.0,1999.0,0.4,0,0.0,0,,0.0,0.0,,,0,0,2020,shooting,Burnley
ENG-Premier League,2020/21,Burnley,Josh Benson,ENG,MF,20.0,1999.0,2.9,0,2.0,0,0.0,0.68,0.0,0.0,,0,0,2020,shooting,Burnley
ENG-Premier League,2020/21,Burnley,Josh Brownhill,ENG,MF,24.0,1995.0,31.3,0,34.0,7,20.6,1.09,0.22,0.0,0.0,0,0,2020,shooting,Burnley
ENG-Premier League,2020/21,Burnley,Jóhann Berg Guðmundsson,ISL,MF,29.0,1990.0,15.1,2,19.0,8,42.1,1.25,0.53,0.11,0.25,0,0,2020,shooting,Burnley
ENG-Premier League,2020/21,Burnley,Kevin Long,IRL,DF,29.0,1990.0,7.1,0,2.0,0,0.0,0.28,0.0,0.0,,0,0,2020,shooting,Burnley
ENG-Premier League,2020/21,Burnley,Lewis Richardson,ENG,"FW,MF",17.0,2003.0,0.0,0,0.0,0,,0.0,0.0,,,0,0,2020,shooting,Burnley
ENG-Premier League,2020/21,Burnley,Matthew Lowton,ENG,DF,31.0,1989.0,34.0,1,21.0,4,19.0,0.62,0.12,0.05,0.25,0,0,2020,shooting,Burnley
ENG-Premier League,2020/21,Burnley,Matěj Vydra,CZE,FW,28.0,1992.0,15.2,3,35.0,10,28.6,2.3,0.66,0.09,0.3,0,0,2020,shooting,Burnley
ENG-Premier League,2020/21,Burnley,Nick Pope,ENG,GK,28.0,1992.0,32.0,0,0.0,0,,0.0,0.0,,,0,0,2020,shooting,Burnley
ENG-Premier League,2020/21,Burnley,Phil Bardsley,SCO,DF,35.0,1985.0,3.0,0,3.0,0,0.0,0.99,0.0,0.0,,0,0,2020,shooting,Burnley
ENG-Premier League,2020/21,Burnley,Robbie Brady,IRL,MF,28.0,1992.0,11.7,1,16.0,5,31.3,1.37,0.43,0.06,0.2,0,0,2020,shooting,Burnley
ENG-Premier League,2020/21,Burnley,Will Norris,ENG,GK,26.0,1993.0,2.0,0,0.0,0,,0.0,0.0,,,0,0,2020,shooting,Burnley
ENG-Premier League,2020/21,Chelsea,Andreas Christensen,DEN,DF,24.0,1996.0,15.2,0,3.0,0,0.0,0.2,0.0,0.0,,0,0,2020,shooting,Chelsea
ENG-Premier League,2020/21,Chelsea,Antonio Rüdiger,GER,DF,27.0,1993.0,19.0,1,14.0,7,50.0,0.74,0.37,0.07,0.14,0,0,2020,shooting,Chelsea
ENG-Premier League,2020/21,Chelsea,Ben Chilwell,ENG,"DF,MF",23.0,1996.0,25.4,3,27.0,10,37.0,1.06,0.39,0.11,0.3,0,0,2020,shooting,Chelsea
ENG-Premier League,2020/21,Chelsea,Billy Gilmour,SCO,MF,19.0,2001.0,2.9,0,1.0,0,0.0,0.34,0.0,0.0,,0,0,2020,shooting,Chelsea
ENG-Premier League,2020/21,Chelsea,Callum Hudson-Odoi,ENG,"MF,FW",19.0,2000.0,11.8,2,23.0,7,30.4,1.95,0.59,0.09,0.29,0,0,2020,shooting,Chelsea
ENG-Premier League,2020/21,Chelsea,Christian Pulisic,USA,"MF,FW",21.0,1998.0,19.3,4,43.0,16,37.2,2.23,0.83,0.09,0.25,0,0,2020,shooting,Chelsea
ENG-Premier League,2020/21,Chelsea,César Azpilicueta,ESP,"DF,MF",30.0,1989.0,24.3,1,11.0,4,36.4,0.45,0.16,0.09,0.25,0,0,2020,shooting,Chelsea
ENG-Premier League,2020/21,Chelsea,Emerson Palmieri,ITA,"DF,MF",25.0,1994.0,1.0,0,0.0,0,,0.0,0.0,,,0,0,2020,shooting,Chelsea
ENG-Premier League,2020/21,Chelsea,Fikayo Tomori,ENG,DF,22.0,1997.0,0.5,0,0.0,0,,0.0,0.0,,,0,0,2020,shooting,Chelsea
ENG-Premier League,2020/21,Chelsea,Hakim Ziyech,MAR,"FW,MF",27.0,1993.0,13.0,2,35.0,13,37.1,2.69,1.0,0.06,0.15,0,0,2020,shooting,Chelsea
ENG-Premier League,2020/21,Chelsea,Jorginho,ITA,MF,28.0,1991.0,22.3,7,14.0,9,64.3,0.63,0.4,0.5,0.78,7,9,2020,shooting,Chelsea
ENG-Premier League,2020/21,Chelsea,Kai Havertz,GER,"MF,FW",21.0,1999.0,16.9,4,35.0,17,48.6,2.07,1.01,0.11,0.24,0,0,2020,shooting,Chelsea
ENG-Premier League,2020/21,Chelsea,Kepa Arrizabalaga,ESP,GK,25.0,1994.0,6.5,0,0.0,0,,0.0,0.0,,,0,0,2020,shooting,Chelsea
ENG-Premier League,2020/21,Chelsea,Kurt Zouma,FRA,DF,25.0,1994.0,22.5,5,27.0,12,44.4,1.2,0.53,0.19,0.42,0,0,2020,shooting,Chelsea
ENG-Premier League,2020/21,Chelsea,Marcos Alonso,ESP,"MF,DF",29.0,1990.0,10.7,2,22.0,10,45.5,2.06,0.94,0.09,0.2,0,0,2020,shooting,Chelsea
ENG-Premier League,2020/21,Chelsea,Mason Mount,ENG,MF,21.0,1999.0,32.1,6,82.0,27,32.9,2.55,0.84,0.07,0.22,1,1,2020,shooting,Chelsea
ENG-Premier League,2020/21,Chelsea,Mateo Kovačić,CRO,MF,26.0,1994.0,20.2,0,23.0,4,17.4,1.14,0.2,0.0,0.0,0,0,2020,shooting,Chelsea
ENG-Premier League,2020/21,Chelsea,N'Golo Kanté,FRA,MF,29.0,1991.0,23.8,0,10.0,3,30.0,0.42,0.13,0.0,0.0,0,0,2020,shooting,Chelsea
ENG-Premier League,2020/21,Chelsea,Olivier Giroud,FRA,FW,33.0,1986.0,8.3,4,29.0,10,34.5,3.49,1.2,0.14,0.4,0,0,2020,shooting,Chelsea
ENG-Premier League,2020/21,Chelsea,Reece James,ENG,"DF,MF",20.0,1999.0,26.4,1,36.0,12,33.3,1.37,0.46,0.03,0.08,0,0,2020,shooting,Chelsea
ENG-Premier League,2020/21,Chelsea,Ross Barkley,ENG,MF,26.0,1993.0,0.5,0,1.0,1,100.0,2.14,2.14,0.0,0.0,0,0,2020,shooting,Chelsea
ENG-Premier League,2020/21,Chelsea,Ruben Loftus-Cheek,ENG,FW,24.0,1996.0,0.7,0,0.0,0,,0.0,0.0,,,0,0,2020,shooting,Chelsea
ENG-Premier League,2020/21,Chelsea,Tammy Abraham,ENG,FW,22.0,1997.0,11.6,6,32.0,13,40.6,2.77,1.13,0.19,0.46,0,0,2020,shooting,Chelsea
ENG-Premier League,2020/21,Chelsea,Thiago Silva,BRA,DF,35.0,1984.0,21.5,2,13.0,4,30.8,0.6,0.19,0.15,0.5,0,0,2020,shooting,Chelsea
ENG-Premier League,2020/21,Chelsea,Timo Werner,GER,"FW,MF",24.0,1996.0,28.9,6,80.0,32,40.0,2.77,1.11,0.08,0.19,0,0,2020,shooting,Chelsea
ENG-Premier League,2020/21,Chelsea,Willy Caballero,ARG,GK,38.0,1981.0,1.0,0,0.0,0,,0.0,0.0,,,0,0,2020,shooting,Chelsea
ENG-Premier League,2020/21,Chelsea,Édouard Mendy,SEN,GK,28.0,1992.0,30.5,0,0.0,0,,0.0,0.0,,,0,0,2020,shooting,Chelsea
ENG-Premier League,2020/21,Crystal Palace,Andros Townsend,ENG,"MF,FW",29.0,1991.0,25.1,1,36.0,11,30.6,1.43,0.44,0.03,0.09,0,0,2020,shooting,Crystal Palace
ENG-Premier League,2020/21,Crystal Palace,Cheikhou Kouyaté,SEN,DF,30.0,1989.0,34.7,1,7.0,3,42.9,0.2,0.09,0.14,0.33,0,0,2020,shooting,Crystal Palace
ENG-Premier League,2020/21,Crystal Palace,Christian Benteke,BEL,FW,29.0,1990.0,20.2,10,71.0,33,46.5,3.52,1.64,0.14,0.3,0,0,2020,shooting,Crystal Palace
ENG-Premier League,2020/21,Crystal Palace,Eberechi Eze,ENG,MF,22.0,1998.0,28.4,4,37.0,13,35.1,1.3,0.46,0.11,0.31,0,0,2020,shooting,Crystal Palace
ENG-Premier League,2020/21,Crystal Palace,Gary Cahill,ENG,DF,34.0,1985.0,20.0,1,12.0,3,25.0,0.6,0.15,0.08,0.33,0,0,2020,shooting,Crystal Palace
ENG-Premier League,2020/21,Crystal Palace,Jack Butland,ENG,GK,27.0,1993.0,1.0,0,0.0,0,,0.0,0.0,,,0,0,2020,shooting,Crystal Palace
ENG-Premier League,2020/21,Crystal Palace,James McArthur,SCO,MF,32.0,1987.0,16.3,0,6.0,0,0.0,0.37,0.0,0.0,,0,0,2020,shooting,Crystal Palace
ENG-Premier League,2020/21,Crystal Palace,James McCarthy,IRL,MF,29.0,1990.0,9.1,0,1.0,0,0.0,0.11,0.0,0.0,,0,0,2020,shooting,Crystal Palace
ENG-Premier League,2020/21,Crystal Palace,James Tomkins,ENG,DF,31.0,1989.0,6.1,0,2.0,1,50.0,0.33,0.16,0.0,0.0,0,0,2020,shooting,Crystal Palace
ENG-Premier League,2020/21,Crystal Palace,Jaïro Riedewald,NED,MF,23.0,1996.0,20.2,2,8.0,2,25.0,0.4,0.1,0.25,1.0,0,0,2020,shooting,Crystal Palace
ENG-Premier League,2020/21,Crystal Palace,Jean-Philippe Mateta,FRA,FW,23.0,1997.0,2.5,1,4.0,2,50.0,1.63,0.81,0.25,0.5,0,0,2020,shooting,Crystal Palace
ENG-Premier League,2020/21,Crystal Palace,Jeffrey Schlupp,GHA,MF,27.0,1992.0,15.9,2,18.0,10,55.6,1.13,0.63,0.11,0.2,0,0,2020,shooting,Crystal Palace
ENG-Premier League,2020/21,Crystal Palace,Joel Ward,ENG,DF,30.0,1989.0,25.1,0,2.0,1,50.0,0.08,0.04,0.0,0.0,0,0,2020,shooting,Crystal Palace
ENG-Premier League,2020/21,Crystal Palace,Jordan Ayew,GHA,"FW,MF",28.0,1991.0,23.3,1,26.0,11,42.3,1.12,0.47,0.04,0.09,0,0,2020,shooting,Crystal Palace
ENG-Premier League,2020/21,Crystal Palace,Luka Milivojević,SRB,MF,29.0,1991.0,26.2,1,19.0,7,36.8,0.72,0.27,0.05,0.14,1,2,2020,shooting,Crystal Palace
ENG-Premier League,2020/21,Crystal Palace,Mamadou Sakho,FRA,DF,30.0,1990.0,3.1,0,1.0,0,0.0,0.33,0.0,0.0,,0,0,2020,shooting,Crystal Palace
ENG-Premier League,2020/21,Crystal Palace,Martin Kelly,ENG,"DF,MF",30.0,1990.0,0.0,0,0.0,0,,0.0,0.0,,,0,0,2020,shooting,Crystal Palace
ENG-Premier League,2020/21,Crystal Palace,Michy Batshuayi,BEL,FW,26.0,1993.0,8.1,2,12.0,6,50.0,1.48,0.74,0.17,0.33,0,0,2020,shooting,Crystal Palace
ENG-Premier League,2020/21,Crystal Palace,Nathaniel Clyne,ENG,DF,29.0,1991.0,12.7,0,4.0,1,25.0,0.31,0.08,0.0,0.0,0,0,2020,shooting,Crystal Palace
ENG-Premier League,2020/21,Crystal Palace,Patrick van Aanholt,NED,DF,29.0,1990.0,19.7,0,18.0,5,27.8,0.91,0.25,0.0,0.0,0,0,2020,shooting,Crystal Palace
ENG-Premier League,2020/21,Crystal Palace,Scott Dann,ENG,DF,33.0,1987.0,15.0,1,5.0,1,20.0,0.33,0.07,0.2,1.0,0,0,2020,shooting,Crystal Palace
ENG-Premier League,2020/21,Crystal Palace,Tyrick Mitchell,ENG,DF,20.0,1999.0,19.0,1,2.0,2,100.0,0.11,0.11,0.5,0.5,0,0,2020,shooting,Crystal Palace
ENG-Premier League,2020/21,Crystal Palace,Vicente Guaita,ESP,GK,33.0,1987.0,37.0,0,0.0,0,,0.0,0.0,,,0,0,2020,shooting,Crystal Palace
ENG-Premier League,2020/21,Crystal Palace,Wilfried Zaha,CIV,FW,27.0,1992.0,29.0,11,60.0,20,33.3,2.07,0.69,0.18,0.55,2,2,2020,shooting,Crystal Palace
ENG-Premier League,2020/21,Everton,Abdoulaye Doucouré,MLI,MF,27.0,1993.0,27.1,2,18.0,5,27.8,0.66,0.18,0.11,0.4,0,0,2020,shooting,Everton
ENG-Premier League,2020/21,Everton,Alex Iwobi,NGA,"MF,FW",24.0,1996.0,17.1,1,16.0,3,18.8,0.93,0.18,0.06,0.33,0,0,2020,shooting,Everton
ENG-Premier League,2020/21,Everton,Allan,BRA,MF,29.0,1991.0,22.8,0,7.0,2,28.6,0.31,0.09,0.0,0.0,0,0,2020,shooting,Everton
ENG-Premier League,2020/21,Everton,André Gomes,POR,MF,27.0,1993.0,17.4,0,14.0,3,21.4,0.8,0.17,0.0,0.0,0,0,2020,shooting,Everton
ENG-Premier League,2020/21,Everton,Anthony Gordon,ENG,MF,19.0,2001.0,1.0,0,0.0,0,,0.0,0.0,,,0,0,2020,shooting,Everton
ENG-Premier League,2020/21,Everton,Ben Godfrey,ENG,DF,22.0,1998.0,29.8,0,14.0,2,14.3,0.47,0.07,0.0,0.0,0,0,2020,shooting,Everton
ENG-Premier League,2020/21,Everton,Bernard,BRA,"MF,FW",27.0,1992.0,5.1,1,6.0,2,33.3,1.19,0.4,0.17,0.5,0,0,2020,shooting,Everton
ENG-Premier League,2020/21,Everton,Cenk Tosun,TUR,"FW,MF",29.0,1991.0,0.5,0,0.0,0,,0.0,0.0,,,0,0,2020,shooting,Everton
ENG-Premier League,2020/21,Everton,Dominic Calvert-Lewin,ENG,FW,23.0,1997.0,31.9,16,83.0,47,56.6,2.6,1.47,0.19,0.34,0,0,2020,shooting,Everton
ENG-Premier League,2020/21,Everton,Fabian Delph,ENG,MF,30.0,1989.0,3.0,0,1.0,0,0.0,0.34,0.0,0.0,,0,0,2020,shooting,Everton
ENG-Premier League,2020/21,Everton,Gylfi Sigurðsson,ISL,"MF,FW",30.0,1989.0,25.0,6,49.0,17,34.7,1.96,0.68,0.12,0.35,3,4,2020,shooting,Everton
ENG-Premier League,2020/21,Everton,James Rodríguez,COL,"FW,MF",29.0,1991.0,19.6,6,37.0,18,48.6,1.89,0.92,0.16,0.33,0,0,2020,shooting,Everton
ENG-Premier League,2020/21,Everton,Jean-Philippe Gbamin,CIV,"DF,MF",24.0,1995.0,0.1,0,0.0,0,,0.0,0.0,,,0,0,2020,shooting,Everton
ENG-Premier League,2020/21,Everton,Jonjoe Kenny,ENG,DF,23.0,1997.0,0.9,0,0.0,0,,0.0,0.0,,,0,0,2020,shooting,Everton
ENG-Premier League,2020/21,Everton,Jordan Pickford,ENG,GK,26.0,1994.0,30.5,0,0.0,0,,0.0,0.0,,,0,0,2020,shooting,Everton
ENG-Premier League,2020/21,Everton,Joshua King,NOR,"FW,MF",28.0,1992.0,1.6,0,3.0,1,33.3,1.82,0.61,0.0,0.0,0,0,2020,shooting,Everton
ENG-Premier League,2020/21,Everton,João Virgínia,POR,GK,20.0,1999.0,0.5,0,0.0,0,,0.0,0.0,,,0,0,2020,shooting,Everton
ENG-Premier League,2020/21,Everton,Lucas Digne,FRA,"DF,MF",27.0,1993.0,29.8,0,13.0,0,0.0,0.44,0.0,0.0,,0,0,2020,shooting,Everton
ENG-Premier League,2020/21,Everton,Mason Holgate,JAM,DF,23.0,1996.0,25.4,1,5.0,3,60.0,0.2,0.12,0.2,0.33,0,0,2020,shooting,Everton
ENG-Premier League,2020/21,Everton,Michael Keane,ENG,DF,27.0,1993.0,33.2,3,16.0,6,37.5,0.48,0.18,0.19,0.5,0,0,2020,shooting,Everton
ENG-Premier League,2020/21,Everton,Moise Kean,ITA,FW,20.0,2000.0,0.2,0,1.0,0,0.0,6.0,0.0,0.0,,0,0,2020,shooting,Everton
ENG-Premier League,2020/21,Everton,Nathan Broadhead,WAL,"FW,MF",22.0,1998.0,0.0,0,0.0,0,,0.0,0.0,,,0,0,2020,shooting,Everton
ENG-Premier League,2020/21,Everton,Niels Nkounkou,FRA,DF,19.0,2000.0,0.9,0,1.0,0,0.0,1.11,0.0,0.0,,0,0,2020,shooting,Everton
ENG-Premier League,2020/21,Everton,Richarlison,BRA,"FW,MF",23.0,1997.0,31.8,7,81.0,32,39.5,2.55,1.01,0.09,0.22,1,1,2020,shooting,Everton
ENG-Premier League,2020/21,Everton,Robin Olsen,SWE,GK,30.0,1990.0,7.0,0,0.0,0,,0.0,0.0,,,0,0,2020,shooting,Everton
ENG-Premier League,2020/21,Everton,Séamus Coleman,IRL,"DF,MF",31.0,1988.0,17.9,0,12.0,4,33.3,0.67,0.22,0.0,0.0,0,0,2020,shooting,Everton
ENG-Premier League,2020/21,Everton,Theo Walcott,ENG,"FW,MF",31.0,1989.0,0.1,0,0.0,0,,0.0,0.0,,,0,0,2020,shooting,Everton
ENG-Premier League,2020/21,Everton,Tom Davies,ENG,MF,22.0,1998.0,15.8,0,7.0,0,0.0,0.44,0.0,0.0,,0,0,2020,shooting,Everton
ENG-Premier League,2020/21,Everton,Yerry Mina,COL,DF,25.0,1994.0,21.5,2,17.0,4,23.5,0.79,0.19,0.12,0.5,0,0,2020,shooting,Everton
ENG-Premier League,2020/21,Fulham,Aboubakar Kamara,MTN,"MF,FW",25.0,1995.0,3.5,0,4.0,2,50.0,1.14,0.57,0.0,0.0,0,0,2020,shooting,Fulham
ENG-Premier League,2020/21,Fulham,Ademola Lookman,NGA,"MF,FW",22.0,1997.0,30.5,4,70.0,23,32.9,2.29,0.75,0.06,0.17,0,1,2020,shooting,Fulham
ENG-Premier League,2020/21,Fulham,Aleksandar Mitrović,SRB,FW,25.0,1994.0,15.6,3,59.0,20,33.9,3.79,1.28,0.05,0.15,1,2,2020,shooting,Fulham
ENG-Premier League,2020/21,Fulham,Alphonse Areola,FRA,GK,27.0,1993.0,36.0,0,0.0,0,,0.0,0.0,,,0,0,2020,shooting,Fulham
ENG-Premier League,2020/21,Fulham,Antonee Robinson,USA,"DF,MF",22.0,1997.0,24.0,0,10.0,4,40.0,0.42,0.17,0.0,0.0,0,0,2020,shooting,Fulham
ENG-Premier League,2020/21,Fulham,Bobby De Cordova-Reid,JAM,"MF,FW",27.0,1993.0,26.4,5,34.0,9,26.5,1.29,0.34,0.15,0.56,0,0,2020,shooting,Fulham
ENG-Premier League,2020/21,Fulham,Denis Odoi,GHA,DF,32.0,1988.0,3.0,0,2.0,1,50.0,0.67,0.33,0.0,0.0,0,0,2020,shooting,Fulham
ENG-Premier League,2020/21,Fulham,Fabio Carvalho,POR,"FW,MF",17.0,2002.0,2.8,1,9.0,5,55.6,3.18,1.76,0.11,0.2,0,0,2020,shooting,Fulham
ENG-Premier League,2020/21,Fulham,Frank Anguissa,CMR,MF,24.0,1995.0,28.7,0,34.0,9,26.5,1.18,0.31,0.0,0.0,0,0,2020,shooting,Fulham
ENG-Premier League,2020/21,Fulham,Harrison Reed,ENG,MF,25.0,1995.0,25.0,0,13.0,4,30.8,0.52,0.16,0.0,0.0,0,0,2020,shooting,Fulham
ENG-Premier League,2020/21,Fulham,Ivan Cavaleiro,POR,"FW,MF",26.0,1993.0,27.5,3,47.0,17,36.2,1.71,0.62,0.06,0.18,1,2,2020,shooting,Fulham
ENG-Premier League,2020/21,Fulham,Joachim Andersen,DEN,DF,24.0,1996.0,30.3,1,13.0,3,23.1,0.43,0.1,0.08,0.33,0,0,2020,shooting,Fulham
ENG-Premier League,2020/21,Fulham,Joe Bryan,ENG,"MF,DF",26.0,1993.0,7.4,1,8.0,2,25.0,1.08,0.27,0.13,0.5,0,0,2020,shooting,Fulham
ENG-Premier League,2020/21,Fulham,Josh Maja,NGA,FW,21.0,1998.0,9.0,3,21.0,8,38.1,2.33,0.89,0.14,0.38,1,1,2020,shooting,Fulham
ENG-Premier League,2020/21,Fulham,Josh Onomah,ENG,MF,23.0,1997.0,4.2,0,6.0,1,16.7,1.44,0.24,0.0,0.0,0,0,2020,shooting,Fulham
ENG-Premier League,2020/21,Fulham,Kenny Tete,NED,"DF,MF",24.0,1995.0,16.5,0,7.0,1,14.3,0.43,0.06,0.0,0.0,0,0,2020,shooting,Fulham
ENG-Premier League,2020/21,Fulham,Marek Rodák,SVK,GK,23.0,1996.0,2.0,0,0.0,0,,0.0,0.0,,,0,0,2020,shooting,Fulham
ENG-Premier League,2020/21,Fulham,Mario Lemina,GAB,MF,26.0,1993.0,18.9,1,19.0,2,10.5,1.0,0.11,0.05,0.5,0,0,2020,shooting,Fulham
ENG-Premier League,2020/21,Fulham,Maxime Le Marchand,FRA,DF,30.0,1989.0,1.4,0,1.0,0,0.0,0.73,0.0,0.0,,0,0,2020,shooting,Fulham
ENG-Premier League,2020/21,Fulham,Michael Hector,JAM,DF,28.0,1992.0,2.9,0,1.0,0,0.0,0.34,0.0,0.0,,0,0,2020,shooting,Fulham
ENG-Premier League,2020/21,Fulham,Neeskens Kebano,COD,MF,28.0,1992.0,1.3,0,6.0,0,0.0,4.54,0.0,0.0,,0,0,2020,shooting,Fulham
ENG-Premier League,2020/21,Fulham,Ola Aina,NGA,DF,23.0,1996.0,29.6,2,14.0,4,28.6,0.47,0.14,0.14,0.5,0,0,2020,shooting,Fulham
ENG-Premier League,2020/21,Fulham,Ruben Loftus-Cheek,ENG,"MF,FW",24.0,1996.0,21.2,1,35.0,10,28.6,1.65,0.47,0.03,0.1,0,0,2020,shooting,Fulham
ENG-Premier League,2020/21,Fulham,Terence Kongolo,NED,DF,26.0,1994.0,1.0,0,0.0,0,,0.0,0.0,,,0,0,2020,shooting,Fulham
ENG-Premier League,2020/21,Fulham,Tim Ream,USA,DF,32.0,1987.0,7.0,0,0.0,0,,0.0,0.0,,,0,0,2020,shooting,Fulham
ENG-Premier League,2020/21,Fulham,Tom Cairney,SCO,MF,29.0,1991.0,8.4,1,12.0,5,41.7,1.42,0.59,0.08,0.2,0,0,2020,shooting,Fulham
ENG-Premier League,2020/21,Fulham,Tosin Adarabioyo,ENG,DF,22.0,1997.0,32.8,0,18.0,5,27.8,0.55,0.15,0.0,0.0,0,0,2020,shooting,Fulham
ENG-Premier League,2020/21,Fulham,Tyrese Francois,AUS,MF,20.0,2000.0,0.2,0,0.0,0,,0.0,0.0,,,0,0,2020,shooting,Fulham
ENG-Premier League,2020/21,Leeds United,Diego Llorente,ESP,DF,26.0,1993.0,13.4,1,8.0,3,37.5,0.6,0.22,0.13,0.33,0,0,2020,shooting,Leeds United
ENG-Premier League,2020/21,Leeds United,Ezgjan Alioski,MKD,"DF,MF",28.0,1992.0,27.3,2,26.0,8,30.8,0.95,0.29,0.08,0.25,0,0,2020,shooting,Leeds United
ENG-Premier League,2020/21,Leeds United,Gaetano Berardi,SUI,DF,31.0,1988.0,1.3,0,1.0,0,0.0,0.8,0.0,0.0,,0,0,2020,shooting,Leeds United
ENG-Premier League,2020/21,Leeds United,Hélder Costa,ANG,MF,26.0,1994.0,12.8,3,16.0,6,37.5,1.25,0.47,0.19,0.5,0,0,2020,shooting,Leeds United
ENG-Premier League,2020/21,Leeds United,Ian Poveda,ENG,"FW,MF",20.0,2000.0,3.9,0,5.0,3,60.0,1.27,0.76,0.0,0.0,0,0,2020,shooting,Leeds United
ENG-Premier League,2020/21,Leeds United,Illan Meslier,FRA,GK,20.0,2000.0,35.0,0,0.0,0,,0.0,0.0,,,0,0,2020,shooting,Leeds United
ENG-Premier League,2020/21,Leeds United,Jack Harrison,ENG,MF,23.0,1996.0,31.6,8,46.0,20,43.5,1.45,0.63,0.17,0.4,0,0,2020,shooting,Leeds United
ENG-Premier League,2020/21,Leeds United,Jamie Shackleton,ENG,"MF,DF",20.0,1999.0,5.1,0,0.0,0,,0.0,0.0,,,0,0,2020,shooting,Leeds United
ENG-Premier League,2020/21,Leeds United,Kalvin Phillips,ENG,MF,24.0,1995.0,27.0,1,15.0,5,33.3,0.56,0.19,0.07,0.2,0,0,2020,shooting,Leeds United
ENG-Premier League,2020/21,Leeds United,Kiko Casilla,ESP,GK,33.0,1986.0,3.0,0,0.0,0,,0.0,0.0,,,0,0,2020,shooting,Leeds United
ENG-Premier League,2020/21,Leeds United,Leif Davis,ENG,"DF,MF",20.0,1999.0,0.4,0,0.0,0,,0.0,0.0,,,0,0,2020,shooting,Leeds United
ENG-Premier League,2020/21,Leeds United,Liam Cooper,SCO,DF,28.0,1991.0,24.3,1,15.0,9,60.0,0.62,0.37,0.07,0.11,0,0,2020,shooting,Leeds United
ENG-Premier League,2020/21,Leeds United,Luke Ayling,ENG,DF,28.0,1991.0,37.8,0,24.0,6,25.0,0.64,0.16,0.0,0.0,0,0,2020,shooting,Leeds United
ENG-Premier League,2020/21,Leeds United,Mateusz Klich,POL,MF,30.0,1990.0,26.6,4,36.0,11,30.6,1.35,0.41,0.11,0.36,2,2,2020,shooting,Leeds United
ENG-Premier League,2020/21,Leeds United,Niall Huggins,WAL,DF,19.0,2000.0,0.4,0,0.0,0,,0.0,0.0,,,0,0,2020,shooting,Leeds United
ENG-Premier League,2020/21,Leeds United,Pablo Hernández,ESP,MF,35.0,1985.0,4.7,0,15.0,3,20.0,3.16,0.63,0.0,0.0,0,0,2020,shooting,Leeds United
ENG-Premier League,2020/21,Leeds United,Pascal Struijk,NED,"DF,MF",20.0,1999.0,23.1,1,13.0,4,30.8,0.56,0.17,0.08,0.25,0,0,2020,shooting,Leeds United
ENG-Premier League,2020/21,Leeds United,Patrick Bamford,ENG,FW,26.0,1993.0,33.9,17,107.0,48,44.9,3.16,1.42,0.16,0.35,2,2,2020,shooting,Leeds United
ENG-Premier League,2020/21,Leeds United,Raphinha,BRA,MF,23.0,1996.0,26.2,6,67.0,24,35.8,2.56,0.92,0.09,0.25,0,0,2020,shooting,Leeds United
ENG-Premier League,2020/21,Leeds United,Robin Koch,GER,"DF,MF",24.0,1996.0,12.6,0,9.0,1,11.1,0.72,0.08,0.0,0.0,0,0,2020,shooting,Leeds United
ENG-Premier League,2020/21,Leeds United,Rodrigo,ESP,MF,29.0,1991.0,14.3,7,46.0,18,39.1,3.21,1.26,0.15,0.39,0,0,2020,shooting,Leeds United
ENG-Premier League,2020/21,Leeds United,Stuart Dallas,NIR,"MF,DF",29.0,1991.0,37.9,8,48.0,19,39.6,1.27,0.5,0.17,0.42,0,0,2020,shooting,Leeds United
ENG-Premier League,2020/21,Leeds United,Tyler Roberts,WAL,MF,21.0,1999.0,14.9,1,27.0,13,48.1,1.81,0.87,0.04,0.08,0,0,2020,shooting,Leeds United
ENG-Premier League,2020/21,Leicester City,Ayoze Pérez,ESP,"MF,FW",27.0,1993.0,14.8,2,31.0,13,41.9,2.1,0.88,0.06,0.15,0,0,2020,shooting,Leicester City
ENG-Premier League,2020/21,Leicester City,Cengiz Ünder,TUR,MF,23.0,1997.0,3.1,0,9.0,1,11.1,2.88,0.32,0.0,0.0,0,0,2020,shooting,Leicester City
ENG-Premier League,2020/21,Leicester City,Christian Fuchs,AUT,DF,34.0,1986.0,7.8,0,5.0,1,20.0,0.64,0.13,0.0,0.0,0,0,2020,shooting,Leicester City
ENG-Premier League,2020/21,Leicester City,Daniel Amartey,GHA,DF,25.0,1994.0,8.0,1,3.0,1,33.3,0.37,0.12,0.33,1.0,0,0,2020,shooting,Leicester City
ENG-Premier League,2020/21,Leicester City,Demarai Gray,JAM,"FW,MF",24.0,1996.0,0.2,0,1.0,0,0.0,4.74,0.0,0.0,,0,0,2020,shooting,Leicester City
ENG-Premier League,2020/21,Leicester City,Dennis Praet,BEL,MF,26.0,1994.0,8.0,1,8.0,2,25.0,1.0,0.25,0.13,0.5,0,0,2020,shooting,Leicester City
ENG-Premier League,2020/21,Leicester City,Hamza Choudhury,BAN,MF,22.0,1997.0,3.5,0,4.0,1,25.0,1.14,0.28,0.0,0.0,0,0,2020,shooting,Leicester City
ENG-Premier League,2020/21,Leicester City,Harvey Barnes,ENG,MF,22.0,1997.0,21.6,9,56.0,26,46.4,2.59,1.2,0.16,0.35,0,0,2020,shooting,Leicester City
ENG-Premier League,2020/21,Leicester City,Islam Slimani,ALG,FW,32.0,1988.0,0.2,0,1.0,0,0.0,4.5,0.0,0.0,,0,0,2020,shooting,Leicester City
ENG-Premier League,2020/21,Leicester City,James Justin,ENG,"DF,MF",22.0,1998.0,23.0,2,9.0,3,33.3,0.39,0.13,0.22,0.67,0,0,2020,shooting,Leicester City
ENG-Premier League,2020/21,Leicester City,James Maddison,ENG,MF,23.0,1996.0,23.3,8,75.0,23,30.7,3.22,0.99,0.11,0.35,0,0,2020,shooting,Leicester City
ENG-Premier League,2020/21,Leicester City,Jamie Vardy,ENG,FW,33.0,1987.0,31.6,15,83.0,38,45.8,2.63,1.2,0.18,0.39,8,9,2020,shooting,Leicester City
ENG-Premier League,2020/21,Leicester City,Jonny Evans,NIR,DF,32.0,1988.0,27.5,2,8.0,3,37.5,0.29,0.11,0.25,0.67,0,0,2020,shooting,Leicester City
ENG-Premier League,2020/21,Leicester City,Kasper Schmeichel,DEN,GK,33.0,1986.0,38.0,0,0.0,0,,0.0,0.0,,,0,0,2020,shooting,Leicester City
ENG-Premier League,2020/21,Leicester City,Kelechi Iheanacho,NGA,FW,23.0,1996.0,16.2,12,59.0,25,42.4,3.64,1.54,0.2,0.48,0,1,2020,shooting,Leicester City
ENG-Premier League,2020/21,Leicester City,Khanya Leshabela,RSA,MF,20.0,1999.0,0.1,0,0.0,0,,0.0,0.0,,,0,0,2020,shooting,Leicester City
ENG-Premier League,2020/21,Leicester City,Luke Thomas,ENG,"MF,DF",19.0,2001.0,10.8,1,7.0,3,42.9,0.65,0.28,0.14,0.33,0,0,2020,shooting,Leicester City
ENG-Premier League,2020/21,Leicester City,Marc Albrighton,ENG,MF,30.0,1989.0,19.4,1,21.0,9,42.9,1.08,0.46,0.05,0.11,0,0,2020,shooting,Leicester City
ENG-Premier League,2020/21,Leicester City,Nampalys Mendy,SEN,MF,28.0,1992.0,16.2,0,4.0,2,50.0,0.25,0.12,0.0,0.0,0,0,2020,shooting,Leicester City
ENG-Premier League,2020/21,Leicester City,Ricardo Pereira,POR,"MF,DF",26.0,1993.0,10.7,0,7.0,4,57.1,0.66,0.38,0.0,0.0,0,0,2020,shooting,Leicester City
ENG-Premier League,2020/21,Leicester City,Sidnei Tavares,,MF,18.0,2001.0,0.9,0,1.0,1,100.0,1.06,1.06,0.0,0.0,0,0,2020,shooting,Leicester City
ENG-Premier League,2020/21,Leicester City,Timothy Castagne,BEL,"DF,MF",24.0,1995.0,26.1,2,8.0,3,37.5,0.31,0.12,0.25,0.67,0,0,2020,shooting,Leicester City
ENG-Premier League,2020/21,Leicester City,Wes Morgan,JAM,DF,36.0,1984.0,0.2,0,0.0,0,,0.0,0.0,,,0,0,2020,shooting,Leicester City
ENG-Premier League,2020/21,Leicester City,Wesley Fofana,FRA,DF,19.0,2000.0,25.1,0,11.0,2,18.2,0.44,0.08,0.0,0.0,0,0,2020,shooting,Leicester City
ENG-Premier League,2020/21,Leicester City,Wilfred Ndidi,NGA,"MF,DF",23.0,1996.0,24.2,1,16.0,1,6.3,0.66,0.04,0.06,1.0,0,0,2020,shooting,Leicester City
ENG-Premier League,2020/21,Leicester City,Youri Tielemans,BEL,MF,23.0,1997.0,37.3,6,48.0,20,41.7,1.29,0.54,0.13,0.3,2,2,2020,shooting,Leicester City
ENG-Premier League,2020/21,Leicester City,Çağlar Söyüncü,TUR,DF,24.0,1996.0,20.2,1,10.0,3,30.0,0.49,0.15,0.1,0.33,0,0,2020,shooting,Leicester City
ENG-Premier League,2020/21,Liverpool,Adrián,ESP,GK,33.0,1987.0,3.0,0,0.0,0,,0.0,0.0,,,0,0,2020,shooting,Liverpool
ENG-Premier League,2020/21,Liverpool,Alex Oxlade-Chamberlain,ENG,"MF,FW",26.0,1993.0,2.8,1,8.0,4,50.0,2.85,1.42,0.13,0.25,0,0,2020,shooting,Liverpool
ENG-Premier League,2020/21,Liverpool,Alisson,BRA,GK,27.0,1992.0,33.0,1,1.0,1,100.0,0.03,0.03,1.0,1.0,0,0,2020,shooting,Liverpool
ENG-Premier League,2020/21,Liverpool,Andy Robertson,SCO,DF,26.0,1994.0,37.6,1,19.0,5,26.3,0.51,0.13,0.05,0.2,0,0,2020,shooting,Liverpool
ENG-Premier League,2020/21,Liverpool,Caoimhín Kelleher,IRL,GK,21.0,1998.0,2.0,0,0.0,0,,0.0,0.0,,,0,0,2020,shooting,Liverpool
ENG-Premier League,2020/21,Liverpool,Curtis Jones,ENG,MF,19.0,2001.0,13.1,1,19.0,9,47.4,1.45,0.69,0.05,0.11,0,0,2020,shooting,Liverpool
ENG-Premier League,2020/21,Liverpool,Diogo Jota,POR,"FW,MF",23.0,1996.0,12.4,9,46.0,26,56.5,3.72,2.1,0.2,0.35,0,0,2020,shooting,Liverpool
ENG-Premier League,2020/21,Liverpool,Divock Origi,BEL,FW,25.0,1995.0,2.1,0,7.0,2,28.6,3.39,0.97,0.0,0.0,0,0,2020,shooting,Liverpool
ENG-Premier League,2020/21,Liverpool,Fabinho,BRA,"DF,MF",26.0,1993.0,28.5,0,12.0,1,8.3,0.42,0.04,0.0,0.0,0,0,2020,shooting,Liverpool
ENG-Premier League,2020/21,Liverpool,Georginio Wijnaldum,NED,MF,29.0,1990.0,32.7,2,31.0,9,29.0,0.95,0.28,0.06,0.22,0,0,2020,shooting,Liverpool
ENG-Premier League,2020/21,Liverpool,James Milner,ENG,MF,34.0,1986.0,11.9,0,12.0,3,25.0,1.01,0.25,0.0,0.0,0,0,2020,shooting,Liverpool
ENG-Premier League,2020/21,Liverpool,Joe Gomez,ENG,DF,23.0,1997.0,6.6,0,0.0,0,,0.0,0.0,,,0,0,2020,shooting,Liverpool
ENG-Premier League,2020/21,Liverpool,Jordan Henderson,ENG,"MF,DF",30.0,1990.0,18.9,1,14.0,6,42.9,0.74,0.32,0.07,0.17,0,0,2020,shooting,Liverpool
ENG-Premier League,2020/21,Liverpool,Joël Matip,CMR,DF,28.0,1991.0,7.7,1,5.0,2,40.0,0.65,0.26,0.2,0.5,0,0,2020,shooting,Liverpool
ENG-Premier League,2020/21,Liverpool,Kostas Tsimikas,GRE,DF,24.0,1996.0,0.1,0,0.0,0,,0.0,0.0,,,0,0,2020,shooting,Liverpool
ENG-Premier League,2020/21,Liverpool,Mohamed Salah,EGY,FW,28.0,1992.0,34.2,22,126.0,54,42.9,3.68,1.58,0.17,0.41,6,6,2020,shooting,Liverpool
ENG-Premier League,2020/21,Liverpool,Naby Keïta,GUI,MF,25.0,1995.0,5.8,0,9.0,2,22.2,1.56,0.35,0.0,0.0,0,0,2020,shooting,Liverpool
ENG-Premier League,2020/21,Liverpool,Nathaniel Phillips,ENG,DF,23.0,1997.0,16.2,1,15.0,2,13.3,0.93,0.12,0.07,0.5,0,0,2020,shooting,Liverpool
ENG-Premier League,2020/21,Liverpool,Neco Williams,WAL,DF,19.0,2001.0,2.8,0,2.0,0,0.0,0.72,0.0,0.0,,0,0,2020,shooting,Liverpool
ENG-Premier League,2020/21,Liverpool,Ozan Kabak,TUR,DF,20.0,2000.0,8.9,0,1.0,0,0.0,0.11,0.0,0.0,,0,0,2020,shooting,Liverpool
ENG-Premier League,2020/21,Liverpool,Rhys Williams,ENG,DF,19.0,2001.0,7.3,0,7.0,0,0.0,0.95,0.0,0.0,,0,0,2020,shooting,Liverpool
ENG-Premier League,2020/21,Liverpool,Roberto Firmino,BRA,FW,28.0,1991.0,31.5,9,83.0,34,41.0,2.63,1.08,0.11,0.26,0,0,2020,shooting,Liverpool
ENG-Premier League,2020/21,Liverpool,Sadio Mané,SEN,FW,28.0,1992.0,31.2,11,94.0,36,38.3,3.01,1.15,0.12,0.31,0,0,2020,shooting,Liverpool
ENG-Premier League,2020/21,Liverpool,Takumi Minamino,JPN,"MF,FW",25.0,1995.0,3.3,1,7.0,3,42.9,2.15,0.92,0.14,0.33,0,0,2020,shooting,Liverpool
ENG-Premier League,2020/21,Liverpool,Thiago Alcántara,ESP,MF,29.0,1991.0,20.6,1,22.0,5,22.7,1.07,0.24,0.05,0.2,0,0,2020,shooting,Liverpool
ENG-Premier League,2020/21,Liverpool,Trent Alexander-Arnold,ENG,DF,21.0,1998.0,33.7,2,55.0,12,21.8,1.63,0.36,0.04,0.17,0,0,2020,shooting,Liverpool
ENG-Premier League,2020/21,Liverpool,Virgil van Dijk,NED,DF,29.0,1991.0,4.1,1,4.0,2,50.0,0.97,0.49,0.25,0.5,0,0,2020,shooting,Liverpool
ENG-Premier League,2020/21,Liverpool,Xherdan Shaqiri,SUI,"MF,FW",28.0,1991.0,6.2,0,11.0,0,0.0,1.78,0.0,0.0,,0,0,2020,shooting,Liverpool
ENG-Premier League,2020/21,Manchester City,Aymeric Laporte,ESP,DF,26.0,1994.0,14.9,0,6.0,1,16.7,0.4,0.07,0.0,0.0,0,0,2020,shooting,Manchester City
ENG-Premier League,2020/21,Manchester City,Benjamin Mendy,FRA,"DF,MF",26.0,1994.0,10.6,2,6.0,2,33.3,0.57,0.19,0.33,1.0,0,0,2020,shooting,Manchester City
ENG-Premier League,2020/21,Manchester City,Bernardo Silva,POR,"MF,FW",25.0,1994.0,22.9,2,28.0,13,46.4,1.22,0.57,0.07,0.15,0,0,2020,shooting,Manchester City
ENG-Premier League,2020/21,Manchester City,Ederson Moraes,BRA,GK,26.0,1993.0,36.0,0,0.0,0,,0.0,0.0,,,0,0,2020,shooting,Manchester City
ENG-Premier League,2020/21,Manchester City,Eric García,ESP,DF,19.0,2001.0,4.3,0,2.0,0,0.0,0.47,0.0,0.0,,0,0,2020,shooting,Manchester City
ENG-Premier League,2020/21,Manchester City,Fernandinho,BRA,MF,35.0,1985.0,13.2,0,14.0,3,21.4,1.06,0.23,0.0,0.0,0,0,2020,shooting,Manchester City
ENG-Premier League,2020/21,Manchester City,Ferran Torres,ESP,"FW,MF",20.0,2000.0,14.5,7,36.0,15,41.7,2.48,1.03,0.19,0.47,0,0,2020,shooting,Manchester City
ENG-Premier League,2020/21,Manchester City,Gabriel Jesus,BRA,FW,23.0,1997.0,22.9,9,55.0,17,30.9,2.4,0.74,0.16,0.53,0,0,2020,shooting,Manchester City
ENG-Premier League,2020/21,Manchester City,John Stones,ENG,DF,26.0,1994.0,21.5,4,15.0,5,33.3,0.7,0.23,0.27,0.8,0,0,2020,shooting,Manchester City
ENG-Premier League,2020/21,Manchester City,João Cancelo,POR,"DF,MF",26.0,1994.0,25.5,2,35.0,11,31.4,1.37,0.43,0.06,0.18,0,0,2020,shooting,Manchester City
ENG-Premier League,2020/21,Manchester City,Kevin De Bruyne,BEL,MF,29.0,1991.0,22.2,6,81.0,27,33.3,3.65,1.22,0.07,0.22,2,3,2020,shooting,Manchester City
ENG-Premier League,2020/21,Manchester City,Kyle Walker,ENG,DF,30.0,1990.0,21.6,1,10.0,3,30.0,0.46,0.14,0.1,0.33,0,0,2020,shooting,Manchester City
ENG-Premier League,2020/21,Manchester City,Liam Delap,ENG,FW,17.0,2003.0,0.4,0,1.0,1,100.0,2.25,2.25,0.0,0.0,0,0,2020,shooting,Manchester City
ENG-Premier League,2020/21,Manchester City,Nathan Aké,NED,DF,25.0,1995.0,8.9,1,4.0,1,25.0,0.45,0.11,0.25,1.0,0,0,2020,shooting,Manchester City
ENG-Premier League,2020/21,Manchester City,Oleksandr Zinchenko,UKR,DF,23.0,1996.0,16.4,0,16.0,4,25.0,0.97,0.24,0.0,0.0,0,0,2020,shooting,Manchester City
ENG-Premier League,2020/21,Manchester City,Phil Foden,ENG,"FW,MF",20.0,2000.0,18.0,9,45.0,20,44.4,2.51,1.11,0.2,0.45,0,0,2020,shooting,Manchester City
ENG-Premier League,2020/21,Manchester City,Raheem Sterling,ENG,"FW,MF",25.0,1994.0,28.2,10,70.0,28,40.0,2.48,0.99,0.14,0.36,0,1,2020,shooting,Manchester City
ENG-Premier League,2020/21,Manchester City,Riyad Mahrez,ALG,"FW,MF",29.0,1991.0,21.7,9,58.0,22,37.9,2.68,1.02,0.16,0.41,0,0,2020,shooting,Manchester City
ENG-Premier League,2020/21,Manchester City,Rodri,ESP,MF,24.0,1996.0,30.5,2,32.0,9,28.1,1.05,0.29,0.06,0.22,1,1,2020,shooting,Manchester City
ENG-Premier League,2020/21,Manchester City,Rúben Dias,POR,DF,23.0,1997.0,31.6,1,14.0,6,42.9,0.44,0.19,0.07,0.17,0,0,2020,shooting,Manchester City
ENG-Premier League,2020/21,Manchester City,Scott Carson,ENG,GK,34.0,1985.0,1.0,0,0.0,0,,0.0,0.0,,,0,0,2020,shooting,Manchester City
ENG-Premier League,2020/21,Manchester City,Sergio Agüero,ARG,"FW,MF",32.0,1988.0,6.2,4,19.0,13,68.4,3.06,2.09,0.21,0.31,1,2,2020,shooting,Manchester City
ENG-Premier League,2020/21,Manchester City,Zack Steffen,USA,GK,25.0,1995.0,1.0,0,0.0,0,,0.0,0.0,,,0,0,2020,shooting,Manchester City
ENG-Premier League,2020/21,Manchester City,İlkay Gündoğan,GER,MF,29.0,1990.0,22.5,13,54.0,22,40.7,2.4,0.98,0.24,0.59,1,2,2020,shooting,Manchester City
ENG-Premier League,2020/21,Manchester Utd,Aaron Wan-Bissaka,COD,DF,22.0,1997.0,34.0,2,7.0,4,57.1,0.21,0.12,0.29,0.5,0,0,2020,shooting,Manchester United
ENG-Premier League,2020/21,Manchester Utd,Alex Telles,BRA,DF,27.0,1992.0,7.7,0,5.0,1,20.0,0.65,0.13,0.0,0.0,0,0,2020,shooting,Manchester United
ENG-Premier League,2020/21,Manchester Utd,Amad Diallo,CIV,MF,18.0,2002.0,1.8,0,1.0,1,100.0,0.54,0.54,0.0,0.0,0,0,2020,shooting,Manchester United
ENG-Premier League,2020/21,Manchester Utd,Anthony Elanga,SWE,"MF,FW",18.0,2002.0,1.7,1,2.0,1,50.0,1.16,0.58,0.5,1.0,0,0,2020,shooting,Manchester United
ENG-Premier League,2020/21,Manchester Utd,Anthony Martial,FRA,"FW,MF",24.0,1995.0,16.4,4,42.0,20,47.6,2.55,1.22,0.1,0.2,0,0,2020,shooting,Manchester United
ENG-Premier League,2020/21,Manchester Utd,Axel Tuanzebe,COD,DF,22.0,1997.0,4.5,0,0.0,0,,0.0,0.0,,,0,0,2020,shooting,Manchester United
ENG-Premier League,2020/21,Manchester Utd,Brandon Williams,ENG,DF,19.0,2000.0,2.1,0,1.0,1,100.0,0.48,0.48,0.0,0.0,0,0,2020,shooting,Manchester United
ENG-Premier League,2020/21,Manchester Utd,Bruno Fernandes,POR,MF,25.0,1994.0,34.4,18,121.0,51,42.1,3.51,1.48,0.15,0.35,9,11,2020,shooting,Manchester United
ENG-Premier League,2020/21,Manchester Utd,Daniel James,WAL,MF,22.0,1997.0,10.1,3,17.0,6,35.3,1.68,0.59,0.18,0.5,0,0,2020,shooting,Manchester United
ENG-Premier League,2020/21,Manchester Utd,David de Gea,ESP,GK,29.0,1990.0,25.5,0,0.0,0,,0.0,0.0,,,0,0,2020,shooting,Manchester United
ENG-Premier League,2020/21,Manchester Utd,Dean Henderson,ENG,GK,23.0,1997.0,12.5,0,0.0,0,,0.0,0.0,,,0,0,2020,shooting,Manchester United
ENG-Premier League,2020/21,Manchester Utd,Donny van de Beek,NED,MF,23.0,1997.0,5.8,1,2.0,1,50.0,0.34,0.17,0.5,1.0,0,0,2020,shooting,Manchester United
ENG-Premier League,2020/21,Manchester Utd,Edinson Cavani,URU,FW,33.0,1987.0,15.3,10,34.0,15,44.1,2.23,0.98,0.29,0.67,0,0,2020,shooting,Manchester United
ENG-Premier League,2020/21,Manchester Utd,Eric Bailly,CIV,DF,26.0,1994.0,10.2,0,2.0,0,0.0,0.2,0.0,0.0,,0,0,2020,shooting,Manchester United
ENG-Premier League,2020/21,Manchester Utd,Fred,BRA,MF,27.0,1993.0,26.6,1,25.0,7,28.0,0.94,0.26,0.04,0.14,0,0,2020,shooting,Manchester United
ENG-Premier League,2020/21,Manchester Utd,Hannibal Mejbri,TUN,MF,17.0,2003.0,0.1,0,0.0,0,,0.0,0.0,,,0,0,2020,shooting,Manchester United
ENG-Premier League,2020/21,Manchester Utd,Harry Maguire,ENG,DF,27.0,1993.0,33.9,2,36.0,11,30.6,1.06,0.32,0.06,0.18,0,0,2020,shooting,Manchester United
ENG-Premier League,2020/21,Manchester Utd,Juan Mata,ESP,MF,32.0,1988.0,5.7,1,5.0,4,80.0,0.88,0.71,0.2,0.25,1,1,2020,shooting,Manchester United
ENG-Premier League,2020/21,Manchester Utd,Luke Shaw,ENG,DF,25.0,1995.0,29.5,1,11.0,6,54.5,0.37,0.2,0.09,0.17,0,0,2020,shooting,Manchester United
ENG-Premier League,2020/21,Manchester Utd,Marcus Rashford,ENG,"MF,FW",22.0,1997.0,32.4,11,79.0,37,46.8,2.43,1.14,0.14,0.3,0,0,2020,shooting,Manchester United
ENG-Premier League,2020/21,Manchester Utd,Mason Greenwood,ENG,"MF,FW",18.0,2001.0,20.2,7,67.0,24,35.8,3.31,1.19,0.1,0.29,0,0,2020,shooting,Manchester United
ENG-Premier League,2020/21,Manchester Utd,Nemanja Matić,SRB,MF,31.0,1988.0,12.3,0,6.0,3,50.0,0.49,0.24,0.0,0.0,0,0,2020,shooting,Manchester United
ENG-Premier League,2020/21,Manchester Utd,Odion Ighalo,NGA,FW,31.0,1989.0,0.1,0,0.0,0,,0.0,0.0,,,0,0,2020,shooting,Manchester United
ENG-Premier League,2020/21,Manchester Utd,Paul Pogba,FRA,MF,27.0,1993.0,21.1,3,31.0,11,35.5,1.47,0.52,0.1,0.27,0,0,2020,shooting,Manchester United
ENG-Premier League,2020/21,Manchester Utd,Scott McTominay,SCO,MF,23.0,1996.0,23.7,4,26.0,8,30.8,1.1,0.34,0.15,0.5,0,0,2020,shooting,Manchester United
ENG-Premier League,2020/21,Manchester Utd,Shola Shoretire,ENG,"FW,MF",16.0,2004.0,0.1,0,0.0,0,,0.0,0.0,,,0,0,2020,shooting,Manchester United
ENG-Premier League,2020/21,Manchester Utd,Timothy Fosu-Mensah,NED,DF,22.0,1998.0,0.9,0,1.0,0,0.0,1.13,0.0,0.0,,0,0,2020,shooting,Manchester United
ENG-Premier League,2020/21,Manchester Utd,Victor Lindelöf,SWE,DF,26.0,1994.0,28.7,1,4.0,1,25.0,0.14,0.03,0.25,1.0,0,0,2020,shooting,Manchester United
ENG-Premier League,2020/21,Manchester Utd,Will Fish,ENG,DF,17.0,2003.0,0.0,0,0.0,0,,0.0,0.0,,,0,0,2020,shooting,Manchester United
ENG-Premier League,2020/21,Newcastle,Allan Saint-Maximin,FRA,"FW,MF",23.0,1997.0,17.3,3,30.0,13,43.3,1.73,0.75,0.1,0.23,0,0,2020,shooting,Newcastle United
ENG-Premier League,2020/21,Newcastle,Andy Carroll,ENG,FW,31.0,1989.0,4.4,1,13.0,2,15.4,2.98,0.46,0.08,0.5,0,0,2020,shooting,Newcastle United
ENG-Premier League,2020/21,Newcastle,Callum Wilson,ENG,FW,28.0,1992.0,23.2,12,49.0,20,40.8,2.12,0.86,0.24,0.6,4,4,2020,shooting,Newcastle United
ENG-Premier League,2020/21,Newcastle,Ciaran Clark,IRL,DF,30.0,1989.0,21.0,1,8.0,3,37.5,0.38,0.14,0.13,0.33,0,0,2020,shooting,Newcastle United
ENG-Premier League,2020/21,Newcastle,DeAndre Yedlin,USA,DF,27.0,1993.0,4.8,0,2.0,0,0.0,0.41,0.0,0.0,,0,0,2020,shooting,Newcastle United
ENG-Premier League,2020/21,Newcastle,Dwight Gayle,ENG,FW,29.0,1990.0,5.7,1,16.0,7,43.8,2.8,1.23,0.06,0.14,0,0,2020,shooting,Newcastle United
ENG-Premier League,2020/21,Newcastle,Elliot Anderson,ENG,MF,17.0,2002.0,0.0,0,0.0,0,,0.0,0.0,,,0,0,2020,shooting,Newcastle United
ENG-Premier League,2020/21,Newcastle,Emil Krafth,SWE,DF,25.0,1994.0,14.3,1,7.0,3,42.9,0.49,0.21,0.14,0.33,0,0,2020,shooting,Newcastle United
ENG-Premier League,2020/21,Newcastle,Fabian Schär,SUI,DF,28.0,1991.0,13.8,1,12.0,5,41.7,0.87,0.36,0.08,0.2,1,1,2020,shooting,Newcastle United
ENG-Premier League,2020/21,Newcastle,Federico Fernández,ARG,DF,31.0,1989.0,23.1,0,6.0,3,50.0,0.26,0.13,0.0,0.0,0,0,2020,shooting,Newcastle United
ENG-Premier League,2020/21,Newcastle,Isaac Hayden,JAM,"MF,DF",25.0,1995.0,21.6,0,17.0,2,11.8,0.79,0.09,0.0,0.0,0,0,2020,shooting,Newcastle United
ENG-Premier League,2020/21,Newcastle,Jacob Murphy,ENG,"DF,MF",25.0,1995.0,18.1,2,30.0,9,30.0,1.66,0.5,0.07,0.22,0,0,2020,shooting,Newcastle United
ENG-Premier League,2020/21,Newcastle,Jamaal Lascelles,ENG,DF,26.0,1993.0,18.1,2,15.0,4,26.7,0.83,0.22,0.13,0.5,0,0,2020,shooting,Newcastle United
ENG-Premier League,2020/21,Newcastle,Jamal Lewis,NIR,DF,22.0,1998.0,20.4,0,3.0,1,33.3,0.15,0.05,0.0,0.0,0,0,2020,shooting,Newcastle United
ENG-Premier League,2020/21,Newcastle,Javier Manquillo,ESP,DF,26.0,1994.0,9.2,0,1.0,0,0.0,0.11,0.0,0.0,,0,0,2020,shooting,Newcastle United
ENG-Premier League,2020/21,Newcastle,Jeff Hendrick,IRL,MF,28.0,1992.0,15.8,2,10.0,2,20.0,0.63,0.13,0.2,1.0,0,0,2020,shooting,Newcastle United
ENG-Premier League,2020/21,Newcastle,Joe Willock,ENG,MF,20.0,1999.0,10.9,8,19.0,13,68.4,1.75,1.2,0.42,0.62,0,1,2020,shooting,Newcastle United
ENG-Premier League,2020/21,Newcastle,Joelinton,BRA,"FW,MF",23.0,1996.0,22.0,4,44.0,21,47.7,2.0,0.95,0.09,0.19,1,1,2020,shooting,Newcastle United
ENG-Premier League,2020/21,Newcastle,Jonjo Shelvey,ENG,MF,28.0,1992.0,29.1,1,42.0,9,21.4,1.44,0.31,0.02,0.11,0,0,2020,shooting,Newcastle United
ENG-Premier League,2020/21,Newcastle,Karl Darlow,WAL,GK,29.0,1990.0,25.0,0,0.0,0,,0.0,0.0,,,0,0,2020,shooting,Newcastle United
ENG-Premier League,2020/21,Newcastle,Martin Dúbravka,SVK,GK,31.0,1989.0,13.0,0,0.0,0,,0.0,0.0,,,0,0,2020,shooting,Newcastle United
ENG-Premier League,2020/21,Newcastle,Matt Ritchie,SCO,"DF,MF",30.0,1989.0,15.0,0,11.0,1,9.1,0.73,0.07,0.0,0.0,0,0,2020,shooting,Newcastle United
ENG-Premier League,2020/21,Newcastle,Matthew Longstaff,ENG,MF,20.0,2000.0,4.2,0,0.0,0,,0.0,0.0,,,0,0,2020,shooting,Newcastle United
ENG-Premier League,2020/21,Newcastle,Miguel Almirón,PAR,"MF,FW",26.0,1994.0,27.0,4,33.0,15,45.5,1.22,0.56,0.12,0.27,0,0,2020,shooting,Newcastle United
ENG-Premier League,2020/21,Newcastle,Paul Dummett,WAL,DF,28.0,1991.0,13.9,1,3.0,1,33.3,0.22,0.07,0.33,1.0,0,0,2020,shooting,Newcastle United
ENG-Premier League,2020/21,Newcastle,Ryan Fraser,SCO,"FW,MF",26.0,1994.0,10.3,0,13.0,6,46.2,1.26,0.58,0.0,0.0,0,0,2020,shooting,Newcastle United
ENG-Premier League,2020/21,Newcastle,Sean Longstaff,ENG,MF,22.0,1997.0,15.7,0,15.0,5,33.3,0.96,0.32,0.0,0.0,0,0,2020,shooting,Newcastle United
ENG-Premier League,2020/21,Sheffield United,Aaron Ramsdale,ENG,GK,22.0,1998.0,38.0,0,0.0,0,,0.0,0.0,,,0,0,2020,shooting,Sheffield United
ENG-Premier League,2020/21,Sheffield United,Antwoine Hackford,ENG,FW,16.0,2004.0,0.1,0,1.0,0,0.0,8.18,0.0,0.0,,0,0,2020,shooting,Sheffield United
ENG-Premier League,2020/21,Sheffield United,Ben Osborn,ENG,"MF,FW",25.0,1994.0,17.8,1,9.0,5,55.6,0.5,0.28,0.11,0.2,0,0,2020,shooting,Sheffield United
ENG-Premier League,2020/21,Sheffield United,Billy Sharp,ENG,FW,34.0,1986.0,8.2,3,9.0,6,66.7,1.1,0.73,0.33,0.5,2,2,2020,shooting,Sheffield United
ENG-Premier League,2020/21,Sheffield United,Chris Basham,ENG,DF,32.0,1988.0,28.6,0,11.0,1,9.1,0.38,0.03,0.0,0.0,0,0,2020,shooting,Sheffield United
ENG-Premier League,2020/21,Sheffield United,Daniel Jebbison,CAN,FW,16.0,2003.0,3.2,1,4.0,2,50.0,1.27,0.63,0.25,0.5,0,0,2020,shooting,Sheffield United
ENG-Premier League,2020/21,Sheffield United,David McGoldrick,IRL,FW,32.0,1987.0,26.6,8,71.0,24,33.8,2.67,0.9,0.11,0.33,0,0,2020,shooting,Sheffield United
ENG-Premier League,2020/21,Sheffield United,Enda Stevens,IRL,"MF,DF",30.0,1990.0,30.0,0,16.0,4,25.0,0.53,0.13,0.0,0.0,0,0,2020,shooting,Sheffield United
ENG-Premier League,2020/21,Sheffield United,Ethan Ampadu,WAL,"DF,MF",19.0,2000.0,23.2,0,7.0,2,28.6,0.3,0.09,0.0,0.0,0,0,2020,shooting,Sheffield United
ENG-Premier League,2020/21,Sheffield United,Femi Seriki,ENG,DF,18.0,2002.0,0.0,0,0.0,0,,0.0,0.0,,,0,0,2020,shooting,Sheffield United
ENG-Premier League,2020/21,Sheffield United,George Baldock,GRE,"MF,DF",27.0,1993.0,31.0,0,14.0,3,21.4,0.45,0.1,0.0,0.0,0,0,2020,shooting,Sheffield United
ENG-Premier League,2020/21,Sheffield United,Iliman Ndiaye,SEN,"FW,MF",20.0,2000.0,0.1,0,0.0,0,,0.0,0.0,,,0,0,2020,shooting,Sheffield United
ENG-Premier League,2020/21,Sheffield United,Jack O'Connell,ENG,DF,26.0,1994.0,2.0,0,0.0,0,,0.0,0.0,,,0,0,2020,shooting,Sheffield United
ENG-Premier League,2020/21,Sheffield United,Jack Robinson,ENG,DF,26.0,1993.0,9.7,0,6.0,0,0.0,0.62,0.0,0.0,,0,0,2020,shooting,Sheffield United
ENG-Premier League,2020/21,Sheffield United,Jayden Bogle,ENG,MF,20.0,2000.0,12.3,2,17.0,7,41.2,1.38,0.57,0.12,0.29,0,0,2020,shooting,Sheffield United
ENG-Premier League,2020/21,Sheffield United,John Egan,IRL,DF,27.0,1992.0,29.2,0,14.0,3,21.4,0.48,0.1,0.0,0.0,0,0,2020,shooting,Sheffield United
ENG-Premier League,2020/21,Sheffield United,John Fleck,SCO,MF,28.0,1991.0,28.6,0,17.0,5,29.4,0.59,0.17,0.0,0.0,0,0,2020,shooting,Sheffield United
ENG-Premier League,2020/21,Sheffield United,John Lundstram,ENG,MF,26.0,1994.0,22.6,0,20.0,5,25.0,0.89,0.22,0.0,0.0,0,1,2020,shooting,Sheffield United
ENG-Premier League,2020/21,Sheffield United,Kean Bryan,ENG,DF,23.0,1996.0,11.2,1,3.0,1,33.3,0.27,0.09,0.33,1.0,0,0,2020,shooting,Sheffield United
ENG-Premier League,2020/21,Sheffield United,Lys Mousset,FRA,FW,24.0,1996.0,3.3,0,4.0,2,50.0,1.22,0.61,0.0,0.0,0,0,2020,shooting,Sheffield United
ENG-Premier League,2020/21,Sheffield United,Max Lowe,ENG,"MF,DF",23.0,1997.0,6.1,0,2.0,1,50.0,0.33,0.16,0.0,0.0,0,0,2020,shooting,Sheffield United
ENG-Premier League,2020/21,Sheffield United,Oliver Burke,SCO,FW,23.0,1997.0,14.1,1,25.0,6,24.0,1.77,0.43,0.04,0.17,0,0,2020,shooting,Sheffield United
ENG-Premier League,2020/21,Sheffield United,Oliver McBurnie,SCO,FW,24.0,1996.0,14.7,1,30.0,13,43.3,2.04,0.88,0.03,0.08,0,0,2020,shooting,Sheffield United
ENG-Premier League,2020/21,Sheffield United,Oliver Norwood,NIR,MF,29.0,1991.0,24.7,0,12.0,1,8.3,0.49,0.04,0.0,0.0,0,0,2020,shooting,Sheffield United
ENG-Premier League,2020/21,Sheffield United,Phil Jagielka,ENG,DF,37.0,1982.0,5.8,0,0.0,0,,0.0,0.0,,,0,0,2020,shooting,Sheffield United
ENG-Premier League,2020/21,Sheffield United,Rhian Brewster,ENG,FW,20.0,2000.0,12.5,0,24.0,8,33.3,1.91,0.64,0.0,0.0,0,0,2020,shooting,Sheffield United
ENG-Premier League,2020/21,Sheffield United,Sander Berge,NOR,MF,22.0,1998.0,12.4,1,11.0,2,18.2,0.88,0.16,0.09,0.5,1,1,2020,shooting,Sheffield United
ENG-Premier League,2020/21,Southampton,Alex McCarthy,ENG,GK,30.0,1989.0,30.0,0,0.0,0,,0.0,0.0,,,0,0,2020,shooting,Southampton
ENG-Premier League,2020/21,Southampton,Alexandre Jankewitz,SUI,MF,18.0,2001.0,0.0,0,0.0,0,,0.0,0.0,,,0,0,2020,shooting,Southampton
ENG-Premier League,2020/21,Southampton,Allan Tchaptchet,FRA,DF,18.0,2001.0,0.1,0,0.0,0,,0.0,0.0,,,0,0,2020,shooting,Southampton
ENG-Premier League,2020/21,Southampton,Caleb Watts,AUS,MF,18.0,2002.0,0.4,0,0.0,0,,0.0,0.0,,,0,0,2020,shooting,Southampton
ENG-Premier League,2020/21,Southampton,Ché Adams,SCO,FW,24.0,1996.0,29.6,9,55.0,31,56.4,1.86,1.05,0.16,0.29,0,0,2020,shooting,Southampton
ENG-Premier League,2020/21,Southampton,Dan Nlundulu,ENG,FW,21.0,1999.0,1.2,0,1.0,0,0.0,0.81,0.0,0.0,,0,0,2020,shooting,Southampton
ENG-Premier League,2020/21,Southampton,Danny Ings,ENG,FW,28.0,1992.0,24.1,12,58.0,29,50.0,2.4,1.2,0.21,0.41,2,2,2020,shooting,Southampton
ENG-Premier League,2020/21,Southampton,Fraser Forster,ENG,GK,32.0,1988.0,8.0,0,0.0,0,,0.0,0.0,,,0,0,2020,shooting,Southampton
ENG-Premier League,2020/21,Southampton,Ibrahima Diallo,FRA,MF,21.0,1999.0,11.3,0,7.0,2,28.6,0.62,0.18,0.0,0.0,0,0,2020,shooting,Southampton
ENG-Premier League,2020/21,Southampton,Jack Stephens,ENG,DF,26.0,1994.0,17.1,0,6.0,3,50.0,0.35,0.18,0.0,0.0,0,0,2020,shooting,Southampton
ENG-Premier League,2020/21,Southampton,Jake Vokins,ENG,DF,20.0,2000.0,0.7,0,0.0,0,,0.0,0.0,,,0,0,2020,shooting,Southampton
ENG-Premier League,2020/21,Southampton,James Ward-Prowse,ENG,MF,25.0,1994.0,38.0,8,43.0,24,55.8,1.13,0.63,0.19,0.33,3,4,2020,shooting,Southampton
ENG-Premier League,2020/21,Southampton,Jan Bednarek,POL,DF,24.0,1996.0,34.4,1,10.0,6,60.0,0.29,0.17,0.1,0.17,0,0,2020,shooting,Southampton
ENG-Premier League,2020/21,Southampton,Jannik Vestergaard,DEN,DF,27.0,1992.0,28.6,3,23.0,8,34.8,0.8,0.28,0.13,0.38,0,0,2020,shooting,Southampton
ENG-Premier League,2020/21,Southampton,Kayne Ramsey,ENG,DF,19.0,2000.0,1.0,0,0.0,0,,0.0,0.0,,,0,0,2020,shooting,Southampton
ENG-Premier League,2020/21,Southampton,Kyle Walker-Peters,ENG,DF,23.0,1997.0,29.4,0,18.0,7,38.9,0.61,0.24,0.0,0.0,0,0,2020,shooting,Southampton
ENG-Premier League,2020/21,Southampton,Michael Obafemi,IRL,FW,20.0,2000.0,0.7,0,0.0,0,,0.0,0.0,,,0,0,2020,shooting,Southampton
ENG-Premier League,2020/21,Southampton,Mohammed Salisu,GHA,DF,21.0,1999.0,9.4,0,4.0,1,25.0,0.43,0.11,0.0,0.0,0,0,2020,shooting,Southampton
ENG-Premier League,2020/21,Southampton,Moussa Djenepo,MLI,MF,22.0,1998.0,13.8,1,14.0,2,14.3,1.02,0.15,0.07,0.5,0,0,2020,shooting,Southampton
ENG-Premier League,2020/21,Southampton,Nathan Redmond,ENG,"MF,FW",26.0,1994.0,19.3,2,45.0,13,28.9,2.33,0.67,0.04,0.15,0,0,2020,shooting,Southampton
ENG-Premier League,2020/21,Southampton,Nathan Tella,NGA,"FW,MF",21.0,1999.0,8.3,1,17.0,8,47.1,2.05,0.97,0.06,0.13,0,0,2020,shooting,Southampton
ENG-Premier League,2020/21,Southampton,Oriol Romeu,ESP,MF,28.0,1991.0,19.6,1,14.0,4,28.6,0.71,0.2,0.07,0.25,0,0,2020,shooting,Southampton
ENG-Premier League,2020/21,Southampton,Ryan Bertrand,ENG,DF,30.0,1989.0,28.9,0,8.0,3,37.5,0.28,0.1,0.0,0.0,0,0,2020,shooting,Southampton
ENG-Premier League,2020/21,Southampton,Shane Long,IRL,FW,33.0,1987.0,2.3,0,2.0,1,50.0,0.86,0.43,0.0,0.0,0,0,2020,shooting,Southampton
ENG-Premier League,2020/21,Southampton,Stuart Armstrong,SCO,MF,28.0,1992.0,30.7,4,54.0,11,20.4,1.76,0.36,0.07,0.36,0,0,2020,shooting,Southampton
ENG-Premier League,2020/21,Southampton,Takumi Minamino,JPN,"MF,FW",25.0,1995.0,7.9,2,13.0,5,38.5,1.65,0.63,0.15,0.4,0,0,2020,shooting,Southampton
ENG-Premier League,2020/21,Southampton,Theo Walcott,ENG,"MF,FW",31.0,1989.0,18.0,3,29.0,11,37.9,1.61,0.61,0.1,0.27,0,0,2020,shooting,Southampton
ENG-Premier League,2020/21,Southampton,William Smallbone,IRL,MF,20.0,2000.0,1.9,0,1.0,1,100.0,0.52,0.52,0.0,0.0,0,0,2020,shooting,Southampton
ENG-Premier League,2020/21,Southampton,Yan Valery,TUN,DF,21.0,1999.0,1.1,0,2.0,1,50.0,1.75,0.87,0.0,0.0,0,0,2020,shooting,Southampton
ENG-Premier League,2020/21,Tottenham,Ben Davies,WAL,DF,27.0,1993.0,15.0,0,3.0,0,0.0,0.2,0.0,0.0,,0,0,2020,shooting,Tottenham Hotspur
ENG-Premier League,2020/21,Tottenham,Carlos Vinícius,BRA,FW,25.0,1995.0,3.4,1,7.0,4,57.1,2.05,1.17,0.14,0.25,0,0,2020,shooting,Tottenham Hotspur
ENG-Premier League,2020/21,Tottenham,Dane Scarlett,ENG,FW,16.0,2004.0,0.0,0,0.0,0,,0.0,0.0,,,0,0,2020,shooting,Tottenham Hotspur
ENG-Premier League,2020/21,Tottenham,Davinson Sánchez,COL,DF,24.0,1996.0,16.5,0,5.0,0,0.0,0.3,0.0,0.0,,0,0,2020,shooting,Tottenham Hotspur
ENG-Premier League,2020/21,Tottenham,Dele Alli,ENG,MF,24.0,1996.0,6.9,0,12.0,4,33.3,1.74,0.58,0.0,0.0,0,0,2020,shooting,Tottenham Hotspur
ENG-Premier League,2020/21,Tottenham,Eric Dier,ENG,DF,26.0,1994.0,28.0,0,14.0,2,14.3,0.5,0.07,0.0,0.0,0,0,2020,shooting,Tottenham Hotspur
ENG-Premier League,2020/21,Tottenham,Gareth Bale,WAL,MF,31.0,1989.0,10.2,11,38.0,19,50.0,3.72,1.86,0.29,0.58,0,0,2020,shooting,Tottenham Hotspur
ENG-Premier League,2020/21,Tottenham,Giovani Lo Celso,ARG,MF,24.0,1996.0,10.5,1,15.0,6,40.0,1.43,0.57,0.07,0.17,0,0,2020,shooting,Tottenham Hotspur
ENG-Premier League,2020/21,Tottenham,Harry Kane,ENG,FW,27.0,1993.0,34.2,23,138.0,55,39.9,4.03,1.61,0.17,0.42,4,4,2020,shooting,Tottenham Hotspur
ENG-Premier League,2020/21,Tottenham,Harry Winks,ENG,MF,24.0,1996.0,9.6,0,4.0,1,25.0,0.42,0.1,0.0,0.0,0,0,2020,shooting,Tottenham Hotspur
ENG-Premier League,2020/21,Tottenham,Hugo Lloris,FRA,GK,33.0,1986.0,38.0,0,0.0,0,,0.0,0.0,,,0,0,2020,shooting,Tottenham Hotspur
ENG-Premier League,2020/21,Tottenham,Japhet Tanganga,ENG,DF,21.0,1999.0,5.4,0,2.0,1,50.0,0.37,0.18,0.0,0.0,0,0,2020,shooting,Tottenham Hotspur
ENG-Premier League,2020/21,Tottenham,Joe Rodon,WAL,DF,22.0,1997.0,8.1,0,1.0,0,0.0,0.12,0.0,0.0,,0,0,2020,shooting,Tottenham Hotspur
ENG-Premier League,2020/21,Tottenham,Lucas Moura,BRA,"MF,FW",27.0,1992.0,15.7,3,18.0,6,33.3,1.15,0.38,0.17,0.5,0,0,2020,shooting,Tottenham Hotspur
ENG-Premier League,2020/21,Tottenham,Matt Doherty,IRL,"DF,MF",28.0,1992.0,13.8,0,3.0,1,33.3,0.22,0.07,0.0,0.0,0,0,2020,shooting,Tottenham Hotspur
ENG-Premier League,2020/21,Tottenham,Moussa Sissoko,FRA,MF,30.0,1989.0,17.6,0,3.0,1,33.3,0.17,0.06,0.0,0.0,0,0,2020,shooting,Tottenham Hotspur
ENG-Premier League,2020/21,Tottenham,Pierre Højbjerg,DEN,MF,24.0,1995.0,38.0,2,14.0,7,50.0,0.37,0.18,0.14,0.29,0,0,2020,shooting,Tottenham Hotspur
ENG-Premier League,2020/21,Tottenham,Serge Aurier,CIV,"DF,MF",27.0,1992.0,17.8,2,15.0,6,40.0,0.84,0.34,0.13,0.33,0,0,2020,shooting,Tottenham Hotspur
ENG-Premier League,2020/21,Tottenham,Sergio Reguilón,ESP,"DF,MF",23.0,1996.0,24.9,0,20.0,4,20.0,0.8,0.16,0.0,0.0,0,0,2020,shooting,Tottenham Hotspur
ENG-Premier League,2020/21,Tottenham,Son Heung-min,KOR,"MF,FW",28.0,1992.0,34.6,17,68.0,37,54.4,1.97,1.07,0.25,0.46,1,1,2020,shooting,Tottenham Hotspur
ENG-Premier League,2020/21,Tottenham,Steven Bergwijn,NED,"MF,FW",22.0,1997.0,13.4,1,15.0,6,40.0,1.12,0.45,0.07,0.17,0,0,2020,shooting,Tottenham Hotspur
ENG-Premier League,2020/21,Tottenham,Tanguy Ndombele,FRA,MF,23.0,1996.0,23.2,3,18.0,7,38.9,0.77,0.3,0.17,0.43,0,0,2020,shooting,Tottenham Hotspur
ENG-Premier League,2020/21,Tottenham,Toby Alderweireld,BEL,DF,31.0,1989.0,24.9,1,10.0,3,30.0,0.4,0.12,0.1,0.33,0,0,2020,shooting,Tottenham Hotspur
ENG-Premier League,2020/21,Tottenham,Érik Lamela,ARG,"MF,FW",28.0,1992.0,8.0,1,21.0,9,42.9,2.64,1.13,0.05,0.11,0,0,2020,shooting,Tottenham Hotspur
ENG-Premier League,2020/21,West Brom,Ahmed Hegazi,EGY,DF,29.0,1991.0,1.0,0,0.0,0,,0.0,0.0,,,0,0,2020,shooting,West Bromwich Albion
ENG-Premier League,2020/21,West Brom,Ainsley Maitland-Niles,ENG,MF,22.0,1997.0,13.7,0,10.0,3,30.0,0.73,0.22,0.0,0.0,0,0,2020,shooting,West Bromwich Albion
ENG-Premier League,2020/21,West Brom,Branislav Ivanović,SRB,DF,36.0,1984.0,8.5,0,4.0,1,25.0,0.47,0.12,0.0,0.0,0,0,2020,shooting,West Bromwich Albion
ENG-Premier League,2020/21,West Brom,Callum Robinson,IRL,"FW,MF",25.0,1995.0,17.3,5,31.0,11,35.5,1.79,0.63,0.16,0.45,0,0,2020,shooting,West Bromwich Albion
ENG-Premier League,2020/21,West Brom,Charlie Austin,ENG,FW,31.0,1989.0,1.5,0,3.0,0,0.0,1.96,0.0,0.0,,0,0,2020,shooting,West Bromwich Albion
ENG-Premier League,2020/21,West Brom,Conor Gallagher,ENG,MF,20.0,2000.0,28.1,2,29.0,7,24.1,1.03,0.25,0.07,0.29,0,0,2020,shooting,West Bromwich Albion
ENG-Premier League,2020/21,West Brom,Conor Townsend,ENG,DF,27.0,1993.0,24.8,0,12.0,4,33.3,0.48,0.16,0.0,0.0,0,0,2020,shooting,West Bromwich Albion
ENG-Premier League,2020/21,West Brom,Dara O'Shea,IRL,DF,21.0,1999.0,23.4,0,4.0,0,0.0,0.17,0.0,0.0,,0,0,2020,shooting,West Bromwich Albion
ENG-Premier League,2020/21,West Brom,Darnell Furlong,ENG,"DF,MF",24.0,1995.0,32.6,1,26.0,5,19.2,0.8,0.15,0.04,0.2,0,0,2020,shooting,West Bromwich Albion
ENG-Premier League,2020/21,West Brom,David Button,ENG,GK,31.0,1989.0,1.0,0,0.0,0,,0.0,0.0,,,0,0,2020,shooting,West Bromwich Albion
ENG-Premier League,2020/21,West Brom,Filip Krovinović,CRO,MF,24.0,1995.0,6.1,0,8.0,2,25.0,1.32,0.33,0.0,0.0,0,0,2020,shooting,West Bromwich Albion
ENG-Premier League,2020/21,West Brom,Grady Diangana,COD,MF,22.0,1998.0,13.7,1,14.0,4,28.6,1.02,0.29,0.07,0.25,0,0,2020,shooting,West Bromwich Albion
ENG-Premier League,2020/21,West Brom,Hal Robson-Kanu,WAL,FW,31.0,1989.0,6.2,2,13.0,6,46.2,2.09,0.96,0.15,0.33,0,0,2020,shooting,West Bromwich Albion
ENG-Premier League,2020/21,West Brom,Jake Livermore,ENG,MF,30.0,1989.0,13.8,0,5.0,0,0.0,0.36,0.0,0.0,,0,0,2020,shooting,West Bromwich Albion
ENG-Premier League,2020/21,West Brom,Kamil Grosicki,POL,MF,32.0,1988.0,1.6,0,3.0,0,0.0,1.82,0.0,0.0,,0,0,2020,shooting,West Bromwich Albion
ENG-Premier League,2020/21,West Brom,Karlan Grant,ENG,"FW,MF",22.0,1997.0,12.5,1,16.0,9,56.3,1.28,0.72,0.06,0.11,0,0,2020,shooting,West Bromwich Albion
ENG-Premier League,2020/21,West Brom,Kieran Gibbs,ENG,"DF,MF",30.0,1989.0,9.0,0,1.0,0,0.0,0.11,0.0,0.0,,0,0,2020,shooting,West Bromwich Albion
ENG-Premier League,2020/21,West Brom,Kyle Bartley,ENG,DF,29.0,1991.0,28.7,3,14.0,5,35.7,0.49,0.17,0.21,0.6,0,0,2020,shooting,West Bromwich Albion
ENG-Premier League,2020/21,West Brom,Kyle Edwards,ENG,MF,22.0,1998.0,1.3,0,2.0,1,50.0,1.53,0.76,0.0,0.0,0,0,2020,shooting,West Bromwich Albion
ENG-Premier League,2020/21,West Brom,Lee Peltier,ENG,DF,33.0,1986.0,2.5,0,0.0,0,,0.0,0.0,,,0,0,2020,shooting,West Bromwich Albion
ENG-Premier League,2020/21,West Brom,Matheus Pereira,BRA,MF,24.0,1996.0,28.6,11,65.0,28,43.1,2.27,0.98,0.17,0.39,4,4,2020,shooting,West Bromwich Albion
ENG-Premier League,2020/21,West Brom,Matt Phillips,SCO,MF,29.0,1991.0,20.3,2,22.0,10,45.5,1.08,0.49,0.09,0.2,0,0,2020,shooting,West Bromwich Albion
ENG-Premier League,2020/21,West Brom,Mbaye Diagne,SEN,FW,28.0,1991.0,13.2,3,25.0,10,40.0,1.89,0.76,0.12,0.3,0,0,2020,shooting,West Bromwich Albion
ENG-Premier League,2020/21,West Brom,Okay Yokuşlu,TUR,MF,26.0,1994.0,14.6,0,13.0,0,0.0,0.89,0.0,0.0,,0,0,2020,shooting,West Bromwich Albion
ENG-Premier League,2020/21,West Brom,Rekeem Harper,ENG,MF,20.0,2000.0,0.4,0,1.0,1,100.0,2.81,2.81,0.0,0.0,0,0,2020,shooting,West Bromwich Albion
ENG-Premier League,2020/21,West Brom,Robert Snodgrass,SCO,MF,32.0,1987.0,5.8,0,4.0,1,25.0,0.68,0.17,0.0,0.0,0,0,2020,shooting,West Bromwich Albion
ENG-Premier League,2020/21,West Brom,Romaine Sawyers,SKN,MF,28.0,1991.0,16.5,0,4.0,0,0.0,0.24,0.0,0.0,,0,0,2020,shooting,West Bromwich Albion
ENG-Premier League,2020/21,West Brom,Sam Field,ENG,MF,22.0,1998.0,0.7,0,0.0,0,,0.0,0.0,,,0,0,2020,shooting,West Bromwich Albion
ENG-Premier League,2020/21,West Brom,Sam Johnstone,ENG,GK,27.0,1993.0,37.0,0,0.0,0,,0.0,0.0,,,0,0,2020,shooting,West Bromwich Albion
ENG-Premier League,2020/21,West Brom,Semi Ajayi,NGA,DF,26.0,1993.0,30.9,2,13.0,5,38.5,0.42,0.16,0.15,0.4,0,0,2020,shooting,West Bromwich Albion
ENG-Premier League,2020/21,West Ham,Aaron Cresswell,ENG,DF,30.0,1989.0,35.2,0,19.0,4,21.1,0.54,0.11,0.0,0.0,0,0,2020,shooting,West Ham United
ENG-Premier League,2020/21,West Ham,Andriy Yarmolenko,UKR,MF,30.0,1989.0,4.2,0,7.0,2,28.6,1.68,0.48,0.0,0.0,0,0,2020,shooting,West Ham United
ENG-Premier League,2020/21,West Ham,Angelo Ogbonna,ITA,DF,32.0,1988.0,27.7,3,13.0,4,30.8,0.47,0.14,0.23,0.75,0,0,2020,shooting,West Ham United
ENG-Premier League,2020/21,West Ham,Arthur Masuaku,COD,"MF,DF",26.0,1993.0,11.2,0,7.0,2,28.6,0.63,0.18,0.0,0.0,0,0,2020,shooting,West Ham United
ENG-Premier League,2020/21,West Ham,Ben Johnson,ENG,MF,20.0,2000.0,5.8,1,3.0,1,33.3,0.52,0.17,0.33,1.0,0,0,2020,shooting,West Ham United
ENG-Premier League,2020/21,West Ham,Craig Dawson,ENG,DF,30.0,1990.0,21.4,3,16.0,5,31.3,0.75,0.23,0.19,0.6,0,0,2020,shooting,West Ham United
ENG-Premier League,2020/21,West Ham,Darren Randolph,IRL,GK,33.0,1987.0,3.0,0,0.0,0,,0.0,0.0,,,0,0,2020,shooting,West Ham United
ENG-Premier League,2020/21,West Ham,Declan Rice,ENG,MF,21.0,1999.0,32.0,2,28.0,8,28.6,0.88,0.25,0.07,0.25,1,2,2020,shooting,West Ham United
ENG-Premier League,2020/21,West Ham,Fabián Balbuena,PAR,DF,28.0,1991.0,13.3,1,8.0,2,25.0,0.6,0.15,0.13,0.5,0,0,2020,shooting,West Ham United
ENG-Premier League,2020/21,West Ham,Felipe Anderson,BRA,"FW,MF",27.0,1993.0,0.0,0,0.0,0,,0.0,0.0,,,0,0,2020,shooting,West Ham United
ENG-Premier League,2020/21,West Ham,Issa Diop,MAR,DF,23.0,1997.0,15.3,2,3.0,2,66.7,0.2,0.13,0.67,1.0,0,0,2020,shooting,West Ham United
ENG-Premier League,2020/21,West Ham,Jarrod Bowen,ENG,"MF,FW",23.0,1996.0,28.5,8,55.0,16,29.1,1.93,0.56,0.15,0.5,0,0,2020,shooting,West Ham United
ENG-Premier League,2020/21,West Ham,Jesse Lingard,ENG,"MF,FW",27.0,1992.0,15.8,9,42.0,22,52.4,2.66,1.39,0.21,0.41,1,2,2020,shooting,West Ham United
ENG-Premier League,2020/21,West Ham,Manuel Lanzini,ARG,MF,27.0,1993.0,6.3,1,12.0,3,25.0,1.91,0.48,0.08,0.33,0,0,2020,shooting,West Ham United
ENG-Premier League,2020/21,West Ham,Mark Noble,ENG,MF,33.0,1987.0,7.9,0,1.0,0,0.0,0.13,0.0,0.0,,0,0,2020,shooting,West Ham United
ENG-Premier League,2020/21,West Ham,Michail Antonio,JAM,FW,30.0,1990.0,21.9,10,63.0,25,39.7,2.87,1.14,0.16,0.4,0,0,2020,shooting,West Ham United
ENG-Premier League,2020/21,West Ham,Pablo Fornals,ESP,MF,24.0,1996.0,28.6,5,50.0,16,32.0,1.75,0.56,0.1,0.31,0,0,2020,shooting,West Ham United
ENG-Premier League,2020/21,West Ham,Robert Snodgrass,SCO,"FW,MF",32.0,1987.0,0.1,0,0.0,0,,0.0,0.0,,,0,0,2020,shooting,West Ham United
ENG-Premier League,2020/21,West Ham,Ryan Fredericks,ENG,"DF,MF",27.0,1992.0,6.3,1,4.0,2,50.0,0.63,0.32,0.25,0.5,0,0,2020,shooting,West Ham United
ENG-Premier League,2020/21,West Ham,Saïd Benrahma,ALG,MF,24.0,1995.0,15.5,1,35.0,12,34.3,2.26,0.78,0.03,0.08,0,0,2020,shooting,West Ham United
ENG-Premier League,2020/21,West Ham,Sébastien Haller,CIV,FW,26.0,1994.0,10.4,3,25.0,11,44.0,2.4,1.06,0.12,0.27,0,0,2020,shooting,West Ham United
ENG-Premier League,2020/21,West Ham,Tomáš Souček,CZE,MF,25.0,1995.0,38.0,10,64.0,23,35.9,1.68,0.61,0.16,0.43,0,0,2020,shooting,West Ham United
ENG-Premier League,2020/21,West Ham,Vladimír Coufal,CZE,"DF,MF",27.0,1992.0,33.9,0,15.0,5,33.3,0.44,0.15,0.0,0.0,0,0,2020,shooting,West Ham United
ENG-Premier League,2020/21,West Ham,Łukasz Fabiański,POL,GK,35.0,1985.0,35.0,0,0.0,0,,0.0,0.0,,,0,0,2020,shooting,West Ham United
ENG-Premier League,2020/21,Wolves,Adama Traoré,ESP,"FW,MF",24.0,1996.0,29.4,2,43.0,13,30.2,1.46,0.44,0.05,0.15,0,0,2020,shooting,Wolverhampton Wanderers
ENG-Premier League,2020/21,Wolves,Conor Coady,ENG,DF,27.0,1993.0,36.7,1,8.0,3,37.5,0.22,0.08,0.13,0.33,0,0,2020,shooting,Wolverhampton Wanderers
ENG-Premier League,2020/21,Wolves,Daniel Podence,POR,"MF,FW",24.0,1995.0,18.5,3,32.0,14,43.8,1.73,0.76,0.09,0.21,0,0,2020,shooting,Wolverhampton Wanderers
ENG-Premier League,2020/21,Wolves,Fernando Marçal,BRA,"DF,MF",31.0,1989.0,6.9,0,2.0,0,0.0,0.29,0.0,0.0,,0,0,2020,shooting,Wolverhampton Wanderers
ENG-Premier League,2020/21,Wolves,Fábio Silva,POR,FW,18.0,2002.0,15.2,4,48.0,17,35.4,3.16,1.12,0.08,0.24,1,1,2020,shooting,Wolverhampton Wanderers
ENG-Premier League,2020/21,Wolves,John Ruddy,ENG,GK,33.0,1986.0,1.0,0,0.0,0,,0.0,0.0,,,0,0,2020,shooting,Wolverhampton Wanderers
ENG-Premier League,2020/21,Wolves,Jonny Castro,ESP,MF,26.0,1994.0,5.5,0,1.0,0,0.0,0.18,0.0,0.0,,0,0,2020,shooting,Wolverhampton Wanderers
ENG-Premier League,2020/21,Wolves,João Moutinho,POR,MF,33.0,1986.0,28.1,1,14.0,4,28.6,0.5,0.14,0.07,0.25,0,0,2020,shooting,Wolverhampton Wanderers
ENG-Premier League,2020/21,Wolves,Ki-Jana Hoever,NED,"MF,DF",18.0,2002.0,6.4,0,1.0,0,0.0,0.16,0.0,0.0,,0,0,2020,shooting,Wolverhampton Wanderers
ENG-Premier League,2020/21,Wolves,Leander Dendoncker,BEL,"MF,DF",25.0,1995.0,27.8,1,31.0,8,25.8,1.11,0.29,0.03,0.13,0,0,2020,shooting,Wolverhampton Wanderers
ENG-Premier League,2020/21,Wolves,Max Kilman,ENG,DF,23.0,1997.0,14.6,0,6.0,2,33.3,0.41,0.14,0.0,0.0,0,0,2020,shooting,Wolverhampton Wanderers
ENG-Premier League,2020/21,Wolves,Morgan Gibbs-White,ENG,"MF,FW",20.0,2000.0,4.6,1,10.0,4,40.0,2.17,0.87,0.1,0.25,0,0,2020,shooting,Wolverhampton Wanderers
ENG-Premier League,2020/21,Wolves,Nélson Semedo,POR,"MF,DF",26.0,1993.0,33.1,1,23.0,11,47.8,0.69,0.33,0.04,0.09,0,0,2020,shooting,Wolverhampton Wanderers
ENG-Premier League,2020/21,Wolves,Oskar Buur,DEN,"DF,MF",22.0,1998.0,0.2,0,0.0,0,,0.0,0.0,,,0,0,2020,shooting,Wolverhampton Wanderers
ENG-Premier League,2020/21,Wolves,Owen Otasowie,USA,MF,19.0,2001.0,2.1,0,4.0,0,0.0,1.93,0.0,0.0,,0,0,2020,shooting,Wolverhampton Wanderers
ENG-Premier League,2020/21,Wolves,Patrick Cutrone,ITA,FW,22.0,1998.0,0.3,0,1.0,0,0.0,3.6,0.0,0.0,,0,0,2020,shooting,Wolverhampton Wanderers
ENG-Premier League,2020/21,Wolves,Pedro Neto,POR,"MF,FW",20.0,2000.0,28.3,5,61.0,21,34.4,2.15,0.74,0.08,0.24,0,0,2020,shooting,Wolverhampton Wanderers
ENG-Premier League,2020/21,Wolves,Rayan Aït-Nouri,ALG,"MF,DF",19.0,2001.0,15.6,1,16.0,6,37.5,1.03,0.38,0.06,0.17,0,0,2020,shooting,Wolverhampton Wanderers
ENG-Premier League,2020/21,Wolves,Raúl Jiménez,MEX,FW,29.0,1991.0,9.1,4,26.0,10,38.5,2.84,1.09,0.15,0.4,0,0,2020,shooting,Wolverhampton Wanderers
ENG-Premier League,2020/21,Wolves,Romain Saïss,MAR,"DF,MF",30.0,1990.0,26.7,3,29.0,12,41.4,1.08,0.45,0.1,0.25,0,0,2020,shooting,Wolverhampton Wanderers
ENG-Premier League,2020/21,Wolves,Rui Patrício,POR,GK,32.0,1988.0,37.0,0,0.0,0,,0.0,0.0,,,0,0,2020,shooting,Wolverhampton Wanderers
ENG-Premier League,2020/21,Wolves,Rúben Neves,POR,MF,23.0,1997.0,29.7,5,67.0,16,23.9,2.25,0.54,0.07,0.31,3,3,2020,shooting,Wolverhampton Wanderers
ENG-Premier League,2020/21,Wolves,Rúben Vinagre,POR,MF,21.0,1999.0,1.9,0,0.0,0,,0.0,0.0,,,0,0,2020,shooting,Wolverhampton Wanderers
ENG-Premier League,2020/21,Wolves,Theo Corbeanu,CAN,"FW,MF",18.0,2002.0,0.1,0,0.0,0,,0.0,0.0,,,0,0,2020,shooting,Wolverhampton Wanderers
ENG-Premier League,2020/21,Wolves,Vitinha,POR,MF,20.0,2000.0,5.8,0,8.0,4,50.0,1.38,0.69,0.0,0.0,0,0,2020,shooting,Wolverhampton Wanderers
ENG-Premier League,2020/21,Wolves,Willian José,BRA,FW,28.0,1991.0,12.3,1,19.0,7,36.8,1.54,0.57,0.05,0.14,0,0,2020,shooting,Wolverhampton Wanderers
ENG-Premier League,2020/21,Wolves,Willy Boly,CIV,DF,29.0,1991.0,20.9,1,15.0,4,26.7,0.72,0.19,0.07,0.25,0,0,2020,shooting,Wolverhampton Wanderers
ENG-Premier League,2021/22,Arsenal,Aaron Ramsdale,ENG,GK,23.0,1998.0,34.0,0,0.0,0,,0.0,0.0,,,0,0,2021,shooting,Arsenal
ENG-Premier League,2021/22,Arsenal,Ainsley Maitland-Niles,ENG,MF,23.0,1997.0,3.0,0,2.0,0,0.0,0.67,0.0,0.0,,0,0,2021,shooting,Arsenal
ENG-Premier League,2021/22,Arsenal,Albert Sambi Lokonga,BEL,MF,21.0,1999.0,12.6,0,20.0,8,40.0,1.59,0.63,0.0,0.0,0,0,2021,shooting,Arsenal
ENG-Premier League,2021/22,Arsenal,Alexandre Lacazette,FRA,"FW,MF",30.0,1991.0,19.8,4,46.0,15,32.6,2.32,0.76,0.09,0.27,2,3,2021,shooting,Arsenal
ENG-Premier League,2021/22,Arsenal,Ben White,ENG,DF,23.0,1997.0,32.0,0,12.0,4,33.3,0.37,0.12,0.0,0.0,0,0,2021,shooting,Arsenal
ENG-Premier League,2021/22,Arsenal,Bernd Leno,GER,GK,29.0,1992.0,4.0,0,0.0,0,,0.0,0.0,,,0,0,2021,shooting,Arsenal
ENG-Premier League,2021/22,Arsenal,Bukayo Saka,ENG,"MF,FW",19.0,2001.0,33.1,11,97.0,31,32.0,2.93,0.94,0.11,0.35,2,2,2021,shooting,Arsenal
ENG-Premier League,2021/22,Arsenal,Calum Chambers,ENG,DF,26.0,1995.0,1.9,0,2.0,0,0.0,1.06,0.0,0.0,,0,0,2021,shooting,Arsenal
ENG-Premier League,2021/22,Arsenal,Cédric Soares,POR,DF,29.0,1991.0,16.5,1,12.0,1,8.3,0.73,0.06,0.08,1.0,0,0,2021,shooting,Arsenal
ENG-Premier League,2021/22,Arsenal,Eddie Nketiah,ENG,FW,22.0,1999.0,9.3,5,28.0,12,42.9,3.02,1.29,0.18,0.42,0,0,2021,shooting,Arsenal
ENG-Premier League,2021/22,Arsenal,Emile Smith Rowe,ENG,MF,21.0,2000.0,21.3,10,40.0,23,57.5,1.87,1.08,0.25,0.43,0,0,2021,shooting,Arsenal
ENG-Premier League,2021/22,Arsenal,Folarin Balogun,USA,FW,20.0,2001.0,0.8,0,3.0,0,0.0,3.86,0.0,0.0,,0,0,2021,shooting,Arsenal
ENG-Premier League,2021/22,Arsenal,Gabriel Magalhães,BRA,DF,23.0,1997.0,34.0,5,29.0,12,41.4,0.85,0.35,0.17,0.42,0,0,2021,shooting,Arsenal
ENG-Premier League,2021/22,Arsenal,Gabriel Martinelli,BRA,"MF,FW",20.0,2001.0,20.7,6,52.0,16,30.8,2.52,0.77,0.12,0.38,1,1,2021,shooting,Arsenal
ENG-Premier League,2021/22,Arsenal,Granit Xhaka,SUI,MF,28.0,1992.0,25.9,1,27.0,5,18.5,1.04,0.19,0.04,0.2,0,0,2021,shooting,Arsenal
ENG-Premier League,2021/22,Arsenal,Kieran Tierney,SCO,DF,24.0,1997.0,21.3,1,15.0,5,33.3,0.7,0.23,0.07,0.2,0,0,2021,shooting,Arsenal
ENG-Premier League,2021/22,Arsenal,Martin Ødegaard,NOR,MF,22.0,1998.0,30.9,7,53.0,21,39.6,1.71,0.68,0.13,0.33,0,0,2021,shooting,Arsenal
ENG-Premier League,2021/22,Arsenal,Mohamed Elneny,EGY,MF,29.0,1992.0,9.0,0,8.0,2,25.0,0.89,0.22,0.0,0.0,0,0,2021,shooting,Arsenal
ENG-Premier League,2021/22,Arsenal,Nicolas Pépé,CIV,MF,26.0,1995.0,7.7,1,23.0,8,34.8,2.97,1.03,0.04,0.13,0,0,2021,shooting,Arsenal
ENG-Premier League,2021/22,Arsenal,Nuno Tavares,POR,DF,21.0,2000.0,13.1,1,23.0,2,8.7,1.76,0.15,0.04,0.5,0,0,2021,shooting,Arsenal
ENG-Premier League,2021/22,Arsenal,Pablo Marí,ESP,DF,27.0,1993.0,2.0,0,1.0,0,0.0,0.5,0.0,0.0,,0,0,2021,shooting,Arsenal
ENG-Premier League,2021/22,Arsenal,Pierre-Emerick Aubameyang,GAB,FW,32.0,1989.0,11.5,4,35.0,18,51.4,3.04,1.56,0.11,0.22,0,2,2021,shooting,Arsenal
ENG-Premier League,2021/22,Arsenal,Reiss Nelson,ENG,"FW,MF",21.0,1999.0,0.2,0,1.0,0,0.0,4.5,0.0,0.0,,0,0,2021,shooting,Arsenal
ENG-Premier League,2021/22,Arsenal,Rob Holding,ENG,DF,25.0,1995.0,9.4,1,4.0,1,25.0,0.43,0.11,0.25,1.0,0,0,2021,shooting,Arsenal
ENG-Premier League,2021/22,Arsenal,Sead Kolašinac,BIH,DF,28.0,1993.0,1.0,0,0.0,0,,0.0,0.0,,,0,0,2021,shooting,Arsenal
ENG-Premier League,2021/22,Arsenal,Takehiro Tomiyasu,JPN,DF,22.0,1998.0,18.7,0,11.0,2,18.2,0.59,0.11,0.0,0.0,0,0,2021,shooting,Arsenal
ENG-Premier League,2021/22,Arsenal,Thomas Partey,GHA,MF,28.0,1993.0,22.5,2,44.0,10,22.7,1.95,0.44,0.05,0.2,0,0,2021,shooting,Arsenal
ENG-Premier League,2021/22,Aston Villa,Anwar El Ghazi,NED,"MF,FW",26.0,1995.0,4.3,1,8.0,3,37.5,1.87,0.7,0.13,0.33,1,1,2021,shooting,Aston Villa
ENG-Premier League,2021/22,Aston Villa,Ashley Young,ENG,"DF,FW",36.0,1985.0,13.9,0,10.0,3,30.0,0.72,0.22,0.0,0.0,0,0,2021,shooting,Aston Villa
ENG-Premier League,2021/22,Aston Villa,Axel Tuanzebe,COD,DF,23.0,1997.0,5.6,0,2.0,1,50.0,0.35,0.18,0.0,0.0,0,0,2021,shooting,Aston Villa
ENG-Premier League,2021/22,Aston Villa,Bertrand Traoré,BFA,FW,25.0,1995.0,2.4,0,8.0,1,12.5,3.27,0.41,0.0,0.0,0,0,2021,shooting,Aston Villa
ENG-Premier League,2021/22,Aston Villa,Calum Chambers,ENG,"DF,MF",26.0,1995.0,9.2,1,3.0,1,33.3,0.32,0.11,0.33,1.0,0,0,2021,shooting,Aston Villa
ENG-Premier League,2021/22,Aston Villa,Cameron Archer,ENG,"FW,MF",20.0,2001.0,0.3,0,1.0,0,0.0,3.33,0.0,0.0,,0,0,2021,shooting,Aston Villa
ENG-Premier League,2021/22,Aston Villa,Carney Chukwuemeka,AUT,MF,17.0,2003.0,3.3,0,4.0,1,25.0,1.2,0.3,0.0,0.0,0,0,2021,shooting,Aston Villa
ENG-Premier League,2021/22,Aston Villa,Danny Ings,ENG,FW,29.0,1992.0,21.1,7,49.0,18,36.7,2.32,0.85,0.14,0.39,1,1,2021,shooting,Aston Villa
ENG-Premier League,2021/22,Aston Villa,Douglas Luiz,BRA,MF,23.0,1998.0,30.2,2,23.0,8,34.8,0.76,0.27,0.09,0.25,0,0,2021,shooting,Aston Villa
ENG-Premier League,2021/22,Aston Villa,Emi Buendía,ARG,"FW,MF",24.0,1996.0,21.1,4,44.0,13,29.5,2.09,0.62,0.09,0.31,0,0,2021,shooting,Aston Villa
ENG-Premier League,2021/22,Aston Villa,Emiliano Martínez,ARG,GK,28.0,1992.0,36.0,0,0.0,0,,0.0,0.0,,,0,0,2021,shooting,Aston Villa
ENG-Premier League,2021/22,Aston Villa,Ezri Konsa,ENG,DF,23.0,1997.0,27.5,2,15.0,6,40.0,0.55,0.22,0.13,0.33,0,0,2021,shooting,Aston Villa
ENG-Premier League,2021/22,Aston Villa,Jacob Ramsey,ENG,MF,20.0,2001.0,27.4,6,34.0,11,32.4,1.24,0.4,0.18,0.55,0,0,2021,shooting,Aston Villa
ENG-Premier League,2021/22,Aston Villa,Jaden Philogene Bidace,ENG,"FW,MF",19.0,2002.0,0.1,0,0.0,0,,0.0,0.0,,,0,0,2021,shooting,Aston Villa
ENG-Premier League,2021/22,Aston Villa,Jed Steer,ENG,GK,28.0,1992.0,1.0,0,0.0,0,,0.0,0.0,,,0,0,2021,shooting,Aston Villa
ENG-Premier League,2021/22,Aston Villa,John McGinn,SCO,MF,26.0,1994.0,34.3,3,43.0,16,37.2,1.25,0.47,0.07,0.19,0,0,2021,shooting,Aston Villa
ENG-Premier League,2021/22,Aston Villa,Keinan Davis,ENG,FW,23.0,1998.0,0.1,0,0.0,0,,0.0,0.0,,,0,0,2021,shooting,Aston Villa
ENG-Premier League,2021/22,Aston Villa,Kortney Hause,ENG,DF,26.0,1995.0,4.4,1,2.0,2,100.0,0.45,0.45,0.5,0.5,0,0,2021,shooting,Aston Villa
ENG-Premier League,2021/22,Aston Villa,Leon Bailey,JAM,"FW,MF",23.0,1997.0,8.5,1,21.0,8,38.1,2.48,0.95,0.05,0.13,0,0,2021,shooting,Aston Villa
ENG-Premier League,2021/22,Aston Villa,Lucas Digne,FRA,DF,28.0,1993.0,14.1,0,9.0,2,22.2,0.64,0.14,0.0,0.0,0,0,2021,shooting,Aston Villa
ENG-Premier League,2021/22,Aston Villa,Marvelous Nakamba,ZIM,MF,27.0,1994.0,10.0,0,0.0,0,,0.0,0.0,,,0,0,2021,shooting,Aston Villa
ENG-Premier League,2021/22,Aston Villa,Matt Targett,ENG,"DF,MF",25.0,1995.0,15.9,1,7.0,2,28.6,0.44,0.13,0.14,0.5,0,0,2021,shooting,Aston Villa
ENG-Premier League,2021/22,Aston Villa,Matty Cash,POL,"DF,MF",23.0,1997.0,37.5,4,37.0,13,35.1,0.99,0.35,0.11,0.31,0,0,2021,shooting,Aston Villa
ENG-Premier League,2021/22,Aston Villa,Morgan Sanson,FRA,MF,26.0,1994.0,4.0,0,1.0,0,0.0,0.25,0.0,0.0,,0,0,2021,shooting,Aston Villa
ENG-Premier League,2021/22,Aston Villa,Ollie Watkins,ENG,FW,25.0,1995.0,32.8,11,77.0,32,41.6,2.35,0.98,0.14,0.34,1,1,2021,shooting,Aston Villa
ENG-Premier League,2021/22,Aston Villa,Philippe Coutinho,BRA,"MF,FW",29.0,1992.0,14.8,5,43.0,16,37.2,2.91,1.08,0.12,0.31,0,0,2021,shooting,Aston Villa
ENG-Premier League,2021/22,Aston Villa,Robin Olsen,SWE,GK,31.0,1990.0,1.0,0,0.0,0,,0.0,0.0,,,0,0,2021,shooting,Aston Villa
ENG-Premier League,2021/22,Aston Villa,Tim Iroegbunam,ENG,MF,18.0,2003.0,1.0,0,1.0,0,0.0,0.98,0.0,0.0,,0,0,2021,shooting,Aston Villa
ENG-Premier League,2021/22,Aston Villa,Trézéguet,EGY,"FW,MF",26.0,1994.0,0.1,0,1.0,0,0.0,8.18,0.0,0.0,,0,0,2021,shooting,Aston Villa
ENG-Premier League,2021/22,Aston Villa,Tyrone Mings,ENG,DF,28.0,1993.0,35.4,1,21.0,5,23.8,0.59,0.14,0.05,0.2,0,0,2021,shooting,Aston Villa
ENG-Premier League,2021/22,Aston Villa,Wesley Moraes,BRA,FW,24.0,1996.0,0.0,0,0.0,0,,0.0,0.0,,,0,0,2021,shooting,Aston Villa
ENG-Premier League,2021/22,Brentford,Bryan Mbeumo,CMR,FW,21.0,1999.0,32.3,4,77.0,22,28.6,2.39,0.68,0.05,0.18,1,1,2021,shooting,Brentford
ENG-Premier League,2021/22,Brentford,Charlie Goode,ENG,DF,25.0,1995.0,5.0,0,2.0,0,0.0,0.4,0.0,0.0,,0,0,2021,shooting,Brentford
ENG-Premier League,2021/22,Brentford,Christian Eriksen,DEN,MF,29.0,1992.0,10.4,1,22.0,9,40.9,2.11,0.86,0.05,0.11,0,0,2021,shooting,Brentford
ENG-Premier League,2021/22,Brentford,Christian Nørgaard,DEN,MF,27.0,1994.0,33.9,3,27.0,9,33.3,0.8,0.27,0.11,0.33,0,0,2021,shooting,Brentford
ENG-Premier League,2021/22,Brentford,David Raya,ESP,GK,25.0,1995.0,24.0,0,0.0,0,,0.0,0.0,,,0,0,2021,shooting,Brentford
ENG-Premier League,2021/22,Brentford,Dominic Thompson,ENG,MF,21.0,2000.0,1.6,0,1.0,0,0.0,0.62,0.0,0.0,,0,0,2021,shooting,Brentford
ENG-Premier League,2021/22,Brentford,Ethan Pinnock,JAM,DF,28.0,1993.0,29.9,1,16.0,9,56.3,0.53,0.3,0.06,0.11,0,0,2021,shooting,Brentford
ENG-Premier League,2021/22,Brentford,Finley Stevens,WAL,DF,18.0,2003.0,0.2,0,0.0,0,,0.0,0.0,,,0,0,2021,shooting,Brentford
ENG-Premier League,2021/22,Brentford,Frank Onyeka,NGA,MF,23.0,1998.0,11.6,0,16.0,5,31.3,1.38,0.43,0.0,0.0,0,0,2021,shooting,Brentford
ENG-Premier League,2021/22,Brentford,Ivan Toney,ENG,FW,25.0,1996.0,32.3,12,88.0,30,34.1,2.72,0.93,0.14,0.4,5,5,2021,shooting,Brentford
ENG-Premier League,2021/22,Brentford,Jonas Lössl,DEN,GK,32.0,1989.0,2.0,0,0.0,0,,0.0,0.0,,,0,0,2021,shooting,Brentford
ENG-Premier League,2021/22,Brentford,Josh Dasilva,ENG,"MF,FW",22.0,1998.0,2.9,0,1.0,0,0.0,0.35,0.0,0.0,,0,0,2021,shooting,Brentford
ENG-Premier League,2021/22,Brentford,Kristoffer Ajer,NOR,DF,23.0,1998.0,22.2,1,7.0,1,14.3,0.32,0.05,0.14,1.0,0,0,2021,shooting,Brentford
ENG-Premier League,2021/22,Brentford,Mads Bech Sørensen,DEN,DF,22.0,1999.0,9.3,0,2.0,0,0.0,0.22,0.0,0.0,,0,0,2021,shooting,Brentford
ENG-Premier League,2021/22,Brentford,Mads Bidstrup,DEN,MF,20.0,2001.0,0.5,0,0.0,0,,0.0,0.0,,,0,0,2021,shooting,Brentford
ENG-Premier League,2021/22,Brentford,Mads Roerslev,DEN,"MF,DF",22.0,1999.0,13.8,1,5.0,2,40.0,0.36,0.15,0.2,0.5,0,0,2021,shooting,Brentford
ENG-Premier League,2021/22,Brentford,Marcus Forss,FIN,FW,22.0,1999.0,2.3,0,5.0,0,0.0,2.15,0.0,0.0,,0,0,2021,shooting,Brentford
ENG-Premier League,2021/22,Brentford,Mathias Jensen,DEN,MF,25.0,1996.0,17.8,0,19.0,5,26.3,1.07,0.28,0.0,0.0,0,0,2021,shooting,Brentford
ENG-Premier League,2021/22,Brentford,Mathias Jørgensen,DEN,DF,31.0,1990.0,5.8,1,2.0,1,50.0,0.35,0.17,0.5,1.0,0,0,2021,shooting,Brentford
ENG-Premier League,2021/22,Brentford,Nathan Young-Coombes,ENG,FW,18.0,2003.0,0.0,0,0.0,0,,0.0,0.0,,,0,0,2021,shooting,Brentford
ENG-Premier League,2021/22,Brentford,Pontus Jansson,SWE,DF,30.0,1991.0,36.9,3,22.0,11,50.0,0.6,0.3,0.14,0.27,0,0,2021,shooting,Brentford
ENG-Premier League,2021/22,Brentford,Rico Henry,JAM,"MF,DF",24.0,1997.0,30.8,3,14.0,5,35.7,0.45,0.16,0.21,0.6,0,0,2021,shooting,Brentford
ENG-Premier League,2021/22,Brentford,Saman Ghoddos,IRN,"FW,MF",27.0,1993.0,6.0,1,8.0,3,37.5,1.34,0.5,0.13,0.33,0,0,2021,shooting,Brentford
ENG-Premier League,2021/22,Brentford,Sergi Canós,ESP,MF,24.0,1997.0,23.1,3,33.0,13,39.4,1.43,0.56,0.09,0.23,0,0,2021,shooting,Brentford
ENG-Premier League,2021/22,Brentford,Shandon Baptiste,GRN,MF,23.0,1998.0,10.1,1,12.0,4,33.3,1.19,0.4,0.08,0.25,0,0,2021,shooting,Brentford
ENG-Premier League,2021/22,Brentford,Tariqe Fosu,GHA,"FW,MF",25.0,1995.0,0.2,0,1.0,1,100.0,5.29,5.29,0.0,0.0,0,0,2021,shooting,Brentford
ENG-Premier League,2021/22,Brentford,Vitaly Janelt,GER,MF,23.0,1998.0,25.5,4,30.0,11,36.7,1.17,0.43,0.13,0.36,0,0,2021,shooting,Brentford
ENG-Premier League,2021/22,Brentford,Yoane Wissa,COD,FW,24.0,1996.0,14.3,7,32.0,13,40.6,2.24,0.91,0.22,0.54,0,0,2021,shooting,Brentford
ENG-Premier League,2021/22,Brentford,Álvaro Fernández,ESP,GK,23.0,1998.0,12.0,0,0.0,0,,0.0,0.0,,,0,0,2021,shooting,Brentford
ENG-Premier League,2021/22,Brighton,Aaron Connolly,IRL,FW,21.0,2000.0,1.7,0,2.0,0,0.0,1.15,0.0,0.0,,0,0,2021,shooting,Brighton & Hove Albion
ENG-Premier League,2021/22,Brighton,Adam Lallana,ENG,MF,33.0,1988.0,17.3,0,19.0,4,21.1,1.1,0.23,0.0,0.0,0,0,2021,shooting,Brighton & Hove Albion
ENG-Premier League,2021/22,Brighton,Adam Webster,ENG,DF,26.0,1995.0,15.9,2,8.0,3,37.5,0.5,0.19,0.25,0.67,0,0,2021,shooting,Brighton & Hove Albion
ENG-Premier League,2021/22,Brighton,Alexis Mac Allister,ARG,"MF,FW",22.0,1998.0,23.6,5,60.0,11,18.3,2.54,0.47,0.08,0.45,2,3,2021,shooting,Brighton & Hove Albion
ENG-Premier League,2021/22,Brighton,Dan Burn,ENG,DF,29.0,1992.0,11.4,1,7.0,4,57.1,0.62,0.35,0.14,0.25,0,0,2021,shooting,Brighton & Hove Albion
ENG-Premier League,2021/22,Brighton,Danny Welbeck,ENG,"FW,MF",30.0,1990.0,16.4,6,43.0,22,51.2,2.62,1.34,0.14,0.27,0,0,2021,shooting,Brighton & Hove Albion
ENG-Premier League,2021/22,Brighton,Enock Mwepu,ZAM,MF,23.0,1998.0,11.1,2,19.0,8,42.1,1.72,0.72,0.11,0.25,0,0,2021,shooting,Brighton & Hove Albion
ENG-Premier League,2021/22,Brighton,Evan Ferguson,IRL,FW,16.0,2004.0,0.3,0,0.0,0,,0.0,0.0,,,0,0,2021,shooting,Brighton & Hove Albion
ENG-Premier League,2021/22,Brighton,Jakub Moder,POL,"MF,FW",22.0,1999.0,18.9,0,28.0,6,21.4,1.48,0.32,0.0,0.0,0,0,2021,shooting,Brighton & Hove Albion
ENG-Premier League,2021/22,Brighton,Jason Steele,ENG,GK,30.0,1990.0,1.0,0,0.0,0,,0.0,0.0,,,0,0,2021,shooting,Brighton & Hove Albion
ENG-Premier League,2021/22,Brighton,Jeremy Sarmiento,ECU,MF,19.0,2002.0,0.5,0,0.0,0,,0.0,0.0,,,0,0,2021,shooting,Brighton & Hove Albion
ENG-Premier League,2021/22,Brighton,Joël Veltman,NED,"DF,MF",29.0,1992.0,31.9,1,12.0,3,25.0,0.38,0.09,0.08,0.33,0,0,2021,shooting,Brighton & Hove Albion
ENG-Premier League,2021/22,Brighton,Jürgen Locadia,CUW,FW,27.0,1993.0,0.3,0,1.0,0,0.0,3.91,0.0,0.0,,0,0,2021,shooting,Brighton & Hove Albion
ENG-Premier League,2021/22,Brighton,Leandro Trossard,BEL,"FW,MF",26.0,1994.0,31.2,8,74.0,27,36.5,2.37,0.87,0.11,0.3,1,1,2021,shooting,Brighton & Hove Albion
ENG-Premier League,2021/22,Brighton,Lewis Dunk,ENG,DF,29.0,1991.0,28.6,1,19.0,7,36.8,0.66,0.24,0.05,0.14,0,0,2021,shooting,Brighton & Hove Albion
ENG-Premier League,2021/22,Brighton,Marc Cucurella,ESP,"DF,MF",23.0,1998.0,34.3,1,18.0,3,16.7,0.52,0.09,0.06,0.33,0,0,2021,shooting,Brighton & Hove Albion
ENG-Premier League,2021/22,Brighton,Moisés Caicedo,ECU,MF,19.0,2001.0,7.3,1,10.0,4,40.0,1.36,0.55,0.1,0.25,0,0,2021,shooting,Brighton & Hove Albion
ENG-Premier League,2021/22,Brighton,Neal Maupay,FRA,FW,24.0,1996.0,25.3,8,61.0,15,24.6,2.41,0.59,0.13,0.53,1,2,2021,shooting,Brighton & Hove Albion
ENG-Premier League,2021/22,Brighton,Pascal Groß,GER,MF,30.0,1991.0,22.6,2,23.0,8,34.8,1.02,0.35,0.09,0.25,0,1,2021,shooting,Brighton & Hove Albion
ENG-Premier League,2021/22,Brighton,Robert Sánchez,ESP,GK,23.0,1997.0,37.0,0,0.0,0,,0.0,0.0,,,0,0,2021,shooting,Brighton & Hove Albion
ENG-Premier League,2021/22,Brighton,Shane Duffy,IRL,DF,29.0,1992.0,16.0,1,22.0,6,27.3,1.38,0.38,0.05,0.17,0,0,2021,shooting,Brighton & Hove Albion
ENG-Premier League,2021/22,Brighton,Solly March,ENG,MF,27.0,1994.0,19.4,0,21.0,11,52.4,1.08,0.57,0.0,0.0,0,0,2021,shooting,Brighton & Hove Albion
ENG-Premier League,2021/22,Brighton,Steven Alzate,COL,MF,22.0,1998.0,4.5,0,1.0,1,100.0,0.22,0.22,0.0,0.0,0,0,2021,shooting,Brighton & Hove Albion
ENG-Premier League,2021/22,Brighton,Tariq Lamptey,GHA,"MF,DF",20.0,2000.0,17.3,0,19.0,4,21.1,1.1,0.23,0.0,0.0,0,0,2021,shooting,Brighton & Hove Albion
ENG-Premier League,2021/22,Brighton,Taylor Richards,ENG,MF,20.0,2000.0,0.3,0,1.0,0,0.0,3.6,0.0,0.0,,0,0,2021,shooting,Brighton & Hove Albion
ENG-Premier League,2021/22,Brighton,Yves Bissouma,MLI,MF,24.0,1996.0,23.5,1,21.0,5,23.8,0.9,0.21,0.05,0.2,0,0,2021,shooting,Brighton & Hove Albion
ENG-Premier League,2021/22,Burnley,Aaron Lennon,ENG,"MF,FW",34.0,1987.0,17.2,2,12.0,4,33.3,0.7,0.23,0.17,0.5,0,0,2021,shooting,Burnley
ENG-Premier League,2021/22,Burnley,Ashley Barnes,ENG,FW,31.0,1989.0,9.0,1,16.0,6,37.5,1.78,0.67,0.06,0.17,1,1,2021,shooting,Burnley
ENG-Premier League,2021/22,Burnley,Ashley Westwood,ENG,MF,31.0,1990.0,25.4,0,14.0,2,14.3,0.55,0.08,0.0,0.0,0,0,2021,shooting,Burnley
ENG-Premier League,2021/22,Burnley,Ben Mee,ENG,DF,31.0,1989.0,20.4,3,19.0,4,21.1,0.93,0.2,0.16,0.75,0,0,2021,shooting,Burnley
ENG-Premier League,2021/22,Burnley,Charlie Taylor,ENG,DF,27.0,1993.0,30.3,0,7.0,0,0.0,0.23,0.0,0.0,,0,0,2021,shooting,Burnley
ENG-Premier League,2021/22,Burnley,Chris Wood,NZL,FW,29.0,1991.0,15.2,3,30.0,12,40.0,1.98,0.79,0.1,0.25,0,0,2021,shooting,Burnley
ENG-Premier League,2021/22,Burnley,Connor Roberts,WAL,DF,25.0,1995.0,18.8,1,6.0,4,66.7,0.32,0.21,0.17,0.25,0,0,2021,shooting,Burnley
ENG-Premier League,2021/22,Burnley,Dale Stephens,ENG,MF,32.0,1989.0,1.4,0,1.0,0,0.0,0.73,0.0,0.0,,0,0,2021,shooting,Burnley
ENG-Premier League,2021/22,Burnley,Dwight McNeil,ENG,MF,21.0,1999.0,34.5,0,52.0,15,28.8,1.51,0.43,0.0,0.0,0,0,2021,shooting,Burnley
ENG-Premier League,2021/22,Burnley,Erik Pieters,NED,DF,32.0,1988.0,8.1,0,7.0,0,0.0,0.86,0.0,0.0,,0,0,2021,shooting,Burnley
ENG-Premier League,2021/22,Burnley,Jack Cork,ENG,MF,32.0,1989.0,18.6,1,7.0,2,28.6,0.38,0.11,0.14,0.5,0,0,2021,shooting,Burnley
ENG-Premier League,2021/22,Burnley,James Tarkowski,ENG,DF,28.0,1992.0,34.5,1,23.0,7,30.4,0.67,0.2,0.04,0.14,0,0,2021,shooting,Burnley
ENG-Premier League,2021/22,Burnley,Jay Rodriguez,ENG,FW,32.0,1989.0,15.4,2,41.0,11,26.8,2.67,0.72,0.05,0.18,0,0,2021,shooting,Burnley
ENG-Premier League,2021/22,Burnley,Josh Brownhill,ENG,MF,25.0,1995.0,32.8,2,29.0,9,31.0,0.88,0.27,0.07,0.22,0,0,2021,shooting,Burnley
ENG-Premier League,2021/22,Burnley,Jóhann Berg Guðmundsson,ISL,MF,30.0,1990.0,12.2,0,19.0,5,26.3,1.55,0.41,0.0,0.0,0,0,2021,shooting,Burnley
ENG-Premier League,2021/22,Burnley,Kevin Long,IRL,DF,30.0,1990.0,4.6,0,4.0,0,0.0,0.88,0.0,0.0,,0,0,2021,shooting,Burnley
ENG-Premier League,2021/22,Burnley,Matthew Lowton,ENG,DF,32.0,1989.0,19.7,1,10.0,2,20.0,0.51,0.1,0.1,0.5,0,0,2021,shooting,Burnley
ENG-Premier League,2021/22,Burnley,Matěj Vydra,CZE,FW,29.0,1992.0,7.5,2,19.0,7,36.8,2.52,0.93,0.11,0.29,0,0,2021,shooting,Burnley
ENG-Premier League,2021/22,Burnley,Maxwel Cornet,CIV,"FW,MF",24.0,1996.0,19.6,9,47.0,22,46.8,2.4,1.12,0.19,0.41,0,1,2021,shooting,Burnley
ENG-Premier League,2021/22,Burnley,Nathan Collins,IRL,DF,20.0,2001.0,18.6,2,14.0,4,28.6,0.75,0.22,0.14,0.5,0,0,2021,shooting,Burnley
ENG-Premier League,2021/22,Burnley,Nick Pope,ENG,GK,29.0,1992.0,36.0,0,0.0,0,,0.0,0.0,,,0,0,2021,shooting,Burnley
ENG-Premier League,2021/22,Burnley,Wayne Hennessey,WAL,GK,34.0,1987.0,2.0,0,0.0,0,,0.0,0.0,,,0,0,2021,shooting,Burnley
ENG-Premier League,2021/22,Burnley,Wout Weghorst,NED,FW,28.0,1992.0,16.1,2,30.0,9,30.0,1.86,0.56,0.07,0.22,0,0,2021,shooting,Burnley
ENG-Premier League,2021/22,Chelsea,Andreas Christensen,DEN,DF,25.0,1996.0,16.6,0,5.0,0,0.0,0.3,0.0,0.0,,0,0,2021,shooting,Chelsea
ENG-Premier League,2021/22,Chelsea,Antonio Rüdiger,GER,DF,28.0,1993.0,33.7,3,48.0,13,27.1,1.42,0.39,0.06,0.23,0,0,2021,shooting,Chelsea
ENG-Premier League,2021/22,Chelsea,Ben Chilwell,ENG,MF,24.0,1996.0,6.0,3,13.0,6,46.2,2.16,1.0,0.23,0.5,0,0,2021,shooting,Chelsea
ENG-Premier League,2021/22,Chelsea,Callum Hudson-Odoi,ENG,MF,20.0,2000.0,10.7,1,18.0,7,38.9,1.68,0.65,0.06,0.14,0,0,2021,shooting,Chelsea
ENG-Premier League,2021/22,Chelsea,Christian Pulisic,USA,"MF,FW",22.0,1998.0,14.3,6,28.0,11,39.3,1.95,0.77,0.21,0.55,0,0,2021,shooting,Chelsea
ENG-Premier League,2021/22,Chelsea,César Azpilicueta,ESP,"DF,MF",31.0,1989.0,23.0,1,11.0,4,36.4,0.48,0.17,0.09,0.25,0,0,2021,shooting,Chelsea
ENG-Premier League,2021/22,Chelsea,Emerson Palmieri,ITA,"DF,MF",26.0,1994.0,0.1,0,0.0,0,,0.0,0.0,,,0,0,2021,shooting,Chelsea
ENG-Premier League,2021/22,Chelsea,Hakim Ziyech,MAR,"MF,FW",28.0,1993.0,14.7,4,52.0,19,36.5,3.55,1.3,0.08,0.21,0,0,2021,shooting,Chelsea
ENG-Premier League,2021/22,Chelsea,Jorginho,ITA,MF,29.0,1991.0,25.3,6,16.0,9,56.3,0.63,0.36,0.38,0.67,6,7,2021,shooting,Chelsea
ENG-Premier League,2021/22,Chelsea,Kai Havertz,GER,"FW,MF",22.0,1999.0,20.1,8,56.0,23,41.1,2.79,1.14,0.14,0.35,0,0,2021,shooting,Chelsea
ENG-Premier League,2021/22,Chelsea,Kenedy,BRA,MF,25.0,1996.0,0.6,0,1.0,0,0.0,1.55,0.0,0.0,,0,0,2021,shooting,Chelsea
ENG-Premier League,2021/22,Chelsea,Kepa Arrizabalaga,ESP,GK,26.0,1994.0,4.0,0,0.0,0,,0.0,0.0,,,0,0,2021,shooting,Chelsea
ENG-Premier League,2021/22,Chelsea,Malang Sarr,FRA,DF,22.0,1999.0,6.1,0,1.0,0,0.0,0.16,0.0,0.0,,0,0,2021,shooting,Chelsea
ENG-Premier League,2021/22,Chelsea,Marcos Alonso,ESP,MF,30.0,1990.0,24.1,4,43.0,11,25.6,1.79,0.46,0.09,0.36,0,0,2021,shooting,Chelsea
ENG-Premier League,2021/22,Chelsea,Mason Mount,ENG,MF,22.0,1999.0,26.3,11,76.0,29,38.2,2.89,1.1,0.14,0.38,1,1,2021,shooting,Chelsea
ENG-Premier League,2021/22,Chelsea,Mateo Kovačić,CRO,MF,27.0,1994.0,17.3,2,22.0,6,27.3,1.27,0.35,0.09,0.33,0,0,2021,shooting,Chelsea
ENG-Premier League,2021/22,Chelsea,N'Golo Kanté,FRA,MF,30.0,1991.0,19.7,2,17.0,9,52.9,0.86,0.46,0.12,0.22,0,0,2021,shooting,Chelsea
ENG-Premier League,2021/22,Chelsea,Reece James,ENG,MF,21.0,1999.0,20.7,5,37.0,10,27.0,1.79,0.48,0.14,0.5,0,0,2021,shooting,Chelsea
ENG-Premier League,2021/22,Chelsea,Romelu Lukaku,BEL,FW,28.0,1993.0,17.7,8,43.0,15,34.9,2.44,0.85,0.19,0.53,1,1,2021,shooting,Chelsea
ENG-Premier League,2021/22,Chelsea,Ross Barkley,ENG,MF,27.0,1993.0,2.0,1,9.0,4,44.4,4.53,2.01,0.11,0.25,0,0,2021,shooting,Chelsea
ENG-Premier League,2021/22,Chelsea,Ruben Loftus-Cheek,ENG,MF,25.0,1996.0,15.5,0,19.0,6,31.6,1.23,0.39,0.0,0.0,0,0,2021,shooting,Chelsea
ENG-Premier League,2021/22,Chelsea,Saúl Ñíguez,ESP,MF,26.0,1994.0,5.3,0,5.0,1,20.0,0.94,0.19,0.0,0.0,0,0,2021,shooting,Chelsea
ENG-Premier League,2021/22,Chelsea,Thiago Silva,BRA,DF,36.0,1984.0,29.4,3,18.0,5,27.8,0.61,0.17,0.17,0.6,0,0,2021,shooting,Chelsea
ENG-Premier League,2021/22,Chelsea,Timo Werner,GER,"FW,MF",25.0,1996.0,14.3,4,45.0,16,35.6,3.16,1.12,0.09,0.25,0,0,2021,shooting,Chelsea
ENG-Premier League,2021/22,Chelsea,Trevoh Chalobah,ENG,DF,22.0,1999.0,16.1,3,9.0,7,77.8,0.56,0.43,0.33,0.43,0,0,2021,shooting,Chelsea
ENG-Premier League,2021/22,Chelsea,Édouard Mendy,SEN,GK,29.0,1992.0,34.0,0,0.0,0,,0.0,0.0,,,0,0,2021,shooting,Chelsea
ENG-Premier League,2021/22,Crystal Palace,Cheikhou Kouyaté,SEN,MF,31.0,1989.0,21.9,0,7.0,0,0.0,0.32,0.0,0.0,,0,0,2021,shooting,Crystal Palace
ENG-Premier League,2021/22,Crystal Palace,Christian Benteke,BEL,FW,30.0,1990.0,12.7,4,38.0,13,34.2,2.99,1.02,0.11,0.31,0,0,2021,shooting,Crystal Palace
ENG-Premier League,2021/22,Crystal Palace,Conor Gallagher,ENG,MF,21.0,2000.0,31.6,8,52.0,22,42.3,1.64,0.7,0.15,0.36,0,0,2021,shooting,Crystal Palace
ENG-Premier League,2021/22,Crystal Palace,Eberechi Eze,ENG,"MF,FW",23.0,1998.0,6.7,1,10.0,1,10.0,1.49,0.15,0.1,1.0,0,0,2021,shooting,Crystal Palace
ENG-Premier League,2021/22,Crystal Palace,Jack Butland,ENG,GK,28.0,1993.0,8.5,0,0.0,0,,0.0,0.0,,,0,0,2021,shooting,Crystal Palace
ENG-Premier League,2021/22,Crystal Palace,James McArthur,SCO,MF,33.0,1987.0,16.0,0,9.0,3,33.3,0.56,0.19,0.0,0.0,0,0,2021,shooting,Crystal Palace
ENG-Premier League,2021/22,Crystal Palace,James Tomkins,ENG,DF,32.0,1989.0,6.1,1,4.0,2,50.0,0.66,0.33,0.25,0.5,0,0,2021,shooting,Crystal Palace
ENG-Premier League,2021/22,Crystal Palace,Jaïro Riedewald,NED,MF,24.0,1996.0,1.3,0,0.0,0,,0.0,0.0,,,0,0,2021,shooting,Crystal Palace
ENG-Premier League,2021/22,Crystal Palace,Jean-Philippe Mateta,FRA,FW,24.0,1997.0,12.7,5,37.0,18,48.6,2.91,1.41,0.14,0.28,0,0,2021,shooting,Crystal Palace
ENG-Premier League,2021/22,Crystal Palace,Jeffrey Schlupp,GHA,"MF,FW",28.0,1992.0,20.6,4,33.0,9,27.3,1.6,0.44,0.12,0.44,0,0,2021,shooting,Crystal Palace
ENG-Premier League,2021/22,Crystal Palace,Jesurun Rak Sakyi,GHA,MF,18.0,2002.0,0.9,0,0.0,0,,0.0,0.0,,,0,0,2021,shooting,Crystal Palace
ENG-Premier League,2021/22,Crystal Palace,Joachim Andersen,DEN,DF,25.0,1996.0,32.4,0,8.0,3,37.5,0.25,0.09,0.0,0.0,0,0,2021,shooting,Crystal Palace
ENG-Premier League,2021/22,Crystal Palace,Joel Ward,ENG,DF,31.0,1989.0,27.6,0,10.0,1,10.0,0.36,0.04,0.0,0.0,0,0,2021,shooting,Crystal Palace
ENG-Premier League,2021/22,Crystal Palace,Jordan Ayew,GHA,"FW,MF",29.0,1991.0,22.4,3,35.0,8,22.9,1.56,0.36,0.09,0.38,0,0,2021,shooting,Crystal Palace
ENG-Premier League,2021/22,Crystal Palace,Luka Milivojević,SRB,MF,30.0,1991.0,8.6,0,8.0,0,0.0,0.93,0.0,0.0,,0,0,2021,shooting,Crystal Palace
ENG-Premier League,2021/22,Crystal Palace,Marc Guéhi,ENG,DF,21.0,2000.0,35.8,2,19.0,5,26.3,0.53,0.14,0.11,0.4,0,0,2021,shooting,Crystal Palace
ENG-Premier League,2021/22,Crystal Palace,Michael Olise,FRA,"FW,MF",19.0,2001.0,12.7,2,19.0,10,52.6,1.5,0.79,0.11,0.2,0,0,2021,shooting,Crystal Palace
ENG-Premier League,2021/22,Crystal Palace,Nathan Ferguson,ENG,DF,20.0,2000.0,0.1,0,0.0,0,,0.0,0.0,,,0,0,2021,shooting,Crystal Palace
ENG-Premier League,2021/22,Crystal Palace,Nathaniel Clyne,ENG,DF,30.0,1991.0,15.0,0,3.0,2,66.7,0.2,0.13,0.0,0.0,0,0,2021,shooting,Crystal Palace
ENG-Premier League,2021/22,Crystal Palace,Odsonne Édouard,FRA,"FW,MF",23.0,1998.0,17.4,6,40.0,18,45.0,2.3,1.04,0.15,0.33,1,1,2021,shooting,Crystal Palace
ENG-Premier League,2021/22,Crystal Palace,Tyrick Mitchell,ENG,DF,21.0,1999.0,34.5,0,4.0,0,0.0,0.12,0.0,0.0,,0,0,2021,shooting,Crystal Palace
ENG-Premier League,2021/22,Crystal Palace,Vicente Guaita,ESP,GK,34.0,1987.0,29.5,0,0.0,0,,0.0,0.0,,,0,0,2021,shooting,Crystal Palace
ENG-Premier League,2021/22,Crystal Palace,Wilfried Zaha,CIV,"FW,MF",28.0,1992.0,30.7,14,69.0,32,46.4,2.25,1.04,0.2,0.44,5,7,2021,shooting,Crystal Palace
ENG-Premier League,2021/22,Crystal Palace,Will Hughes,ENG,MF,26.0,1995.0,11.7,0,6.0,0,0.0,0.51,0.0,0.0,,0,0,2021,shooting,Crystal Palace
ENG-Premier League,2021/22,Everton,Abdoulaye Doucouré,MLI,MF,28.0,1993.0,28.2,2,34.0,11,32.4,1.21,0.39,0.06,0.18,0,0,2021,shooting,Everton
ENG-Premier League,2021/22,Everton,Alex Iwobi,NGA,"MF,DF",25.0,1996.0,22.6,2,24.0,6,25.0,1.06,0.27,0.08,0.33,0,0,2021,shooting,Everton
ENG-Premier League,2021/22,Everton,Allan,BRA,MF,30.0,1991.0,24.3,0,7.0,3,42.9,0.29,0.12,0.0,0.0,0,0,2021,shooting,Everton
ENG-Premier League,2021/22,Everton,Andros Townsend,ENG,MF,30.0,1991.0,16.2,3,21.0,10,47.6,1.3,0.62,0.14,0.3,1,1,2021,shooting,Everton
ENG-Premier League,2021/22,Everton,André Gomes,POR,MF,28.0,1993.0,6.9,0,14.0,4,28.6,2.04,0.58,0.0,0.0,0,0,2021,shooting,Everton
ENG-Premier League,2021/22,Everton,Anthony Gordon,ENG,"MF,FW",20.0,2001.0,25.4,4,44.0,18,40.9,1.73,0.71,0.09,0.22,0,0,2021,shooting,Everton
ENG-Premier League,2021/22,Everton,Anwar El Ghazi,NED,"FW,MF",26.0,1995.0,0.1,0,0.0,0,,0.0,0.0,,,0,0,2021,shooting,Everton
ENG-Premier League,2021/22,Everton,Asmir Begović,BIH,GK,34.0,1987.0,3.0,0,0.0,0,,0.0,0.0,,,0,0,2021,shooting,Everton
ENG-Premier League,2021/22,Everton,Ben Godfrey,ENG,DF,23.0,1998.0,22.5,0,18.0,7,38.9,0.8,0.31,0.0,0.0,0,0,2021,shooting,Everton
ENG-Premier League,2021/22,Everton,Cenk Tosun,TUR,"FW,MF",30.0,1991.0,0.1,0,0.0,0,,0.0,0.0,,,0,0,2021,shooting,Everton
ENG-Premier League,2021/22,Everton,Dele Alli,ENG,MF,25.0,1996.0,3.8,0,3.0,0,0.0,0.8,0.0,0.0,,0,0,2021,shooting,Everton
ENG-Premier League,2021/22,Everton,Demarai Gray,JAM,"MF,FW",25.0,1996.0,26.0,5,65.0,17,26.2,2.5,0.65,0.08,0.29,0,0,2021,shooting,Everton
ENG-Premier League,2021/22,Everton,Dominic Calvert-Lewin,ENG,FW,24.0,1997.0,14.3,5,33.0,13,39.4,2.31,0.91,0.15,0.38,2,3,2021,shooting,Everton
ENG-Premier League,2021/22,Everton,Donny van de Beek,NED,MF,24.0,1997.0,5.4,1,5.0,1,20.0,0.93,0.19,0.2,1.0,0,0,2021,shooting,Everton
ENG-Premier League,2021/22,Everton,Ellis Simms,ENG,FW,20.0,2001.0,0.7,0,0.0,0,,0.0,0.0,,,0,0,2021,shooting,Everton
ENG-Premier League,2021/22,Everton,Fabian Delph,ENG,MF,31.0,1989.0,7.4,0,2.0,0,0.0,0.27,0.0,0.0,,0,0,2021,shooting,Everton
ENG-Premier League,2021/22,Everton,Isaac Price,NIR,MF,17.0,2003.0,0.2,0,1.0,0,0.0,6.43,0.0,0.0,,0,0,2021,shooting,Everton
ENG-Premier League,2021/22,Everton,Jarrad Branthwaite,ENG,DF,19.0,2002.0,4.3,1,3.0,2,66.7,0.7,0.46,0.33,0.5,0,0,2021,shooting,Everton
ENG-Premier League,2021/22,Everton,Jean-Philippe Gbamin,CIV,MF,25.0,1995.0,0.7,0,0.0,0,,0.0,0.0,,,0,0,2021,shooting,Everton
ENG-Premier League,2021/22,Everton,Jonjoe Kenny,ENG,DF,24.0,1997.0,11.3,0,5.0,0,0.0,0.44,0.0,0.0,,0,0,2021,shooting,Everton
ENG-Premier League,2021/22,Everton,Jordan Pickford,ENG,GK,27.0,1994.0,35.0,0,0.0,0,,0.0,0.0,,,0,0,2021,shooting,Everton
ENG-Premier League,2021/22,Everton,Lewis Dobbin,ENG,"FW,MF",18.0,2003.0,0.4,0,0.0,0,,0.0,0.0,,,0,0,2021,shooting,Everton
ENG-Premier League,2021/22,Everton,Lucas Digne,FRA,DF,28.0,1993.0,13.0,0,9.0,1,11.1,0.69,0.08,0.0,0.0,0,0,2021,shooting,Everton
ENG-Premier League,2021/22,Everton,Mason Holgate,JAM,DF,24.0,1996.0,23.7,2,7.0,3,42.9,0.3,0.13,0.29,0.67,0,0,2021,shooting,Everton
ENG-Premier League,2021/22,Everton,Michael Keane,ENG,DF,28.0,1993.0,31.0,3,20.0,6,30.0,0.64,0.19,0.15,0.5,0,0,2021,shooting,Everton
ENG-Premier League,2021/22,Everton,Moise Kean,ITA,FW,21.0,2000.0,0.0,0,0.0,0,,0.0,0.0,,,0,0,2021,shooting,Everton
ENG-Premier League,2021/22,Everton,Richarlison,BRA,"FW,MF",24.0,1997.0,28.0,10,73.0,23,31.5,2.6,0.82,0.14,0.43,3,3,2021,shooting,Everton
ENG-Premier League,2021/22,Everton,Salomón Rondón,VEN,FW,31.0,1989.0,8.8,1,21.0,6,28.6,2.39,0.68,0.05,0.17,0,0,2021,shooting,Everton
ENG-Premier League,2021/22,Everton,Séamus Coleman,IRL,"DF,MF",32.0,1988.0,29.5,1,8.0,1,12.5,0.27,0.03,0.13,1.0,0,0,2021,shooting,Everton
ENG-Premier League,2021/22,Everton,Tom Davies,ENG,MF,23.0,1998.0,2.6,1,6.0,2,33.3,2.31,0.77,0.17,0.5,0,0,2021,shooting,Everton
ENG-Premier League,2021/22,Everton,Tyler Onyango,ENG,MF,18.0,2003.0,0.3,0,1.0,0,0.0,3.21,0.0,0.0,,0,0,2021,shooting,Everton
ENG-Premier League,2021/22,Everton,Vitaliy Mykolenko,UKR,"DF,MF",22.0,1999.0,11.7,1,8.0,2,25.0,0.68,0.17,0.13,0.5,0,0,2021,shooting,Everton
ENG-Premier League,2021/22,Everton,Yerry Mina,COL,DF,26.0,1994.0,9.4,0,6.0,2,33.3,0.64,0.21,0.0,0.0,0,0,2021,shooting,Everton
ENG-Premier League,2021/22,Leeds United,Adam Forshaw,ENG,MF,29.0,1991.0,17.0,0,14.0,4,28.6,0.82,0.24,0.0,0.0,0,0,2021,shooting,Leeds United
ENG-Premier League,2021/22,Leeds United,Charlie Cresswell,ENG,DF,18.0,2002.0,1.6,0,1.0,0,0.0,0.64,0.0,0.0,,0,0,2021,shooting,Leeds United
ENG-Premier League,2021/22,Leeds United,Cody Drameh,ENG,DF,19.0,2001.0,1.4,0,0.0,0,,0.0,0.0,,,0,0,2021,shooting,Leeds United
ENG-Premier League,2021/22,Leeds United,Crysencio Summerville,NED,"FW,MF",19.0,2001.0,1.4,0,2.0,0,0.0,1.38,0.0,0.0,,0,0,2021,shooting,Leeds United
ENG-Premier League,2021/22,Leeds United,Daniel James,WAL,"FW,MF",23.0,1997.0,26.3,4,50.0,17,34.0,1.9,0.65,0.08,0.24,0,0,2021,shooting,Leeds United
ENG-Premier League,2021/22,Leeds United,Diego Llorente,ESP,DF,27.0,1993.0,26.0,3,10.0,3,30.0,0.38,0.12,0.3,1.0,0,0,2021,shooting,Leeds United
ENG-Premier League,2021/22,Leeds United,Hélder Costa,ANG,"FW,MF",27.0,1994.0,0.2,0,1.0,0,0.0,4.09,0.0,0.0,,0,0,2021,shooting,Leeds United
ENG-Premier League,2021/22,Leeds United,Illan Meslier,FRA,GK,21.0,2000.0,37.6,0,0.0,0,,0.0,0.0,,,0,0,2021,shooting,Leeds United
ENG-Premier League,2021/22,Leeds United,Jack Harrison,ENG,MF,24.0,1996.0,29.3,8,43.0,17,39.5,1.47,0.58,0.19,0.47,0,0,2021,shooting,Leeds United
ENG-Premier League,2021/22,Leeds United,Jamie Shackleton,ENG,"DF,MF",21.0,1999.0,7.9,0,4.0,1,25.0,0.51,0.13,0.0,0.0,0,0,2021,shooting,Leeds United
ENG-Premier League,2021/22,Leeds United,Joe Gelhardt,ENG,FW,19.0,2002.0,8.3,2,23.0,10,43.5,2.77,1.21,0.09,0.2,0,0,2021,shooting,Leeds United
ENG-Premier League,2021/22,Leeds United,Junior Firpo,DOM,"DF,MF",24.0,1996.0,19.0,0,11.0,1,9.1,0.58,0.05,0.0,0.0,0,0,2021,shooting,Leeds United
ENG-Premier League,2021/22,Leeds United,Kalvin Phillips,ENG,MF,25.0,1995.0,17.7,0,15.0,3,20.0,0.85,0.17,0.0,0.0,0,0,2021,shooting,Leeds United
ENG-Premier League,2021/22,Leeds United,Kristoffer Klaesson,NOR,GK,20.0,2000.0,0.4,0,0.0,0,,0.0,0.0,,,0,0,2021,shooting,Leeds United
ENG-Premier League,2021/22,Leeds United,Leo Fuhr Hjelde,NOR,DF,17.0,2003.0,1.7,0,0.0,0,,0.0,0.0,,,0,0,2021,shooting,Leeds United
ENG-Premier League,2021/22,Leeds United,Lewis Bate,ENG,MF,18.0,2002.0,1.6,0,1.0,0,0.0,0.62,0.0,0.0,,0,0,2021,shooting,Leeds United
ENG-Premier League,2021/22,Leeds United,Liam Cooper,SCO,DF,29.0,1991.0,20.2,0,6.0,1,16.7,0.3,0.05,0.0,0.0,0,0,2021,shooting,Leeds United
ENG-Premier League,2021/22,Leeds United,Liam McCarron,SCO,DF,20.0,2001.0,0.1,0,0.0,0,,0.0,0.0,,,0,0,2021,shooting,Leeds United
ENG-Premier League,2021/22,Leeds United,Luke Ayling,ENG,DF,29.0,1991.0,25.2,2,19.0,4,21.1,0.75,0.16,0.11,0.5,0,0,2021,shooting,Leeds United
ENG-Premier League,2021/22,Leeds United,Mateusz Klich,POL,MF,31.0,1990.0,23.0,1,42.0,18,42.9,1.82,0.78,0.02,0.06,0,0,2021,shooting,Leeds United
ENG-Premier League,2021/22,Leeds United,Pascal Struijk,NED,DF,21.0,1999.0,22.8,1,11.0,4,36.4,0.48,0.18,0.09,0.25,0,0,2021,shooting,Leeds United
ENG-Premier League,2021/22,Leeds United,Patrick Bamford,ENG,FW,27.0,1993.0,6.2,2,20.0,5,25.0,3.22,0.81,0.1,0.4,0,0,2021,shooting,Leeds United
ENG-Premier League,2021/22,Leeds United,Raphinha,BRA,"MF,FW",24.0,1996.0,32.4,11,87.0,25,28.7,2.69,0.77,0.13,0.44,4,4,2021,shooting,Leeds United
ENG-Premier League,2021/22,Leeds United,Robin Koch,GER,"MF,DF",25.0,1996.0,17.5,0,13.0,1,7.7,0.74,0.06,0.0,0.0,0,0,2021,shooting,Leeds United
ENG-Premier League,2021/22,Leeds United,Rodrigo,ESP,"MF,FW",30.0,1991.0,25.2,6,47.0,18,38.3,1.87,0.72,0.13,0.33,1,1,2021,shooting,Leeds United
ENG-Premier League,2021/22,Leeds United,Sam Greenwood,ENG,MF,19.0,2002.0,2.6,0,4.0,0,0.0,1.52,0.0,0.0,,0,0,2021,shooting,Leeds United
ENG-Premier League,2021/22,Leeds United,Stuart Dallas,NIR,"DF,MF",30.0,1991.0,32.4,1,30.0,9,30.0,0.92,0.28,0.03,0.11,0,0,2021,shooting,Leeds United
ENG-Premier League,2021/22,Leeds United,Stuart McKinstry,SCO,MF,18.0,2002.0,0.0,0,0.0,0,,0.0,0.0,,,0,0,2021,shooting,Leeds United
ENG-Premier League,2021/22,Leeds United,Tyler Roberts,WAL,"MF,FW",22.0,1999.0,11.0,1,30.0,13,43.3,2.74,1.19,0.03,0.08,0,0,2021,shooting,Leeds United
ENG-Premier League,2021/22,Leicester City,Ademola Lookman,NGA,"MF,FW",23.0,1997.0,16.1,6,26.0,12,46.2,1.61,0.74,0.23,0.5,0,0,2021,shooting,Leicester City
ENG-Premier League,2021/22,Leicester City,Ayoze Pérez,ESP,MF,28.0,1993.0,4.9,2,11.0,6,54.5,2.22,1.21,0.18,0.33,0,0,2021,shooting,Leicester City
ENG-Premier League,2021/22,Leicester City,Boubakary Soumaré,FRA,MF,22.0,1999.0,12.2,0,6.0,2,33.3,0.49,0.16,0.0,0.0,0,0,2021,shooting,Leicester City
ENG-Premier League,2021/22,Leicester City,Daniel Amartey,GHA,DF,26.0,1994.0,23.6,0,2.0,1,50.0,0.08,0.04,0.0,0.0,0,0,2021,shooting,Leicester City
ENG-Premier League,2021/22,Leicester City,Danny Ward,WAL,GK,28.0,1993.0,1.0,0,0.0,0,,0.0,0.0,,,0,0,2021,shooting,Leicester City
ENG-Premier League,2021/22,Leicester City,Hamza Choudhury,BAN,"MF,DF",23.0,1997.0,3.2,0,1.0,0,0.0,0.32,0.0,0.0,,0,0,2021,shooting,Leicester City
ENG-Premier League,2021/22,Leicester City,Harvey Barnes,ENG,"MF,FW",23.0,1997.0,23.3,6,66.0,24,36.4,2.83,1.03,0.09,0.25,0,0,2021,shooting,Leicester City
ENG-Premier League,2021/22,Leicester City,James Justin,ENG,DF,23.0,1998.0,11.1,0,5.0,1,20.0,0.45,0.09,0.0,0.0,0,0,2021,shooting,Leicester City
ENG-Premier League,2021/22,Leicester City,James Maddison,ENG,"MF,FW",24.0,1996.0,27.3,12,72.0,34,47.2,2.64,1.24,0.17,0.35,0,0,2021,shooting,Leicester City
ENG-Premier League,2021/22,Leicester City,Jamie Vardy,ENG,FW,34.0,1987.0,20.1,15,54.0,26,48.1,2.69,1.3,0.28,0.58,0,0,2021,shooting,Leicester City
ENG-Premier League,2021/22,Leicester City,Jannik Vestergaard,DEN,DF,28.0,1992.0,6.3,0,1.0,0,0.0,0.16,0.0,0.0,,0,0,2021,shooting,Leicester City
ENG-Premier League,2021/22,Leicester City,Jonny Evans,NIR,DF,33.0,1988.0,15.0,1,3.0,2,66.7,0.2,0.13,0.33,0.5,0,0,2021,shooting,Leicester City
ENG-Premier League,2021/22,Leicester City,Kasey McAteer,IRL,MF,19.0,2001.0,0.0,0,0.0,0,,0.0,0.0,,,0,0,2021,shooting,Leicester City
ENG-Premier League,2021/22,Leicester City,Kasper Schmeichel,DEN,GK,34.0,1986.0,37.0,0,0.0,0,,0.0,0.0,,,0,0,2021,shooting,Leicester City
ENG-Premier League,2021/22,Leicester City,Kelechi Iheanacho,NGA,FW,24.0,1996.0,14.0,4,31.0,12,38.7,2.21,0.85,0.13,0.33,0,0,2021,shooting,Leicester City
ENG-Premier League,2021/22,Leicester City,Kiernan Dewsbury-Hall,ENG,MF,22.0,1998.0,23.4,1,21.0,3,14.3,0.9,0.13,0.05,0.33,0,0,2021,shooting,Leicester City
ENG-Premier League,2021/22,Leicester City,Lewis Brunt,ENG,"DF,MF",20.0,2000.0,0.3,0,0.0,0,,0.0,0.0,,,0,0,2021,shooting,Leicester City
ENG-Premier League,2021/22,Leicester City,Luke Thomas,ENG,"DF,MF",20.0,2001.0,21.2,0,4.0,0,0.0,0.19,0.0,0.0,,0,0,2021,shooting,Leicester City
ENG-Premier League,2021/22,Leicester City,Marc Albrighton,ENG,"MF,FW",31.0,1989.0,12.6,1,4.0,1,25.0,0.32,0.08,0.25,1.0,0,0,2021,shooting,Leicester City
ENG-Premier League,2021/22,Leicester City,Nampalys Mendy,SEN,MF,29.0,1992.0,11.5,0,1.0,1,100.0,0.09,0.09,0.0,0.0,0,0,2021,shooting,Leicester City
ENG-Premier League,2021/22,Leicester City,Patson Daka,ZAM,FW,22.0,1998.0,12.9,5,26.0,16,61.5,2.02,1.24,0.19,0.31,0,0,2021,shooting,Leicester City
ENG-Premier League,2021/22,Leicester City,Ricardo Pereira,POR,"DF,MF",27.0,1993.0,11.0,1,10.0,2,20.0,0.91,0.18,0.1,0.5,0,0,2021,shooting,Leicester City
ENG-Premier League,2021/22,Leicester City,Ryan Bertrand,ENG,DF,31.0,1989.0,3.7,0,0.0,0,,0.0,0.0,,,0,0,2021,shooting,Leicester City
ENG-Premier League,2021/22,Leicester City,Timothy Castagne,BEL,"DF,MF",25.0,1995.0,23.6,1,7.0,3,42.9,0.3,0.13,0.14,0.33,0,0,2021,shooting,Leicester City
ENG-Premier League,2021/22,Leicester City,Wesley Fofana,FRA,DF,20.0,2000.0,7.0,0,3.0,1,33.3,0.43,0.14,0.0,0.0,0,0,2021,shooting,Leicester City
ENG-Premier League,2021/22,Leicester City,Wilfred Ndidi,NGA,"MF,DF",24.0,1996.0,18.0,0,14.0,4,28.6,0.78,0.22,0.0,0.0,0,0,2021,shooting,Leicester City
ENG-Premier League,2021/22,Leicester City,Youri Tielemans,BEL,MF,24.0,1997.0,29.2,6,59.0,17,28.8,2.02,0.58,0.1,0.35,2,2,2021,shooting,Leicester City
ENG-Premier League,2021/22,Leicester City,Çağlar Söyüncü,TUR,DF,25.0,1996.0,27.7,1,8.0,1,12.5,0.29,0.04,0.13,1.0,0,0,2021,shooting,Leicester City
ENG-Premier League,2021/22,Liverpool,Alex Oxlade-Chamberlain,ENG,"MF,FW",27.0,1993.0,8.7,2,21.0,3,14.3,2.41,0.34,0.1,0.67,0,0,2021,shooting,Liverpool
ENG-Premier League,2021/22,Liverpool,Alisson,BRA,GK,28.0,1992.0,36.0,0,0.0,0,,0.0,0.0,,,0,0,2021,shooting,Liverpool
ENG-Premier League,2021/22,Liverpool,Andy Robertson,SCO,DF,27.0,1994.0,28.2,3,19.0,8,42.1,0.67,0.28,0.16,0.38,0,0,2021,shooting,Liverpool
ENG-Premier League,2021/22,Liverpool,Caoimhín Kelleher,IRL,GK,22.0,1998.0,2.0,0,0.0,0,,0.0,0.0,,,0,0,2021,shooting,Liverpool
ENG-Premier League,2021/22,Liverpool,Curtis Jones,ENG,MF,20.0,2001.0,9.5,1,20.0,7,35.0,2.12,0.74,0.05,0.14,0,0,2021,shooting,Liverpool
ENG-Premier League,2021/22,Liverpool,Diogo Jota,POR,FW,24.0,1996.0,26.3,15,90.0,33,36.7,3.43,1.26,0.17,0.45,0,0,2021,shooting,Liverpool
ENG-Premier League,2021/22,Liverpool,Divock Origi,BEL,"FW,MF",26.0,1995.0,1.5,3,10.0,5,50.0,6.77,3.38,0.3,0.6,0,0,2021,shooting,Liverpool
ENG-Premier League,2021/22,Liverpool,Fabinho,BRA,MF,27.0,1993.0,25.7,5,21.0,10,47.6,0.82,0.39,0.24,0.5,2,2,2021,shooting,Liverpool
ENG-Premier League,2021/22,Liverpool,Harvey Elliott,ENG,MF,18.0,2003.0,3.8,0,10.0,1,10.0,2.6,0.26,0.0,0.0,0,0,2021,shooting,Liverpool
ENG-Premier League,2021/22,Liverpool,Ibrahima Konaté,FRA,DF,22.0,1999.0,11.0,0,4.0,0,0.0,0.36,0.0,0.0,,0,0,2021,shooting,Liverpool
ENG-Premier League,2021/22,Liverpool,James Milner,ENG,"MF,DF",35.0,1986.0,9.5,0,10.0,2,20.0,1.06,0.21,0.0,0.0,0,0,2021,shooting,Liverpool
ENG-Premier League,2021/22,Liverpool,Joe Gomez,ENG,DF,24.0,1997.0,3.7,0,1.0,0,0.0,0.27,0.0,0.0,,0,0,2021,shooting,Liverpool
ENG-Premier League,2021/22,Liverpool,Jordan Henderson,ENG,MF,31.0,1990.0,28.9,2,31.0,6,19.4,1.07,0.21,0.06,0.33,0,0,2021,shooting,Liverpool
ENG-Premier League,2021/22,Liverpool,Joël Matip,CMR,DF,29.0,1991.0,31.0,3,34.0,9,26.5,1.1,0.29,0.09,0.33,0,0,2021,shooting,Liverpool
ENG-Premier League,2021/22,Liverpool,Kaide Gordon,ENG,FW,16.0,2004.0,0.1,0,1.0,1,100.0,10.0,10.0,0.0,0.0,0,0,2021,shooting,Liverpool
ENG-Premier League,2021/22,Liverpool,Kostas Tsimikas,GRE,DF,25.0,1996.0,9.7,0,8.0,2,25.0,0.82,0.21,0.0,0.0,0,0,2021,shooting,Liverpool
ENG-Premier League,2021/22,Liverpool,Luis Díaz,COL,FW,24.0,1997.0,10.6,4,38.0,13,34.2,3.57,1.22,0.11,0.31,0,0,2021,shooting,Liverpool
ENG-Premier League,2021/22,Liverpool,Mohamed Salah,EGY,FW,29.0,1992.0,30.7,23,139.0,60,43.2,4.53,1.96,0.17,0.38,5,6,2021,shooting,Liverpool
ENG-Premier League,2021/22,Liverpool,Naby Keïta,GUI,MF,26.0,1995.0,13.0,3,26.0,7,26.9,1.99,0.54,0.12,0.43,0,0,2021,shooting,Liverpool
ENG-Premier League,2021/22,Liverpool,Neco Williams,WAL,"DF,MF",20.0,2001.0,0.1,0,0.0,0,,0.0,0.0,,,0,0,2021,shooting,Liverpool
ENG-Premier League,2021/22,Liverpool,Roberto Firmino,BRA,FW,29.0,1991.0,11.0,5,30.0,11,36.7,2.73,1.0,0.17,0.45,0,0,2021,shooting,Liverpool
ENG-Premier League,2021/22,Liverpool,Sadio Mané,SEN,FW,29.0,1992.0,31.3,16,98.0,40,40.8,3.13,1.28,0.16,0.4,0,0,2021,shooting,Liverpool
ENG-Premier League,2021/22,Liverpool,Takumi Minamino,JPN,FW,26.0,1995.0,2.1,3,7.0,4,57.1,3.39,1.94,0.43,0.75,0,0,2021,shooting,Liverpool
ENG-Premier League,2021/22,Liverpool,Thiago Alcántara,ESP,MF,30.0,1991.0,17.0,1,25.0,6,24.0,1.47,0.35,0.04,0.17,0,0,2021,shooting,Liverpool
ENG-Premier League,2021/22,Liverpool,Trent Alexander-Arnold,ENG,DF,22.0,1998.0,31.7,2,51.0,15,29.4,1.61,0.47,0.04,0.13,0,0,2021,shooting,Liverpool
ENG-Premier League,2021/22,Liverpool,Tyler Morton,ENG,MF,18.0,2002.0,0.7,0,0.0,0,,0.0,0.0,,,0,0,2021,shooting,Liverpool
ENG-Premier League,2021/22,Liverpool,Virgil van Dijk,NED,DF,30.0,1991.0,34.0,3,35.0,14,40.0,1.03,0.41,0.09,0.21,0,0,2021,shooting,Liverpool
ENG-Premier League,2021/22,Manchester City,Aymeric Laporte,ESP,DF,27.0,1994.0,31.4,4,35.0,8,22.9,1.11,0.25,0.11,0.5,0,0,2021,shooting,Manchester City
ENG-Premier League,2021/22,Manchester City,Benjamin Mendy,FRA,DF,27.0,1994.0,0.9,0,0.0,0,,0.0,0.0,,,0,0,2021,shooting,Manchester City
ENG-Premier League,2021/22,Manchester City,Bernardo Silva,POR,"MF,FW",26.0,1994.0,31.7,8,48.0,20,41.7,1.51,0.63,0.17,0.4,0,0,2021,shooting,Manchester City
ENG-Premier League,2021/22,Manchester City,CJ Egan-Riley,ENG,DF,18.0,2003.0,0.0,0,0.0,0,,0.0,0.0,,,0,0,2021,shooting,Manchester City
ENG-Premier League,2021/22,Manchester City,Cole Palmer,ENG,FW,19.0,2002.0,1.4,0,4.0,1,25.0,2.93,0.73,0.0,0.0,0,0,2021,shooting,Manchester City
ENG-Premier League,2021/22,Manchester City,Ederson Moraes,BRA,GK,27.0,1993.0,37.0,0,0.0,0,,0.0,0.0,,,0,0,2021,shooting,Manchester City
ENG-Premier League,2021/22,Manchester City,Fernandinho,BRA,"MF,DF",36.0,1985.0,10.7,2,18.0,4,22.2,1.68,0.37,0.11,0.5,0,0,2021,shooting,Manchester City
ENG-Premier League,2021/22,Manchester City,Ferran Torres,ESP,FW,21.0,2000.0,3.4,2,13.0,4,30.8,3.86,1.19,0.15,0.5,0,0,2021,shooting,Manchester City
ENG-Premier League,2021/22,Manchester City,Gabriel Jesus,BRA,FW,24.0,1997.0,20.9,8,64.0,25,39.1,3.07,1.2,0.13,0.32,1,1,2021,shooting,Manchester City
ENG-Premier League,2021/22,Manchester City,Jack Grealish,ENG,"FW,MF",25.0,1995.0,21.3,3,44.0,15,34.1,2.07,0.71,0.07,0.2,0,0,2021,shooting,Manchester City
ENG-Premier League,2021/22,Manchester City,James Mcatee,ENG,MF,18.0,2002.0,0.2,0,1.0,0,0.0,4.5,0.0,0.0,,0,0,2021,shooting,Manchester City
ENG-Premier League,2021/22,Manchester City,John Stones,ENG,DF,27.0,1994.0,12.4,1,9.0,5,55.6,0.72,0.4,0.11,0.2,0,0,2021,shooting,Manchester City
ENG-Premier League,2021/22,Manchester City,João Cancelo,POR,DF,27.0,1994.0,35.9,1,81.0,23,28.4,2.26,0.64,0.01,0.04,0,0,2021,shooting,Manchester City
ENG-Premier League,2021/22,Manchester City,Kayky Chagas,BRA,MF,18.0,2003.0,0.1,0,0.0,0,,0.0,0.0,,,0,0,2021,shooting,Manchester City
ENG-Premier League,2021/22,Manchester City,Kevin De Bruyne,BEL,MF,30.0,1991.0,24.5,15,77.0,31,40.3,3.15,1.27,0.19,0.48,0,0,2021,shooting,Manchester City
ENG-Premier League,2021/22,Manchester City,Kyle Walker,ENG,DF,31.0,1990.0,19.5,0,8.0,2,25.0,0.41,0.1,0.0,0.0,0,0,2021,shooting,Manchester City
ENG-Premier League,2021/22,Manchester City,Liam Delap,ENG,FW,18.0,2003.0,0.1,0,0.0,0,,0.0,0.0,,,0,0,2021,shooting,Manchester City
ENG-Premier League,2021/22,Manchester City,Nathan Aké,NED,DF,26.0,1995.0,10.3,2,5.0,2,40.0,0.49,0.2,0.4,1.0,0,0,2021,shooting,Manchester City
ENG-Premier League,2021/22,Manchester City,Oleksandr Zinchenko,UKR,DF,24.0,1996.0,11.6,0,12.0,4,33.3,1.03,0.34,0.0,0.0,0,0,2021,shooting,Manchester City
ENG-Premier League,2021/22,Manchester City,Phil Foden,ENG,FW,21.0,2000.0,23.6,9,57.0,22,38.6,2.41,0.93,0.16,0.41,0,0,2021,shooting,Manchester City
ENG-Premier League,2021/22,Manchester City,Raheem Sterling,ENG,"FW,MF",26.0,1994.0,23.6,13,58.0,28,48.3,2.45,1.18,0.22,0.46,2,3,2021,shooting,Manchester City
ENG-Premier League,2021/22,Manchester City,Riyad Mahrez,ALG,FW,30.0,1991.0,16.6,11,61.0,23,37.7,3.66,1.38,0.18,0.48,4,5,2021,shooting,Manchester City
ENG-Premier League,2021/22,Manchester City,Rodri,ESP,MF,25.0,1996.0,32.0,7,45.0,14,31.1,1.4,0.44,0.16,0.5,0,0,2021,shooting,Manchester City
ENG-Premier League,2021/22,Manchester City,Rúben Dias,POR,DF,24.0,1997.0,26.7,2,18.0,3,16.7,0.67,0.11,0.11,0.67,0,0,2021,shooting,Manchester City
ENG-Premier League,2021/22,Manchester City,Zack Steffen,USA,GK,26.0,1995.0,1.0,0,0.0,0,,0.0,0.0,,,0,0,2021,shooting,Manchester City
ENG-Premier League,2021/22,Manchester City,İlkay Gündoğan,GER,MF,30.0,1990.0,20.6,8,55.0,19,34.5,2.67,0.92,0.15,0.42,0,0,2021,shooting,Manchester City
ENG-Premier League,2021/22,Manchester Utd,Aaron Wan-Bissaka,COD,"DF,MF",23.0,1997.0,19.9,0,5.0,1,20.0,0.25,0.05,0.0,0.0,0,0,2021,shooting,Manchester United
ENG-Premier League,2021/22,Manchester Utd,Alejandro Garnacho,ARG,MF,17.0,2004.0,0.1,0,0.0,0,,0.0,0.0,,,0,0,2021,shooting,Manchester United
ENG-Premier League,2021/22,Manchester Utd,Alex Telles,BRA,DF,28.0,1992.0,18.4,0,10.0,3,30.0,0.54,0.16,0.0,0.0,0,0,2021,shooting,Manchester United
ENG-Premier League,2021/22,Manchester Utd,Anthony Elanga,SWE,MF,19.0,2002.0,13.5,2,21.0,7,33.3,1.56,0.52,0.1,0.29,0,0,2021,shooting,Manchester United
ENG-Premier League,2021/22,Manchester Utd,Anthony Martial,FRA,"MF,FW",25.0,1995.0,2.4,1,5.0,3,60.0,2.12,1.27,0.2,0.33,0,0,2021,shooting,Manchester United
ENG-Premier League,2021/22,Manchester Utd,Bruno Fernandes,POR,MF,26.0,1994.0,34.6,10,89.0,29,32.6,2.57,0.84,0.11,0.34,0,2,2021,shooting,Manchester United
ENG-Premier League,2021/22,Manchester Utd,Cristiano Ronaldo,POR,FW,36.0,1985.0,27.3,18,110.0,43,39.1,4.03,1.58,0.16,0.42,3,3,2021,shooting,Manchester United
ENG-Premier League,2021/22,Manchester Utd,Daniel James,WAL,MF,23.0,1997.0,1.4,0,4.0,1,25.0,2.86,0.71,0.0,0.0,0,0,2021,shooting,Manchester United
ENG-Premier League,2021/22,Manchester Utd,David de Gea,ESP,GK,30.0,1990.0,38.0,0,0.0,0,,0.0,0.0,,,0,0,2021,shooting,Manchester United
ENG-Premier League,2021/22,Manchester Utd,Diogo Dalot,POR,DF,22.0,1999.0,20.0,0,13.0,4,30.8,0.65,0.2,0.0,0.0,0,0,2021,shooting,Manchester United
ENG-Premier League,2021/22,Manchester Utd,Donny van de Beek,NED,MF,24.0,1997.0,0.8,1,2.0,1,50.0,2.4,1.2,0.5,1.0,0,0,2021,shooting,Manchester United
ENG-Premier League,2021/22,Manchester Utd,Edinson Cavani,URU,FW,34.0,1987.0,8.5,2,18.0,8,44.4,2.11,0.94,0.11,0.25,0,0,2021,shooting,Manchester United
ENG-Premier League,2021/22,Manchester Utd,Eric Bailly,CIV,DF,27.0,1994.0,2.4,0,0.0,0,,0.0,0.0,,,0,0,2021,shooting,Manchester United
ENG-Premier League,2021/22,Manchester Utd,Fred,BRA,MF,28.0,1993.0,22.5,4,15.0,9,60.0,0.67,0.4,0.27,0.44,0,0,2021,shooting,Manchester United
ENG-Premier League,2021/22,Manchester Utd,Hannibal Mejbri,TUN,MF,18.0,2003.0,0.8,0,1.0,1,100.0,1.32,1.32,0.0,0.0,0,0,2021,shooting,Manchester United
ENG-Premier League,2021/22,Manchester Utd,Harry Maguire,ENG,DF,28.0,1993.0,27.9,1,23.0,10,43.5,0.82,0.36,0.04,0.1,0,0,2021,shooting,Manchester United
ENG-Premier League,2021/22,Manchester Utd,Jadon Sancho,ENG,"MF,FW",21.0,2000.0,21.1,3,26.0,9,34.6,1.23,0.43,0.12,0.33,0,0,2021,shooting,Manchester United
ENG-Premier League,2021/22,Manchester Utd,Jesse Lingard,ENG,MF,28.0,1992.0,4.1,2,8.0,6,75.0,1.96,1.47,0.25,0.33,0,0,2021,shooting,Manchester United
ENG-Premier League,2021/22,Manchester Utd,Juan Mata,ESP,MF,33.0,1988.0,2.6,0,5.0,1,20.0,1.91,0.38,0.0,0.0,0,0,2021,shooting,Manchester United
ENG-Premier League,2021/22,Manchester Utd,Luke Shaw,ENG,"DF,MF",26.0,1995.0,17.8,0,6.0,1,16.7,0.34,0.06,0.0,0.0,0,0,2021,shooting,Manchester United
ENG-Premier League,2021/22,Manchester Utd,Marcus Rashford,ENG,"MF,FW",23.0,1997.0,13.7,4,22.0,12,54.5,1.6,0.87,0.18,0.33,0,0,2021,shooting,Manchester United
ENG-Premier League,2021/22,Manchester Utd,Mason Greenwood,ENG,"MF,FW",19.0,2001.0,14.1,5,48.0,19,39.6,3.4,1.35,0.1,0.26,0,0,2021,shooting,Manchester United
ENG-Premier League,2021/22,Manchester Utd,Nemanja Matić,SRB,MF,32.0,1988.0,15.4,0,6.0,1,16.7,0.39,0.07,0.0,0.0,0,0,2021,shooting,Manchester United
ENG-Premier League,2021/22,Manchester Utd,Paul Pogba,FRA,MF,28.0,1993.0,15.0,1,32.0,8,25.0,2.13,0.53,0.03,0.13,0,0,2021,shooting,Manchester United
ENG-Premier League,2021/22,Manchester Utd,Phil Jones,ENG,DF,29.0,1992.0,1.8,0,0.0,0,,0.0,0.0,,,0,0,2021,shooting,Manchester United
ENG-Premier League,2021/22,Manchester Utd,Raphaël Varane,FRA,DF,28.0,1993.0,20.3,1,9.0,1,11.1,0.44,0.05,0.11,1.0,0,0,2021,shooting,Manchester United
ENG-Premier League,2021/22,Manchester Utd,Scott McTominay,SCO,MF,24.0,1996.0,26.5,1,27.0,7,25.9,1.02,0.26,0.04,0.14,0,0,2021,shooting,Manchester United
ENG-Premier League,2021/22,Manchester Utd,Shola Shoretire,ENG,"FW,MF",17.0,2004.0,0.2,0,0.0,0,,0.0,0.0,,,0,0,2021,shooting,Manchester United
ENG-Premier League,2021/22,Manchester Utd,Victor Lindelöf,SWE,DF,27.0,1994.0,26.2,0,3.0,2,66.7,0.11,0.08,0.0,0.0,0,0,2021,shooting,Manchester United
ENG-Premier League,2021/22,Newcastle,Allan Saint-Maximin,FRA,"FW,MF",24.0,1997.0,31.2,5,64.0,26,40.6,2.05,0.83,0.08,0.19,0,0,2021,shooting,Newcastle United
ENG-Premier League,2021/22,Newcastle,Bruno Guimarães,BRA,MF,23.0,1997.0,11.5,5,23.0,12,52.2,2.0,1.04,0.22,0.42,0,0,2021,shooting,Newcastle United
ENG-Premier League,2021/22,Newcastle,Callum Wilson,ENG,FW,29.0,1992.0,15.4,8,35.0,15,42.9,2.27,0.97,0.23,0.53,2,2,2021,shooting,Newcastle United
ENG-Premier League,2021/22,Newcastle,Chris Wood,NZL,FW,29.0,1991.0,14.7,2,21.0,7,33.3,1.42,0.47,0.1,0.29,1,1,2021,shooting,Newcastle United
ENG-Premier League,2021/22,Newcastle,Ciaran Clark,IRL,DF,31.0,1989.0,11.3,0,7.0,1,14.3,0.62,0.09,0.0,0.0,0,0,2021,shooting,Newcastle United
ENG-Premier League,2021/22,Newcastle,Dan Burn,ENG,DF,29.0,1992.0,16.0,0,11.0,1,9.1,0.69,0.06,0.0,0.0,0,0,2021,shooting,Newcastle United
ENG-Premier League,2021/22,Newcastle,Dwight Gayle,ENG,FW,30.0,1990.0,0.4,0,2.0,0,0.0,4.74,0.0,0.0,,0,0,2021,shooting,Newcastle United
ENG-Premier League,2021/22,Newcastle,Emil Krafth,SWE,DF,26.0,1994.0,18.2,0,6.0,2,33.3,0.33,0.11,0.0,0.0,0,0,2021,shooting,Newcastle United
ENG-Premier League,2021/22,Newcastle,Fabian Schär,SUI,DF,29.0,1991.0,24.0,2,20.0,7,35.0,0.83,0.29,0.1,0.29,0,0,2021,shooting,Newcastle United
ENG-Premier League,2021/22,Newcastle,Federico Fernández,ARG,DF,32.0,1989.0,5.8,0,6.0,1,16.7,1.03,0.17,0.0,0.0,0,0,2021,shooting,Newcastle United
ENG-Premier League,2021/22,Newcastle,Freddie Woodman,ENG,GK,24.0,1997.0,4.0,0,0.0,0,,0.0,0.0,,,0,0,2021,shooting,Newcastle United
ENG-Premier League,2021/22,Newcastle,Isaac Hayden,JAM,"MF,DF",26.0,1995.0,11.1,1,5.0,1,20.0,0.45,0.09,0.2,1.0,0,0,2021,shooting,Newcastle United
ENG-Premier League,2021/22,Newcastle,Jacob Murphy,ENG,"FW,MF",26.0,1995.0,16.4,1,27.0,5,18.5,1.65,0.31,0.04,0.2,0,0,2021,shooting,Newcastle United
ENG-Premier League,2021/22,Newcastle,Jamaal Lascelles,ENG,DF,27.0,1993.0,22.9,1,17.0,4,23.5,0.74,0.17,0.06,0.25,0,0,2021,shooting,Newcastle United
ENG-Premier League,2021/22,Newcastle,Jamal Lewis,NIR,DF,23.0,1998.0,2.9,0,0.0,0,,0.0,0.0,,,0,0,2021,shooting,Newcastle United
ENG-Premier League,2021/22,Newcastle,Javier Manquillo,ESP,DF,27.0,1994.0,14.0,1,4.0,2,50.0,0.29,0.14,0.25,0.5,0,0,2021,shooting,Newcastle United
ENG-Premier League,2021/22,Newcastle,Jeff Hendrick,IRL,MF,29.0,1992.0,0.8,1,1.0,1,100.0,1.25,1.25,1.0,1.0,0,0,2021,shooting,Newcastle United
ENG-Premier League,2021/22,Newcastle,Joe Willock,ENG,MF,21.0,1999.0,22.6,2,35.0,11,31.4,1.55,0.49,0.06,0.18,0,0,2021,shooting,Newcastle United
ENG-Premier League,2021/22,Newcastle,Joelinton,BRA,"MF,FW",24.0,1996.0,28.4,4,45.0,14,31.1,1.58,0.49,0.09,0.29,0,0,2021,shooting,Newcastle United
ENG-Premier League,2021/22,Newcastle,Jonjo Shelvey,ENG,MF,29.0,1992.0,22.0,2,30.0,14,46.7,1.36,0.64,0.07,0.14,0,0,2021,shooting,Newcastle United
ENG-Premier League,2021/22,Newcastle,Karl Darlow,WAL,GK,30.0,1990.0,8.0,0,0.0,0,,0.0,0.0,,,0,0,2021,shooting,Newcastle United
ENG-Premier League,2021/22,Newcastle,Kieran Trippier,ENG,DF,30.0,1990.0,4.8,2,2.0,2,100.0,0.42,0.42,1.0,1.0,0,0,2021,shooting,Newcastle United
ENG-Premier League,2021/22,Newcastle,Martin Dúbravka,SVK,GK,32.0,1989.0,26.0,0,0.0,0,,0.0,0.0,,,0,0,2021,shooting,Newcastle United
ENG-Premier League,2021/22,Newcastle,Matt Ritchie,SCO,"DF,MF",31.0,1989.0,14.9,0,10.0,1,10.0,0.67,0.07,0.0,0.0,0,0,2021,shooting,Newcastle United
ENG-Premier League,2021/22,Newcastle,Matt Targett,ENG,DF,25.0,1995.0,16.0,0,6.0,4,66.7,0.37,0.25,0.0,0.0,0,0,2021,shooting,Newcastle United
ENG-Premier League,2021/22,Newcastle,Miguel Almirón,PAR,"MF,FW",27.0,1994.0,19.1,1,32.0,7,21.9,1.68,0.37,0.03,0.14,0,0,2021,shooting,Newcastle United
ENG-Premier League,2021/22,Newcastle,Paul Dummett,WAL,DF,29.0,1991.0,2.2,0,0.0,0,,0.0,0.0,,,0,0,2021,shooting,Newcastle United
ENG-Premier League,2021/22,Newcastle,Ryan Fraser,SCO,"FW,MF",27.0,1994.0,16.3,2,24.0,8,33.3,1.47,0.49,0.08,0.25,0,0,2021,shooting,Newcastle United
ENG-Premier League,2021/22,Newcastle,Sean Longstaff,ENG,MF,23.0,1997.0,16.3,1,15.0,2,13.3,0.92,0.12,0.07,0.5,0,0,2021,shooting,Newcastle United
ENG-Premier League,2021/22,Norwich City,Adam Idah,IRL,"FW,MF",20.0,2001.0,6.9,1,14.0,4,28.6,2.02,0.58,0.07,0.25,0,0,2021,shooting,Norwich City
ENG-Premier League,2021/22,Norwich City,Andrew Omobamidele,IRL,DF,19.0,2002.0,4.2,1,2.0,1,50.0,0.47,0.24,0.5,1.0,0,0,2021,shooting,Norwich City
ENG-Premier League,2021/22,Norwich City,Angus Gunn,SCO,GK,25.0,1996.0,9.0,0,0.0,0,,0.0,0.0,,,0,0,2021,shooting,Norwich City
ENG-Premier League,2021/22,Norwich City,Bali Mumba,ENG,"DF,MF",19.0,2001.0,0.5,0,0.0,0,,0.0,0.0,,,0,0,2021,shooting,Norwich City
ENG-Premier League,2021/22,Norwich City,Ben Gibson,ENG,DF,28.0,1993.0,27.7,0,8.0,4,50.0,0.29,0.14,0.0,0.0,0,0,2021,shooting,Norwich City
ENG-Premier League,2021/22,Norwich City,Billy Gilmour,SCO,MF,20.0,2001.0,20.6,0,18.0,3,16.7,0.87,0.15,0.0,0.0,0,0,2021,shooting,Norwich City
ENG-Premier League,2021/22,Norwich City,Brandon Williams,ENG,DF,20.0,2000.0,23.6,0,4.0,1,25.0,0.17,0.04,0.0,0.0,0,0,2021,shooting,Norwich City
ENG-Premier League,2021/22,Norwich City,Christoph Zimmermann,GER,DF,28.0,1993.0,1.7,0,2.0,1,50.0,1.15,0.57,0.0,0.0,0,0,2021,shooting,Norwich City
ENG-Premier League,2021/22,Norwich City,Christos Tzolis,GRE,"MF,FW",19.0,2002.0,3.7,0,6.0,2,33.3,1.61,0.54,0.0,0.0,0,0,2021,shooting,Norwich City
ENG-Premier League,2021/22,Norwich City,Dimitris Giannoulis,GRE,"DF,MF",25.0,1995.0,13.0,0,2.0,1,50.0,0.15,0.08,0.0,0.0,0,0,2021,shooting,Norwich City
ENG-Premier League,2021/22,Norwich City,Grant Hanley,SCO,DF,29.0,1991.0,32.2,1,20.0,4,20.0,0.62,0.12,0.05,0.25,0,0,2021,shooting,Norwich City
ENG-Premier League,2021/22,Norwich City,Jakob Sørensen,DEN,"MF,DF",23.0,1998.0,6.7,0,5.0,1,20.0,0.75,0.15,0.0,0.0,0,0,2021,shooting,Norwich City
ENG-Premier League,2021/22,Norwich City,Jonathan Rowe,ENG,"FW,MF",18.0,2003.0,2.5,0,3.0,2,66.7,1.21,0.81,0.0,0.0,0,0,2021,shooting,Norwich City
ENG-Premier League,2021/22,Norwich City,Josh Sargent,USA,"FW,MF",21.0,2000.0,17.5,2,23.0,3,13.0,1.32,0.17,0.09,0.67,0,0,2021,shooting,Norwich City
ENG-Premier League,2021/22,Norwich City,Kenny McLean,SCO,MF,29.0,1992.0,30.1,1,33.0,6,18.2,1.1,0.2,0.03,0.17,0,0,2021,shooting,Norwich City
ENG-Premier League,2021/22,Norwich City,Kieran Dowell,ENG,MF,23.0,1997.0,10.1,1,8.0,2,25.0,0.79,0.2,0.13,0.5,0,0,2021,shooting,Norwich City
ENG-Premier League,2021/22,Norwich City,Lukas Rupp,GER,MF,30.0,1991.0,8.5,0,12.0,2,16.7,1.4,0.23,0.0,0.0,0,0,2021,shooting,Norwich City
ENG-Premier League,2021/22,Norwich City,Mathias Normann,NOR,MF,25.0,1996.0,18.3,1,26.0,5,19.2,1.42,0.27,0.04,0.2,0,0,2021,shooting,Norwich City
ENG-Premier League,2021/22,Norwich City,Max Aarons,ENG,DF,21.0,2000.0,32.0,0,13.0,2,15.4,0.41,0.06,0.0,0.0,0,0,2021,shooting,Norwich City
ENG-Premier League,2021/22,Norwich City,Milot Rashica,KVX,"MF,FW",25.0,1996.0,24.8,1,44.0,17,38.6,1.78,0.69,0.02,0.06,0,0,2021,shooting,Norwich City
ENG-Premier League,2021/22,Norwich City,Ozan Kabak,TUR,DF,21.0,2000.0,10.2,0,5.0,2,40.0,0.49,0.2,0.0,0.0,0,0,2021,shooting,Norwich City
ENG-Premier League,2021/22,Norwich City,Pierre Lees-Melou,FRA,MF,28.0,1993.0,25.2,1,33.0,9,27.3,1.31,0.36,0.03,0.11,0,0,2021,shooting,Norwich City
ENG-Premier League,2021/22,Norwich City,Przemysław Płacheta,POL,"MF,FW",23.0,1998.0,5.6,0,8.0,7,87.5,1.43,1.25,0.0,0.0,0,0,2021,shooting,Norwich City
ENG-Premier League,2021/22,Norwich City,Sam Byram,ENG,DF,27.0,1993.0,11.4,0,7.0,2,28.6,0.61,0.18,0.0,0.0,0,0,2021,shooting,Norwich City
ENG-Premier League,2021/22,Norwich City,Teemu Pukki,FIN,FW,31.0,1990.0,36.1,11,71.0,27,38.0,1.96,0.75,0.15,0.41,3,3,2021,shooting,Norwich City
ENG-Premier League,2021/22,Norwich City,Tim Krul,NED,GK,33.0,1988.0,29.0,0,0.0,0,,0.0,0.0,,,0,0,2021,shooting,Norwich City
ENG-Premier League,2021/22,Norwich City,Todd Cantwell,ENG,"FW,MF",23.0,1998.0,4.9,0,5.0,0,0.0,1.02,0.0,0.0,,0,0,2021,shooting,Norwich City
ENG-Premier League,2021/22,Norwich City,Tony Springett,IRL,MF,18.0,2002.0,1.6,0,1.0,1,100.0,0.64,0.64,0.0,0.0,0,0,2021,shooting,Norwich City
ENG-Premier League,2021/22,Southampton,Adam Armstrong,ENG,FW,24.0,1997.0,15.7,2,47.0,14,29.8,2.99,0.89,0.04,0.14,0,0,2021,shooting,Southampton
ENG-Premier League,2021/22,Southampton,Alex McCarthy,ENG,GK,31.0,1989.0,17.0,0,0.0,0,,0.0,0.0,,,0,0,2021,shooting,Southampton
ENG-Premier League,2021/22,Southampton,Armando Broja,ALB,FW,19.0,2001.0,21.9,6,45.0,20,44.4,2.05,0.91,0.13,0.3,0,0,2021,shooting,Southampton
ENG-Premier League,2021/22,Southampton,Ché Adams,SCO,FW,25.0,1996.0,22.7,7,49.0,24,49.0,2.16,1.06,0.14,0.29,0,0,2021,shooting,Southampton
ENG-Premier League,2021/22,Southampton,Fraser Forster,ENG,GK,33.0,1988.0,19.0,0,0.0,0,,0.0,0.0,,,0,0,2021,shooting,Southampton
ENG-Premier League,2021/22,Southampton,Ibrahima Diallo,FRA,MF,22.0,1999.0,11.4,0,8.0,4,50.0,0.7,0.35,0.0,0.0,0,0,2021,shooting,Southampton
ENG-Premier League,2021/22,Southampton,Jack Stephens,ENG,DF,27.0,1994.0,9.0,0,0.0,0,,0.0,0.0,,,0,0,2021,shooting,Southampton
ENG-Premier League,2021/22,Southampton,James Ward-Prowse,ENG,MF,26.0,1994.0,35.7,10,55.0,24,43.6,1.54,0.67,0.18,0.42,4,4,2021,shooting,Southampton
ENG-Premier League,2021/22,Southampton,Jan Bednarek,POL,DF,25.0,1996.0,29.2,4,19.0,7,36.8,0.65,0.24,0.21,0.57,0,0,2021,shooting,Southampton
ENG-Premier League,2021/22,Southampton,Kyle Walker-Peters,ENG,DF,24.0,1997.0,29.3,1,26.0,7,26.9,0.89,0.24,0.04,0.14,0,0,2021,shooting,Southampton
ENG-Premier League,2021/22,Southampton,Lyanco,BRA,DF,24.0,1997.0,10.1,0,6.0,1,16.7,0.59,0.1,0.0,0.0,0,0,2021,shooting,Southampton
ENG-Premier League,2021/22,Southampton,Mohamed Elyounoussi,NOR,MF,26.0,1994.0,22.7,4,43.0,19,44.2,1.9,0.84,0.09,0.21,0,0,2021,shooting,Southampton
ENG-Premier League,2021/22,Southampton,Mohammed Salisu,GHA,DF,22.0,1999.0,33.0,0,24.0,10,41.7,0.73,0.3,0.0,0.0,0,0,2021,shooting,Southampton
ENG-Premier League,2021/22,Southampton,Moussa Djenepo,MLI,MF,23.0,1998.0,5.1,0,11.0,1,9.1,2.17,0.2,0.0,0.0,0,0,2021,shooting,Southampton
ENG-Premier League,2021/22,Southampton,Nathan Redmond,ENG,"MF,FW",27.0,1994.0,20.4,1,26.0,9,34.6,1.28,0.44,0.04,0.11,0,0,2021,shooting,Southampton
ENG-Premier League,2021/22,Southampton,Nathan Tella,NGA,"MF,FW",22.0,1999.0,8.9,0,12.0,5,41.7,1.34,0.56,0.0,0.0,0,0,2021,shooting,Southampton
ENG-Premier League,2021/22,Southampton,Oriol Romeu,ESP,MF,29.0,1991.0,32.1,2,24.0,4,16.7,0.75,0.12,0.08,0.5,0,0,2021,shooting,Southampton
ENG-Premier League,2021/22,Southampton,Romain Perraud,FRA,"DF,MF",23.0,1997.0,18.0,0,19.0,3,15.8,1.05,0.17,0.0,0.0,0,0,2021,shooting,Southampton
ENG-Premier League,2021/22,Southampton,Shane Long,IRL,FW,34.0,1987.0,3.4,1,9.0,5,55.6,2.63,1.46,0.11,0.2,0,0,2021,shooting,Southampton
ENG-Premier League,2021/22,Southampton,Stuart Armstrong,SCO,"MF,FW",29.0,1992.0,16.4,2,38.0,9,23.7,2.32,0.55,0.05,0.22,0,0,2021,shooting,Southampton
ENG-Premier League,2021/22,Southampton,Theo Walcott,ENG,MF,32.0,1989.0,4.2,0,6.0,0,0.0,1.42,0.0,0.0,,0,0,2021,shooting,Southampton
ENG-Premier League,2021/22,Southampton,Tino Livramento,ENG,DF,18.0,2002.0,24.5,1,12.0,3,25.0,0.49,0.12,0.08,0.33,0,0,2021,shooting,Southampton
ENG-Premier League,2021/22,Southampton,William Smallbone,IRL,"MF,FW",21.0,2000.0,1.5,0,1.0,0,0.0,0.68,0.0,0.0,,0,0,2021,shooting,Southampton
ENG-Premier League,2021/22,Southampton,Willy Caballero,ARG,GK,39.0,1981.0,2.0,0,0.0,0,,0.0,0.0,,,0,0,2021,shooting,Southampton
ENG-Premier League,2021/22,Southampton,Yan Valery,TUN,DF,22.0,1999.0,4.1,0,2.0,0,0.0,0.49,0.0,0.0,,0,0,2021,shooting,Southampton
ENG-Premier League,2021/22,Tottenham,Ben Davies,WAL,DF,28.0,1993.0,28.2,1,18.0,7,38.9,0.64,0.25,0.06,0.14,0,0,2021,shooting,Tottenham Hotspur
ENG-Premier League,2021/22,Tottenham,Bryan Gil,ESP,"FW,MF",20.0,2001.0,1.0,0,1.0,1,100.0,0.96,0.96,0.0,0.0,0,0,2021,shooting,Tottenham Hotspur
ENG-Premier League,2021/22,Tottenham,Cristian Romero,ARG,DF,23.0,1998.0,20.5,1,6.0,2,33.3,0.29,0.1,0.17,0.5,0,0,2021,shooting,Tottenham Hotspur
ENG-Premier League,2021/22,Tottenham,Dane Scarlett,ENG,FW,17.0,2004.0,0.0,0,0.0,0,,0.0,0.0,,,0,0,2021,shooting,Tottenham Hotspur
ENG-Premier League,2021/22,Tottenham,Davinson Sánchez,COL,DF,25.0,1996.0,18.1,2,13.0,3,23.1,0.72,0.17,0.15,0.67,0,0,2021,shooting,Tottenham Hotspur
ENG-Premier League,2021/22,Tottenham,Dejan Kulusevski,SWE,"MF,FW",21.0,2000.0,14.0,5,26.0,10,38.5,1.86,0.71,0.19,0.5,0,0,2021,shooting,Tottenham Hotspur
ENG-Premier League,2021/22,Tottenham,Dele Alli,ENG,MF,25.0,1996.0,7.3,1,4.0,3,75.0,0.55,0.41,0.25,0.33,1,1,2021,shooting,Tottenham Hotspur
ENG-Premier League,2021/22,Tottenham,Emerson,BRA,"MF,DF",22.0,1999.0,25.4,1,15.0,4,26.7,0.59,0.16,0.07,0.25,0,0,2021,shooting,Tottenham Hotspur
ENG-Premier League,2021/22,Tottenham,Eric Dier,ENG,DF,27.0,1994.0,34.1,0,13.0,5,38.5,0.38,0.15,0.0,0.0,0,0,2021,shooting,Tottenham Hotspur
ENG-Premier League,2021/22,Tottenham,Giovani Lo Celso,ARG,MF,25.0,1996.0,2.6,0,9.0,1,11.1,3.4,0.38,0.0,0.0,0,0,2021,shooting,Tottenham Hotspur
ENG-Premier League,2021/22,Tottenham,Harry Kane,ENG,FW,28.0,1993.0,35.9,17,133.0,55,41.4,3.7,1.53,0.13,0.31,4,4,2021,shooting,Tottenham Hotspur
ENG-Premier League,2021/22,Tottenham,Harry Winks,ENG,MF,25.0,1996.0,10.1,0,3.0,1,33.3,0.3,0.1,0.0,0.0,0,0,2021,shooting,Tottenham Hotspur
ENG-Premier League,2021/22,Tottenham,Hugo Lloris,FRA,GK,34.0,1986.0,38.0,0,0.0,0,,0.0,0.0,,,0,0,2021,shooting,Tottenham Hotspur
ENG-Premier League,2021/22,Tottenham,Japhet Tanganga,ENG,"DF,MF",22.0,1999.0,8.2,0,7.0,2,28.6,0.86,0.24,0.0,0.0,0,0,2021,shooting,Tottenham Hotspur
ENG-Premier League,2021/22,Tottenham,Joe Rodon,WAL,DF,23.0,1997.0,1.0,0,0.0,0,,0.0,0.0,,,0,0,2021,shooting,Tottenham Hotspur
ENG-Premier League,2021/22,Tottenham,Lucas Moura,BRA,"MF,FW",28.0,1992.0,19.7,2,37.0,11,29.7,1.88,0.56,0.05,0.18,0,0,2021,shooting,Tottenham Hotspur
ENG-Premier League,2021/22,Tottenham,Matt Doherty,IRL,MF,29.0,1992.0,9.7,2,16.0,6,37.5,1.65,0.62,0.13,0.33,0,0,2021,shooting,Tottenham Hotspur
ENG-Premier League,2021/22,Tottenham,Oliver Skipp,ENG,MF,20.0,2000.0,15.0,0,4.0,1,25.0,0.27,0.07,0.0,0.0,0,0,2021,shooting,Tottenham Hotspur
ENG-Premier League,2021/22,Tottenham,Pierre Højbjerg,DEN,MF,25.0,1995.0,35.5,2,31.0,11,35.5,0.87,0.31,0.06,0.18,0,0,2021,shooting,Tottenham Hotspur
ENG-Premier League,2021/22,Tottenham,Rodrigo Bentancur,URU,MF,24.0,1997.0,15.1,0,14.0,2,14.3,0.93,0.13,0.0,0.0,0,0,2021,shooting,Tottenham Hotspur
ENG-Premier League,2021/22,Tottenham,Ryan Sessegnon,ENG,MF,21.0,2000.0,11.6,0,6.0,1,16.7,0.52,0.09,0.0,0.0,0,0,2021,shooting,Tottenham Hotspur
ENG-Premier League,2021/22,Tottenham,Sergio Reguilón,ESP,"MF,DF",24.0,1996.0,21.3,2,21.0,9,42.9,0.99,0.42,0.1,0.22,0,0,2021,shooting,Tottenham Hotspur
ENG-Premier League,2021/22,Tottenham,Son Heung-min,KOR,"MF,FW",29.0,1992.0,33.4,23,86.0,49,57.0,2.57,1.47,0.27,0.47,0,0,2021,shooting,Tottenham Hotspur
ENG-Premier League,2021/22,Tottenham,Steven Bergwijn,NED,"MF,FW",23.0,1997.0,6.3,3,19.0,10,52.6,3.03,1.59,0.16,0.3,0,0,2021,shooting,Tottenham Hotspur
ENG-Premier League,2021/22,Tottenham,Tanguy Ndombele,FRA,MF,24.0,1996.0,5.4,1,9.0,3,33.3,1.67,0.56,0.11,0.33,0,0,2021,shooting,Tottenham Hotspur
ENG-Premier League,2021/22,Watford,Adam Masina,MAR,DF,27.0,1994.0,12.0,0,5.0,0,0.0,0.42,0.0,0.0,,0,0,2021,shooting,Watford
ENG-Premier League,2021/22,Watford,Ashley Fletcher,ENG,FW,25.0,1995.0,0.3,0,2.0,1,50.0,6.0,3.0,0.0,0.0,0,0,2021,shooting,Watford
ENG-Premier League,2021/22,Watford,Ben Foster,ENG,GK,38.0,1983.0,26.0,0,0.0,0,,0.0,0.0,,,0,0,2021,shooting,Watford
ENG-Premier League,2021/22,Watford,Christian Kabasele,BEL,DF,30.0,1991.0,13.3,0,7.0,0,0.0,0.53,0.0,0.0,,0,0,2021,shooting,Watford
ENG-Premier League,2021/22,Watford,Craig Cathcart,NIR,DF,32.0,1989.0,26.6,0,3.0,0,0.0,0.11,0.0,0.0,,0,0,2021,shooting,Watford
ENG-Premier League,2021/22,Watford,Cucho,COL,"MF,FW",22.0,1999.0,12.7,5,33.0,11,33.3,2.59,0.86,0.15,0.45,0,0,2021,shooting,Watford
ENG-Premier League,2021/22,Watford,Dan Gosling,ENG,MF,31.0,1990.0,1.8,1,2.0,1,50.0,1.08,0.54,0.5,1.0,0,0,2021,shooting,Watford
ENG-Premier League,2021/22,Watford,Daniel Bachmann,AUT,GK,27.0,1994.0,12.0,0,0.0,0,,0.0,0.0,,,0,0,2021,shooting,Watford
ENG-Premier League,2021/22,Watford,Danny Rose,ENG,DF,31.0,1990.0,7.7,0,4.0,1,25.0,0.52,0.13,0.0,0.0,0,0,2021,shooting,Watford
ENG-Premier League,2021/22,Watford,Edo Kayembe,COD,MF,23.0,1998.0,8.9,0,6.0,0,0.0,0.68,0.0,0.0,,0,0,2021,shooting,Watford
ENG-Premier League,2021/22,Watford,Emmanuel Dennis,NGA,"FW,MF",23.0,1997.0,28.7,10,60.0,26,43.3,2.09,0.91,0.17,0.38,0,0,2021,shooting,Watford
ENG-Premier League,2021/22,Watford,Francisco Sierralta,CHI,DF,24.0,1997.0,4.7,0,1.0,1,100.0,0.21,0.21,0.0,0.0,0,0,2021,shooting,Watford
ENG-Premier League,2021/22,Watford,Hassane Kamara,CIV,DF,27.0,1994.0,18.0,1,5.0,1,20.0,0.28,0.06,0.2,1.0,0,0,2021,shooting,Watford
ENG-Premier League,2021/22,Watford,Imran Louza,MAR,MF,22.0,1999.0,15.7,0,17.0,4,23.5,1.08,0.25,0.0,0.0,0,0,2021,shooting,Watford
ENG-Premier League,2021/22,Watford,Ismaila Sarr,SEN,"MF,FW",23.0,1998.0,20.7,5,39.0,17,43.6,1.89,0.82,0.13,0.29,0,1,2021,shooting,Watford
ENG-Premier League,2021/22,Watford,Jeremy Ngakia,,DF,20.0,2000.0,10.0,0,5.0,0,0.0,0.5,0.0,0.0,,0,0,2021,shooting,Watford
ENG-Premier League,2021/22,Watford,Joshua King,NOR,"FW,MF",29.0,1992.0,25.0,5,49.0,17,34.7,1.96,0.68,0.1,0.29,1,1,2021,shooting,Watford
ENG-Premier League,2021/22,Watford,João Pedro,BRA,"FW,MF",19.0,2001.0,18.3,3,47.0,16,34.0,2.57,0.88,0.06,0.19,0,0,2021,shooting,Watford
ENG-Premier League,2021/22,Watford,Juraj Kucka,SVK,MF,34.0,1987.0,21.3,1,46.0,11,23.9,2.16,0.52,0.02,0.09,0,0,2021,shooting,Watford
ENG-Premier League,2021/22,Watford,Ken Sema,SWE,"MF,FW",27.0,1993.0,9.5,0,3.0,1,33.3,0.32,0.11,0.0,0.0,0,0,2021,shooting,Watford
ENG-Premier League,2021/22,Watford,Kiko Femenía,ESP,DF,30.0,1991.0,23.8,0,3.0,1,33.3,0.13,0.04,0.0,0.0,0,0,2021,shooting,Watford
ENG-Premier League,2021/22,Watford,Moussa Sissoko,FRA,MF,31.0,1989.0,35.8,2,25.0,8,32.0,0.7,0.22,0.08,0.25,0,0,2021,shooting,Watford
ENG-Premier League,2021/22,Watford,Nicolas Nkoulou,CMR,DF,31.0,1990.0,1.9,0,0.0,0,,0.0,0.0,,,0,0,2021,shooting,Watford
ENG-Premier League,2021/22,Watford,Oghenekaro Etebo,NGA,MF,25.0,1995.0,4.5,0,3.0,0,0.0,0.67,0.0,0.0,,0,0,2021,shooting,Watford
ENG-Premier League,2021/22,Watford,Ozan Tufan,TUR,MF,26.0,1995.0,3.7,0,3.0,0,0.0,0.81,0.0,0.0,,0,0,2021,shooting,Watford
ENG-Premier League,2021/22,Watford,Samir Santos,BRA,DF,26.0,1994.0,18.6,0,8.0,2,25.0,0.43,0.11,0.0,0.0,0,0,2021,shooting,Watford
ENG-Premier League,2021/22,Watford,Samuel Kalu,NGA,FW,23.0,1997.0,2.5,0,4.0,1,25.0,1.62,0.41,0.0,0.0,0,0,2021,shooting,Watford
ENG-Premier League,2021/22,Watford,Tom Cleverley,ENG,MF,31.0,1989.0,18.0,0,12.0,7,58.3,0.67,0.39,0.0,0.0,0,0,2021,shooting,Watford
ENG-Premier League,2021/22,Watford,Troy Deeney,ENG,FW,33.0,1988.0,0.3,0,2.0,0,0.0,7.2,0.0,0.0,,0,0,2021,shooting,Watford
ENG-Premier League,2021/22,Watford,William Troost-Ekong,NGA,DF,27.0,1993.0,15.4,0,2.0,0,0.0,0.13,0.0,0.0,,0,0,2021,shooting,Watford
ENG-Premier League,2021/22,West Ham,Aaron Cresswell,ENG,DF,31.0,1989.0,30.3,2,18.0,4,22.2,0.59,0.13,0.11,0.5,0,0,2021,shooting,West Ham United
ENG-Premier League,2021/22,West Ham,Alex Král,CZE,MF,23.0,1998.0,0.0,0,0.0,0,,0.0,0.0,,,0,0,2021,shooting,West Ham United
ENG-Premier League,2021/22,West Ham,Alphonse Areola,FRA,GK,28.0,1993.0,1.0,0,0.0,0,,0.0,0.0,,,0,0,2021,shooting,West Ham United
ENG-Premier League,2021/22,West Ham,Andriy Yarmolenko,UKR,MF,31.0,1989.0,3.5,1,11.0,5,45.5,3.13,1.42,0.09,0.2,0,0,2021,shooting,West Ham United
ENG-Premier League,2021/22,West Ham,Angelo Ogbonna,ITA,DF,33.0,1988.0,10.2,1,3.0,1,33.3,0.29,0.1,0.33,1.0,0,0,2021,shooting,West Ham United
ENG-Premier League,2021/22,West Ham,Arthur Masuaku,COD,"MF,DF",27.0,1993.0,7.2,1,4.0,1,25.0,0.55,0.14,0.25,1.0,0,0,2021,shooting,West Ham United
ENG-Premier League,2021/22,West Ham,Ben Johnson,ENG,"DF,MF",21.0,2000.0,15.5,1,5.0,1,20.0,0.32,0.06,0.2,1.0,0,0,2021,shooting,West Ham United
ENG-Premier League,2021/22,West Ham,Craig Dawson,ENG,DF,31.0,1990.0,30.6,2,25.0,6,24.0,0.82,0.2,0.08,0.33,0,0,2021,shooting,West Ham United
ENG-Premier League,2021/22,West Ham,Daniel Chesters,ENG,MF,19.0,2002.0,0.0,0,0.0,0,,0.0,0.0,,,0,0,2021,shooting,West Ham United
ENG-Premier League,2021/22,West Ham,Declan Rice,ENG,MF,22.0,1999.0,35.3,1,26.0,8,30.8,0.74,0.23,0.04,0.13,0,0,2021,shooting,West Ham United
ENG-Premier League,2021/22,West Ham,Harrison Ashby,SCO,"DF,MF",19.0,2001.0,0.1,0,0.0,0,,0.0,0.0,,,0,0,2021,shooting,West Ham United
ENG-Premier League,2021/22,West Ham,Issa Diop,MAR,DF,24.0,1997.0,10.7,0,2.0,2,100.0,0.19,0.19,0.0,0.0,0,0,2021,shooting,West Ham United
ENG-Premier League,2021/22,West Ham,Jarrod Bowen,ENG,MF,24.0,1996.0,33.1,12,80.0,35,43.8,2.41,1.06,0.15,0.34,0,0,2021,shooting,West Ham United
ENG-Premier League,2021/22,West Ham,Kurt Zouma,FRA,DF,26.0,1994.0,23.1,1,6.0,3,50.0,0.26,0.13,0.17,0.33,0,0,2021,shooting,West Ham United
ENG-Premier League,2021/22,West Ham,Manuel Lanzini,ARG,MF,28.0,1993.0,19.8,5,16.0,7,43.8,0.81,0.35,0.31,0.71,3,3,2021,shooting,West Ham United
ENG-Premier League,2021/22,West Ham,Mark Noble,ENG,MF,34.0,1987.0,3.7,1,2.0,2,100.0,0.54,0.54,0.5,0.5,1,2,2021,shooting,West Ham United
ENG-Premier League,2021/22,West Ham,Michail Antonio,JAM,FW,31.0,1990.0,33.0,10,83.0,29,34.9,2.51,0.88,0.12,0.34,0,1,2021,shooting,West Ham United
ENG-Premier League,2021/22,West Ham,Nikola Vlašić,CRO,MF,23.0,1997.0,6.2,1,7.0,3,42.9,1.13,0.48,0.14,0.33,0,0,2021,shooting,West Ham United
ENG-Premier League,2021/22,West Ham,Pablo Fornals,ESP,MF,25.0,1996.0,31.1,6,43.0,12,27.9,1.38,0.39,0.14,0.5,0,0,2021,shooting,West Ham United
ENG-Premier League,2021/22,West Ham,Ryan Fredericks,ENG,DF,28.0,1992.0,3.4,0,0.0,0,,0.0,0.0,,,0,0,2021,shooting,West Ham United
ENG-Premier League,2021/22,West Ham,Saïd Benrahma,ALG,MF,25.0,1995.0,24.1,8,63.0,22,34.9,2.62,0.91,0.13,0.36,0,0,2021,shooting,West Ham United
ENG-Premier League,2021/22,West Ham,Sonny Perkins,ENG,"FW,MF",17.0,2004.0,0.0,0,0.0,0,,0.0,0.0,,,0,0,2021,shooting,West Ham United
ENG-Premier League,2021/22,West Ham,Tomáš Souček,CZE,MF,26.0,1995.0,34.0,5,45.0,12,26.7,1.32,0.35,0.11,0.42,0,0,2021,shooting,West Ham United
ENG-Premier League,2021/22,West Ham,Vladimír Coufal,CZE,DF,28.0,1992.0,24.5,0,11.0,5,45.5,0.45,0.2,0.0,0.0,0,0,2021,shooting,West Ham United
ENG-Premier League,2021/22,West Ham,Łukasz Fabiański,POL,GK,36.0,1985.0,37.0,0,0.0,0,,0.0,0.0,,,0,0,2021,shooting,West Ham United
ENG-Premier League,2021/22,Wolves,Adama Traoré,ESP,"FW,MF",25.0,1996.0,11.9,1,23.0,5,21.7,1.94,0.42,0.04,0.2,0,0,2021,shooting,Wolverhampton Wanderers
ENG-Premier League,2021/22,Wolves,Chem Campbell,WAL,"FW,MF",18.0,2002.0,0.1,0,0.0,0,,0.0,0.0,,,0,0,2021,shooting,Wolverhampton Wanderers
ENG-Premier League,2021/22,Wolves,Chiquinho,POR,MF,21.0,2000.0,2.3,0,5.0,2,40.0,2.16,0.87,0.0,0.0,0,0,2021,shooting,Wolverhampton Wanderers
ENG-Premier League,2021/22,Wolves,Conor Coady,ENG,DF,28.0,1993.0,37.3,4,12.0,4,33.3,0.32,0.11,0.33,1.0,0,0,2021,shooting,Wolverhampton Wanderers
ENG-Premier League,2021/22,Wolves,Daniel Podence,POR,"FW,MF",25.0,1995.0,16.5,2,35.0,15,42.9,2.12,0.91,0.06,0.13,0,0,2021,shooting,Wolverhampton Wanderers
ENG-Premier League,2021/22,Wolves,Fernando Marçal,BRA,MF,32.0,1989.0,16.1,0,11.0,1,9.1,0.68,0.06,0.0,0.0,0,0,2021,shooting,Wolverhampton Wanderers
ENG-Premier League,2021/22,Wolves,Francisco Trincão,POR,"FW,MF",21.0,1999.0,14.8,2,32.0,14,43.8,2.16,0.94,0.06,0.14,0,0,2021,shooting,Wolverhampton Wanderers
ENG-Premier League,2021/22,Wolves,Fábio Silva,POR,FW,19.0,2002.0,6.4,0,19.0,5,26.3,2.99,0.79,0.0,0.0,0,0,2021,shooting,Wolverhampton Wanderers
ENG-Premier League,2021/22,Wolves,Hwang Hee-chan,KOR,"FW,MF",25.0,1996.0,20.2,5,27.0,12,44.4,1.34,0.59,0.19,0.42,0,0,2021,shooting,Wolverhampton Wanderers
ENG-Premier League,2021/22,Wolves,John Ruddy,ENG,GK,34.0,1986.0,1.5,0,0.0,0,,0.0,0.0,,,0,0,2021,shooting,Wolverhampton Wanderers
ENG-Premier League,2021/22,Wolves,Jonny Castro,ESP,"MF,DF",27.0,1994.0,11.4,2,10.0,5,50.0,0.88,0.44,0.2,0.4,0,0,2021,shooting,Wolverhampton Wanderers
ENG-Premier League,2021/22,Wolves,José Sá,POR,GK,28.0,1993.0,36.5,0,0.0,0,,0.0,0.0,,,0,0,2021,shooting,Wolverhampton Wanderers
ENG-Premier League,2021/22,Wolves,João Moutinho,POR,MF,34.0,1986.0,33.0,2,20.0,7,35.0,0.61,0.21,0.1,0.29,0,0,2021,shooting,Wolverhampton Wanderers
ENG-Premier League,2021/22,Wolves,Ki-Jana Hoever,NED,MF,19.0,2002.0,3.4,0,1.0,0,0.0,0.29,0.0,0.0,,0,0,2021,shooting,Wolverhampton Wanderers
ENG-Premier League,2021/22,Wolves,Leander Dendoncker,BEL,MF,26.0,1995.0,21.7,2,23.0,10,43.5,1.06,0.46,0.09,0.2,0,0,2021,shooting,Wolverhampton Wanderers
ENG-Premier League,2021/22,Wolves,Luke Cundle,ENG,MF,19.0,2002.0,2.0,0,0.0,0,,0.0,0.0,,,0,0,2021,shooting,Wolverhampton Wanderers
ENG-Premier League,2021/22,Wolves,Max Kilman,ENG,DF,24.0,1997.0,29.9,1,13.0,4,30.8,0.44,0.13,0.08,0.25,0,0,2021,shooting,Wolverhampton Wanderers
ENG-Premier League,2021/22,Wolves,Morgan Gibbs-White,ENG,"FW,MF",21.0,2000.0,0.1,0,2.0,0,0.0,20.0,0.0,0.0,,0,0,2021,shooting,Wolverhampton Wanderers
ENG-Premier League,2021/22,Wolves,Nélson Semedo,POR,MF,27.0,1993.0,23.7,0,19.0,4,21.1,0.8,0.17,0.0,0.0,0,0,2021,shooting,Wolverhampton Wanderers
ENG-Premier League,2021/22,Wolves,Pedro Neto,POR,"FW,MF",21.0,2000.0,5.2,1,17.0,4,23.5,3.28,0.77,0.06,0.25,0,0,2021,shooting,Wolverhampton Wanderers
ENG-Premier League,2021/22,Wolves,Rayan Aït-Nouri,ALG,MF,20.0,2001.0,20.3,1,13.0,4,30.8,0.64,0.2,0.08,0.25,0,0,2021,shooting,Wolverhampton Wanderers
ENG-Premier League,2021/22,Wolves,Raúl Jiménez,MEX,FW,30.0,1991.0,29.2,6,57.0,16,28.1,1.95,0.55,0.11,0.38,1,1,2021,shooting,Wolverhampton Wanderers
ENG-Premier League,2021/22,Wolves,Romain Saïss,MAR,DF,31.0,1990.0,30.1,2,18.0,6,33.3,0.6,0.2,0.11,0.33,0,0,2021,shooting,Wolverhampton Wanderers
ENG-Premier League,2021/22,Wolves,Rúben Neves,POR,MF,24.0,1997.0,29.6,4,42.0,16,38.1,1.42,0.54,0.1,0.25,0,0,2021,shooting,Wolverhampton Wanderers
ENG-Premier League,2021/22,Wolves,Toti Gomes,POR,DF,22.0,1999.0,4.0,0,1.0,0,0.0,0.25,0.0,0.0,,0,0,2021,shooting,Wolverhampton Wanderers
ENG-Premier League,2021/22,Wolves,Willy Boly,CIV,DF,30.0,1991.0,10.0,0,2.0,1,50.0,0.2,0.1,0.0,0.0,0,0,2021,shooting,Wolverhampton Wanderers
ENG-Premier League,2022/23,Arsenal,Aaron Ramsdale,ENG,GK,24.0,1998.0,38.0,0,0.0,0,,0.0,0.0,,,0,0,2022,shooting,Arsenal
ENG-Premier League,2022/23,Arsenal,Albert Sambi Lokonga,BEL,MF,22.0,1999.0,2.2,0,0.0,0,,0.0,0.0,,,0,0,2022,shooting,Arsenal
ENG-Premier League,2022/23,Arsenal,Ben White,ENG,DF,24.0,1997.0,33.9,2,10.0,3,30.0,0.29,0.09,0.2,0.67,0,0,2022,shooting,Arsenal
ENG-Premier League,2022/23,Arsenal,Bukayo Saka,ENG,"FW,MF",20.0,2001.0,35.3,14,89.0,32,36.0,2.52,0.91,0.16,0.44,2,3,2022,shooting,Arsenal
ENG-Premier League,2022/23,Arsenal,Cédric Soares,POR,"DF,MF",30.0,1991.0,0.3,0,0.0,0,,0.0,0.0,,,0,0,2022,shooting,Arsenal
ENG-Premier League,2022/23,Arsenal,Eddie Nketiah,ENG,FW,23.0,1999.0,12.1,4,41.0,14,34.1,3.39,1.16,0.1,0.29,0,0,2022,shooting,Arsenal
ENG-Premier League,2022/23,Arsenal,Emile Smith Rowe,ENG,MF,22.0,2000.0,1.9,0,4.0,1,25.0,2.09,0.52,0.0,0.0,0,0,2022,shooting,Arsenal
ENG-Premier League,2022/23,Arsenal,Ethan Nwaneri,ENG,MF,15.0,2007.0,0.0,0,0.0,0,,0.0,0.0,,,0,0,2022,shooting,Arsenal
ENG-Premier League,2022/23,Arsenal,Fabio Vieira,POR,MF,22.0,2000.0,5.7,1,15.0,2,13.3,2.63,0.35,0.07,0.5,0,0,2022,shooting,Arsenal
ENG-Premier League,2022/23,Arsenal,Gabriel Jesus,BRA,FW,25.0,1997.0,22.9,11,77.0,32,41.6,3.36,1.4,0.14,0.34,1,1,2022,shooting,Arsenal
ENG-Premier League,2022/23,Arsenal,Gabriel Magalhães,BRA,DF,24.0,1997.0,37.9,3,32.0,10,31.3,0.84,0.26,0.09,0.3,0,0,2022,shooting,Arsenal
ENG-Premier League,2022/23,Arsenal,Gabriel Martinelli,BRA,"FW,MF",21.0,2001.0,31.0,15,79.0,32,40.5,2.55,1.03,0.19,0.47,0,0,2022,shooting,Arsenal
ENG-Premier League,2022/23,Arsenal,Granit Xhaka,SUI,MF,29.0,1992.0,33.3,7,40.0,14,35.0,1.2,0.42,0.18,0.5,0,0,2022,shooting,Arsenal
ENG-Premier League,2022/23,Arsenal,Jakub Kiwior,POL,DF,22.0,2000.0,4.7,1,1.0,1,100.0,0.21,0.21,1.0,1.0,0,0,2022,shooting,Arsenal
ENG-Premier League,2022/23,Arsenal,Jorginho,ITA,MF,30.0,1991.0,9.5,0,6.0,0,0.0,0.63,0.0,0.0,,0,0,2022,shooting,Arsenal
ENG-Premier League,2022/23,Arsenal,Kieran Tierney,SCO,DF,25.0,1997.0,8.8,0,7.0,2,28.6,0.79,0.23,0.0,0.0,0,0,2022,shooting,Arsenal
ENG-Premier League,2022/23,Arsenal,Leandro Trossard,BEL,FW,27.0,1994.0,10.3,1,17.0,5,29.4,1.64,0.48,0.06,0.2,0,0,2022,shooting,Arsenal
ENG-Premier League,2022/23,Arsenal,Marquinhos,BRA,MF,19.0,2003.0,0.0,0,0.0,0,,0.0,0.0,,,0,0,2022,shooting,Arsenal
ENG-Premier League,2022/23,Arsenal,Martin Ødegaard,NOR,MF,23.0,1998.0,34.7,15,93.0,33,35.5,2.68,0.95,0.16,0.45,0,0,2022,shooting,Arsenal
ENG-Premier League,2022/23,Arsenal,Mohamed Elneny,EGY,MF,30.0,1992.0,1.3,0,0.0,0,,0.0,0.0,,,0,0,2022,shooting,Arsenal
ENG-Premier League,2022/23,Arsenal,Oleksandr Zinchenko,UKR,DF,25.0,1996.0,23.5,1,28.0,7,25.0,1.19,0.3,0.04,0.14,0,0,2022,shooting,Arsenal
ENG-Premier League,2022/23,Arsenal,Reiss Nelson,ENG,"FW,MF",22.0,1999.0,2.4,3,12.0,7,58.3,5.09,2.97,0.25,0.43,0,0,2022,shooting,Arsenal
ENG-Premier League,2022/23,Arsenal,Rob Holding,ENG,DF,26.0,1995.0,6.3,1,5.0,2,40.0,0.8,0.32,0.2,0.5,0,0,2022,shooting,Arsenal
ENG-Premier League,2022/23,Arsenal,Takehiro Tomiyasu,JPN,DF,23.0,1998.0,7.4,0,3.0,0,0.0,0.41,0.0,0.0,,0,0,2022,shooting,Arsenal
ENG-Premier League,2022/23,Arsenal,Thomas Partey,GHA,MF,29.0,1993.0,27.6,3,28.0,4,14.3,1.01,0.14,0.11,0.75,0,0,2022,shooting,Arsenal
ENG-Premier League,2022/23,Arsenal,William Saliba,FRA,DF,21.0,2001.0,26.8,2,6.0,3,50.0,0.22,0.11,0.33,0.67,0,0,2022,shooting,Arsenal
ENG-Premier League,2022/23,Aston Villa,Ashley Young,ENG,DF,37.0,1985.0,22.6,1,15.0,3,20.0,0.66,0.13,0.07,0.33,0,0,2022,shooting,Aston Villa
ENG-Premier League,2022/23,Aston Villa,Bertrand Traoré,BFA,MF,26.0,1995.0,2.6,2,9.0,3,33.3,3.48,1.16,0.22,0.67,0,0,2022,shooting,Aston Villa
ENG-Premier League,2022/23,Aston Villa,Boubacar Kamara,FRA,MF,22.0,1999.0,19.7,0,4.0,1,25.0,0.2,0.05,0.0,0.0,0,0,2022,shooting,Aston Villa
ENG-Premier League,2022/23,Aston Villa,Calum Chambers,ENG,DF,27.0,1995.0,3.9,0,2.0,0,0.0,0.51,0.0,0.0,,0,0,2022,shooting,Aston Villa
ENG-Premier League,2022/23,Aston Villa,Cameron Archer,ENG,"FW,MF",21.0,2001.0,0.5,0,0.0,0,,0.0,0.0,,,0,0,2022,shooting,Aston Villa
ENG-Premier League,2022/23,Aston Villa,Danny Ings,ENG,FW,30.0,1992.0,9.2,6,27.0,14,51.9,2.95,1.53,0.22,0.43,2,2,2022,shooting,Aston Villa
ENG-Premier League,2022/23,Aston Villa,Diego Carlos,BRA,DF,29.0,1993.0,2.3,0,4.0,0,0.0,1.76,0.0,0.0,,0,0,2022,shooting,Aston Villa
ENG-Premier League,2022/23,Aston Villa,Douglas Luiz,BRA,MF,24.0,1998.0,32.5,6,34.0,12,35.3,1.05,0.37,0.18,0.5,0,0,2022,shooting,Aston Villa
ENG-Premier League,2022/23,Aston Villa,Emi Buendía,ARG,"MF,FW",25.0,1996.0,26.8,5,49.0,12,24.5,1.83,0.45,0.1,0.42,0,0,2022,shooting,Aston Villa
ENG-Premier League,2022/23,Aston Villa,Emiliano Martínez,ARG,GK,29.0,1992.0,34.9,0,0.0,0,,0.0,0.0,,,0,0,2022,shooting,Aston Villa
ENG-Premier League,2022/23,Aston Villa,Ezri Konsa,ENG,DF,24.0,1997.0,36.9,0,8.0,0,0.0,0.22,0.0,0.0,,0,0,2022,shooting,Aston Villa
ENG-Premier League,2022/23,Aston Villa,Jacob Ramsey,ENG,MF,21.0,2001.0,29.3,6,33.0,13,39.4,1.13,0.44,0.18,0.46,0,0,2022,shooting,Aston Villa
ENG-Premier League,2022/23,Aston Villa,Jan Bednarek,POL,DF,26.0,1996.0,1.1,0,0.0,0,,0.0,0.0,,,0,0,2022,shooting,Aston Villa
ENG-Premier League,2022/23,Aston Villa,John McGinn,SCO,MF,27.0,1994.0,29.9,1,42.0,11,26.2,1.4,0.37,0.02,0.09,0,0,2022,shooting,Aston Villa
ENG-Premier League,2022/23,Aston Villa,Jáder Durán,COL,FW,18.0,2003.0,1.5,0,7.0,2,28.6,4.63,1.32,0.0,0.0,0,0,2022,shooting,Aston Villa
ENG-Premier League,2022/23,Aston Villa,Leander Dendoncker,BEL,MF,27.0,1995.0,7.7,0,2.0,0,0.0,0.26,0.0,0.0,,0,0,2022,shooting,Aston Villa
ENG-Premier League,2022/23,Aston Villa,Leon Bailey,JAM,"FW,MF",24.0,1997.0,21.9,4,51.0,14,27.5,2.33,0.64,0.08,0.29,0,0,2022,shooting,Aston Villa
ENG-Premier League,2022/23,Aston Villa,Lucas Digne,FRA,DF,29.0,1993.0,16.7,1,8.0,3,37.5,0.48,0.18,0.13,0.33,0,0,2022,shooting,Aston Villa
ENG-Premier League,2022/23,Aston Villa,Ludwig Augustinsson,SWE,DF,28.0,1994.0,0.9,0,2.0,2,100.0,2.34,2.34,0.0,0.0,0,0,2022,shooting,Aston Villa
ENG-Premier League,2022/23,Aston Villa,Matty Cash,POL,DF,24.0,1997.0,20.2,0,7.0,1,14.3,0.35,0.05,0.0,0.0,0,0,2022,shooting,Aston Villa
ENG-Premier League,2022/23,Aston Villa,Morgan Sanson,FRA,MF,27.0,1994.0,0.1,0,0.0,0,,0.0,0.0,,,0,0,2022,shooting,Aston Villa
ENG-Premier League,2022/23,Aston Villa,Ollie Watkins,ENG,FW,26.0,1995.0,34.7,15,85.0,47,55.3,2.45,1.35,0.18,0.32,1,2,2022,shooting,Aston Villa
ENG-Premier League,2022/23,Aston Villa,Philippe Coutinho,BRA,"FW,MF",30.0,1992.0,8.8,1,21.0,8,38.1,2.4,0.91,0.05,0.13,0,0,2022,shooting,Aston Villa
ENG-Premier League,2022/23,Aston Villa,Robin Olsen,SWE,GK,32.0,1990.0,3.1,0,0.0,0,,0.0,0.0,,,0,0,2022,shooting,Aston Villa
ENG-Premier League,2022/23,Aston Villa,Tyrone Mings,ENG,DF,29.0,1993.0,35.0,1,7.0,2,28.6,0.2,0.06,0.14,0.5,0,0,2022,shooting,Aston Villa
ENG-Premier League,2022/23,Aston Villa,Álex Moreno,ESP,DF,29.0,1993.0,14.8,0,13.0,3,23.1,0.88,0.2,0.0,0.0,0,0,2022,shooting,Aston Villa
ENG-Premier League,2022/23,Bournemouth,Adam Smith,ENG,DF,31.0,1991.0,32.7,0,5.0,1,20.0,0.15,0.03,0.0,0.0,0,0,2022,shooting,AFC Bournemouth
ENG-Premier League,2022/23,Bournemouth,Antoine Semenyo,GHA,"MF,FW",22.0,2000.0,2.9,1,3.0,1,33.3,1.05,0.35,0.33,1.0,0,0,2022,shooting,AFC Bournemouth
ENG-Premier League,2022/23,Bournemouth,Ben Pearson,ENG,MF,27.0,1995.0,3.2,0,2.0,1,50.0,0.63,0.31,0.0,0.0,0,0,2022,shooting,AFC Bournemouth
ENG-Premier League,2022/23,Bournemouth,Chris Mepham,WAL,DF,24.0,1997.0,24.4,0,8.0,4,50.0,0.33,0.16,0.0,0.0,0,0,2022,shooting,AFC Bournemouth
ENG-Premier League,2022/23,Bournemouth,Dango Ouattara,BFA,MF,20.0,2002.0,13.8,1,26.0,5,19.2,1.89,0.36,0.04,0.2,0,0,2022,shooting,AFC Bournemouth
ENG-Premier League,2022/23,Bournemouth,David Brooks,WAL,MF,25.0,1997.0,1.9,0,5.0,1,20.0,2.6,0.52,0.0,0.0,0,0,2022,shooting,AFC Bournemouth
ENG-Premier League,2022/23,Bournemouth,Dominic Solanke,ENG,FW,24.0,1997.0,31.8,6,76.0,29,38.2,2.39,0.91,0.08,0.21,0,0,2022,shooting,AFC Bournemouth
ENG-Premier League,2022/23,Bournemouth,Emiliano Marcondes,DEN,"FW,MF",27.0,1995.0,0.1,0,0.0,0,,0.0,0.0,,,0,0,2022,shooting,AFC Bournemouth
ENG-Premier League,2022/23,Bournemouth,Hamed Junior Traorè,CIV,MF,22.0,2000.0,4.7,0,6.0,0,0.0,1.26,0.0,0.0,,0,0,2022,shooting,AFC Bournemouth
ENG-Premier League,2022/23,Bournemouth,Illia Zabarnyi,UKR,DF,19.0,2002.0,3.3,0,0.0,0,,0.0,0.0,,,0,0,2022,shooting,AFC Bournemouth
ENG-Premier League,2022/23,Bournemouth,Jack Stacey,ENG,"DF,MF",26.0,1996.0,3.3,0,1.0,0,0.0,0.3,0.0,0.0,,0,0,2022,shooting,AFC Bournemouth
ENG-Premier League,2022/23,Bournemouth,Jack Stephens,ENG,DF,28.0,1994.0,13.0,0,2.0,1,50.0,0.15,0.08,0.0,0.0,0,0,2022,shooting,AFC Bournemouth
ENG-Premier League,2022/23,Bournemouth,Jaidon Anthony,ENG,MF,22.0,1999.0,14.0,3,21.0,13,61.9,1.5,0.93,0.14,0.23,0,0,2022,shooting,AFC Bournemouth
ENG-Premier League,2022/23,Bournemouth,Jamal Lowe,JAM,"FW,MF",28.0,1994.0,0.1,0,0.0,0,,0.0,0.0,,,0,0,2022,shooting,AFC Bournemouth
ENG-Premier League,2022/23,Bournemouth,Jefferson Lerma,COL,MF,27.0,1994.0,36.1,5,35.0,12,34.3,0.97,0.33,0.14,0.42,0,0,2022,shooting,AFC Bournemouth
ENG-Premier League,2022/23,Bournemouth,Joe Rothwell,ENG,MF,27.0,1995.0,11.3,0,3.0,2,66.7,0.27,0.18,0.0,0.0,0,0,2022,shooting,AFC Bournemouth
ENG-Premier League,2022/23,Bournemouth,Jordan Zemura,ZIM,"DF,MF",22.0,1999.0,16.2,0,4.0,1,25.0,0.25,0.06,0.0,0.0,0,0,2022,shooting,AFC Bournemouth
ENG-Premier League,2022/23,Bournemouth,Junior Stanislas,ENG,MF,32.0,1989.0,0.7,0,1.0,0,0.0,1.48,0.0,0.0,,0,0,2022,shooting,AFC Bournemouth
ENG-Premier League,2022/23,Bournemouth,Kieffer Moore,WAL,FW,29.0,1992.0,14.2,4,23.0,9,39.1,1.62,0.63,0.17,0.44,0,0,2022,shooting,AFC Bournemouth
ENG-Premier League,2022/23,Bournemouth,Lewis Cook,ENG,MF,25.0,1997.0,19.1,0,6.0,0,0.0,0.31,0.0,0.0,,0,0,2022,shooting,AFC Bournemouth
ENG-Premier League,2022/23,Bournemouth,Lloyd Kelly,ENG,DF,23.0,1998.0,22.7,0,3.0,0,0.0,0.13,0.0,0.0,,0,0,2022,shooting,AFC Bournemouth
ENG-Premier League,2022/23,Bournemouth,Marcos Senesi,ARG,DF,25.0,1997.0,27.7,2,8.0,3,37.5,0.29,0.11,0.25,0.67,0,0,2022,shooting,AFC Bournemouth
ENG-Premier League,2022/23,Bournemouth,Marcus Tavernier,ENG,MF,23.0,1999.0,19.4,5,37.0,15,40.5,1.91,0.77,0.14,0.33,0,0,2022,shooting,AFC Bournemouth
ENG-Premier League,2022/23,Bournemouth,Mark Travers,IRL,GK,23.0,1999.0,11.5,0,0.0,0,,0.0,0.0,,,0,0,2022,shooting,AFC Bournemouth
ENG-Premier League,2022/23,Bournemouth,Matías Viña,URU,"DF,MF",24.0,1997.0,5.1,2,9.0,6,66.7,1.77,1.18,0.22,0.33,0,0,2022,shooting,AFC Bournemouth
ENG-Premier League,2022/23,Bournemouth,Neto,BRA,GK,33.0,1989.0,26.5,0,0.0,0,,0.0,0.0,,,0,0,2022,shooting,AFC Bournemouth
ENG-Premier League,2022/23,Bournemouth,Owen Bevan,WAL,DF,18.0,2003.0,0.1,0,0.0,0,,0.0,0.0,,,0,0,2022,shooting,AFC Bournemouth
ENG-Premier League,2022/23,Bournemouth,Philip Billing,DEN,"MF,FW",26.0,1996.0,30.7,7,38.0,18,47.4,1.24,0.59,0.18,0.39,0,0,2022,shooting,AFC Bournemouth
ENG-Premier League,2022/23,Bournemouth,Ryan Christie,SCO,MF,27.0,1995.0,20.4,1,33.0,9,27.3,1.62,0.44,0.03,0.11,0,0,2022,shooting,AFC Bournemouth
ENG-Premier League,2022/23,Bournemouth,Ryan Fredericks,ENG,DF,29.0,1992.0,5.9,0,0.0,0,,0.0,0.0,,,0,0,2022,shooting,AFC Bournemouth
ENG-Premier League,2022/23,Bournemouth,Siriki Dembélé,CIV,"FW,MF",25.0,1996.0,1.2,0,2.0,2,100.0,1.64,1.64,0.0,0.0,0,0,2022,shooting,AFC Bournemouth
ENG-Premier League,2022/23,Brentford,Aaron Hickey,SCO,DF,20.0,2002.0,21.3,0,11.0,2,18.2,0.52,0.09,0.0,0.0,0,0,2022,shooting,Brentford
ENG-Premier League,2022/23,Brentford,Ben Mee,ENG,DF,32.0,1989.0,36.3,3,27.0,7,25.9,0.74,0.19,0.11,0.43,0,0,2022,shooting,Brentford
ENG-Premier League,2022/23,Brentford,Bryan Mbeumo,CMR,FW,22.0,1999.0,32.3,9,71.0,33,46.5,2.2,1.02,0.13,0.27,1,1,2022,shooting,Brentford
ENG-Premier League,2022/23,Brentford,Christian Nørgaard,DEN,MF,28.0,1994.0,19.6,1,19.0,10,52.6,0.97,0.51,0.05,0.1,0,0,2022,shooting,Brentford
ENG-Premier League,2022/23,Brentford,David Raya,ESP,GK,26.0,1995.0,38.0,0,1.0,0,0.0,0.03,0.0,0.0,,0,0,2022,shooting,Brentford
ENG-Premier League,2022/23,Brentford,Ethan Pinnock,JAM,DF,29.0,1993.0,30.0,3,15.0,9,60.0,0.5,0.3,0.2,0.33,0,0,2022,shooting,Brentford
ENG-Premier League,2022/23,Brentford,Frank Onyeka,NGA,MF,24.0,1998.0,9.4,0,9.0,4,44.4,0.96,0.42,0.0,0.0,0,0,2022,shooting,Brentford
ENG-Premier League,2022/23,Brentford,Halil Dervişoğlu,TUR,FW,22.0,1999.0,0.1,0,1.0,0,0.0,11.25,0.0,0.0,,0,0,2022,shooting,Brentford
ENG-Premier League,2022/23,Brentford,Ivan Toney,ENG,FW,26.0,1996.0,32.8,20,94.0,42,44.7,2.87,1.28,0.21,0.48,6,7,2022,shooting,Brentford
ENG-Premier League,2022/23,Brentford,Josh Dasilva,ENG,MF,23.0,1998.0,15.4,4,18.0,6,33.3,1.17,0.39,0.22,0.67,0,0,2022,shooting,Brentford
ENG-Premier League,2022/23,Brentford,Keane Lewis-Potter,ENG,FW,21.0,2001.0,3.6,0,7.0,2,28.6,1.96,0.56,0.0,0.0,0,0,2022,shooting,Brentford
ENG-Premier League,2022/23,Brentford,Kevin Schade,GER,FW,20.0,2001.0,8.1,0,12.0,4,33.3,1.48,0.49,0.0,0.0,0,0,2022,shooting,Brentford
ENG-Premier League,2022/23,Brentford,Kristoffer Ajer,NOR,DF,24.0,1998.0,8.5,0,1.0,0,0.0,0.12,0.0,0.0,,0,0,2022,shooting,Brentford
ENG-Premier League,2022/23,Brentford,Mads Bech Sørensen,DEN,DF,23.0,1999.0,0.2,0,0.0,0,,0.0,0.0,,,0,0,2022,shooting,Brentford
ENG-Premier League,2022/23,Brentford,Mads Roerslev,DEN,"MF,DF",23.0,1999.0,12.3,0,3.0,1,33.3,0.24,0.08,0.0,0.0,0,0,2022,shooting,Brentford
ENG-Premier League,2022/23,Brentford,Mathias Jensen,DEN,MF,26.0,1996.0,31.1,5,23.0,7,30.4,0.74,0.22,0.22,0.71,0,0,2022,shooting,Brentford
ENG-Premier League,2022/23,Brentford,Mathias Jørgensen,DEN,DF,32.0,1990.0,12.3,0,5.0,1,20.0,0.41,0.08,0.0,0.0,0,0,2022,shooting,Brentford
ENG-Premier League,2022/23,Brentford,Mikkel Damsgaard,DEN,"MF,FW",22.0,2000.0,11.0,0,12.0,6,50.0,1.09,0.55,0.0,0.0,0,0,2022,shooting,Brentford
ENG-Premier League,2022/23,Brentford,Pontus Jansson,SWE,DF,31.0,1991.0,8.0,1,4.0,2,50.0,0.5,0.25,0.25,0.5,0,0,2022,shooting,Brentford
ENG-Premier League,2022/23,Brentford,Rico Henry,JAM,"DF,MF",25.0,1997.0,36.0,0,22.0,4,18.2,0.61,0.11,0.0,0.0,0,0,2022,shooting,Brentford
ENG-Premier League,2022/23,Brentford,Saman Ghoddos,IRN,"FW,MF",28.0,1993.0,1.5,0,1.0,1,100.0,0.65,0.65,0.0,0.0,0,0,2022,shooting,Brentford
ENG-Premier League,2022/23,Brentford,Sergi Canós,ESP,"FW,MF",25.0,1997.0,0.9,0,1.0,0,0.0,1.17,0.0,0.0,,0,0,2022,shooting,Brentford
ENG-Premier League,2022/23,Brentford,Shandon Baptiste,GRN,MF,24.0,1998.0,6.9,0,4.0,1,25.0,0.58,0.15,0.0,0.0,0,0,2022,shooting,Brentford
ENG-Premier League,2022/23,Brentford,Vitaly Janelt,GER,MF,24.0,1998.0,24.5,3,14.0,5,35.7,0.57,0.2,0.21,0.6,0,0,2022,shooting,Brentford
ENG-Premier League,2022/23,Brentford,Yoane Wissa,COD,FW,25.0,1996.0,17.8,7,32.0,15,46.9,1.79,0.84,0.22,0.47,0,0,2022,shooting,Brentford
ENG-Premier League,2022/23,Brighton,Adam Lallana,ENG,MF,34.0,1988.0,8.0,2,8.0,5,62.5,1.0,0.62,0.25,0.4,0,0,2022,shooting,Brighton & Hove Albion
ENG-Premier League,2022/23,Brighton,Adam Webster,ENG,DF,27.0,1995.0,22.1,0,18.0,2,11.1,0.82,0.09,0.0,0.0,0,0,2022,shooting,Brighton & Hove Albion
ENG-Premier League,2022/23,Brighton,Alexis Mac Allister,ARG,MF,23.0,1998.0,32.1,10,86.0,34,39.5,2.68,1.06,0.12,0.29,6,6,2022,shooting,Brighton & Hove Albion
ENG-Premier League,2022/23,Brighton,Andrew Moran,IRL,MF,18.0,2003.0,0.1,0,0.0,0,,0.0,0.0,,,0,0,2022,shooting,Brighton & Hove Albion
ENG-Premier League,2022/23,Brighton,Billy Gilmour,SCO,MF,21.0,2001.0,5.6,0,6.0,1,16.7,1.07,0.18,0.0,0.0,0,0,2022,shooting,Brighton & Hove Albion
ENG-Premier League,2022/23,Brighton,Cameron Peupion,AUS,MF,19.0,2002.0,0.1,0,1.0,0,0.0,15.0,0.0,0.0,,0,0,2022,shooting,Brighton & Hove Albion
ENG-Premier League,2022/23,Brighton,Danny Welbeck,ENG,FW,31.0,1990.0,20.6,6,62.0,23,37.1,3.01,1.12,0.1,0.26,0,0,2022,shooting,Brighton & Hove Albion
ENG-Premier League,2022/23,Brighton,Deniz Undav,GER,"MF,FW",26.0,1996.0,7.0,5,27.0,12,44.4,3.87,1.72,0.19,0.42,0,0,2022,shooting,Brighton & Hove Albion
ENG-Premier League,2022/23,Brighton,Enock Mwepu,ZAM,"MF,FW",24.0,1998.0,2.4,0,2.0,1,50.0,0.85,0.42,0.0,0.0,0,0,2022,shooting,Brighton & Hove Albion
ENG-Premier League,2022/23,Brighton,Evan Ferguson,IRL,FW,17.0,2004.0,10.6,6,36.0,17,47.2,3.41,1.61,0.17,0.35,0,0,2022,shooting,Brighton & Hove Albion
ENG-Premier League,2022/23,Brighton,Facundo Buonanotte,ARG,MF,17.0,2004.0,6.3,1,11.0,3,27.3,1.75,0.48,0.09,0.33,0,0,2022,shooting,Brighton & Hove Albion
ENG-Premier League,2022/23,Brighton,Jack Hinshelwood,ENG,"DF,MF",17.0,2005.0,0.0,0,0.0,0,,0.0,0.0,,,0,0,2022,shooting,Brighton & Hove Albion
ENG-Premier League,2022/23,Brighton,Jan Paul van Hecke,NED,DF,22.0,2000.0,3.3,0,2.0,0,0.0,0.61,0.0,0.0,,0,0,2022,shooting,Brighton & Hove Albion
ENG-Premier League,2022/23,Brighton,Jason Steele,ENG,GK,31.0,1990.0,15.0,0,0.0,0,,0.0,0.0,,,0,0,2022,shooting,Brighton & Hove Albion
ENG-Premier League,2022/23,Brighton,Jeremy Sarmiento,ECU,MF,20.0,2002.0,2.0,0,5.0,2,40.0,2.56,1.02,0.0,0.0,0,0,2022,shooting,Brighton & Hove Albion
ENG-Premier League,2022/23,Brighton,Joël Veltman,NED,DF,30.0,1992.0,24.3,1,14.0,6,42.9,0.58,0.25,0.07,0.17,0,0,2022,shooting,Brighton & Hove Albion
ENG-Premier League,2022/23,Brighton,Julio Enciso,PAR,"MF,FW",18.0,2004.0,9.0,4,38.0,18,47.4,4.24,2.01,0.11,0.22,0,0,2022,shooting,Brighton & Hove Albion
ENG-Premier League,2022/23,Brighton,Kaoru Mitoma,JPN,MF,25.0,1997.0,25.8,7,52.0,21,40.4,2.02,0.82,0.13,0.33,0,0,2022,shooting,Brighton & Hove Albion
ENG-Premier League,2022/23,Brighton,Leandro Trossard,BEL,"MF,FW",27.0,1994.0,14.6,7,38.0,18,47.4,2.6,1.23,0.18,0.39,0,0,2022,shooting,Brighton & Hove Albion
ENG-Premier League,2022/23,Brighton,Levi Colwill,ENG,DF,19.0,2003.0,13.6,0,8.0,0,0.0,0.59,0.0,0.0,,0,0,2022,shooting,Brighton & Hove Albion
ENG-Premier League,2022/23,Brighton,Lewis Dunk,ENG,DF,30.0,1991.0,36.0,1,22.0,3,13.6,0.61,0.08,0.05,0.33,0,0,2022,shooting,Brighton & Hove Albion
ENG-Premier League,2022/23,Brighton,Moisés Caicedo,ECU,MF,20.0,2001.0,34.9,1,27.0,8,29.6,0.77,0.23,0.04,0.13,0,0,2022,shooting,Brighton & Hove Albion
ENG-Premier League,2022/23,Brighton,Odeluga Offiah,ENG,DF,19.0,2002.0,0.3,0,0.0,0,,0.0,0.0,,,0,0,2022,shooting,Brighton & Hove Albion
ENG-Premier League,2022/23,Brighton,Pascal Groß,GER,"MF,DF",31.0,1991.0,36.0,9,40.0,19,47.5,1.11,0.53,0.23,0.47,0,0,2022,shooting,Brighton & Hove Albion
ENG-Premier League,2022/23,Brighton,Pervis Estupiñán,ECU,"DF,MF",24.0,1998.0,29.7,1,30.0,5,16.7,1.01,0.17,0.03,0.2,0,0,2022,shooting,Brighton & Hove Albion
ENG-Premier League,2022/23,Brighton,Robert Sánchez,ESP,GK,24.0,1997.0,23.0,0,0.0,0,,0.0,0.0,,,0,0,2022,shooting,Brighton & Hove Albion
ENG-Premier League,2022/23,Brighton,Solly March,ENG,MF,28.0,1994.0,30.2,6,73.0,33,45.2,2.42,1.09,0.08,0.18,0,0,2022,shooting,Brighton & Hove Albion
ENG-Premier League,2022/23,Brighton,Tariq Lamptey,GHA,"DF,MF",21.0,2000.0,5.0,0,5.0,0,0.0,0.99,0.0,0.0,,0,0,2022,shooting,Brighton & Hove Albion
ENG-Premier League,2022/23,Brighton,Yasin Ayari,SWE,MF,18.0,2003.0,0.7,0,1.0,0,0.0,1.34,0.0,0.0,,0,0,2022,shooting,Brighton & Hove Albion
ENG-Premier League,2022/23,Chelsea,Armando Broja,ALB,FW,20.0,2001.0,3.3,1,6.0,5,83.3,1.84,1.53,0.17,0.2,0,0,2022,shooting,Chelsea
ENG-Premier League,2022/23,Chelsea,Ben Chilwell,ENG,"MF,DF",25.0,1996.0,15.6,2,16.0,4,25.0,1.02,0.26,0.13,0.5,0,0,2022,shooting,Chelsea
ENG-Premier League,2022/23,Chelsea,Benoît Badiashile,FRA,DF,21.0,2001.0,10.1,1,6.0,2,33.3,0.6,0.2,0.17,0.5,0,0,2022,shooting,Chelsea
ENG-Premier League,2022/23,Chelsea,Carney Chukwuemeka,AUT,MF,18.0,2003.0,3.9,0,5.0,1,20.0,1.27,0.25,0.0,0.0,0,0,2022,shooting,Chelsea
ENG-Premier League,2022/23,Chelsea,Christian Pulisic,USA,"MF,FW",23.0,1998.0,9.1,1,19.0,6,31.6,2.08,0.66,0.05,0.17,0,0,2022,shooting,Chelsea
ENG-Premier League,2022/23,Chelsea,Conor Gallagher,ENG,MF,22.0,2000.0,18.0,3,28.0,11,39.3,1.55,0.61,0.11,0.27,0,0,2022,shooting,Chelsea
ENG-Premier League,2022/23,Chelsea,César Azpilicueta,ESP,"DF,MF",32.0,1989.0,17.0,0,9.0,1,11.1,0.53,0.06,0.0,0.0,0,0,2022,shooting,Chelsea
ENG-Premier League,2022/23,Chelsea,David Datro Fofana,CIV,FW,19.0,2002.0,0.8,0,3.0,2,66.7,3.86,2.57,0.0,0.0,0,0,2022,shooting,Chelsea
ENG-Premier League,2022/23,Chelsea,Denis Zakaria,SUI,MF,25.0,1996.0,4.6,0,2.0,0,0.0,0.44,0.0,0.0,,0,0,2022,shooting,Chelsea
ENG-Premier League,2022/23,Chelsea,Enzo Fernández,ARG,MF,21.0,2001.0,17.2,0,20.0,3,15.0,1.16,0.17,0.0,0.0,0,0,2022,shooting,Chelsea
ENG-Premier League,2022/23,Chelsea,Hakim Ziyech,MAR,"MF,FW",29.0,1993.0,7.3,0,16.0,3,18.8,2.18,0.41,0.0,0.0,0,0,2022,shooting,Chelsea
ENG-Premier League,2022/23,Chelsea,Jorginho,ITA,MF,30.0,1991.0,14.2,2,5.0,3,60.0,0.35,0.21,0.4,0.67,2,2,2022,shooting,Chelsea
ENG-Premier League,2022/23,Chelsea,João Félix,POR,"FW,MF",22.0,1999.0,10.5,4,46.0,16,34.8,4.4,1.53,0.09,0.25,0,0,2022,shooting,Chelsea
ENG-Premier League,2022/23,Chelsea,Kai Havertz,GER,"FW,MF",23.0,1999.0,28.5,7,71.0,33,46.5,2.49,1.16,0.1,0.21,1,1,2022,shooting,Chelsea
ENG-Premier League,2022/23,Chelsea,Kalidou Koulibaly,SEN,DF,31.0,1991.0,20.0,2,11.0,4,36.4,0.55,0.2,0.18,0.5,0,0,2022,shooting,Chelsea
ENG-Premier League,2022/23,Chelsea,Kepa Arrizabalaga,ESP,GK,27.0,1994.0,28.5,0,0.0,0,,0.0,0.0,,,0,0,2022,shooting,Chelsea
ENG-Premier League,2022/23,Chelsea,Lewis Hall,ENG,"MF,DF",17.0,2004.0,7.3,0,11.0,5,45.5,1.51,0.69,0.0,0.0,0,0,2022,shooting,Chelsea
ENG-Premier League,2022/23,Chelsea,Marc Cucurella,ESP,"DF,MF",24.0,1998.0,18.6,0,7.0,0,0.0,0.38,0.0,0.0,,0,0,2022,shooting,Chelsea
ENG-Premier League,2022/23,Chelsea,Mason Mount,ENG,MF,23.0,1999.0,18.3,3,33.0,9,27.3,1.8,0.49,0.09,0.33,0,0,2022,shooting,Chelsea
ENG-Premier League,2022/23,Chelsea,Mateo Kovačić,CRO,MF,28.0,1994.0,19.0,1,23.0,2,8.7,1.21,0.11,0.04,0.5,0,0,2022,shooting,Chelsea
ENG-Premier League,2022/23,Chelsea,Mykhailo Mudryk,UKR,"FW,MF",21.0,2001.0,7.3,0,14.0,5,35.7,1.92,0.68,0.0,0.0,0,0,2022,shooting,Chelsea
ENG-Premier League,2022/23,Chelsea,N'Golo Kanté,FRA,MF,31.0,1991.0,5.8,0,8.0,1,12.5,1.39,0.17,0.0,0.0,0,0,2022,shooting,Chelsea
ENG-Premier League,2022/23,Chelsea,Noni Madueke,ENG,"FW,MF",20.0,2002.0,7.1,1,12.0,6,50.0,1.68,0.84,0.08,0.17,0,0,2022,shooting,Chelsea
ENG-Premier League,2022/23,Chelsea,Omari Hutchinson,ENG,MF,18.0,2003.0,0.3,0,0.0,0,,0.0,0.0,,,0,0,2022,shooting,Chelsea
ENG-Premier League,2022/23,Chelsea,Pierre-Emerick Aubameyang,GAB,FW,33.0,1989.0,6.2,1,16.0,7,43.8,2.6,1.14,0.06,0.14,0,0,2022,shooting,Chelsea
ENG-Premier League,2022/23,Chelsea,Raheem Sterling,ENG,"FW,MF",27.0,1994.0,21.0,6,42.0,17,40.5,2.0,0.81,0.14,0.35,0,0,2022,shooting,Chelsea
ENG-Premier League,2022/23,Chelsea,Reece James,ENG,"DF,MF",22.0,1999.0,13.8,1,16.0,4,25.0,1.16,0.29,0.06,0.25,0,0,2022,shooting,Chelsea
ENG-Premier League,2022/23,Chelsea,Ruben Loftus-Cheek,ENG,MF,26.0,1996.0,17.1,0,9.0,2,22.2,0.53,0.12,0.0,0.0,0,0,2022,shooting,Chelsea
ENG-Premier League,2022/23,Chelsea,Thiago Silva,BRA,DF,37.0,1984.0,26.1,0,15.0,2,13.3,0.57,0.08,0.0,0.0,0,0,2022,shooting,Chelsea
ENG-Premier League,2022/23,Chelsea,Trevoh Chalobah,ENG,DF,23.0,1999.0,17.9,0,9.0,2,22.2,0.5,0.11,0.0,0.0,0,0,2022,shooting,Chelsea
ENG-Premier League,2022/23,Chelsea,Wesley Fofana,FRA,DF,21.0,2000.0,13.1,1,6.0,2,33.3,0.46,0.15,0.17,0.5,0,0,2022,shooting,Chelsea
ENG-Premier League,2022/23,Chelsea,Édouard Mendy,SEN,GK,30.0,1992.0,9.5,0,0.0,0,,0.0,0.0,,,0,0,2022,shooting,Chelsea
ENG-Premier League,2022/23,Crystal Palace,Albert Sambi Lokonga,BEL,MF,22.0,1999.0,6.0,0,2.0,1,50.0,0.34,0.17,0.0,0.0,0,0,2022,shooting,Crystal Palace
ENG-Premier League,2022/23,Crystal Palace,Cheick Doucouré,MLI,MF,22.0,2000.0,30.8,0,36.0,7,19.4,1.17,0.23,0.0,0.0,0,0,2022,shooting,Crystal Palace
ENG-Premier League,2022/23,Crystal Palace,Chris Richards,USA,DF,22.0,2000.0,5.0,0,4.0,0,0.0,0.81,0.0,0.0,,0,0,2022,shooting,Crystal Palace
ENG-Premier League,2022/23,Crystal Palace,David Ozoh,ENG,MF,17.0,2005.0,0.0,0,0.0,0,,0.0,0.0,,,0,0,2022,shooting,Crystal Palace
ENG-Premier League,2022/23,Crystal Palace,Eberechi Eze,ENG,"MF,FW",24.0,1998.0,29.3,10,70.0,25,35.7,2.39,0.85,0.14,0.4,1,1,2022,shooting,Crystal Palace
ENG-Premier League,2022/23,Crystal Palace,James McArthur,SCO,MF,34.0,1987.0,0.6,0,0.0,0,,0.0,0.0,,,0,0,2022,shooting,Crystal Palace
ENG-Premier League,2022/23,Crystal Palace,James Tomkins,ENG,DF,33.0,1989.0,3.8,1,3.0,2,66.7,0.8,0.53,0.33,0.5,0,0,2022,shooting,Crystal Palace
ENG-Premier League,2022/23,Crystal Palace,Jaïro Riedewald,NED,"DF,MF",25.0,1996.0,0.7,0,1.0,0,0.0,1.41,0.0,0.0,,0,0,2022,shooting,Crystal Palace
ENG-Premier League,2022/23,Crystal Palace,Jean-Philippe Mateta,FRA,FW,25.0,1997.0,8.6,2,28.0,8,28.6,3.27,0.94,0.07,0.25,0,0,2022,shooting,Crystal Palace
ENG-Premier League,2022/23,Crystal Palace,Jeffrey Schlupp,GHA,MF,29.0,1992.0,28.1,3,28.0,9,32.1,1.0,0.32,0.11,0.33,0,0,2022,shooting,Crystal Palace
ENG-Premier League,2022/23,Crystal Palace,Joachim Andersen,DEN,DF,26.0,1996.0,30.9,1,22.0,9,40.9,0.71,0.29,0.05,0.11,0,0,2022,shooting,Crystal Palace
ENG-Premier League,2022/23,Crystal Palace,Joel Ward,ENG,DF,32.0,1989.0,25.1,1,7.0,2,28.6,0.28,0.08,0.14,0.5,0,0,2022,shooting,Crystal Palace
ENG-Premier League,2022/23,Crystal Palace,Jordan Ayew,GHA,"FW,MF",30.0,1991.0,30.2,4,32.0,11,34.4,1.06,0.36,0.13,0.36,0,0,2022,shooting,Crystal Palace
ENG-Premier League,2022/23,Crystal Palace,Joseph Whitworth,ENG,GK,18.0,2004.0,2.0,0,0.0,0,,0.0,0.0,,,0,0,2022,shooting,Crystal Palace
ENG-Premier League,2022/23,Crystal Palace,Luka Milivojević,SRB,MF,31.0,1991.0,5.7,0,7.0,0,0.0,1.23,0.0,0.0,,0,0,2022,shooting,Crystal Palace
ENG-Premier League,2022/23,Crystal Palace,Malcolm Ebiowei,ENG,MF,18.0,2003.0,0.4,0,0.0,0,,0.0,0.0,,,0,0,2022,shooting,Crystal Palace
ENG-Premier League,2022/23,Crystal Palace,Marc Guéhi,ENG,DF,22.0,2000.0,37.0,1,14.0,6,42.9,0.38,0.16,0.07,0.17,0,0,2022,shooting,Crystal Palace
ENG-Premier League,2022/23,Crystal Palace,Michael Olise,FRA,"MF,FW",20.0,2001.0,30.5,2,51.0,14,27.5,1.67,0.46,0.04,0.14,0,0,2022,shooting,Crystal Palace
ENG-Premier League,2022/23,Crystal Palace,Naouirou Ahamada,FRA,MF,20.0,2002.0,1.0,0,3.0,0,0.0,2.87,0.0,0.0,,0,0,2022,shooting,Crystal Palace
ENG-Premier League,2022/23,Crystal Palace,Nathaniel Clyne,ENG,DF,31.0,1991.0,18.2,0,0.0,0,,0.0,0.0,,,0,0,2022,shooting,Crystal Palace
ENG-Premier League,2022/23,Crystal Palace,Odsonne Édouard,FRA,FW,24.0,1998.0,20.0,5,39.0,15,38.5,1.95,0.75,0.13,0.33,0,0,2022,shooting,Crystal Palace
ENG-Premier League,2022/23,Crystal Palace,Sam Johnstone,ENG,GK,29.0,1993.0,9.0,0,0.0,0,,0.0,0.0,,,0,0,2022,shooting,Crystal Palace
ENG-Premier League,2022/23,Crystal Palace,Tyrick Mitchell,ENG,DF,22.0,1999.0,32.1,0,6.0,1,16.7,0.19,0.03,0.0,0.0,0,0,2022,shooting,Crystal Palace
ENG-Premier League,2022/23,Crystal Palace,Vicente Guaita,ESP,GK,35.0,1987.0,27.0,0,0.0,0,,0.0,0.0,,,0,0,2022,shooting,Crystal Palace
ENG-Premier League,2022/23,Crystal Palace,Wilfried Zaha,CIV,"FW,MF",29.0,1992.0,25.4,7,66.0,22,33.3,2.6,0.87,0.11,0.32,0,2,2022,shooting,Crystal Palace
ENG-Premier League,2022/23,Crystal Palace,Will Hughes,ENG,MF,27.0,1995.0,9.4,1,6.0,4,66.7,0.64,0.43,0.17,0.25,0,0,2022,shooting,Crystal Palace
ENG-Premier League,2022/23,Everton,Abdoulaye Doucouré,MLI,MF,29.0,1993.0,17.0,5,20.0,8,40.0,1.17,0.47,0.25,0.63,0,0,2022,shooting,Everton
ENG-Premier League,2022/23,Everton,Alex Iwobi,NGA,MF,26.0,1996.0,37.5,2,42.0,15,35.7,1.12,0.4,0.05,0.13,0,0,2022,shooting,Everton
ENG-Premier League,2022/23,Everton,Amadou Onana,BEL,MF,20.0,2001.0,27.6,1,34.0,6,17.6,1.23,0.22,0.03,0.17,0,0,2022,shooting,Everton
ENG-Premier League,2022/23,Everton,Anthony Gordon,ENG,"FW,MF",21.0,2001.0,12.2,3,26.0,16,61.5,2.14,1.32,0.12,0.19,0,0,2022,shooting,Everton
ENG-Premier League,2022/23,Everton,Asmir Begović,BIH,GK,35.0,1987.0,1.0,0,0.0,0,,0.0,0.0,,,0,0,2022,shooting,Everton
ENG-Premier League,2022/23,Everton,Ben Godfrey,ENG,DF,24.0,1998.0,8.9,0,6.0,1,16.7,0.67,0.11,0.0,0.0,0,0,2022,shooting,Everton
ENG-Premier League,2022/23,Everton,Conor Coady,ENG,DF,29.0,1993.0,23.3,1,4.0,3,75.0,0.17,0.13,0.25,0.33,0,0,2022,shooting,Everton
ENG-Premier League,2022/23,Everton,Dele Alli,ENG,"FW,MF",26.0,1996.0,0.4,0,0.0,0,,0.0,0.0,,,0,0,2022,shooting,Everton
ENG-Premier League,2022/23,Everton,Demarai Gray,JAM,"FW,MF",26.0,1996.0,27.9,4,59.0,24,40.7,2.12,0.86,0.07,0.17,2,2,2022,shooting,Everton
ENG-Premier League,2022/23,Everton,Dominic Calvert-Lewin,ENG,FW,25.0,1997.0,12.9,2,31.0,10,32.3,2.39,0.77,0.06,0.2,1,1,2022,shooting,Everton
ENG-Premier League,2022/23,Everton,Dwight McNeil,ENG,"MF,FW",22.0,1999.0,27.8,7,46.0,15,32.6,1.66,0.54,0.15,0.47,0,0,2022,shooting,Everton
ENG-Premier League,2022/23,Everton,Ellis Simms,ENG,FW,21.0,2001.0,2.5,1,8.0,1,12.5,3.16,0.39,0.13,1.0,0,0,2022,shooting,Everton
ENG-Premier League,2022/23,Everton,Idrissa Gueye,SEN,MF,32.0,1989.0,28.6,0,15.0,6,40.0,0.52,0.21,0.0,0.0,0,0,2022,shooting,Everton
ENG-Premier League,2022/23,Everton,Isaac Price,NIR,MF,18.0,2003.0,0.4,0,0.0,0,,0.0,0.0,,,0,0,2022,shooting,Everton
ENG-Premier League,2022/23,Everton,James Garner,ENG,MF,21.0,2001.0,8.9,0,9.0,3,33.3,1.01,0.34,0.0,0.0,0,0,2022,shooting,Everton
ENG-Premier League,2022/23,Everton,James Tarkowski,ENG,DF,29.0,1992.0,38.0,1,32.0,9,28.1,0.84,0.24,0.03,0.11,0,0,2022,shooting,Everton
ENG-Premier League,2022/23,Everton,Jordan Pickford,ENG,GK,28.0,1994.0,37.0,0,0.0,0,,0.0,0.0,,,0,0,2022,shooting,Everton
ENG-Premier League,2022/23,Everton,Mason Holgate,JAM,DF,25.0,1996.0,5.6,0,4.0,1,25.0,0.71,0.18,0.0,0.0,0,0,2022,shooting,Everton
ENG-Premier League,2022/23,Everton,Michael Keane,ENG,DF,29.0,1993.0,10.9,1,14.0,4,28.6,1.28,0.37,0.07,0.25,0,0,2022,shooting,Everton
ENG-Premier League,2022/23,Everton,Nathan Patterson,SCO,"DF,MF",20.0,2001.0,14.2,0,8.0,1,12.5,0.56,0.07,0.0,0.0,0,0,2022,shooting,Everton
ENG-Premier League,2022/23,Everton,Neal Maupay,FRA,FW,25.0,1996.0,12.4,1,32.0,16,50.0,2.58,1.29,0.03,0.06,0,0,2022,shooting,Everton
ENG-Premier League,2022/23,Everton,Rúben Vinagre,POR,"DF,MF",23.0,1999.0,0.3,0,0.0,0,,0.0,0.0,,,0,0,2022,shooting,Everton
ENG-Premier League,2022/23,Everton,Salomón Rondón,VEN,FW,32.0,1989.0,1.2,0,4.0,1,25.0,3.3,0.83,0.0,0.0,0,0,2022,shooting,Everton
ENG-Premier League,2022/23,Everton,Séamus Coleman,IRL,"DF,MF",33.0,1988.0,18.4,1,7.0,2,28.6,0.38,0.11,0.14,0.5,0,0,2022,shooting,Everton
ENG-Premier League,2022/23,Everton,Tom Cannon,IRL,FW,19.0,2002.0,0.3,0,1.0,1,100.0,3.6,3.6,0.0,0.0,0,0,2022,shooting,Everton
ENG-Premier League,2022/23,Everton,Tom Davies,ENG,MF,24.0,1998.0,6.0,0,9.0,2,22.2,1.51,0.33,0.0,0.0,0,0,2022,shooting,Everton
ENG-Premier League,2022/23,Everton,Vitaliy Mykolenko,UKR,"DF,MF",23.0,1999.0,29.5,0,10.0,3,30.0,0.34,0.1,0.0,0.0,0,0,2022,shooting,Everton
ENG-Premier League,2022/23,Everton,Yerry Mina,COL,DF,27.0,1994.0,6.6,2,8.0,4,50.0,1.21,0.61,0.25,0.5,0,0,2022,shooting,Everton
ENG-Premier League,2022/23,Fulham,Aleksandar Mitrović,SRB,FW,27.0,1994.0,22.3,14,93.0,35,37.6,4.17,1.57,0.15,0.4,4,8,2022,shooting,Fulham
ENG-Premier League,2022/23,Fulham,Andreas Pereira,BRA,MF,26.0,1996.0,29.9,4,62.0,23,37.1,2.07,0.77,0.06,0.17,1,1,2022,shooting,Fulham
ENG-Premier League,2022/23,Fulham,Antonee Robinson,USA,DF,24.0,1997.0,34.3,0,3.0,0,0.0,0.09,0.0,0.0,,0,0,2022,shooting,Fulham
ENG-Premier League,2022/23,Fulham,Bernd Leno,GER,GK,30.0,1992.0,36.0,0,0.0,0,,0.0,0.0,,,0,0,2022,shooting,Fulham
ENG-Premier League,2022/23,Fulham,Bobby De Cordova-Reid,JAM,"MF,DF",29.0,1993.0,27.5,4,31.0,10,32.3,1.13,0.36,0.13,0.4,0,0,2022,shooting,Fulham
ENG-Premier League,2022/23,Fulham,Carlos Vinícius,BRA,FW,27.0,1995.0,12.3,5,21.0,12,57.1,1.7,0.97,0.24,0.42,0,0,2022,shooting,Fulham
ENG-Premier League,2022/23,Fulham,Cédric Soares,POR,DF,30.0,1991.0,2.2,0,2.0,0,0.0,0.91,0.0,0.0,,0,0,2022,shooting,Fulham
ENG-Premier League,2022/23,Fulham,Daniel James,WAL,"MF,FW",24.0,1997.0,6.9,2,14.0,3,21.4,2.03,0.43,0.14,0.67,0,0,2022,shooting,Fulham
ENG-Premier League,2022/23,Fulham,Harrison Reed,ENG,MF,27.0,1995.0,31.8,3,20.0,8,40.0,0.63,0.25,0.15,0.38,0,0,2022,shooting,Fulham
ENG-Premier League,2022/23,Fulham,Harry Wilson,WAL,MF,25.0,1997.0,12.2,2,18.0,4,22.2,1.47,0.33,0.11,0.5,0,0,2022,shooting,Fulham
ENG-Premier League,2022/23,Fulham,Issa Diop,MAR,DF,25.0,1997.0,22.4,1,3.0,2,66.7,0.13,0.09,0.33,0.5,0,0,2022,shooting,Fulham
ENG-Premier League,2022/23,Fulham,Jay Stansfield,ENG,MF,19.0,2002.0,1.0,0,2.0,0,0.0,2.07,0.0,0.0,,0,0,2022,shooting,Fulham
ENG-Premier League,2022/23,Fulham,Josh Onomah,ENG,"FW,MF",25.0,1997.0,0.2,0,0.0,0,,0.0,0.0,,,0,0,2022,shooting,Fulham
ENG-Premier League,2022/23,Fulham,João Palhinha,POR,MF,27.0,1995.0,34.5,3,38.0,8,21.1,1.1,0.23,0.08,0.38,0,0,2022,shooting,Fulham
ENG-Premier League,2022/23,Fulham,Kenny Tete,NED,DF,26.0,1995.0,28.5,1,13.0,5,38.5,0.46,0.18,0.08,0.2,0,0,2022,shooting,Fulham
ENG-Premier League,2022/23,Fulham,Kevin Mbabu,SUI,DF,27.0,1995.0,1.6,0,0.0,0,,0.0,0.0,,,0,0,2022,shooting,Fulham
ENG-Premier League,2022/23,Fulham,Layvin Kurzawa,FRA,DF,29.0,1992.0,1.5,0,0.0,0,,0.0,0.0,,,0,0,2022,shooting,Fulham
ENG-Premier League,2022/23,Fulham,Luke Harris,WAL,MF,17.0,2005.0,0.1,0,0.0,0,,0.0,0.0,,,0,0,2022,shooting,Fulham
ENG-Premier League,2022/23,Fulham,Manor Solomon,ISR,MF,23.0,1999.0,6.4,4,11.0,7,63.6,1.73,1.1,0.36,0.57,0,0,2022,shooting,Fulham
ENG-Premier League,2022/23,Fulham,Marek Rodák,SVK,GK,25.0,1996.0,2.0,0,0.0,0,,0.0,0.0,,,0,0,2022,shooting,Fulham
ENG-Premier League,2022/23,Fulham,Nathaniel Chalobah,ENG,MF,27.0,1994.0,0.1,0,1.0,1,100.0,7.5,7.5,0.0,0.0,0,0,2022,shooting,Fulham
ENG-Premier League,2022/23,Fulham,Neeskens Kebano,COD,MF,30.0,1992.0,8.5,0,9.0,2,22.2,1.06,0.24,0.0,0.0,0,0,2022,shooting,Fulham
ENG-Premier League,2022/23,Fulham,Saša Lukić,SRB,MF,25.0,1996.0,4.6,0,5.0,1,20.0,1.09,0.22,0.0,0.0,0,0,2022,shooting,Fulham
ENG-Premier League,2022/23,Fulham,Shane Duffy,IRL,"DF,MF",30.0,1992.0,0.2,0,1.0,0,0.0,4.5,0.0,0.0,,0,0,2022,shooting,Fulham
ENG-Premier League,2022/23,Fulham,Tim Ream,USA,DF,34.0,1987.0,32.2,1,3.0,2,66.7,0.09,0.06,0.33,0.5,0,0,2022,shooting,Fulham
ENG-Premier League,2022/23,Fulham,Tom Cairney,SCO,MF,31.0,1991.0,11.0,2,21.0,3,14.3,1.91,0.27,0.1,0.67,0,0,2022,shooting,Fulham
ENG-Premier League,2022/23,Fulham,Tosin Adarabioyo,ENG,DF,24.0,1997.0,23.2,1,17.0,4,23.5,0.73,0.17,0.06,0.25,0,0,2022,shooting,Fulham
ENG-Premier League,2022/23,Fulham,Tyrese Francois,AUS,MF,22.0,2000.0,0.0,0,0.0,0,,0.0,0.0,,,0,0,2022,shooting,Fulham
ENG-Premier League,2022/23,Fulham,Willian,BRA,MF,33.0,1988.0,23.6,5,41.0,18,43.9,1.74,0.76,0.12,0.28,0,0,2022,shooting,Fulham
ENG-Premier League,2022/23,Leeds United,Adam Forshaw,ENG,MF,30.0,1991.0,5.3,0,1.0,0,0.0,0.19,0.0,0.0,,0,0,2022,shooting,Leeds United
ENG-Premier League,2022/23,Leeds United,Brenden Aaronson,USA,MF,21.0,2000.0,26.4,1,41.0,9,22.0,1.56,0.34,0.02,0.11,0,0,2022,shooting,Leeds United
ENG-Premier League,2022/23,Leeds United,Cody Drameh,ENG,DF,20.0,2001.0,0.8,0,0.0,0,,0.0,0.0,,,0,0,2022,shooting,Leeds United
ENG-Premier League,2022/23,Leeds United,Crysencio Summerville,NED,"MF,FW",20.0,2001.0,15.8,4,29.0,9,31.0,1.83,0.57,0.14,0.44,0,0,2022,shooting,Leeds United
ENG-Premier League,2022/23,Leeds United,Daniel James,WAL,MF,24.0,1997.0,2.2,0,3.0,1,33.3,1.36,0.45,0.0,0.0,0,0,2022,shooting,Leeds United
ENG-Premier League,2022/23,Leeds United,Darko Gyabi,ENG,MF,18.0,2004.0,0.1,0,1.0,0,0.0,11.25,0.0,0.0,,0,0,2022,shooting,Leeds United
ENG-Premier League,2022/23,Leeds United,Diego Llorente,ESP,DF,28.0,1993.0,7.2,0,6.0,0,0.0,0.83,0.0,0.0,,0,0,2022,shooting,Leeds United
ENG-Premier League,2022/23,Leeds United,Georginio Rutter,FRA,FW,20.0,2002.0,3.0,0,4.0,0,0.0,1.32,0.0,0.0,,0,0,2022,shooting,Leeds United
ENG-Premier League,2022/23,Leeds United,Illan Meslier,FRA,GK,22.0,2000.0,34.0,0,1.0,1,100.0,0.03,0.03,0.0,0.0,0,0,2022,shooting,Leeds United
ENG-Premier League,2022/23,Leeds United,Jack Harrison,ENG,MF,25.0,1996.0,30.1,5,39.0,14,35.9,1.3,0.47,0.13,0.36,0,0,2022,shooting,Leeds United
ENG-Premier League,2022/23,Leeds United,Joe Gelhardt,ENG,FW,20.0,2002.0,2.4,0,10.0,2,20.0,4.25,0.85,0.0,0.0,0,0,2022,shooting,Leeds United
ENG-Premier League,2022/23,Leeds United,Joel Robles,ESP,GK,32.0,1990.0,4.0,0,0.0,0,,0.0,0.0,,,0,0,2022,shooting,Leeds United
ENG-Premier League,2022/23,Leeds United,Junior Firpo,DOM,DF,25.0,1996.0,15.2,1,2.0,1,50.0,0.13,0.07,0.5,1.0,0,0,2022,shooting,Leeds United
ENG-Premier League,2022/23,Leeds United,Liam Cooper,SCO,DF,30.0,1991.0,15.8,1,10.0,3,30.0,0.63,0.19,0.1,0.33,0,0,2022,shooting,Leeds United
ENG-Premier League,2022/23,Leeds United,Luis Sinisterra,COL,MF,23.0,1999.0,9.6,5,28.0,11,39.3,2.91,1.14,0.18,0.45,0,0,2022,shooting,Leeds United
ENG-Premier League,2022/23,Leeds United,Luke Ayling,ENG,DF,30.0,1991.0,22.8,2,24.0,5,20.8,1.05,0.22,0.08,0.4,0,0,2022,shooting,Leeds United
ENG-Premier League,2022/23,Leeds United,Marc Roca,ESP,MF,25.0,1996.0,25.7,1,35.0,13,37.1,1.36,0.51,0.03,0.08,0,0,2022,shooting,Leeds United
ENG-Premier League,2022/23,Leeds United,Mateo Joseph,ESP,FW,18.0,2003.0,0.3,0,1.0,1,100.0,3.46,3.46,0.0,0.0,0,0,2022,shooting,Leeds United
ENG-Premier League,2022/23,Leeds United,Mateusz Klich,POL,MF,32.0,1990.0,3.1,0,4.0,1,25.0,1.29,0.32,0.0,0.0,0,0,2022,shooting,Leeds United
ENG-Premier League,2022/23,Leeds United,Maximilian Wöber,AUT,DF,24.0,1998.0,14.1,0,9.0,2,22.2,0.64,0.14,0.0,0.0,0,0,2022,shooting,Leeds United
ENG-Premier League,2022/23,Leeds United,Pascal Struijk,NED,DF,22.0,1999.0,24.4,2,16.0,7,43.8,0.65,0.29,0.13,0.29,0,0,2022,shooting,Leeds United
ENG-Premier League,2022/23,Leeds United,Patrick Bamford,ENG,FW,28.0,1993.0,16.8,4,50.0,17,34.0,2.97,1.01,0.08,0.24,0,2,2022,shooting,Leeds United
ENG-Premier League,2022/23,Leeds United,Rasmus Kristensen,DEN,DF,25.0,1997.0,21.8,3,13.0,5,38.5,0.6,0.23,0.23,0.6,0,0,2022,shooting,Leeds United
ENG-Premier League,2022/23,Leeds United,Robin Koch,GER,DF,26.0,1996.0,35.3,0,17.0,4,23.5,0.48,0.11,0.0,0.0,0,0,2022,shooting,Leeds United
ENG-Premier League,2022/23,Leeds United,Rodrigo,ESP,"FW,MF",31.0,1991.0,21.5,13,67.0,27,40.3,3.12,1.26,0.19,0.48,1,1,2022,shooting,Leeds United
ENG-Premier League,2022/23,Leeds United,Sam Greenwood,ENG,MF,20.0,2002.0,4.7,1,12.0,2,16.7,2.55,0.42,0.08,0.5,0,0,2022,shooting,Leeds United
ENG-Premier League,2022/23,Leeds United,Tyler Adams,USA,MF,23.0,1999.0,24.0,0,4.0,0,0.0,0.17,0.0,0.0,,0,0,2022,shooting,Leeds United
ENG-Premier League,2022/23,Leeds United,Weston McKennie,USA,MF,23.0,1998.0,16.0,0,13.0,2,15.4,0.81,0.13,0.0,0.0,0,0,2022,shooting,Leeds United
ENG-Premier League,2022/23,Leeds United,Wilfried Gnonto,ITA,"MF,FW",18.0,2003.0,15.0,2,22.0,8,36.4,1.46,0.53,0.09,0.25,0,0,2022,shooting,Leeds United
ENG-Premier League,2022/23,Leicester City,Ayoze Pérez,ESP,MF,29.0,1993.0,4.2,0,8.0,2,25.0,1.88,0.47,0.0,0.0,0,0,2022,shooting,Leicester City
ENG-Premier League,2022/23,Leicester City,Boubakary Soumaré,FRA,MF,23.0,1999.0,18.1,0,1.0,0,0.0,0.06,0.0,0.0,,0,0,2022,shooting,Leicester City
ENG-Premier League,2022/23,Leicester City,Daniel Amartey,GHA,DF,27.0,1994.0,17.9,0,6.0,2,33.3,0.34,0.11,0.0,0.0,0,0,2022,shooting,Leicester City
ENG-Premier League,2022/23,Leicester City,Daniel Iversen,DEN,GK,25.0,1997.0,12.0,0,0.0,0,,0.0,0.0,,,0,0,2022,shooting,Leicester City
ENG-Premier League,2022/23,Leicester City,Danny Ward,WAL,GK,29.0,1993.0,26.0,0,0.0,0,,0.0,0.0,,,0,0,2022,shooting,Leicester City
ENG-Premier League,2022/23,Leicester City,Dennis Praet,BEL,MF,28.0,1994.0,7.2,1,5.0,2,40.0,0.69,0.28,0.2,0.5,0,0,2022,shooting,Leicester City
ENG-Premier League,2022/23,Leicester City,Harry Souttar,AUS,DF,23.0,1998.0,11.0,0,8.0,2,25.0,0.73,0.18,0.0,0.0,0,0,2022,shooting,Leicester City
ENG-Premier League,2022/23,Leicester City,Harvey Barnes,ENG,"MF,FW",24.0,1997.0,30.1,13,72.0,34,47.2,2.39,1.13,0.18,0.38,0,0,2022,shooting,Leicester City
ENG-Premier League,2022/23,Leicester City,James Justin,ENG,"DF,MF",24.0,1998.0,13.9,0,5.0,0,0.0,0.36,0.0,0.0,,0,0,2022,shooting,Leicester City
ENG-Premier League,2022/23,Leicester City,James Maddison,ENG,"MF,FW",25.0,1996.0,27.6,10,85.0,29,34.1,3.08,1.05,0.12,0.34,1,2,2022,shooting,Leicester City
ENG-Premier League,2022/23,Leicester City,Jamie Vardy,ENG,FW,35.0,1987.0,20.6,3,28.0,15,53.6,1.36,0.73,0.11,0.2,0,1,2022,shooting,Leicester City
ENG-Premier League,2022/23,Leicester City,Jonny Evans,NIR,DF,34.0,1988.0,11.7,0,1.0,1,100.0,0.09,0.09,0.0,0.0,0,0,2022,shooting,Leicester City
ENG-Premier League,2022/23,Leicester City,Kelechi Iheanacho,NGA,FW,25.0,1996.0,12.5,5,39.0,14,35.9,3.11,1.12,0.13,0.36,1,1,2022,shooting,Leicester City
ENG-Premier League,2022/23,Leicester City,Kiernan Dewsbury-Hall,ENG,MF,23.0,1998.0,25.6,2,26.0,6,23.1,1.01,0.23,0.08,0.33,0,0,2022,shooting,Leicester City
ENG-Premier League,2022/23,Leicester City,Lewis Brunt,ENG,"DF,MF",21.0,2000.0,0.3,0,0.0,0,,0.0,0.0,,,0,0,2022,shooting,Leicester City
ENG-Premier League,2022/23,Leicester City,Luke Thomas,ENG,DF,21.0,2001.0,11.9,0,3.0,0,0.0,0.25,0.0,0.0,,0,0,2022,shooting,Leicester City
ENG-Premier League,2022/23,Leicester City,Marc Albrighton,ENG,MF,32.0,1989.0,2.6,1,2.0,1,50.0,0.76,0.38,0.5,1.0,0,0,2022,shooting,Leicester City
ENG-Premier League,2022/23,Leicester City,Nampalys Mendy,SEN,MF,30.0,1992.0,8.4,1,2.0,1,50.0,0.24,0.12,0.5,1.0,0,0,2022,shooting,Leicester City
ENG-Premier League,2022/23,Leicester City,Patson Daka,ZAM,FW,23.0,1998.0,13.2,4,30.0,16,53.3,2.27,1.21,0.13,0.25,0,0,2022,shooting,Leicester City
ENG-Premier League,2022/23,Leicester City,Ricardo Pereira,POR,"DF,MF",28.0,1993.0,5.0,1,2.0,1,50.0,0.4,0.2,0.5,1.0,0,0,2022,shooting,Leicester City
ENG-Premier League,2022/23,Leicester City,Tetê,BRA,"MF,FW",22.0,2000.0,8.2,1,15.0,2,13.3,1.84,0.25,0.07,0.5,0,0,2022,shooting,Leicester City
ENG-Premier League,2022/23,Leicester City,Timothy Castagne,BEL,"DF,MF",26.0,1995.0,36.2,2,18.0,6,33.3,0.5,0.17,0.11,0.33,0,0,2022,shooting,Leicester City
ENG-Premier League,2022/23,Leicester City,Victor Bernth Kristiansen,DEN,DF,19.0,2002.0,9.9,0,3.0,0,0.0,0.3,0.0,0.0,,0,0,2022,shooting,Leicester City
ENG-Premier League,2022/23,Leicester City,Wesley Fofana,FRA,DF,21.0,2000.0,2.0,0,2.0,1,50.0,1.0,0.5,0.0,0.0,0,0,2022,shooting,Leicester City
ENG-Premier League,2022/23,Leicester City,Wilfred Ndidi,NGA,"MF,DF",25.0,1996.0,18.7,0,7.0,2,28.6,0.38,0.11,0.0,0.0,0,0,2022,shooting,Leicester City
ENG-Premier League,2022/23,Leicester City,Wout Faes,BEL,DF,24.0,1998.0,31.0,1,13.0,3,23.1,0.42,0.1,0.08,0.33,0,0,2022,shooting,Leicester City
ENG-Premier League,2022/23,Leicester City,Youri Tielemans,BEL,MF,25.0,1997.0,26.0,3,31.0,10,32.3,1.19,0.38,0.1,0.3,1,2,2022,shooting,Leicester City
ENG-Premier League,2022/23,Leicester City,Çağlar Söyüncü,TUR,DF,26.0,1996.0,5.9,1,5.0,2,40.0,0.85,0.34,0.2,0.5,0,0,2022,shooting,Leicester City
ENG-Premier League,2022/23,Liverpool,Alex Oxlade-Chamberlain,ENG,FW,28.0,1993.0,3.7,1,7.0,3,42.9,1.88,0.81,0.14,0.33,0,0,2022,shooting,Liverpool
ENG-Premier League,2022/23,Liverpool,Alisson,BRA,GK,29.0,1992.0,37.0,0,0.0,0,,0.0,0.0,,,0,0,2022,shooting,Liverpool
ENG-Premier League,2022/23,Liverpool,Andy Robertson,SCO,DF,28.0,1994.0,28.7,0,13.0,4,30.8,0.45,0.14,0.0,0.0,0,0,2022,shooting,Liverpool
ENG-Premier League,2022/23,Liverpool,Ben Gannon-Doak,SCO,MF,16.0,2005.0,0.3,0,0.0,0,,0.0,0.0,,,0,0,2022,shooting,Liverpool
ENG-Premier League,2022/23,Liverpool,Bobby Clark,ENG,MF,17.0,2005.0,0.1,0,0.0,0,,0.0,0.0,,,0,0,2022,shooting,Liverpool
ENG-Premier League,2022/23,Liverpool,Caoimhín Kelleher,IRL,GK,23.0,1998.0,1.0,0,0.0,0,,0.0,0.0,,,0,0,2022,shooting,Liverpool
ENG-Premier League,2022/23,Liverpool,Cody Gakpo,NED,FW,23.0,1999.0,16.2,7,39.0,13,33.3,2.41,0.8,0.18,0.54,0,0,2022,shooting,Liverpool
ENG-Premier League,2022/23,Liverpool,Curtis Jones,ENG,MF,21.0,2001.0,11.5,3,15.0,5,33.3,1.3,0.43,0.2,0.6,0,0,2022,shooting,Liverpool
ENG-Premier League,2022/23,Liverpool,Darwin Núñez,URU,FW,23.0,1999.0,18.8,9,84.0,37,44.0,4.46,1.96,0.11,0.24,0,0,2022,shooting,Liverpool
ENG-Premier League,2022/23,Liverpool,Diogo Jota,POR,"FW,MF",25.0,1996.0,12.6,7,35.0,11,31.4,2.79,0.88,0.2,0.64,0,0,2022,shooting,Liverpool
ENG-Premier League,2022/23,Liverpool,Fabinho,BRA,MF,28.0,1993.0,29.7,0,18.0,4,22.2,0.61,0.13,0.0,0.0,0,0,2022,shooting,Liverpool
ENG-Premier League,2022/23,Liverpool,Fabio Carvalho,POR,"MF,FW",19.0,2002.0,3.9,2,11.0,4,36.4,2.85,1.04,0.18,0.5,0,0,2022,shooting,Liverpool
ENG-Premier League,2022/23,Liverpool,Harvey Elliott,ENG,MF,19.0,2003.0,17.9,1,36.0,12,33.3,2.01,0.67,0.03,0.08,0,0,2022,shooting,Liverpool
ENG-Premier League,2022/23,Liverpool,Ibrahima Konaté,FRA,DF,23.0,1999.0,17.2,0,11.0,3,27.3,0.64,0.17,0.0,0.0,0,0,2022,shooting,Liverpool
ENG-Premier League,2022/23,Liverpool,James Milner,ENG,"MF,DF",36.0,1986.0,10.1,0,7.0,1,14.3,0.69,0.1,0.0,0.0,0,0,2022,shooting,Liverpool
ENG-Premier League,2022/23,Liverpool,Joe Gomez,ENG,DF,25.0,1997.0,16.3,0,6.0,2,33.3,0.37,0.12,0.0,0.0,0,0,2022,shooting,Liverpool
ENG-Premier League,2022/23,Liverpool,Jordan Henderson,ENG,MF,32.0,1990.0,23.0,0,23.0,6,26.1,1.0,0.26,0.0,0.0,0,0,2022,shooting,Liverpool
ENG-Premier League,2022/23,Liverpool,Joël Matip,CMR,DF,30.0,1991.0,12.1,1,5.0,3,60.0,0.41,0.25,0.2,0.33,0,0,2022,shooting,Liverpool
ENG-Premier League,2022/23,Liverpool,Kostas Tsimikas,GRE,DF,26.0,1996.0,8.6,0,7.0,2,28.6,0.82,0.23,0.0,0.0,0,0,2022,shooting,Liverpool
ENG-Premier League,2022/23,Liverpool,Luis Díaz,COL,FW,25.0,1997.0,11.1,4,27.0,8,29.6,2.44,0.72,0.15,0.5,0,0,2022,shooting,Liverpool
ENG-Premier League,2022/23,Liverpool,Mohamed Salah,EGY,FW,30.0,1992.0,36.6,19,125.0,47,37.6,3.42,1.29,0.15,0.4,2,4,2022,shooting,Liverpool
ENG-Premier League,2022/23,Liverpool,Naby Keïta,GUI,MF,27.0,1995.0,3.3,0,10.0,0,0.0,3.07,0.0,0.0,,0,0,2022,shooting,Liverpool
ENG-Premier League,2022/23,Liverpool,Nathaniel Phillips,ENG,DF,25.0,1997.0,0.7,0,1.0,0,0.0,1.36,0.0,0.0,,0,0,2022,shooting,Liverpool
ENG-Premier League,2022/23,Liverpool,Roberto Firmino,BRA,FW,30.0,1991.0,13.5,11,39.0,25,64.1,2.89,1.85,0.28,0.44,0,0,2022,shooting,Liverpool
ENG-Premier League,2022/23,Liverpool,Stefan Bajcetic,ESP,MF,17.0,2004.0,5.8,1,6.0,3,50.0,1.03,0.51,0.17,0.33,0,0,2022,shooting,Liverpool
ENG-Premier League,2022/23,Liverpool,Thiago Alcántara,ESP,MF,31.0,1991.0,13.9,0,10.0,1,10.0,0.72,0.07,0.0,0.0,0,0,2022,shooting,Liverpool
ENG-Premier League,2022/23,Liverpool,Trent Alexander-Arnold,ENG,DF,23.0,1998.0,32.5,2,40.0,8,20.0,1.23,0.25,0.05,0.25,0,0,2022,shooting,Liverpool
ENG-Premier League,2022/23,Liverpool,Virgil van Dijk,NED,DF,31.0,1991.0,31.5,3,30.0,10,33.3,0.95,0.32,0.1,0.3,0,0,2022,shooting,Liverpool
ENG-Premier League,2022/23,Manchester City,Aymeric Laporte,ESP,"DF,MF",28.0,1994.0,11.0,0,10.0,1,10.0,0.91,0.09,0.0,0.0,0,0,2022,shooting,Manchester City
ENG-Premier League,2022/23,Manchester City,Bernardo Silva,POR,"MF,FW",27.0,1994.0,24.5,4,25.0,10,40.0,1.02,0.41,0.16,0.4,0,0,2022,shooting,Manchester City
ENG-Premier League,2022/23,Manchester City,Cole Palmer,ENG,"MF,FW",20.0,2002.0,4.1,0,11.0,4,36.4,2.68,0.97,0.0,0.0,0,0,2022,shooting,Manchester City
ENG-Premier League,2022/23,Manchester City,Ederson Moraes,BRA,GK,28.0,1993.0,35.0,0,0.0,0,,0.0,0.0,,,0,0,2022,shooting,Manchester City
ENG-Premier League,2022/23,Manchester City,Erling Haaland,NOR,"FW,MF",22.0,2000.0,30.8,36,123.0,60,48.8,4.0,1.95,0.29,0.6,7,7,2022,shooting,Manchester City
ENG-Premier League,2022/23,Manchester City,Jack Grealish,ENG,"FW,MF",26.0,1995.0,22.8,5,41.0,16,39.0,1.8,0.7,0.12,0.31,0,0,2022,shooting,Manchester City
ENG-Premier League,2022/23,Manchester City,John Stones,ENG,"DF,MF",28.0,1994.0,20.5,2,11.0,3,27.3,0.54,0.15,0.18,0.67,0,0,2022,shooting,Manchester City
ENG-Premier League,2022/23,Manchester City,João Cancelo,POR,DF,28.0,1994.0,14.2,2,17.0,3,17.6,1.2,0.21,0.12,0.67,0,0,2022,shooting,Manchester City
ENG-Premier League,2022/23,Manchester City,Julián Álvarez,ARG,"MF,FW",22.0,2000.0,16.3,9,47.0,22,46.8,2.89,1.35,0.19,0.41,1,1,2022,shooting,Manchester City
ENG-Premier League,2022/23,Manchester City,Kalvin Phillips,ENG,"MF,DF",26.0,1995.0,3.3,0,6.0,0,0.0,1.8,0.0,0.0,,0,0,2022,shooting,Manchester City
ENG-Premier League,2022/23,Manchester City,Kevin De Bruyne,BEL,MF,31.0,1991.0,26.9,7,65.0,21,32.3,2.42,0.78,0.11,0.33,0,0,2022,shooting,Manchester City
ENG-Premier League,2022/23,Manchester City,Kyle Walker,ENG,"DF,MF",32.0,1990.0,21.8,0,5.0,1,20.0,0.23,0.05,0.0,0.0,0,0,2022,shooting,Manchester City
ENG-Premier League,2022/23,Manchester City,Manuel Akanji,SUI,"DF,MF",27.0,1995.0,25.4,0,15.0,3,20.0,0.59,0.12,0.0,0.0,0,0,2022,shooting,Manchester City
ENG-Premier League,2022/23,Manchester City,Máximo Perrone,ARG,MF,19.0,2003.0,0.2,0,0.0,0,,0.0,0.0,,,0,0,2022,shooting,Manchester City
ENG-Premier League,2022/23,Manchester City,Nathan Aké,NED,DF,27.0,1995.0,20.8,1,9.0,2,22.2,0.43,0.1,0.11,0.5,0,0,2022,shooting,Manchester City
ENG-Premier League,2022/23,Manchester City,Phil Foden,ENG,"FW,MF",22.0,2000.0,20.5,11,46.0,22,47.8,2.25,1.07,0.24,0.5,0,0,2022,shooting,Manchester City
ENG-Premier League,2022/23,Manchester City,Rico Lewis,ENG,"DF,MF",17.0,2004.0,10.0,0,5.0,2,40.0,0.5,0.2,0.0,0.0,0,0,2022,shooting,Manchester City
ENG-Premier League,2022/23,Manchester City,Riyad Mahrez,ALG,"MF,FW",31.0,1991.0,21.3,5,43.0,13,30.2,2.02,0.61,0.12,0.38,1,1,2022,shooting,Manchester City
ENG-Premier League,2022/23,Manchester City,Rodri,ESP,"MF,DF",26.0,1996.0,32.3,2,50.0,14,28.0,1.55,0.43,0.04,0.14,0,0,2022,shooting,Manchester City
ENG-Premier League,2022/23,Manchester City,Rúben Dias,POR,"DF,MF",25.0,1997.0,22.2,0,10.0,2,20.0,0.45,0.09,0.0,0.0,0,0,2022,shooting,Manchester City
ENG-Premier League,2022/23,Manchester City,Sergio Gómez,ESP,"MF,FW",21.0,2000.0,3.9,0,7.0,0,0.0,1.81,0.0,0.0,,0,0,2022,shooting,Manchester City
ENG-Premier League,2022/23,Manchester City,Shea Charles,NIR,"DF,MF",18.0,2003.0,0.3,0,0.0,0,,0.0,0.0,,,0,0,2022,shooting,Manchester City
ENG-Premier League,2022/23,Manchester City,Stefan Ortega,GER,GK,29.0,1992.0,3.0,0,0.0,0,,0.0,0.0,,,0,0,2022,shooting,Manchester City
ENG-Premier League,2022/23,Manchester City,İlkay Gündoğan,GER,MF,31.0,1990.0,26.1,8,54.0,20,37.0,2.07,0.76,0.15,0.4,0,1,2022,shooting,Manchester City
ENG-Premier League,2022/23,Manchester Utd,Aaron Wan-Bissaka,COD,DF,24.0,1997.0,15.9,0,10.0,2,20.0,0.63,0.13,0.0,0.0,0,0,2022,shooting,Manchester United
ENG-Premier League,2022/23,Manchester Utd,Alejandro Garnacho,ARG,MF,18.0,2004.0,6.3,3,24.0,10,41.7,3.8,1.58,0.13,0.3,0,0,2022,shooting,Manchester United
ENG-Premier League,2022/23,Manchester Utd,Anthony Elanga,SWE,MF,20.0,2002.0,4.7,0,10.0,4,40.0,2.11,0.85,0.0,0.0,0,0,2022,shooting,Manchester United
ENG-Premier League,2022/23,Manchester Utd,Anthony Martial,FRA,FW,26.0,1995.0,10.9,6,27.0,13,48.1,2.48,1.2,0.22,0.46,1,1,2022,shooting,Manchester United
ENG-Premier League,2022/23,Manchester Utd,Antony,BRA,MF,22.0,2000.0,20.0,4,72.0,24,33.3,3.6,1.2,0.06,0.17,0,0,2022,shooting,Manchester United
ENG-Premier League,2022/23,Manchester Utd,Bruno Fernandes,POR,MF,27.0,1994.0,36.8,8,92.0,35,38.0,2.5,0.95,0.09,0.23,2,2,2022,shooting,Manchester United
ENG-Premier League,2022/23,Manchester Utd,Casemiro,BRA,MF,30.0,1992.0,23.6,4,34.0,11,32.4,1.44,0.47,0.12,0.36,0,0,2022,shooting,Manchester United
ENG-Premier League,2022/23,Manchester Utd,Christian Eriksen,DEN,MF,30.0,1992.0,22.8,1,38.0,11,28.9,1.67,0.48,0.03,0.09,0,0,2022,shooting,Manchester United
ENG-Premier League,2022/23,Manchester Utd,Cristiano Ronaldo,POR,FW,37.0,1985.0,5.8,1,25.0,6,24.0,4.29,1.03,0.04,0.17,0,0,2022,shooting,Manchester United
ENG-Premier League,2022/23,Manchester Utd,David de Gea,ESP,GK,31.0,1990.0,38.0,0,0.0,0,,0.0,0.0,,,0,0,2022,shooting,Manchester United
ENG-Premier League,2022/23,Manchester Utd,Diogo Dalot,POR,DF,23.0,1999.0,23.9,1,22.0,7,31.8,0.92,0.29,0.05,0.14,0,0,2022,shooting,Manchester United
ENG-Premier League,2022/23,Manchester Utd,Donny van de Beek,NED,MF,25.0,1997.0,1.9,0,2.0,0,0.0,1.08,0.0,0.0,,0,0,2022,shooting,Manchester United
ENG-Premier League,2022/23,Manchester Utd,Facundo Pellistri,URU,"FW,MF",20.0,2001.0,0.7,0,0.0,0,,0.0,0.0,,,0,0,2022,shooting,Manchester United
ENG-Premier League,2022/23,Manchester Utd,Fred,BRA,MF,29.0,1993.0,13.9,2,26.0,5,19.2,1.87,0.36,0.08,0.4,0,0,2022,shooting,Manchester United
ENG-Premier League,2022/23,Manchester Utd,Harry Maguire,ENG,DF,29.0,1993.0,8.5,0,3.0,0,0.0,0.35,0.0,0.0,,0,0,2022,shooting,Manchester United
ENG-Premier League,2022/23,Manchester Utd,Jadon Sancho,ENG,MF,22.0,2000.0,18.7,6,21.0,11,52.4,1.12,0.59,0.29,0.55,0,0,2022,shooting,Manchester United
ENG-Premier League,2022/23,Manchester Utd,Kobbie Mainoo,ENG,MF,17.0,2005.0,0.1,0,0.0,0,,0.0,0.0,,,0,0,2022,shooting,Manchester United
ENG-Premier League,2022/23,Manchester Utd,Lisandro Martínez,ARG,DF,24.0,1998.0,23.5,1,10.0,1,10.0,0.43,0.04,0.1,1.0,0,0,2022,shooting,Manchester United
ENG-Premier League,2022/23,Manchester Utd,Luke Shaw,ENG,DF,27.0,1995.0,28.4,1,14.0,4,28.6,0.49,0.14,0.07,0.25,0,0,2022,shooting,Manchester United
ENG-Premier League,2022/23,Manchester Utd,Marcel Sabitzer,AUT,MF,28.0,1994.0,7.0,0,11.0,3,27.3,1.58,0.43,0.0,0.0,0,0,2022,shooting,Manchester United
ENG-Premier League,2022/23,Manchester Utd,Marcus Rashford,ENG,"FW,MF",24.0,1997.0,32.0,17,108.0,50,46.3,3.38,1.56,0.16,0.34,0,0,2022,shooting,Manchester United
ENG-Premier League,2022/23,Manchester Utd,Raphaël Varane,FRA,DF,29.0,1993.0,21.2,0,8.0,4,50.0,0.38,0.19,0.0,0.0,0,0,2022,shooting,Manchester United
ENG-Premier League,2022/23,Manchester Utd,Scott McTominay,SCO,MF,25.0,1996.0,12.9,1,13.0,6,46.2,1.01,0.47,0.08,0.17,0,0,2022,shooting,Manchester United
ENG-Premier League,2022/23,Manchester Utd,Tyrell Malacia,NED,DF,22.0,1999.0,15.5,0,5.0,2,40.0,0.32,0.13,0.0,0.0,0,0,2022,shooting,Manchester United
ENG-Premier League,2022/23,Manchester Utd,Victor Lindelöf,SWE,DF,28.0,1994.0,15.2,0,3.0,0,0.0,0.2,0.0,0.0,,0,0,2022,shooting,Manchester United
ENG-Premier League,2022/23,Manchester Utd,Wout Weghorst,NED,"FW,MF",29.0,1992.0,8.9,0,14.0,5,35.7,1.58,0.56,0.0,0.0,0,0,2022,shooting,Manchester United
ENG-Premier League,2022/23,Newcastle,Alexander Isak,SWE,FW,22.0,1999.0,16.9,10,51.0,25,49.0,3.02,1.48,0.2,0.4,2,2,2022,shooting,Newcastle United
ENG-Premier League,2022/23,Newcastle,Allan Saint-Maximin,FRA,FW,25.0,1997.0,12.4,1,28.0,13,46.4,2.25,1.04,0.04,0.08,0,0,2022,shooting,Newcastle United
ENG-Premier League,2022/23,Newcastle,Anthony Gordon,ENG,"FW,MF",21.0,2001.0,5.4,1,8.0,2,25.0,1.48,0.37,0.13,0.5,0,0,2022,shooting,Newcastle United
ENG-Premier League,2022/23,Newcastle,Bruno Guimarães,BRA,MF,24.0,1997.0,30.3,4,28.0,8,28.6,0.92,0.26,0.14,0.5,0,0,2022,shooting,Newcastle United
ENG-Premier League,2022/23,Newcastle,Callum Wilson,ENG,FW,30.0,1992.0,20.9,18,73.0,35,47.9,3.5,1.68,0.25,0.51,3,3,2022,shooting,Newcastle United
ENG-Premier League,2022/23,Newcastle,Chris Wood,NZL,FW,30.0,1991.0,5.0,2,9.0,4,44.4,1.82,0.81,0.22,0.5,1,1,2022,shooting,Newcastle United
ENG-Premier League,2022/23,Newcastle,Dan Burn,ENG,DF,30.0,1992.0,34.6,1,21.0,4,19.0,0.61,0.12,0.05,0.25,0,0,2022,shooting,Newcastle United
ENG-Premier League,2022/23,Newcastle,Elliot Anderson,ENG,MF,19.0,2002.0,4.6,0,11.0,4,36.4,2.41,0.88,0.0,0.0,0,0,2022,shooting,Newcastle United
ENG-Premier League,2022/23,Newcastle,Emil Krafth,SWE,DF,27.0,1994.0,0.0,0,0.0,0,,0.0,0.0,,,0,0,2022,shooting,Newcastle United
ENG-Premier League,2022/23,Newcastle,Fabian Schär,SUI,DF,30.0,1991.0,35.6,1,56.0,15,26.8,1.57,0.42,0.02,0.07,0,0,2022,shooting,Newcastle United
ENG-Premier League,2022/23,Newcastle,Jacob Murphy,ENG,FW,27.0,1995.0,13.9,4,29.0,10,34.5,2.09,0.72,0.14,0.4,0,0,2022,shooting,Newcastle United
ENG-Premier League,2022/23,Newcastle,Jamaal Lascelles,ENG,DF,28.0,1993.0,2.4,0,2.0,0,0.0,0.83,0.0,0.0,,0,0,2022,shooting,Newcastle United
ENG-Premier League,2022/23,Newcastle,Jamal Lewis,NIR,"DF,MF",24.0,1998.0,0.1,0,0.0,0,,0.0,0.0,,,0,0,2022,shooting,Newcastle United
ENG-Premier League,2022/23,Newcastle,Javier Manquillo,ESP,DF,28.0,1994.0,0.4,0,0.0,0,,0.0,0.0,,,0,0,2022,shooting,Newcastle United
ENG-Premier League,2022/23,Newcastle,Joe Willock,ENG,MF,22.0,1999.0,28.4,3,58.0,17,29.3,2.04,0.6,0.05,0.18,0,0,2022,shooting,Newcastle United
ENG-Premier League,2022/23,Newcastle,Joelinton,BRA,"MF,FW",25.0,1996.0,29.6,6,51.0,20,39.2,1.72,0.68,0.12,0.3,0,0,2022,shooting,Newcastle United
ENG-Premier League,2022/23,Newcastle,Jonjo Shelvey,ENG,MF,30.0,1992.0,0.4,0,0.0,0,,0.0,0.0,,,0,0,2022,shooting,Newcastle United
ENG-Premier League,2022/23,Newcastle,Kieran Trippier,ENG,DF,31.0,1990.0,37.1,1,14.0,4,28.6,0.38,0.11,0.07,0.25,0,0,2022,shooting,Newcastle United
ENG-Premier League,2022/23,Newcastle,Lewis Miley,ENG,MF,16.0,2006.0,0.2,0,1.0,0,0.0,6.0,0.0,0.0,,0,0,2022,shooting,Newcastle United
ENG-Premier League,2022/23,Newcastle,Martin Dúbravka,SVK,GK,33.0,1989.0,1.7,0,0.0,0,,0.0,0.0,,,0,0,2022,shooting,Newcastle United
ENG-Premier League,2022/23,Newcastle,Matt Ritchie,SCO,"DF,MF",32.0,1989.0,0.4,0,0.0,0,,0.0,0.0,,,0,0,2022,shooting,Newcastle United
ENG-Premier League,2022/23,Newcastle,Matt Targett,ENG,DF,26.0,1995.0,6.8,0,1.0,0,0.0,0.15,0.0,0.0,,0,0,2022,shooting,Newcastle United
ENG-Premier League,2022/23,Newcastle,Miguel Almirón,PAR,FW,28.0,1994.0,27.7,11,69.0,21,30.4,2.49,0.76,0.16,0.52,0,0,2022,shooting,Newcastle United
ENG-Premier League,2022/23,Newcastle,Nick Pope,ENG,GK,30.0,1992.0,36.2,0,0.0,0,,0.0,0.0,,,0,0,2022,shooting,Newcastle United
ENG-Premier League,2022/23,Newcastle,Ryan Fraser,SCO,FW,28.0,1994.0,3.5,0,6.0,1,16.7,1.73,0.29,0.0,0.0,0,0,2022,shooting,Newcastle United
ENG-Premier League,2022/23,Newcastle,Sean Longstaff,ENG,MF,24.0,1997.0,28.0,1,33.0,7,21.2,1.18,0.25,0.03,0.14,0,0,2022,shooting,Newcastle United
ENG-Premier League,2022/23,Newcastle,Sven Botman,NED,DF,22.0,2000.0,34.7,0,22.0,7,31.8,0.63,0.2,0.0,0.0,0,0,2022,shooting,Newcastle United
ENG-Premier League,2022/23,Nottingham,Alex Mighten,ENG,"FW,MF",20.0,2002.0,0.1,0,0.0,0,,0.0,0.0,,,0,0,2022,shooting,Nottingham Forest
ENG-Premier League,2022/23,Nottingham,André Ayew,GHA,FW,32.0,1989.0,3.5,0,4.0,2,50.0,1.14,0.57,0.0,0.0,0,1,2022,shooting,Nottingham Forest
ENG-Premier League,2022/23,Nottingham,Brennan Johnson,WAL,"FW,MF",21.0,2001.0,32.6,8,55.0,27,49.1,1.69,0.83,0.15,0.3,1,3,2022,shooting,Nottingham Forest
ENG-Premier League,2022/23,Nottingham,Cafú,POR,MF,29.0,1993.0,0.1,0,0.0,0,,0.0,0.0,,,0,0,2022,shooting,Nottingham Forest
ENG-Premier League,2022/23,Nottingham,Cheikhou Kouyaté,SEN,"MF,DF",32.0,1989.0,9.8,1,6.0,5,83.3,0.61,0.51,0.17,0.2,0,0,2022,shooting,Nottingham Forest
ENG-Premier League,2022/23,Nottingham,Chris Wood,NZL,FW,30.0,1991.0,4.1,1,3.0,1,33.3,0.73,0.24,0.33,1.0,0,0,2022,shooting,Nottingham Forest
ENG-Premier League,2022/23,Nottingham,Danilo Santos,BRA,MF,21.0,2001.0,10.8,3,15.0,4,26.7,1.38,0.37,0.2,0.75,0,0,2022,shooting,Nottingham Forest
ENG-Premier League,2022/23,Nottingham,Dean Henderson,ENG,GK,25.0,1997.0,18.0,0,0.0,0,,0.0,0.0,,,0,0,2022,shooting,Nottingham Forest
ENG-Premier League,2022/23,Nottingham,Emmanuel Dennis,NGA,"MF,FW",24.0,1997.0,8.0,2,21.0,7,33.3,2.62,0.87,0.1,0.29,0,0,2022,shooting,Nottingham Forest
ENG-Premier League,2022/23,Nottingham,Felipe,BRA,DF,33.0,1989.0,15.8,0,13.0,1,7.7,0.83,0.06,0.0,0.0,0,0,2022,shooting,Nottingham Forest
ENG-Premier League,2022/23,Nottingham,Giulian Biancone,FRA,"DF,MF",22.0,2000.0,0.2,0,0.0,0,,0.0,0.0,,,0,0,2022,shooting,Nottingham Forest
ENG-Premier League,2022/23,Nottingham,Gustavo Scarpa,BRA,MF,28.0,1994.0,2.0,0,7.0,1,14.3,3.48,0.5,0.0,0.0,0,0,2022,shooting,Nottingham Forest
ENG-Premier League,2022/23,Nottingham,Harry Toffolo,ENG,"DF,MF",26.0,1995.0,10.4,0,6.0,2,33.3,0.57,0.19,0.0,0.0,0,0,2022,shooting,Nottingham Forest
ENG-Premier League,2022/23,Nottingham,Jack Colback,ENG,MF,32.0,1989.0,5.5,0,0.0,0,,0.0,0.0,,,0,0,2022,shooting,Nottingham Forest
ENG-Premier League,2022/23,Nottingham,Jesse Lingard,ENG,"MF,FW",29.0,1992.0,10.3,0,10.0,2,20.0,0.98,0.2,0.0,0.0,0,0,2022,shooting,Nottingham Forest
ENG-Premier League,2022/23,Nottingham,Joe Worrall,ENG,DF,25.0,1997.0,24.7,1,7.0,2,28.6,0.28,0.08,0.14,0.5,0,0,2022,shooting,Nottingham Forest
ENG-Premier League,2022/23,Nottingham,Jonjo Shelvey,ENG,MF,30.0,1992.0,6.0,0,6.0,0,0.0,1.0,0.0,0.0,,0,0,2022,shooting,Nottingham Forest
ENG-Premier League,2022/23,Nottingham,Keylor Navas,CRC,GK,35.0,1986.0,17.0,0,0.0,0,,0.0,0.0,,,0,0,2022,shooting,Nottingham Forest
ENG-Premier League,2022/23,Nottingham,Lewis O'Brien,ENG,MF,23.0,1998.0,6.5,1,7.0,2,28.6,1.08,0.31,0.14,0.5,0,0,2022,shooting,Nottingham Forest
ENG-Premier League,2022/23,Nottingham,Morgan Gibbs-White,ENG,"MF,FW",22.0,2000.0,33.0,5,59.0,22,37.3,1.79,0.67,0.08,0.23,2,2,2022,shooting,Nottingham Forest
ENG-Premier League,2022/23,Nottingham,Moussa Niakhaté,SEN,DF,26.0,1996.0,12.9,0,6.0,3,50.0,0.46,0.23,0.0,0.0,0,0,2022,shooting,Nottingham Forest
ENG-Premier League,2022/23,Nottingham,Neco Williams,WAL,"DF,MF",21.0,2001.0,20.9,1,25.0,7,28.0,1.2,0.33,0.04,0.14,0,0,2022,shooting,Nottingham Forest
ENG-Premier League,2022/23,Nottingham,Orel Mangala,BEL,MF,24.0,1998.0,17.2,1,9.0,3,33.3,0.52,0.17,0.11,0.33,0,0,2022,shooting,Nottingham Forest
ENG-Premier League,2022/23,Nottingham,Remo Freuler,SUI,MF,30.0,1992.0,24.0,0,8.0,1,12.5,0.33,0.04,0.0,0.0,0,0,2022,shooting,Nottingham Forest
ENG-Premier League,2022/23,Nottingham,Renan Lodi,BRA,"DF,MF",24.0,1998.0,24.6,0,15.0,0,0.0,0.61,0.0,0.0,,0,0,2022,shooting,Nottingham Forest
ENG-Premier League,2022/23,Nottingham,Ryan Yates,ENG,MF,24.0,1997.0,20.4,0,26.0,5,19.2,1.27,0.24,0.0,0.0,0,0,2022,shooting,Nottingham Forest
ENG-Premier League,2022/23,Nottingham,Sam Surridge,ENG,FW,24.0,1998.0,3.6,1,9.0,2,22.2,2.51,0.56,0.11,0.5,0,0,2022,shooting,Nottingham Forest
ENG-Premier League,2022/23,Nottingham,Scott McKenna,SCO,DF,25.0,1996.0,17.5,0,2.0,0,0.0,0.11,0.0,0.0,,0,0,2022,shooting,Nottingham Forest
ENG-Premier League,2022/23,Nottingham,Serge Aurier,CIV,"DF,MF",29.0,1992.0,21.6,1,9.0,3,33.3,0.42,0.14,0.11,0.33,0,0,2022,shooting,Nottingham Forest
ENG-Premier League,2022/23,Nottingham,Steve Cook,ENG,DF,31.0,1991.0,10.6,0,3.0,0,0.0,0.28,0.0,0.0,,0,0,2022,shooting,Nottingham Forest
ENG-Premier League,2022/23,Nottingham,Taiwo Awoniyi,NGA,FW,24.0,1997.0,15.6,10,35.0,15,42.9,2.24,0.96,0.29,0.67,0,0,2022,shooting,Nottingham Forest
ENG-Premier League,2022/23,Nottingham,Wayne Hennessey,WAL,GK,35.0,1987.0,3.0,0,0.0,0,,0.0,0.0,,,0,0,2022,shooting,Nottingham Forest
ENG-Premier League,2022/23,Nottingham,Willy Boly,CIV,DF,31.0,1991.0,7.6,0,2.0,1,50.0,0.26,0.13,0.0,0.0,0,0,2022,shooting,Nottingham Forest
ENG-Premier League,2022/23,Southampton,Adam Armstrong,ENG,"MF,FW",25.0,1997.0,14.8,2,25.0,12,48.0,1.69,0.81,0.08,0.17,0,0,2022,shooting,Southampton
ENG-Premier League,2022/23,Southampton,Ainsley Maitland-Niles,ENG,"DF,MF",24.0,1997.0,15.6,0,1.0,1,100.0,0.06,0.06,0.0,0.0,0,0,2022,shooting,Southampton
ENG-Premier League,2022/23,Southampton,Alex McCarthy,ENG,GK,32.0,1989.0,6.0,0,0.0,0,,0.0,0.0,,,0,0,2022,shooting,Southampton
ENG-Premier League,2022/23,Southampton,Armel Bella Kotchap,GER,DF,20.0,2001.0,20.9,0,14.0,2,14.3,0.67,0.1,0.0,0.0,0,0,2022,shooting,Southampton
ENG-Premier League,2022/23,Southampton,Carlos Alcaraz,ARG,"MF,FW",19.0,2002.0,11.4,4,24.0,10,41.7,2.1,0.87,0.17,0.4,0,0,2022,shooting,Southampton
ENG-Premier League,2022/23,Southampton,Ché Adams,SCO,FW,26.0,1996.0,22.1,5,47.0,15,31.9,2.12,0.68,0.11,0.33,0,0,2022,shooting,Southampton
ENG-Premier League,2022/23,Southampton,Dominic Ballard,ENG,FW,17.0,2005.0,0.3,0,0.0,0,,0.0,0.0,,,0,0,2022,shooting,Southampton
ENG-Premier League,2022/23,Southampton,Duje Ćaleta-Car,CRO,DF,25.0,1996.0,10.5,1,5.0,2,40.0,0.48,0.19,0.2,0.5,0,0,2022,shooting,Southampton
ENG-Premier League,2022/23,Southampton,Gavin Bazunu,IRL,GK,20.0,2002.0,32.0,0,0.0,0,,0.0,0.0,,,0,0,2022,shooting,Southampton
ENG-Premier League,2022/23,Southampton,Ibrahima Diallo,FRA,MF,23.0,1999.0,9.1,0,6.0,0,0.0,0.66,0.0,0.0,,0,0,2022,shooting,Southampton
ENG-Premier League,2022/23,Southampton,Jack Stephens,ENG,DF,28.0,1994.0,0.5,0,0.0,0,,0.0,0.0,,,0,0,2022,shooting,Southampton
ENG-Premier League,2022/23,Southampton,James Bree,ENG,DF,24.0,1997.0,4.1,0,1.0,1,100.0,0.25,0.25,0.0,0.0,0,0,2022,shooting,Southampton
ENG-Premier League,2022/23,Southampton,James Ward-Prowse,ENG,MF,27.0,1994.0,37.5,9,44.0,20,45.5,1.17,0.53,0.2,0.45,2,4,2022,shooting,Southampton
ENG-Premier League,2022/23,Southampton,Jan Bednarek,POL,DF,26.0,1996.0,18.6,0,8.0,0,0.0,0.43,0.0,0.0,,0,0,2022,shooting,Southampton
ENG-Premier League,2022/23,Southampton,Joe Aribo,NGA,"MF,FW",26.0,1996.0,13.6,2,14.0,8,57.1,1.03,0.59,0.14,0.25,0,0,2022,shooting,Southampton
ENG-Premier League,2022/23,Southampton,Juan Larios,ESP,DF,18.0,2004.0,1.7,0,0.0,0,,0.0,0.0,,,0,0,2022,shooting,Southampton
ENG-Premier League,2022/23,Southampton,Kamaldeen Sulemana,GHA,"FW,MF",20.0,2002.0,10.7,2,25.0,7,28.0,2.33,0.65,0.08,0.29,0,0,2022,shooting,Southampton
ENG-Premier League,2022/23,Southampton,Kami Doyle,ENG,MF,16.0,2005.0,0.1,0,0.0,0,,0.0,0.0,,,0,0,2022,shooting,Southampton
ENG-Premier League,2022/23,Southampton,Kyle Walker-Peters,ENG,"DF,MF",25.0,1997.0,29.4,1,12.0,5,41.7,0.41,0.17,0.08,0.2,0,0,2022,shooting,Southampton
ENG-Premier League,2022/23,Southampton,Lyanco,BRA,DF,25.0,1997.0,13.1,1,12.0,4,33.3,0.92,0.31,0.08,0.25,0,0,2022,shooting,Southampton
ENG-Premier League,2022/23,Southampton,Mislav Oršić,CRO,"FW,MF",29.0,1992.0,0.1,0,0.0,0,,0.0,0.0,,,0,0,2022,shooting,Southampton
ENG-Premier League,2022/23,Southampton,Mohamed Elyounoussi,NOR,MF,27.0,1994.0,24.1,1,36.0,11,30.6,1.49,0.46,0.03,0.09,0,0,2022,shooting,Southampton
ENG-Premier League,2022/23,Southampton,Mohammed Salisu,GHA,DF,23.0,1999.0,21.9,0,19.0,5,26.3,0.87,0.23,0.0,0.0,0,0,2022,shooting,Southampton
ENG-Premier League,2022/23,Southampton,Moussa Djenepo,MLI,"DF,MF",24.0,1998.0,7.9,0,3.0,2,66.7,0.38,0.25,0.0,0.0,0,0,2022,shooting,Southampton
ENG-Premier League,2022/23,Southampton,Nathan Redmond,ENG,"FW,MF",28.0,1994.0,0.0,0,0.0,0,,0.0,0.0,,,0,0,2022,shooting,Southampton
ENG-Premier League,2022/23,Southampton,Oriol Romeu,ESP,MF,30.0,1991.0,0.8,0,0.0,0,,0.0,0.0,,,0,0,2022,shooting,Southampton
ENG-Premier League,2022/23,Southampton,Paul Onuachu,NGA,FW,28.0,1994.0,4.5,0,11.0,5,45.5,2.43,1.11,0.0,0.0,0,0,2022,shooting,Southampton
ENG-Premier League,2022/23,Southampton,Romain Perraud,FRA,DF,24.0,1997.0,20.4,2,30.0,6,20.0,1.47,0.29,0.07,0.33,0,0,2022,shooting,Southampton
ENG-Premier League,2022/23,Southampton,Roméo Lavia,BEL,MF,18.0,2004.0,24.7,1,12.0,3,25.0,0.49,0.12,0.08,0.33,0,0,2022,shooting,Southampton
ENG-Premier League,2022/23,Southampton,Samuel Amo-Ameyaw,ENG,"FW,MF",16.0,2006.0,0.0,0,0.0,0,,0.0,0.0,,,0,0,2022,shooting,Southampton
ENG-Premier League,2022/23,Southampton,Samuel Edozie,ENG,"MF,FW",19.0,2003.0,6.3,0,8.0,3,37.5,1.27,0.48,0.0,0.0,0,0,2022,shooting,Southampton
ENG-Premier League,2022/23,Southampton,Sekou Mara,FRA,FW,20.0,2002.0,6.2,1,16.0,5,31.3,2.59,0.81,0.06,0.2,0,0,2022,shooting,Southampton
ENG-Premier League,2022/23,Southampton,Stuart Armstrong,SCO,MF,30.0,1992.0,15.6,2,23.0,7,30.4,1.47,0.45,0.09,0.29,0,0,2022,shooting,Southampton
ENG-Premier League,2022/23,Southampton,Theo Walcott,ENG,"MF,FW",33.0,1989.0,12.5,2,20.0,8,40.0,1.59,0.64,0.1,0.25,0,0,2022,shooting,Southampton
ENG-Premier League,2022/23,Southampton,Tino Livramento,ENG,"DF,MF",19.0,2002.0,0.3,0,0.0,0,,0.0,0.0,,,0,0,2022,shooting,Southampton
ENG-Premier League,2022/23,Southampton,Yan Valery,TUN,DF,23.0,1999.0,0.5,0,0.0,0,,0.0,0.0,,,0,0,2022,shooting,Southampton
ENG-Premier League,2022/23,Tottenham,Arnaut Danjuma,NED,MF,25.0,1997.0,1.9,1,6.0,3,50.0,3.2,1.6,0.17,0.33,0,0,2022,shooting,Tottenham Hotspur
ENG-Premier League,2022/23,Tottenham,Ben Davies,WAL,"DF,MF",29.0,1993.0,25.4,2,14.0,5,35.7,0.55,0.2,0.14,0.4,0,0,2022,shooting,Tottenham Hotspur
ENG-Premier League,2022/23,Tottenham,Bryan Gil,ESP,"MF,FW",21.0,2001.0,1.6,0,2.0,1,50.0,1.22,0.61,0.0,0.0,0,0,2022,shooting,Tottenham Hotspur
ENG-Premier League,2022/23,Tottenham,Clément Lenglet,FRA,DF,27.0,1995.0,22.4,0,13.0,2,15.4,0.58,0.09,0.0,0.0,0,0,2022,shooting,Tottenham Hotspur
ENG-Premier League,2022/23,Tottenham,Cristian Romero,ARG,DF,24.0,1998.0,26.3,0,11.0,2,18.2,0.42,0.08,0.0,0.0,0,0,2022,shooting,Tottenham Hotspur
ENG-Premier League,2022/23,Tottenham,Davinson Sánchez,COL,DF,26.0,1996.0,9.5,0,6.0,2,33.3,0.63,0.21,0.0,0.0,0,0,2022,shooting,Tottenham Hotspur
ENG-Premier League,2022/23,Tottenham,Dejan Kulusevski,SWE,"MF,FW",22.0,2000.0,23.0,2,43.0,10,23.3,1.87,0.44,0.05,0.2,0,0,2022,shooting,Tottenham Hotspur
ENG-Premier League,2022/23,Tottenham,Djed Spence,ENG,"DF,MF",21.0,2000.0,0.1,0,1.0,1,100.0,12.86,12.86,0.0,0.0,0,0,2022,shooting,Tottenham Hotspur
ENG-Premier League,2022/23,Tottenham,Emerson,BRA,"MF,DF",23.0,1999.0,19.3,2,17.0,7,41.2,0.88,0.36,0.12,0.29,0,0,2022,shooting,Tottenham Hotspur
ENG-Premier League,2022/23,Tottenham,Eric Dier,ENG,DF,28.0,1994.0,31.3,2,17.0,4,23.5,0.54,0.13,0.12,0.5,0,0,2022,shooting,Tottenham Hotspur
ENG-Premier League,2022/23,Tottenham,Fraser Forster,ENG,GK,34.0,1988.0,13.5,0,0.0,0,,0.0,0.0,,,0,0,2022,shooting,Tottenham Hotspur
ENG-Premier League,2022/23,Tottenham,George Abbott,ENG,MF,16.0,2005.0,0.0,0,0.0,0,,0.0,0.0,,,0,0,2022,shooting,Tottenham Hotspur
ENG-Premier League,2022/23,Tottenham,Harry Kane,ENG,FW,29.0,1993.0,37.8,30,132.0,64,48.5,3.49,1.69,0.23,0.47,5,6,2022,shooting,Tottenham Hotspur
ENG-Premier League,2022/23,Tottenham,Harvey White,ENG,MF,20.0,2001.0,0.1,0,0.0,0,,0.0,0.0,,,0,0,2022,shooting,Tottenham Hotspur
ENG-Premier League,2022/23,Tottenham,Hugo Lloris,FRA,GK,35.0,1986.0,24.5,0,0.0,0,,0.0,0.0,,,0,0,2022,shooting,Tottenham Hotspur
ENG-Premier League,2022/23,Tottenham,Ivan Perišić,CRO,MF,33.0,1989.0,23.4,1,29.0,8,27.6,1.24,0.34,0.03,0.13,0,0,2022,shooting,Tottenham Hotspur
ENG-Premier League,2022/23,Tottenham,Japhet Tanganga,ENG,DF,23.0,1999.0,1.6,0,0.0,0,,0.0,0.0,,,0,0,2022,shooting,Tottenham Hotspur
ENG-Premier League,2022/23,Tottenham,Lucas Moura,BRA,"FW,MF",29.0,1992.0,1.7,1,4.0,1,25.0,2.35,0.59,0.25,1.0,0,0,2022,shooting,Tottenham Hotspur
ENG-Premier League,2022/23,Tottenham,Matt Doherty,IRL,MF,30.0,1992.0,7.4,1,10.0,2,20.0,1.35,0.27,0.1,0.5,0,0,2022,shooting,Tottenham Hotspur
ENG-Premier League,2022/23,Tottenham,Matthew Craig,SCO,MF,19.0,2003.0,0.2,0,0.0,0,,0.0,0.0,,,0,0,2022,shooting,Tottenham Hotspur
ENG-Premier League,2022/23,Tottenham,Oliver Skipp,ENG,MF,21.0,2000.0,16.6,1,7.0,3,42.9,0.42,0.18,0.14,0.33,0,0,2022,shooting,Tottenham Hotspur
ENG-Premier League,2022/23,Tottenham,Pape Matar Sarr,SEN,MF,19.0,2002.0,2.4,0,2.0,0,0.0,0.83,0.0,0.0,,0,0,2022,shooting,Tottenham Hotspur
ENG-Premier League,2022/23,Tottenham,Pedro Porro,ESP,MF,22.0,1999.0,12.6,3,26.0,7,26.9,2.07,0.56,0.12,0.43,0,0,2022,shooting,Tottenham Hotspur
ENG-Premier League,2022/23,Tottenham,Pierre Højbjerg,DEN,MF,26.0,1995.0,34.8,4,33.0,9,27.3,0.95,0.26,0.12,0.44,0,0,2022,shooting,Tottenham Hotspur
ENG-Premier League,2022/23,Tottenham,Richarlison,BRA,"MF,FW",25.0,1997.0,11.2,1,27.0,14,51.9,2.41,1.25,0.04,0.07,0,0,2022,shooting,Tottenham Hotspur
ENG-Premier League,2022/23,Tottenham,Rodrigo Bentancur,URU,MF,25.0,1997.0,16.7,5,15.0,9,60.0,0.9,0.54,0.33,0.56,0,0,2022,shooting,Tottenham Hotspur
ENG-Premier League,2022/23,Tottenham,Ryan Sessegnon,ENG,"MF,DF",22.0,2000.0,9.0,2,18.0,6,33.3,1.99,0.66,0.11,0.33,0,0,2022,shooting,Tottenham Hotspur
ENG-Premier League,2022/23,Tottenham,Son Heung-min,KOR,"MF,FW",30.0,1992.0,32.1,10,81.0,40,49.4,2.52,1.25,0.12,0.25,0,0,2022,shooting,Tottenham Hotspur
ENG-Premier League,2022/23,Tottenham,Yves Bissouma,MLI,MF,25.0,1996.0,11.2,0,6.0,0,0.0,0.53,0.0,0.0,,0,0,2022,shooting,Tottenham Hotspur
ENG-Premier League,2022/23,West Ham,Aaron Cresswell,ENG,DF,32.0,1989.0,24.8,0,9.0,1,11.1,0.36,0.04,0.0,0.0,0,0,2022,shooting,West Ham United
ENG-Premier League,2022/23,West Ham,Alphonse Areola,FRA,GK,29.0,1993.0,3.4,0,0.0,0,,0.0,0.0,,,0,0,2022,shooting,West Ham United
ENG-Premier League,2022/23,West Ham,Angelo Ogbonna,ITA,DF,34.0,1988.0,13.7,0,3.0,0,0.0,0.22,0.0,0.0,,0,0,2022,shooting,West Ham United
ENG-Premier League,2022/23,West Ham,Ben Johnson,ENG,"DF,MF",22.0,2000.0,9.6,0,2.0,1,50.0,0.21,0.1,0.0,0.0,0,0,2022,shooting,West Ham United
ENG-Premier League,2022/23,West Ham,Conor Coventry,IRL,MF,22.0,2000.0,0.0,0,0.0,0,,0.0,0.0,,,0,0,2022,shooting,West Ham United
ENG-Premier League,2022/23,West Ham,Craig Dawson,ENG,DF,32.0,1990.0,8.0,0,6.0,1,16.7,0.75,0.12,0.0,0.0,0,0,2022,shooting,West Ham United
ENG-Premier League,2022/23,West Ham,Danny Ings,ENG,FW,30.0,1992.0,8.6,2,15.0,4,26.7,1.74,0.46,0.13,0.5,0,0,2022,shooting,West Ham United
ENG-Premier League,2022/23,West Ham,Declan Rice,ENG,MF,23.0,1999.0,36.4,4,36.0,9,25.0,0.99,0.25,0.11,0.44,0,1,2022,shooting,West Ham United
ENG-Premier League,2022/23,West Ham,Divin Mubama,ENG,FW,17.0,2004.0,0.4,0,0.0,0,,0.0,0.0,,,0,0,2022,shooting,West Ham United
ENG-Premier League,2022/23,West Ham,Emerson Palmieri,ITA,"MF,DF",27.0,1994.0,14.7,1,11.0,5,45.5,0.75,0.34,0.09,0.2,0,0,2022,shooting,West Ham United
ENG-Premier League,2022/23,West Ham,Flynn Downes,ENG,MF,23.0,1999.0,8.5,0,4.0,1,25.0,0.47,0.12,0.0,0.0,0,0,2022,shooting,West Ham United
ENG-Premier League,2022/23,West Ham,Gianluca Scamacca,ITA,FW,23.0,1999.0,10.3,3,30.0,10,33.3,2.92,0.97,0.1,0.3,0,0,2022,shooting,West Ham United
ENG-Premier League,2022/23,West Ham,Jarrod Bowen,ENG,"MF,FW",25.0,1996.0,35.9,6,75.0,24,32.0,2.09,0.67,0.08,0.25,1,2,2022,shooting,West Ham United
ENG-Premier League,2022/23,West Ham,Kurt Zouma,FRA,DF,27.0,1994.0,22.1,2,19.0,6,31.6,0.86,0.27,0.11,0.33,0,0,2022,shooting,West Ham United
ENG-Premier League,2022/23,West Ham,Lucas Paquetá,BRA,MF,24.0,1997.0,23.9,4,53.0,16,30.2,2.22,0.67,0.08,0.25,1,1,2022,shooting,West Ham United
ENG-Premier League,2022/23,West Ham,Manuel Lanzini,ARG,MF,29.0,1993.0,2.8,1,3.0,1,33.3,1.07,0.36,0.33,1.0,0,0,2022,shooting,West Ham United
ENG-Premier League,2022/23,West Ham,Maxwel Cornet,CIV,MF,25.0,1996.0,2.7,0,9.0,2,22.2,3.31,0.73,0.0,0.0,0,0,2022,shooting,West Ham United
ENG-Premier League,2022/23,West Ham,Michail Antonio,JAM,FW,32.0,1990.0,20.3,5,39.0,13,33.3,1.92,0.64,0.13,0.38,0,0,2022,shooting,West Ham United
ENG-Premier League,2022/23,West Ham,Nayef Aguerd,MAR,DF,26.0,1996.0,17.7,2,12.0,2,16.7,0.68,0.11,0.17,1.0,0,0,2022,shooting,West Ham United
ENG-Premier League,2022/23,West Ham,Pablo Fornals,ESP,MF,26.0,1996.0,16.7,3,27.0,7,25.9,1.62,0.42,0.11,0.43,0,0,2022,shooting,West Ham United
ENG-Premier League,2022/23,West Ham,Saïd Benrahma,ALG,"MF,FW",26.0,1995.0,23.0,6,73.0,27,37.0,3.18,1.17,0.08,0.22,4,4,2022,shooting,West Ham United
ENG-Premier League,2022/23,West Ham,Thilo Kehrer,GER,DF,25.0,1996.0,24.8,0,8.0,1,12.5,0.32,0.04,0.0,0.0,0,0,2022,shooting,West Ham United
ENG-Premier League,2022/23,West Ham,Tomáš Souček,CZE,MF,27.0,1995.0,31.3,2,34.0,13,38.2,1.09,0.42,0.06,0.15,0,0,2022,shooting,West Ham United
ENG-Premier League,2022/23,West Ham,Vladimír Coufal,CZE,"DF,MF",29.0,1992.0,23.7,0,6.0,1,16.7,0.25,0.04,0.0,0.0,0,0,2022,shooting,West Ham United
ENG-Premier League,2022/23,West Ham,Łukasz Fabiański,POL,GK,37.0,1985.0,34.6,0,0.0,0,,0.0,0.0,,,0,0,2022,shooting,West Ham United
ENG-Premier League,2022/23,Wolves,Adama Traoré,ESP,"MF,FW",26.0,1996.0,16.6,2,19.0,8,42.1,1.14,0.48,0.11,0.25,0,0,2022,shooting,Wolverhampton Wanderers
ENG-Premier League,2022/23,Wolves,Boubacar Traoré,MLI,MF,20.0,2001.0,4.6,0,3.0,0,0.0,0.66,0.0,0.0,,0,0,2022,shooting,Wolverhampton Wanderers
ENG-Premier League,2022/23,Wolves,Chem Campbell,WAL,"FW,MF",19.0,2002.0,0.8,0,2.0,0,0.0,2.43,0.0,0.0,,0,0,2022,shooting,Wolverhampton Wanderers
ENG-Premier League,2022/23,Wolves,Connor Ronan,IRL,MF,24.0,1998.0,0.0,0,0.0,0,,0.0,0.0,,,0,0,2022,shooting,Wolverhampton Wanderers
ENG-Premier League,2022/23,Wolves,Craig Dawson,ENG,DF,32.0,1990.0,15.7,1,11.0,2,18.2,0.7,0.13,0.09,0.5,0,0,2022,shooting,Wolverhampton Wanderers
ENG-Premier League,2022/23,Wolves,Daniel Bentley,ENG,GK,29.0,1993.0,2.0,0,0.0,0,,0.0,0.0,,,0,0,2022,shooting,Wolverhampton Wanderers
ENG-Premier League,2022/23,Wolves,Daniel Podence,POR,"MF,FW",26.0,1995.0,19.7,6,43.0,18,41.9,2.19,0.91,0.14,0.33,0,0,2022,shooting,Wolverhampton Wanderers
ENG-Premier League,2022/23,Wolves,Dexter Lembikisa,JAM,"DF,MF",18.0,2003.0,0.3,0,0.0,0,,0.0,0.0,,,0,0,2022,shooting,Wolverhampton Wanderers
ENG-Premier League,2022/23,Wolves,Diego Costa,ESP,FW,33.0,1988.0,13.8,1,28.0,14,50.0,2.03,1.02,0.04,0.07,0,0,2022,shooting,Wolverhampton Wanderers
ENG-Premier League,2022/23,Wolves,Gonçalo Guedes,POR,"FW,MF",25.0,1996.0,7.9,1,19.0,6,31.6,2.42,0.76,0.05,0.17,0,0,2022,shooting,Wolverhampton Wanderers
ENG-Premier League,2022/23,Wolves,Hugo Bueno,ESP,DF,19.0,2002.0,14.6,0,4.0,1,25.0,0.27,0.07,0.0,0.0,0,0,2022,shooting,Wolverhampton Wanderers
ENG-Premier League,2022/23,Wolves,Hwang Hee-chan,KOR,"FW,MF",26.0,1996.0,12.6,3,18.0,7,38.9,1.43,0.56,0.17,0.43,0,0,2022,shooting,Wolverhampton Wanderers
ENG-Premier League,2022/23,Wolves,Joe Hodge,IRL,MF,19.0,2002.0,1.9,0,2.0,0,0.0,1.03,0.0,0.0,,0,0,2022,shooting,Wolverhampton Wanderers
ENG-Premier League,2022/23,Wolves,Jonny Castro,ESP,DF,28.0,1994.0,14.0,1,9.0,2,22.2,0.64,0.14,0.11,0.5,0,0,2022,shooting,Wolverhampton Wanderers
ENG-Premier League,2022/23,Wolves,José Sá,POR,GK,29.0,1993.0,36.0,0,0.0,0,,0.0,0.0,,,0,0,2022,shooting,Wolverhampton Wanderers
ENG-Premier League,2022/23,Wolves,João Gomes,BRA,MF,21.0,2001.0,7.3,1,4.0,2,50.0,0.55,0.28,0.25,0.5,0,0,2022,shooting,Wolverhampton Wanderers
ENG-Premier League,2022/23,Wolves,João Moutinho,POR,MF,35.0,1986.0,19.8,0,16.0,3,18.8,0.81,0.15,0.0,0.0,0,0,2022,shooting,Wolverhampton Wanderers
ENG-Premier League,2022/23,Wolves,Leander Dendoncker,BEL,MF,27.0,1995.0,2.4,0,3.0,2,66.7,1.26,0.84,0.0,0.0,0,0,2022,shooting,Wolverhampton Wanderers
ENG-Premier League,2022/23,Wolves,Mario Lemina,GAB,MF,28.0,1993.0,14.4,0,9.0,2,22.2,0.62,0.14,0.0,0.0,0,0,2022,shooting,Wolverhampton Wanderers
ENG-Premier League,2022/23,Wolves,Matheus Cunha,BRA,FW,23.0,1999.0,10.7,2,26.0,7,26.9,2.42,0.65,0.08,0.29,0,0,2022,shooting,Wolverhampton Wanderers
ENG-Premier League,2022/23,Wolves,Matheus Nunes,POR,MF,23.0,1998.0,27.4,1,28.0,9,32.1,1.02,0.33,0.04,0.11,0,0,2022,shooting,Wolverhampton Wanderers
ENG-Premier League,2022/23,Wolves,Max Kilman,ENG,DF,25.0,1997.0,36.7,0,14.0,1,7.1,0.38,0.03,0.0,0.0,0,0,2022,shooting,Wolverhampton Wanderers
ENG-Premier League,2022/23,Wolves,Morgan Gibbs-White,ENG,MF,22.0,2000.0,2.0,0,3.0,1,33.3,1.5,0.5,0.0,0.0,0,0,2022,shooting,Wolverhampton Wanderers
ENG-Premier League,2022/23,Wolves,Nathan Collins,IRL,DF,21.0,2001.0,20.2,0,3.0,0,0.0,0.15,0.0,0.0,,0,0,2022,shooting,Wolverhampton Wanderers
ENG-Premier League,2022/23,Wolves,Nélson Semedo,POR,DF,28.0,1993.0,29.2,0,9.0,0,0.0,0.31,0.0,0.0,,0,0,2022,shooting,Wolverhampton Wanderers
ENG-Premier League,2022/23,Wolves,Pablo Sarabia,ESP,"MF,FW",30.0,1992.0,8.5,1,20.0,5,25.0,2.35,0.59,0.05,0.2,0,0,2022,shooting,Wolverhampton Wanderers
ENG-Premier League,2022/23,Wolves,Pedro Neto,POR,"MF,FW",22.0,2000.0,10.7,0,17.0,3,17.6,1.59,0.28,0.0,0.0,0,0,2022,shooting,Wolverhampton Wanderers
ENG-Premier League,2022/23,Wolves,Rayan Aït-Nouri,ALG,"DF,MF",21.0,2001.0,12.0,1,10.0,5,50.0,0.84,0.42,0.1,0.2,0,0,2022,shooting,Wolverhampton Wanderers
ENG-Premier League,2022/23,Wolves,Raúl Jiménez,MEX,FW,31.0,1991.0,9.4,0,20.0,9,45.0,2.13,0.96,0.0,0.0,0,0,2022,shooting,Wolverhampton Wanderers
ENG-Premier League,2022/23,Wolves,Rúben Neves,POR,MF,25.0,1997.0,33.5,6,67.0,16,23.9,2.0,0.48,0.09,0.38,3,3,2022,shooting,Wolverhampton Wanderers
ENG-Premier League,2022/23,Wolves,Saša Kalajdžić,AUT,FW,25.0,1997.0,0.5,0,1.0,0,0.0,2.0,0.0,0.0,,0,0,2022,shooting,Wolverhampton Wanderers
ENG-Premier League,2022/23,Wolves,Toti Gomes,POR,DF,23.0,1999.0,10.9,1,5.0,2,40.0,0.46,0.18,0.2,0.5,0,0,2022,shooting,Wolverhampton Wanderers
ENG-Premier League,2023/24,Arsenal,Aaron Ramsdale,ENG,GK,25.0,1998.0,6.0,0,0.0,0,,0.0,0.0,,,0,0,2023,shooting,Arsenal
ENG-Premier League,2023/24,Arsenal,Ben White,ENG,DF,25.0,1997.0,33.2,4,13.0,8,61.5,0.39,0.24,0.31,0.5,0,0,2023,shooting,Arsenal
ENG-Premier League,2023/24,Arsenal,Bukayo Saka,ENG,FW,21.0,2001.0,32.4,16,107.0,37,34.6,3.3,1.14,0.15,0.43,6,6,2023,shooting,Arsenal
ENG-Premier League,2023/24,Arsenal,Cédric Soares,POR,"DF,MF",31.0,1991.0,0.7,0,0.0,0,,0.0,0.0,,,0,0,2023,shooting,Arsenal
ENG-Premier League,2023/24,Arsenal,David Raya,ESP,GK,27.0,1995.0,32.0,0,0.0,0,,0.0,0.0,,,0,0,2023,shooting,Arsenal
ENG-Premier League,2023/24,Arsenal,Declan Rice,ENG,MF,24.0,1999.0,35.8,7,58.0,20,34.5,1.62,0.56,0.12,0.35,0,0,2023,shooting,Arsenal
ENG-Premier League,2023/24,Arsenal,Eddie Nketiah,ENG,FW,24.0,1999.0,12.0,5,38.0,12,31.6,3.16,1.0,0.13,0.42,0,0,2023,shooting,Arsenal
ENG-Premier League,2023/24,Arsenal,Emile Smith Rowe,ENG,MF,23.0,2000.0,3.9,0,15.0,7,46.7,3.82,1.78,0.0,0.0,0,0,2023,shooting,Arsenal
ENG-Premier League,2023/24,Arsenal,Ethan Nwaneri,ENG,MF,16.0,2007.0,0.2,0,0.0,0,,0.0,0.0,,,0,0,2023,shooting,Arsenal
ENG-Premier League,2023/24,Arsenal,Fabio Vieira,POR,MF,23.0,2000.0,3.3,1,7.0,2,28.6,2.12,0.61,0.14,0.5,1,1,2023,shooting,Arsenal
ENG-Premier League,2023/24,Arsenal,Gabriel Jesus,BRA,FW,26.0,1997.0,16.4,4,55.0,19,34.5,3.35,1.16,0.07,0.21,0,0,2023,shooting,Arsenal
ENG-Premier League,2023/24,Arsenal,Gabriel Magalhães,BRA,DF,25.0,1997.0,33.8,4,31.0,10,32.3,0.92,0.3,0.13,0.4,0,0,2023,shooting,Arsenal
ENG-Premier League,2023/24,Arsenal,Gabriel Martinelli,BRA,FW,22.0,2001.0,22.4,6,58.0,22,37.9,2.59,0.98,0.1,0.27,0,0,2023,shooting,Arsenal
ENG-Premier League,2023/24,Arsenal,Jakub Kiwior,POL,DF,23.0,2000.0,10.5,1,6.0,3,50.0,0.57,0.29,0.17,0.33,0,0,2023,shooting,Arsenal
ENG-Premier League,2023/24,Arsenal,Jorginho,ITA,MF,31.0,1991.0,10.2,0,4.0,0,0.0,0.39,0.0,0.0,,0,0,2023,shooting,Arsenal
ENG-Premier League,2023/24,Arsenal,Jurriën Timber,NED,DF,22.0,2001.0,0.8,0,0.0,0,,0.0,0.0,,,0,0,2023,shooting,Arsenal
ENG-Premier League,2023/24,Arsenal,Kai Havertz,GER,"MF,FW",24.0,1999.0,29.3,13,69.0,28,40.6,2.36,0.96,0.19,0.46,1,1,2023,shooting,Arsenal
ENG-Premier League,2023/24,Arsenal,Leandro Trossard,BEL,"FW,MF",28.0,1994.0,18.3,12,60.0,22,36.7,3.27,1.2,0.2,0.55,0,0,2023,shooting,Arsenal
ENG-Premier League,2023/24,Arsenal,Martin Ødegaard,NOR,MF,24.0,1998.0,34.3,8,77.0,23,29.9,2.24,0.67,0.1,0.35,2,2,2023,shooting,Arsenal
ENG-Premier League,2023/24,Arsenal,Mohamed Elneny,EGY,MF,31.0,1992.0,0.3,0,2.0,1,50.0,6.43,3.21,0.0,0.0,0,0,2023,shooting,Arsenal
ENG-Premier League,2023/24,Arsenal,Oleksandr Zinchenko,UKR,DF,26.0,1996.0,19.1,1,17.0,3,17.6,0.89,0.16,0.06,0.33,0,0,2023,shooting,Arsenal
ENG-Premier League,2023/24,Arsenal,Reiss Nelson,ENG,FW,23.0,1999.0,3.0,0,4.0,1,25.0,1.34,0.34,0.0,0.0,0,0,2023,shooting,Arsenal
ENG-Premier League,2023/24,Arsenal,Takehiro Tomiyasu,JPN,DF,24.0,1998.0,12.8,2,17.0,3,17.6,1.33,0.23,0.12,0.67,0,0,2023,shooting,Arsenal
ENG-Premier League,2023/24,Arsenal,Thomas Partey,GHA,"MF,DF",30.0,1993.0,8.8,0,8.0,2,25.0,0.91,0.23,0.0,0.0,0,0,2023,shooting,Arsenal
ENG-Premier League,2023/24,Arsenal,William Saliba,FRA,DF,22.0,2001.0,38.0,2,10.0,4,40.0,0.26,0.11,0.2,0.5,0,0,2023,shooting,Arsenal
ENG-Premier League,2023/24,Aston Villa,Bertrand Traoré,BFA,"FW,MF",27.0,1995.0,0.1,0,0.0,0,,0.0,0.0,,,0,0,2023,shooting,Aston Villa
ENG-Premier League,2023/24,Aston Villa,Boubacar Kamara,FRA,MF,23.0,1999.0,18.4,0,5.0,1,20.0,0.27,0.05,0.0,0.0,0,0,2023,shooting,Aston Villa
ENG-Premier League,2023/24,Aston Villa,Calum Chambers,ENG,MF,28.0,1995.0,1.7,0,0.0,0,,0.0,0.0,,,0,0,2023,shooting,Aston Villa
ENG-Premier League,2023/24,Aston Villa,Cameron Archer,ENG,"FW,MF",22.0,2001.0,0.1,0,0.0,0,,0.0,0.0,,,0,0,2023,shooting,Aston Villa
ENG-Premier League,2023/24,Aston Villa,Clément Lenglet,FRA,DF,28.0,1995.0,12.8,0,7.0,2,28.6,0.55,0.16,0.0,0.0,0,0,2023,shooting,Aston Villa
ENG-Premier League,2023/24,Aston Villa,Diego Carlos,BRA,DF,30.0,1993.0,20.2,0,10.0,1,10.0,0.5,0.05,0.0,0.0,0,0,2023,shooting,Aston Villa
ENG-Premier League,2023/24,Aston Villa,Douglas Luiz,BRA,MF,25.0,1998.0,33.3,9,48.0,17,35.4,1.44,0.51,0.19,0.53,4,4,2023,shooting,Aston Villa
ENG-Premier League,2023/24,Aston Villa,Emiliano Martínez,ARG,GK,30.0,1992.0,33.5,0,0.0,0,,0.0,0.0,,,0,0,2023,shooting,Aston Villa
ENG-Premier League,2023/24,Aston Villa,Ezri Konsa,ENG,DF,25.0,1997.0,34.1,1,19.0,5,26.3,0.56,0.15,0.05,0.2,0,0,2023,shooting,Aston Villa
ENG-Premier League,2023/24,Aston Villa,Finley Munroe,ENG,DF,18.0,2005.0,0.0,0,0.0,0,,0.0,0.0,,,0,0,2023,shooting,Aston Villa
ENG-Premier League,2023/24,Aston Villa,Jacob Ramsey,ENG,MF,22.0,2001.0,9.5,1,19.0,5,26.3,2.0,0.53,0.05,0.2,0,0,2023,shooting,Aston Villa
ENG-Premier League,2023/24,Aston Villa,Jaden Philogene Bidace,ENG,"FW,MF",21.0,2002.0,0.0,0,0.0,0,,0.0,0.0,,,0,0,2023,shooting,Aston Villa
ENG-Premier League,2023/24,Aston Villa,John McGinn,SCO,MF,28.0,1994.0,33.3,6,40.0,16,40.0,1.2,0.48,0.15,0.38,0,0,2023,shooting,Aston Villa
ENG-Premier League,2023/24,Aston Villa,Jáder Durán,COL,FW,19.0,2003.0,5.3,5,20.0,7,35.0,3.79,1.33,0.25,0.71,0,0,2023,shooting,Aston Villa
ENG-Premier League,2023/24,Aston Villa,Kaine Kesler-Hayden,ENG,"DF,MF",20.0,2002.0,0.1,0,0.0,0,,0.0,0.0,,,0,0,2023,shooting,Aston Villa
ENG-Premier League,2023/24,Aston Villa,Leander Dendoncker,BEL,MF,28.0,1995.0,1.3,1,2.0,1,50.0,1.51,0.76,0.5,1.0,0,0,2023,shooting,Aston Villa
ENG-Premier League,2023/24,Aston Villa,Leon Bailey,JAM,MF,25.0,1997.0,23.0,10,53.0,18,34.0,2.31,0.78,0.19,0.56,0,0,2023,shooting,Aston Villa
ENG-Premier League,2023/24,Aston Villa,Lucas Digne,FRA,DF,30.0,1993.0,26.8,1,20.0,4,20.0,0.75,0.15,0.05,0.25,0,0,2023,shooting,Aston Villa
ENG-Premier League,2023/24,Aston Villa,Matty Cash,POL,"DF,MF",25.0,1997.0,23.8,2,33.0,13,39.4,1.39,0.55,0.06,0.15,0,0,2023,shooting,Aston Villa
ENG-Premier League,2023/24,Aston Villa,Morgan Rogers,ENG,MF,21.0,2002.0,7.1,3,11.0,5,45.5,1.55,0.71,0.27,0.6,0,0,2023,shooting,Aston Villa
ENG-Premier League,2023/24,Aston Villa,Moussa Diaby,FRA,"MF,FW",24.0,1999.0,24.2,6,54.0,23,42.6,2.24,0.95,0.11,0.26,0,0,2023,shooting,Aston Villa
ENG-Premier League,2023/24,Aston Villa,Nicolò Zaniolo,ITA,"MF,FW",24.0,1999.0,9.3,2,27.0,10,37.0,2.9,1.07,0.07,0.2,0,0,2023,shooting,Aston Villa
ENG-Premier League,2023/24,Aston Villa,Ollie Watkins,ENG,FW,27.0,1995.0,35.7,19,106.0,46,43.4,2.97,1.29,0.18,0.41,0,0,2023,shooting,Aston Villa
ENG-Premier League,2023/24,Aston Villa,Omari Kellyman,ENG,"FW,MF",17.0,2005.0,0.4,0,1.0,0,0.0,2.43,0.0,0.0,,0,0,2023,shooting,Aston Villa
ENG-Premier League,2023/24,Aston Villa,Pau Torres,ESP,DF,26.0,1997.0,27.4,2,12.0,5,41.7,0.44,0.18,0.17,0.4,0,0,2023,shooting,Aston Villa
ENG-Premier League,2023/24,Aston Villa,Philippe Coutinho,BRA,"FW,MF",31.0,1992.0,0.3,0,3.0,1,33.3,10.8,3.6,0.0,0.0,0,0,2023,shooting,Aston Villa
ENG-Premier League,2023/24,Aston Villa,Robin Olsen,SWE,GK,33.0,1990.0,4.5,0,0.0,0,,0.0,0.0,,,0,0,2023,shooting,Aston Villa
ENG-Premier League,2023/24,Aston Villa,Tim Iroegbunam,ENG,MF,20.0,2003.0,1.8,0,0.0,0,,0.0,0.0,,,0,0,2023,shooting,Aston Villa
ENG-Premier League,2023/24,Aston Villa,Tyrone Mings,ENG,DF,30.0,1993.0,0.3,0,1.0,0,0.0,3.0,0.0,0.0,,0,0,2023,shooting,Aston Villa
ENG-Premier League,2023/24,Aston Villa,Youri Tielemans,BEL,"MF,FW",26.0,1997.0,18.0,2,14.0,6,42.9,0.78,0.33,0.14,0.33,0,0,2023,shooting,Aston Villa
ENG-Premier League,2023/24,Aston Villa,Álex Moreno,ESP,DF,30.0,1993.0,11.5,2,8.0,4,50.0,0.7,0.35,0.25,0.5,0,0,2023,shooting,Aston Villa
ENG-Premier League,2023/24,Bournemouth,Adam Smith,ENG,DF,32.0,1991.0,23.9,0,2.0,0,0.0,0.08,0.0,0.0,,0,0,2023,shooting,AFC Bournemouth
ENG-Premier League,2023/24,Bournemouth,Alex Scott,ENG,MF,19.0,2003.0,11.3,1,15.0,4,26.7,1.33,0.36,0.07,0.25,0,0,2023,shooting,AFC Bournemouth
ENG-Premier League,2023/24,Bournemouth,Antoine Semenyo,GHA,MF,23.0,2000.0,23.4,8,70.0,31,44.3,2.99,1.33,0.11,0.26,0,0,2023,shooting,AFC Bournemouth
ENG-Premier League,2023/24,Bournemouth,Chris Mepham,WAL,DF,25.0,1997.0,6.9,0,1.0,1,100.0,0.15,0.15,0.0,0.0,0,0,2023,shooting,AFC Bournemouth
ENG-Premier League,2023/24,Bournemouth,Dango Ouattara,BFA,"DF,MF",21.0,2002.0,13.7,1,30.0,7,23.3,2.2,0.51,0.03,0.14,0,0,2023,shooting,AFC Bournemouth
ENG-Premier League,2023/24,Bournemouth,David Brooks,WAL,MF,26.0,1997.0,3.1,1,13.0,5,38.5,4.15,1.6,0.08,0.2,0,0,2023,shooting,AFC Bournemouth
ENG-Premier League,2023/24,Bournemouth,Dominic Sadi,ENG,MF,19.0,2003.0,0.0,0,0.0,0,,0.0,0.0,,,0,0,2023,shooting,AFC Bournemouth
ENG-Premier League,2023/24,Bournemouth,Dominic Solanke,ENG,FW,25.0,1997.0,36.9,19,109.0,38,34.9,2.95,1.03,0.17,0.5,2,3,2023,shooting,AFC Bournemouth
ENG-Premier League,2023/24,Bournemouth,Enes Ünal,TUR,FW,26.0,1997.0,3.6,2,23.0,11,47.8,6.31,3.02,0.09,0.18,0,0,2023,shooting,AFC Bournemouth
ENG-Premier League,2023/24,Bournemouth,Hamed Junior Traorè,CIV,MF,23.0,2000.0,0.5,0,3.0,2,66.7,5.74,3.83,0.0,0.0,0,0,2023,shooting,AFC Bournemouth
ENG-Premier League,2023/24,Bournemouth,Illia Zabarnyi,UKR,DF,20.0,2002.0,37.0,1,8.0,3,37.5,0.22,0.08,0.13,0.33,0,0,2023,shooting,AFC Bournemouth
ENG-Premier League,2023/24,Bournemouth,Ionuț Radu,ROU,GK,26.0,1997.0,2.0,0,0.0,0,,0.0,0.0,,,0,0,2023,shooting,AFC Bournemouth
ENG-Premier League,2023/24,Bournemouth,Jaidon Anthony,ENG,MF,23.0,1999.0,1.7,0,2.0,1,50.0,1.18,0.59,0.0,0.0,0,0,2023,shooting,AFC Bournemouth
ENG-Premier League,2023/24,Bournemouth,James Hill,ENG,DF,21.0,2002.0,0.8,0,0.0,0,,0.0,0.0,,,0,0,2023,shooting,AFC Bournemouth
ENG-Premier League,2023/24,Bournemouth,Joe Rothwell,ENG,MF,28.0,1995.0,4.3,0,2.0,0,0.0,0.47,0.0,0.0,,0,0,2023,shooting,AFC Bournemouth
ENG-Premier League,2023/24,Bournemouth,Justin Kluivert,NED,MF,24.0,1999.0,21.3,7,56.0,20,35.7,2.63,0.94,0.13,0.35,0,0,2023,shooting,AFC Bournemouth
ENG-Premier League,2023/24,Bournemouth,Kieffer Moore,WAL,"DF,FW",30.0,1992.0,1.2,1,6.0,2,33.3,5.0,1.67,0.17,0.5,0,0,2023,shooting,AFC Bournemouth
ENG-Premier League,2023/24,Bournemouth,Lewis Cook,ENG,MF,26.0,1997.0,31.0,0,12.0,4,33.3,0.39,0.13,0.0,0.0,0,0,2023,shooting,AFC Bournemouth
ENG-Premier League,2023/24,Bournemouth,Lloyd Kelly,ENG,DF,24.0,1998.0,17.3,0,4.0,1,25.0,0.23,0.06,0.0,0.0,0,0,2023,shooting,AFC Bournemouth
ENG-Premier League,2023/24,Bournemouth,Luis Sinisterra,COL,MF,24.0,1999.0,7.8,2,27.0,9,33.3,3.48,1.16,0.07,0.22,0,0,2023,shooting,AFC Bournemouth
ENG-Premier League,2023/24,Bournemouth,Marcos Senesi,ARG,DF,26.0,1997.0,24.9,4,13.0,4,30.8,0.52,0.16,0.31,1.0,0,0,2023,shooting,AFC Bournemouth
ENG-Premier League,2023/24,Bournemouth,Marcus Tavernier,ENG,MF,24.0,1999.0,23.5,3,53.0,16,30.2,2.25,0.68,0.06,0.19,0,0,2023,shooting,AFC Bournemouth
ENG-Premier League,2023/24,Bournemouth,Mark Travers,IRL,GK,24.0,1999.0,4.0,0,0.0,0,,0.0,0.0,,,0,0,2023,shooting,AFC Bournemouth
ENG-Premier League,2023/24,Bournemouth,Max Aarons,ENG,DF,23.0,2000.0,13.7,0,2.0,0,0.0,0.15,0.0,0.0,,0,0,2023,shooting,AFC Bournemouth
ENG-Premier League,2023/24,Bournemouth,Milos Kerkez,HUN,DF,19.0,2003.0,21.9,0,16.0,5,31.3,0.73,0.23,0.0,0.0,0,0,2023,shooting,AFC Bournemouth
ENG-Premier League,2023/24,Bournemouth,Neto,BRA,GK,34.0,1989.0,32.0,0,0.0,0,,0.0,0.0,,,0,0,2023,shooting,AFC Bournemouth
ENG-Premier League,2023/24,Bournemouth,Philip Billing,DEN,MF,27.0,1996.0,15.5,2,30.0,8,26.7,1.93,0.52,0.07,0.25,0,0,2023,shooting,AFC Bournemouth
ENG-Premier League,2023/24,Bournemouth,Romain Faivre,FRA,MF,25.0,1998.0,0.5,0,2.0,0,0.0,4.39,0.0,0.0,,0,0,2023,shooting,AFC Bournemouth
ENG-Premier League,2023/24,Bournemouth,Ryan Christie,SCO,MF,28.0,1995.0,32.3,0,43.0,13,30.2,1.33,0.4,0.0,0.0,0,0,2023,shooting,AFC Bournemouth
ENG-Premier League,2023/24,Bournemouth,Tyler Adams,USA,MF,24.0,1999.0,1.3,0,0.0,0,,0.0,0.0,,,0,0,2023,shooting,AFC Bournemouth
ENG-Premier League,2023/24,Brentford,Aaron Hickey,SCO,"DF,MF",21.0,2002.0,7.9,0,7.0,1,14.3,0.88,0.13,0.0,0.0,0,0,2023,shooting,Brentford
ENG-Premier League,2023/24,Brentford,Ben Mee,ENG,DF,33.0,1989.0,14.1,2,10.0,2,20.0,0.71,0.14,0.2,1.0,0,0,2023,shooting,Brentford
ENG-Premier League,2023/24,Brentford,Bryan Mbeumo,CMR,FW,23.0,1999.0,21.8,9,53.0,20,37.7,2.43,0.92,0.17,0.45,3,3,2023,shooting,Brentford
ENG-Premier League,2023/24,Brentford,Christian Nørgaard,DEN,MF,29.0,1994.0,27.8,2,35.0,7,20.0,1.26,0.25,0.06,0.29,0,0,2023,shooting,Brentford
ENG-Premier League,2023/24,Brentford,Ethan Pinnock,JAM,DF,30.0,1993.0,28.0,2,19.0,4,21.1,0.68,0.14,0.11,0.5,0,0,2023,shooting,Brentford
ENG-Premier League,2023/24,Brentford,Frank Onyeka,NGA,MF,25.0,1998.0,12.9,1,22.0,9,40.9,1.71,0.7,0.05,0.11,0,0,2023,shooting,Brentford
ENG-Premier League,2023/24,Brentford,Ivan Toney,ENG,FW,27.0,1996.0,16.1,4,51.0,22,43.1,3.17,1.37,0.08,0.18,0,0,2023,shooting,Brentford
ENG-Premier League,2023/24,Brentford,Josh Dasilva,ENG,MF,24.0,1998.0,0.3,0,0.0,0,,0.0,0.0,,,0,0,2023,shooting,Brentford
ENG-Premier League,2023/24,Brentford,Keane Lewis-Potter,ENG,"FW,MF",22.0,2001.0,16.0,3,43.0,22,51.2,2.69,1.37,0.07,0.14,0,0,2023,shooting,Brentford
ENG-Premier League,2023/24,Brentford,Kevin Schade,GER,FW,21.0,2001.0,3.7,2,8.0,4,50.0,2.16,1.08,0.25,0.5,0,0,2023,shooting,Brentford
ENG-Premier League,2023/24,Brentford,Kristoffer Ajer,NOR,DF,25.0,1998.0,20.4,2,12.0,4,33.3,0.59,0.2,0.17,0.5,0,0,2023,shooting,Brentford
ENG-Premier League,2023/24,Brentford,Mads Roerslev,DEN,"MF,DF",24.0,1999.0,22.1,1,7.0,1,14.3,0.32,0.05,0.14,1.0,0,0,2023,shooting,Brentford
ENG-Premier League,2023/24,Brentford,Mark Flekken,NED,GK,30.0,1993.0,36.5,0,0.0,0,,0.0,0.0,,,0,0,2023,shooting,Brentford
ENG-Premier League,2023/24,Brentford,Mathias Jensen,DEN,MF,27.0,1996.0,24.5,3,14.0,7,50.0,0.57,0.29,0.21,0.43,0,0,2023,shooting,Brentford
ENG-Premier League,2023/24,Brentford,Mathias Jørgensen,DEN,DF,33.0,1990.0,12.1,1,8.0,2,25.0,0.66,0.17,0.13,0.5,0,0,2023,shooting,Brentford
ENG-Premier League,2023/24,Brentford,Michael Olakigbe,ENG,MF,19.0,2004.0,0.7,0,3.0,1,33.3,4.58,1.53,0.0,0.0,0,0,2023,shooting,Brentford
ENG-Premier League,2023/24,Brentford,Mikkel Damsgaard,DEN,MF,23.0,2000.0,9.4,0,9.0,4,44.4,0.96,0.43,0.0,0.0,0,0,2023,shooting,Brentford
ENG-Premier League,2023/24,Brentford,Myles Peart-Harris,ENG,MF,20.0,2002.0,0.1,0,0.0,0,,0.0,0.0,,,0,0,2023,shooting,Brentford
ENG-Premier League,2023/24,Brentford,Nathan Collins,IRL,DF,22.0,2001.0,29.5,1,10.0,2,20.0,0.34,0.07,0.1,0.5,0,0,2023,shooting,Brentford
ENG-Premier League,2023/24,Brentford,Neal Maupay,FRA,FW,26.0,1996.0,14.7,6,37.0,16,43.2,2.52,1.09,0.16,0.38,0,0,2023,shooting,Brentford
ENG-Premier League,2023/24,Brentford,Rico Henry,JAM,DF,26.0,1997.0,4.5,0,2.0,0,0.0,0.45,0.0,0.0,,0,0,2023,shooting,Brentford
ENG-Premier League,2023/24,Brentford,Saman Ghoddos,IRN,"DF,MF",29.0,1993.0,8.2,1,9.0,2,22.2,1.1,0.24,0.11,0.5,0,0,2023,shooting,Brentford
ENG-Premier League,2023/24,Brentford,Sergio Reguilón,ESP,"MF,DF",26.0,1996.0,12.4,0,13.0,2,15.4,1.05,0.16,0.0,0.0,0,0,2023,shooting,Brentford
ENG-Premier League,2023/24,Brentford,Shandon Baptiste,GRN,MF,25.0,1998.0,2.5,1,2.0,2,100.0,0.79,0.79,0.5,0.5,0,0,2023,shooting,Brentford
ENG-Premier League,2023/24,Brentford,Thomas Strakosha,ALB,GK,28.0,1995.0,1.5,0,0.0,0,,0.0,0.0,,,0,0,2023,shooting,Brentford
ENG-Premier League,2023/24,Brentford,Vitaly Janelt,GER,"MF,DF",25.0,1998.0,33.9,1,21.0,7,33.3,0.62,0.21,0.05,0.14,0,0,2023,shooting,Brentford
ENG-Premier League,2023/24,Brentford,Yehor Yarmoliuk,UKR,MF,19.0,2004.0,7.6,0,11.0,5,45.5,1.44,0.65,0.0,0.0,0,0,2023,shooting,Brentford
ENG-Premier League,2023/24,Brentford,Yoane Wissa,COD,FW,26.0,1996.0,27.7,12,67.0,26,38.8,2.42,0.94,0.18,0.46,0,0,2023,shooting,Brentford
ENG-Premier League,2023/24,Brighton,Adam Lallana,ENG,MF,35.0,1988.0,9.4,0,11.0,2,18.2,1.16,0.21,0.0,0.0,0,0,2023,shooting,Brighton & Hove Albion
ENG-Premier League,2023/24,Brighton,Adam Webster,ENG,DF,28.0,1995.0,12.7,0,8.0,1,12.5,0.63,0.08,0.0,0.0,0,0,2023,shooting,Brighton & Hove Albion
ENG-Premier League,2023/24,Brighton,Ansu Fati,ESP,"MF,FW",20.0,2002.0,5.8,2,26.0,11,42.3,4.49,1.9,0.08,0.18,0,0,2023,shooting,Brighton & Hove Albion
ENG-Premier League,2023/24,Brighton,Bart Verbruggen,NED,GK,20.0,2002.0,21.0,0,0.0,0,,0.0,0.0,,,0,0,2023,shooting,Brighton & Hove Albion
ENG-Premier League,2023/24,Brighton,Benicio Boaitey,ENG,FW,19.0,2004.0,0.4,0,1.0,0,0.0,2.25,0.0,0.0,,0,0,2023,shooting,Brighton & Hove Albion
ENG-Premier League,2023/24,Brighton,Billy Gilmour,SCO,MF,22.0,2001.0,23.6,0,25.0,5,20.0,1.06,0.21,0.0,0.0,0,0,2023,shooting,Brighton & Hove Albion
ENG-Premier League,2023/24,Brighton,Carlos Baleba,CMR,MF,19.0,2004.0,14.7,0,21.0,5,23.8,1.43,0.34,0.0,0.0,0,0,2023,shooting,Brighton & Hove Albion
ENG-Premier League,2023/24,Brighton,Danny Welbeck,ENG,"FW,MF",32.0,1990.0,18.8,5,41.0,16,39.0,2.18,0.85,0.12,0.31,0,0,2023,shooting,Brighton & Hove Albion
ENG-Premier League,2023/24,Brighton,Evan Ferguson,IRL,FW,18.0,2004.0,15.2,6,33.0,20,60.6,2.17,1.32,0.18,0.3,0,0,2023,shooting,Brighton & Hove Albion
ENG-Premier League,2023/24,Brighton,Facundo Buonanotte,ARG,"MF,FW",18.0,2004.0,15.2,3,21.0,9,42.9,1.39,0.59,0.14,0.33,0,0,2023,shooting,Brighton & Hove Albion
ENG-Premier League,2023/24,Brighton,Igor,BRA,DF,25.0,1998.0,18.2,0,5.0,0,0.0,0.27,0.0,0.0,,0,0,2023,shooting,Brighton & Hove Albion
ENG-Premier League,2023/24,Brighton,Jack Hinshelwood,ENG,"DF,MF",18.0,2005.0,9.7,3,14.0,8,57.1,1.45,0.83,0.21,0.38,0,0,2023,shooting,Brighton & Hove Albion
ENG-Premier League,2023/24,Brighton,Jakub Moder,POL,"MF,DF",24.0,1999.0,6.9,0,11.0,3,27.3,1.6,0.44,0.0,0.0,0,0,2023,shooting,Brighton & Hove Albion
ENG-Premier League,2023/24,Brighton,James Milner,ENG,"DF,MF",37.0,1986.0,8.6,0,5.0,1,20.0,0.58,0.12,0.0,0.0,0,0,2023,shooting,Brighton & Hove Albion
ENG-Premier League,2023/24,Brighton,Jan Paul van Hecke,NED,DF,23.0,2000.0,26.3,0,15.0,6,40.0,0.57,0.23,0.0,0.0,0,0,2023,shooting,Brighton & Hove Albion
ENG-Premier League,2023/24,Brighton,Jason Steele,ENG,GK,32.0,1990.0,17.0,0,0.0,0,,0.0,0.0,,,0,0,2023,shooting,Brighton & Hove Albion
ENG-Premier League,2023/24,Brighton,João Pedro,BRA,"MF,FW",21.0,2001.0,22.7,9,75.0,26,34.7,3.3,1.14,0.12,0.35,4,5,2023,shooting,Brighton & Hove Albion
ENG-Premier League,2023/24,Brighton,Joël Veltman,NED,DF,31.0,1992.0,17.6,1,6.0,3,50.0,0.34,0.17,0.17,0.33,0,0,2023,shooting,Brighton & Hove Albion
ENG-Premier League,2023/24,Brighton,Julio Enciso,PAR,MF,19.0,2004.0,5.3,0,28.0,8,28.6,5.31,1.52,0.0,0.0,0,0,2023,shooting,Brighton & Hove Albion
ENG-Premier League,2023/24,Brighton,Kaoru Mitoma,JPN,"MF,FW",26.0,1997.0,16.5,3,34.0,15,44.1,2.06,0.91,0.09,0.2,0,0,2023,shooting,Brighton & Hove Albion
ENG-Premier League,2023/24,Brighton,Lewis Dunk,ENG,DF,31.0,1991.0,31.9,3,33.0,12,36.4,1.04,0.38,0.09,0.25,0,0,2023,shooting,Brighton & Hove Albion
ENG-Premier League,2023/24,Brighton,Mahmoud Dahoud,GER,MF,27.0,1996.0,5.0,0,6.0,1,16.7,1.19,0.2,0.0,0.0,0,0,2023,shooting,Brighton & Hove Albion
ENG-Premier League,2023/24,Brighton,Mark O'Mahony,IRL,FW,18.0,2005.0,0.7,0,1.0,0,0.0,1.43,0.0,0.0,,0,0,2023,shooting,Brighton & Hove Albion
ENG-Premier League,2023/24,Brighton,Odeluga Offiah,ENG,DF,20.0,2002.0,1.4,0,0.0,0,,0.0,0.0,,,0,0,2023,shooting,Brighton & Hove Albion
ENG-Premier League,2023/24,Brighton,Pascal Groß,GER,"MF,DF",32.0,1991.0,34.6,4,55.0,20,36.4,1.59,0.58,0.07,0.2,1,1,2023,shooting,Brighton & Hove Albion
ENG-Premier League,2023/24,Brighton,Pervis Estupiñán,ECU,"DF,MF",25.0,1998.0,13.8,2,11.0,6,54.5,0.8,0.43,0.18,0.33,0,0,2023,shooting,Brighton & Hove Albion
ENG-Premier League,2023/24,Brighton,Simon Adingra,CIV,MF,21.0,2002.0,24.7,6,52.0,22,42.3,2.11,0.89,0.12,0.27,0,0,2023,shooting,Brighton & Hove Albion
ENG-Premier League,2023/24,Brighton,Solly March,ENG,"MF,DF",29.0,1994.0,6.2,3,14.0,6,42.9,2.27,0.97,0.21,0.5,0,0,2023,shooting,Brighton & Hove Albion
ENG-Premier League,2023/24,Brighton,Tariq Lamptey,GHA,"DF,MF",22.0,2000.0,10.2,0,6.0,0,0.0,0.59,0.0,0.0,,0,0,2023,shooting,Brighton & Hove Albion
ENG-Premier League,2023/24,Brighton,Valentín Barco,ARG,DF,19.0,2004.0,3.4,0,4.0,2,50.0,1.17,0.59,0.0,0.0,0,0,2023,shooting,Brighton & Hove Albion
ENG-Premier League,2023/24,Burnley,Aaron Ramsey,ENG,MF,20.0,2003.0,5.9,0,6.0,2,33.3,1.02,0.34,0.0,0.0,0,0,2023,shooting,Burnley
ENG-Premier League,2023/24,Burnley,Ameen Al-Dakhil,BEL,DF,21.0,2002.0,11.7,1,8.0,3,37.5,0.68,0.26,0.13,0.33,0,0,2023,shooting,Burnley
ENG-Premier League,2023/24,Burnley,Anass Zaroury,MAR,FW,22.0,2000.0,1.7,0,3.0,1,33.3,1.78,0.59,0.0,0.0,0,0,2023,shooting,Burnley
ENG-Premier League,2023/24,Burnley,Arijanet Muric,KVX,GK,24.0,1998.0,10.0,0,0.0,0,,0.0,0.0,,,0,0,2023,shooting,Burnley
ENG-Premier League,2023/24,Burnley,Benson Manuel,ANG,MF,26.0,1997.0,1.3,0,4.0,2,50.0,3.1,1.55,0.0,0.0,0,0,2023,shooting,Burnley
ENG-Premier League,2023/24,Burnley,Charlie Taylor,ENG,DF,29.0,1993.0,25.9,1,10.0,1,10.0,0.39,0.04,0.1,1.0,0,0,2023,shooting,Burnley
ENG-Premier League,2023/24,Burnley,Connor Roberts,WAL,DF,27.0,1995.0,9.1,0,0.0,0,,0.0,0.0,,,0,0,2023,shooting,Burnley
ENG-Premier League,2023/24,Burnley,Dara O'Shea,IRL,DF,24.0,1999.0,32.1,3,19.0,5,26.3,0.59,0.16,0.16,0.6,0,0,2023,shooting,Burnley
ENG-Premier League,2023/24,Burnley,David Datro Fofana,CIV,FW,20.0,2002.0,9.8,4,19.0,10,52.6,1.95,1.02,0.21,0.4,0,0,2023,shooting,Burnley
ENG-Premier League,2023/24,Burnley,Han-Noah Massengo,FRA,MF,22.0,2001.0,0.2,0,0.0,0,,0.0,0.0,,,0,0,2023,shooting,Burnley
ENG-Premier League,2023/24,Burnley,Hannes Delcroix,HAI,DF,24.0,1999.0,6.5,0,4.0,2,50.0,0.61,0.31,0.0,0.0,0,0,2023,shooting,Burnley
ENG-Premier League,2023/24,Burnley,Hjalmar Ekdal,SWE,DF,24.0,1998.0,4.9,0,2.0,1,50.0,0.41,0.21,0.0,0.0,0,0,2023,shooting,Burnley
ENG-Premier League,2023/24,Burnley,Jack Cork,ENG,"DF,MF",34.0,1989.0,0.3,0,0.0,0,,0.0,0.0,,,0,0,2023,shooting,Burnley
ENG-Premier League,2023/24,Burnley,Jacob Bruun Larsen,DEN,MF,24.0,1998.0,13.9,6,44.0,16,36.4,3.17,1.15,0.14,0.38,1,1,2023,shooting,Burnley
ENG-Premier League,2023/24,Burnley,James Trafford,ENG,GK,20.0,2002.0,28.0,0,0.0,0,,0.0,0.0,,,0,0,2023,shooting,Burnley
ENG-Premier League,2023/24,Burnley,Jay Rodriguez,ENG,FW,34.0,1989.0,9.1,2,22.0,8,36.4,2.41,0.88,0.09,0.25,1,1,2023,shooting,Burnley
ENG-Premier League,2023/24,Burnley,Jordan Beyer,GER,DF,23.0,2000.0,13.7,0,5.0,0,0.0,0.36,0.0,0.0,,0,0,2023,shooting,Burnley
ENG-Premier League,2023/24,Burnley,Josh Brownhill,ENG,MF,27.0,1995.0,25.0,4,28.0,11,39.3,1.12,0.44,0.14,0.36,0,0,2023,shooting,Burnley
ENG-Premier League,2023/24,Burnley,Josh Cullen,IRL,MF,27.0,1996.0,22.9,2,16.0,5,31.3,0.7,0.22,0.13,0.4,0,0,2023,shooting,Burnley
ENG-Premier League,2023/24,Burnley,Jóhann Berg Guðmundsson,ISL,MF,32.0,1990.0,13.2,1,15.0,6,40.0,1.13,0.45,0.07,0.17,0,0,2023,shooting,Burnley
ENG-Premier League,2023/24,Burnley,Lorenz Assignon,TOG,DF,23.0,2000.0,13.7,1,9.0,4,44.4,0.66,0.29,0.11,0.25,0,0,2023,shooting,Burnley
ENG-Premier League,2023/24,Burnley,Luca Koleosho,ITA,"MF,FW",18.0,2004.0,10.8,1,23.0,5,21.7,2.13,0.46,0.04,0.2,0,0,2023,shooting,Burnley
ENG-Premier League,2023/24,Burnley,Lyle Foster,RSA,"FW,MF",22.0,2000.0,21.1,5,34.0,17,50.0,1.61,0.81,0.15,0.29,0,0,2023,shooting,Burnley
ENG-Premier League,2023/24,Burnley,Maxime Estève,FRA,DF,21.0,2002.0,14.5,0,7.0,0,0.0,0.48,0.0,0.0,,0,0,2023,shooting,Burnley
ENG-Premier League,2023/24,Burnley,Michael Obafemi,IRL,FW,23.0,2000.0,0.2,0,2.0,0,0.0,9.0,0.0,0.0,,0,0,2023,shooting,Burnley
ENG-Premier League,2023/24,Burnley,Mike Trésor,BEL,"MF,FW",24.0,1999.0,4.7,0,5.0,0,0.0,1.07,0.0,0.0,,0,0,2023,shooting,Burnley
ENG-Premier League,2023/24,Burnley,Nathan Redmond,ENG,"FW,MF",29.0,1994.0,1.6,0,0.0,0,,0.0,0.0,,,0,0,2023,shooting,Burnley
ENG-Premier League,2023/24,Burnley,Sander Berge,NOR,MF,25.0,1998.0,33.4,1,25.0,3,12.0,0.75,0.09,0.04,0.33,0,0,2023,shooting,Burnley
ENG-Premier League,2023/24,Burnley,Vitinho,BRA,"DF,MF",24.0,1999.0,25.7,0,25.0,4,16.0,0.97,0.16,0.0,0.0,0,0,2023,shooting,Burnley
ENG-Premier League,2023/24,Burnley,Wilson Odobert,FRA,"MF,FW",18.0,2004.0,23.3,3,49.0,14,28.6,2.1,0.6,0.06,0.21,0,0,2023,shooting,Burnley
ENG-Premier League,2023/24,Burnley,Zeki Amdouni,SUI,FW,22.0,2000.0,21.7,5,49.0,22,44.9,2.26,1.01,0.1,0.23,1,1,2023,shooting,Burnley
ENG-Premier League,2023/24,Chelsea,Alex Matos,ENG,MF,18.0,2004.0,0.0,0,0.0,0,,0.0,0.0,,,0,0,2023,shooting,Chelsea
ENG-Premier League,2023/24,Chelsea,Alfie Gilchrist,ENG,DF,19.0,2003.0,2.3,1,5.0,1,20.0,2.17,0.43,0.2,1.0,0,0,2023,shooting,Chelsea
ENG-Premier League,2023/24,Chelsea,Armando Broja,ALB,FW,21.0,2001.0,5.0,1,13.0,2,15.4,2.58,0.4,0.08,0.5,0,0,2023,shooting,Chelsea
ENG-Premier League,2023/24,Chelsea,Axel Disasi,FRA,DF,25.0,1998.0,28.7,2,16.0,4,25.0,0.56,0.14,0.13,0.5,0,0,2023,shooting,Chelsea
ENG-Premier League,2023/24,Chelsea,Ben Chilwell,ENG,"MF,DF",26.0,1996.0,8.4,0,12.0,4,33.3,1.43,0.48,0.0,0.0,0,0,2023,shooting,Chelsea
ENG-Premier League,2023/24,Chelsea,Benoît Badiashile,FRA,DF,22.0,2001.0,14.9,0,6.0,1,16.7,0.4,0.07,0.0,0.0,0,0,2023,shooting,Chelsea
ENG-Premier League,2023/24,Chelsea,Carney Chukwuemeka,AUT,MF,19.0,2003.0,2.5,1,3.0,2,66.7,1.19,0.79,0.33,0.5,0,0,2023,shooting,Chelsea
ENG-Premier League,2023/24,Chelsea,Cesare Casadei,ITA,MF,20.0,2003.0,0.9,0,0.0,0,,0.0,0.0,,,0,0,2023,shooting,Chelsea
ENG-Premier League,2023/24,Chelsea,Christopher Nkunku,FRA,"MF,FW",25.0,1997.0,4.9,3,16.0,9,56.3,3.25,1.83,0.19,0.33,0,0,2023,shooting,Chelsea
ENG-Premier League,2023/24,Chelsea,Cole Palmer,ENG,"MF,FW",21.0,2002.0,29.0,22,108.0,46,42.6,3.73,1.59,0.2,0.48,9,9,2023,shooting,Chelsea
ENG-Premier League,2023/24,Chelsea,Conor Gallagher,ENG,MF,23.0,2000.0,34.8,5,48.0,18,37.5,1.38,0.52,0.1,0.28,0,0,2023,shooting,Chelsea
ENG-Premier League,2023/24,Chelsea,Deivid Washington,BRA,FW,18.0,2005.0,0.1,0,1.0,0,0.0,6.92,0.0,0.0,,0,0,2023,shooting,Chelsea
ENG-Premier League,2023/24,Chelsea,Enzo Fernández,ARG,MF,22.0,2001.0,24.5,3,47.0,16,34.0,1.91,0.65,0.06,0.19,1,2,2023,shooting,Chelsea
ENG-Premier League,2023/24,Chelsea,Ian Maatsen,NED,MF,21.0,2002.0,2.3,0,5.0,1,20.0,2.15,0.43,0.0,0.0,0,0,2023,shooting,Chelsea
ENG-Premier League,2023/24,Chelsea,Jimi Tauriainen,ENG,FW,19.0,2004.0,0.0,0,0.0,0,,0.0,0.0,,,0,0,2023,shooting,Chelsea
ENG-Premier League,2023/24,Chelsea,Joshua Acheampong,ENG,DF,17.0,2006.0,0.1,0,0.0,0,,0.0,0.0,,,0,0,2023,shooting,Chelsea
ENG-Premier League,2023/24,Chelsea,Lesley Ugochukwu,FRA,MF,19.0,2004.0,3.3,0,0.0,0,,0.0,0.0,,,0,0,2023,shooting,Chelsea
ENG-Premier League,2023/24,Chelsea,Levi Colwill,ENG,DF,20.0,2003.0,20.0,1,11.0,3,27.3,0.55,0.15,0.09,0.33,0,0,2023,shooting,Chelsea
ENG-Premier League,2023/24,Chelsea,Malo Gusto,FRA,"DF,MF",20.0,2003.0,19.5,0,15.0,5,33.3,0.77,0.26,0.0,0.0,0,0,2023,shooting,Chelsea
ENG-Premier League,2023/24,Chelsea,Marc Cucurella,ESP,DF,25.0,1998.0,19.8,0,8.0,4,50.0,0.4,0.2,0.0,0.0,0,0,2023,shooting,Chelsea
ENG-Premier League,2023/24,Chelsea,Mason Burstow,ENG,FW,19.0,2003.0,0.1,0,0.0,0,,0.0,0.0,,,0,0,2023,shooting,Chelsea
ENG-Premier League,2023/24,Chelsea,Moisés Caicedo,ECU,MF,21.0,2001.0,31.8,1,13.0,4,30.8,0.41,0.13,0.08,0.25,0,0,2023,shooting,Chelsea
ENG-Premier League,2023/24,Chelsea,Mykhailo Mudryk,UKR,MF,22.0,2001.0,17.5,5,35.0,12,34.3,2.0,0.69,0.14,0.42,0,0,2023,shooting,Chelsea
ENG-Premier League,2023/24,Chelsea,Nicolas Jackson,SEN,FW,22.0,2001.0,31.1,14,80.0,41,51.3,2.57,1.32,0.18,0.34,0,0,2023,shooting,Chelsea
ENG-Premier League,2023/24,Chelsea,Noni Madueke,ENG,MF,21.0,2002.0,11.7,5,32.0,13,40.6,2.74,1.11,0.16,0.38,1,1,2023,shooting,Chelsea
ENG-Premier League,2023/24,Chelsea,Raheem Sterling,ENG,MF,28.0,1994.0,22.0,8,51.0,22,43.1,2.32,1.0,0.16,0.36,0,0,2023,shooting,Chelsea
ENG-Premier League,2023/24,Chelsea,Reece James,ENG,"DF,MF",23.0,1999.0,4.7,0,7.0,1,14.3,1.5,0.21,0.0,0.0,0,0,2023,shooting,Chelsea
ENG-Premier League,2023/24,Chelsea,Robert Sánchez,ESP,GK,25.0,1997.0,15.9,0,0.0,0,,0.0,0.0,,,0,0,2023,shooting,Chelsea
ENG-Premier League,2023/24,Chelsea,Roméo Lavia,BEL,MF,19.0,2004.0,0.4,0,0.0,0,,0.0,0.0,,,0,0,2023,shooting,Chelsea
ENG-Premier League,2023/24,Chelsea,Thiago Silva,BRA,DF,38.0,1984.0,28.1,3,14.0,4,28.6,0.5,0.14,0.21,0.75,0,0,2023,shooting,Chelsea
ENG-Premier League,2023/24,Chelsea,Trevoh Chalobah,ENG,DF,24.0,1999.0,10.6,1,2.0,2,100.0,0.19,0.19,0.5,0.5,0,0,2023,shooting,Chelsea
ENG-Premier League,2023/24,Chelsea,Đorđe Petrović,SRB,GK,23.0,1999.0,22.1,0,0.0,0,,0.0,0.0,,,0,0,2023,shooting,Chelsea
ENG-Premier League,2023/24,Crystal Palace,Adam Wharton,ENG,MF,19.0,2004.0,14.4,0,10.0,1,10.0,0.69,0.07,0.0,0.0,0,0,2023,shooting,Crystal Palace
ENG-Premier League,2023/24,Crystal Palace,Cheick Doucouré,MLI,MF,23.0,2000.0,10.2,0,6.0,2,33.3,0.59,0.2,0.0,0.0,0,0,2023,shooting,Crystal Palace
ENG-Premier League,2023/24,Crystal Palace,Chris Richards,USA,"DF,MF",23.0,2000.0,23.3,1,11.0,3,27.3,0.47,0.13,0.09,0.33,0,0,2023,shooting,Crystal Palace
ENG-Premier League,2023/24,Crystal Palace,Daniel Muñoz,COL,"MF,DF",27.0,1996.0,16.0,0,8.0,0,0.0,0.5,0.0,0.0,,0,0,2023,shooting,Crystal Palace
ENG-Premier League,2023/24,Crystal Palace,David Ozoh,ENG,MF,18.0,2005.0,1.7,0,0.0,0,,0.0,0.0,,,0,0,2023,shooting,Crystal Palace
ENG-Premier League,2023/24,Crystal Palace,Dean Henderson,ENG,GK,26.0,1997.0,18.0,0,0.0,0,,0.0,0.0,,,0,0,2023,shooting,Crystal Palace
ENG-Premier League,2023/24,Crystal Palace,Eberechi Eze,ENG,"MF,FW",25.0,1998.0,22.8,11,83.0,34,41.0,3.64,1.49,0.13,0.32,1,1,2023,shooting,Crystal Palace
ENG-Premier League,2023/24,Crystal Palace,James Tomkins,ENG,"DF,MF",34.0,1989.0,0.1,0,0.0,0,,0.0,0.0,,,0,0,2023,shooting,Crystal Palace
ENG-Premier League,2023/24,Crystal Palace,Jaïro Riedewald,NED,MF,26.0,1996.0,2.6,0,1.0,0,0.0,0.38,0.0,0.0,,0,0,2023,shooting,Crystal Palace
ENG-Premier League,2023/24,Crystal Palace,Jean-Philippe Mateta,FRA,FW,26.0,1997.0,25.4,16,46.0,29,63.0,1.81,1.14,0.35,0.55,2,2,2023,shooting,Crystal Palace
ENG-Premier League,2023/24,Crystal Palace,Jefferson Lerma,COL,"MF,DF",28.0,1994.0,26.7,1,34.0,9,26.5,1.27,0.34,0.03,0.11,0,0,2023,shooting,Crystal Palace
ENG-Premier League,2023/24,Crystal Palace,Jeffrey Schlupp,GHA,"MF,FW",30.0,1992.0,15.0,2,19.0,11,57.9,1.26,0.73,0.11,0.18,0,0,2023,shooting,Crystal Palace
ENG-Premier League,2023/24,Crystal Palace,Jesurun Rak Sakyi,GHA,"FW,MF",20.0,2002.0,1.5,0,5.0,1,20.0,3.31,0.66,0.0,0.0,0,0,2023,shooting,Crystal Palace
ENG-Premier League,2023/24,Crystal Palace,Joachim Andersen,DEN,DF,27.0,1996.0,37.9,2,21.0,8,38.1,0.55,0.21,0.1,0.25,0,0,2023,shooting,Crystal Palace
ENG-Premier League,2023/24,Crystal Palace,Joel Ward,ENG,DF,33.0,1989.0,22.0,0,10.0,0,0.0,0.45,0.0,0.0,,0,0,2023,shooting,Crystal Palace
ENG-Premier League,2023/24,Crystal Palace,Jordan Ayew,GHA,"MF,FW",31.0,1991.0,28.3,4,48.0,20,41.7,1.7,0.71,0.08,0.2,0,0,2023,shooting,Crystal Palace
ENG-Premier League,2023/24,Crystal Palace,Marc Guéhi,ENG,DF,23.0,2000.0,22.5,0,5.0,0,0.0,0.22,0.0,0.0,,0,0,2023,shooting,Crystal Palace
ENG-Premier League,2023/24,Crystal Palace,Matheus França,BRA,MF,19.0,2004.0,2.6,0,8.0,2,25.0,3.1,0.78,0.0,0.0,0,0,2023,shooting,Crystal Palace
ENG-Premier League,2023/24,Crystal Palace,Michael Olise,FRA,"MF,FW",21.0,2001.0,14.2,10,57.0,21,36.8,4.02,1.48,0.18,0.48,1,1,2023,shooting,Crystal Palace
ENG-Premier League,2023/24,Crystal Palace,Naouirou Ahamada,FRA,MF,21.0,2002.0,3.9,0,9.0,2,22.2,2.32,0.52,0.0,0.0,0,0,2023,shooting,Crystal Palace
ENG-Premier League,2023/24,Crystal Palace,Nathaniel Clyne,ENG,DF,32.0,1991.0,14.9,0,4.0,0,0.0,0.27,0.0,0.0,,0,0,2023,shooting,Crystal Palace
ENG-Premier League,2023/24,Crystal Palace,Odsonne Édouard,FRA,"FW,MF",25.0,1998.0,17.3,7,51.0,19,37.3,2.95,1.1,0.14,0.37,0,0,2023,shooting,Crystal Palace
ENG-Premier League,2023/24,Crystal Palace,Remi Matthews,ENG,GK,29.0,1994.0,0.0,0,0.0,0,,0.0,0.0,,,0,0,2023,shooting,Crystal Palace
ENG-Premier League,2023/24,Crystal Palace,Sam Johnstone,ENG,GK,30.0,1993.0,20.0,0,0.0,0,,0.0,0.0,,,0,0,2023,shooting,Crystal Palace
ENG-Premier League,2023/24,Crystal Palace,Tyrick Mitchell,ENG,"DF,MF",23.0,1999.0,35.6,2,12.0,4,33.3,0.34,0.11,0.17,0.5,0,0,2023,shooting,Crystal Palace
ENG-Premier League,2023/24,Crystal Palace,Will Hughes,ENG,MF,28.0,1995.0,21.0,0,8.0,3,37.5,0.38,0.14,0.0,0.0,0,0,2023,shooting,Crystal Palace
ENG-Premier League,2023/24,Everton,Abdoulaye Doucouré,MLI,MF,30.0,1993.0,29.2,7,47.0,23,48.9,1.61,0.79,0.15,0.3,0,0,2023,shooting,Everton
ENG-Premier League,2023/24,Everton,Alex Iwobi,NGA,MF,27.0,1996.0,1.6,0,4.0,2,50.0,2.57,1.29,0.0,0.0,0,0,2023,shooting,Everton
ENG-Premier League,2023/24,Everton,Amadou Onana,BEL,MF,21.0,2001.0,23.2,2,29.0,6,20.7,1.25,0.26,0.07,0.33,0,0,2023,shooting,Everton
ENG-Premier League,2023/24,Everton,André Gomes,POR,MF,30.0,1993.0,5.6,1,8.0,4,50.0,1.42,0.71,0.13,0.25,0,0,2023,shooting,Everton
ENG-Premier League,2023/24,Everton,Arnaut Danjuma,NED,"MF,FW",26.0,1997.0,6.6,1,25.0,9,36.0,3.78,1.36,0.04,0.11,0,0,2023,shooting,Everton
ENG-Premier League,2023/24,Everton,Ashley Young,ENG,"DF,MF",38.0,1985.0,25.3,0,13.0,2,15.4,0.51,0.08,0.0,0.0,0,0,2023,shooting,Everton
ENG-Premier League,2023/24,Everton,Ben Godfrey,ENG,DF,25.0,1998.0,12.4,0,15.0,4,26.7,1.21,0.32,0.0,0.0,0,0,2023,shooting,Everton
ENG-Premier League,2023/24,Everton,Beto,GNB,FW,25.0,1998.0,10.6,3,43.0,13,30.2,4.07,1.23,0.07,0.23,0,1,2023,shooting,Everton
ENG-Premier League,2023/24,Everton,Dominic Calvert-Lewin,ENG,FW,26.0,1997.0,24.1,7,73.0,31,42.5,3.03,1.29,0.1,0.23,2,2,2023,shooting,Everton
ENG-Premier League,2023/24,Everton,Dwight McNeil,ENG,MF,23.0,1999.0,32.1,3,57.0,15,26.3,1.77,0.47,0.05,0.2,0,0,2023,shooting,Everton
ENG-Premier League,2023/24,Everton,Idrissa Gueye,SEN,MF,33.0,1989.0,20.9,4,26.0,7,26.9,1.24,0.33,0.15,0.57,0,0,2023,shooting,Everton
ENG-Premier League,2023/24,Everton,Jack Harrison,ENG,MF,26.0,1996.0,24.6,3,34.0,9,26.5,1.38,0.37,0.09,0.33,0,0,2023,shooting,Everton
ENG-Premier League,2023/24,Everton,James Garner,ENG,MF,22.0,2001.0,33.4,1,41.0,11,26.8,1.23,0.33,0.02,0.09,0,0,2023,shooting,Everton
ENG-Premier League,2023/24,Everton,James Tarkowski,ENG,DF,30.0,1992.0,38.0,1,25.0,5,20.0,0.66,0.13,0.04,0.2,0,0,2023,shooting,Everton
ENG-Premier League,2023/24,Everton,Jarrad Branthwaite,ENG,DF,21.0,2002.0,34.6,3,14.0,4,28.6,0.4,0.12,0.21,0.75,0,0,2023,shooting,Everton
ENG-Premier League,2023/24,Everton,Jordan Pickford,ENG,GK,29.0,1994.0,38.0,0,0.0,0,,0.0,0.0,,,0,0,2023,shooting,Everton
ENG-Premier League,2023/24,Everton,Lewis Dobbin,ENG,MF,20.0,2003.0,2.6,1,5.0,2,40.0,1.94,0.78,0.2,0.5,0,0,2023,shooting,Everton
ENG-Premier League,2023/24,Everton,Lewis Warrington,ENG,MF,20.0,2002.0,0.0,0,0.0,0,,0.0,0.0,,,0,0,2023,shooting,Everton
ENG-Premier League,2023/24,Everton,Michael Keane,ENG,DF,30.0,1993.0,4.9,1,6.0,4,66.7,1.23,0.82,0.17,0.25,0,0,2023,shooting,Everton
ENG-Premier League,2023/24,Everton,Nathan Patterson,SCO,DF,21.0,2001.0,11.2,0,4.0,0,0.0,0.36,0.0,0.0,,0,0,2023,shooting,Everton
ENG-Premier League,2023/24,Everton,Neal Maupay,FRA,FW,26.0,1996.0,1.2,0,5.0,4,80.0,4.05,3.24,0.0,0.0,0,0,2023,shooting,Everton
ENG-Premier League,2023/24,Everton,Séamus Coleman,IRL,DF,34.0,1988.0,7.4,0,0.0,0,,0.0,0.0,,,0,0,2023,shooting,Everton
ENG-Premier League,2023/24,Everton,Tom Cannon,IRL,FW,20.0,2002.0,0.0,0,0.0,0,,0.0,0.0,,,0,0,2023,shooting,Everton
ENG-Premier League,2023/24,Everton,Tyler Onyango,ENG,MF,20.0,2003.0,0.0,0,0.0,0,,0.0,0.0,,,0,0,2023,shooting,Everton
ENG-Premier League,2023/24,Everton,Vitaliy Mykolenko,UKR,DF,24.0,1999.0,27.4,2,26.0,5,19.2,0.95,0.18,0.08,0.4,0,0,2023,shooting,Everton
ENG-Premier League,2023/24,Everton,Youssef Chermiti,POR,FW,19.0,2004.0,2.3,0,7.0,2,28.6,3.03,0.87,0.0,0.0,0,0,2023,shooting,Everton
ENG-Premier League,2023/24,Fulham,Adama Traoré,ESP,MF,27.0,1996.0,4.2,2,11.0,7,63.6,2.63,1.67,0.18,0.29,0,0,2023,shooting,Fulham
ENG-Premier League,2023/24,Fulham,Aleksandar Mitrović,SRB,FW,28.0,1994.0,0.4,0,2.0,1,50.0,5.45,2.73,0.0,0.0,0,0,2023,shooting,Fulham
ENG-Premier League,2023/24,Fulham,Alex Iwobi,NGA,MF,27.0,1996.0,24.4,5,51.0,18,35.3,2.09,0.74,0.1,0.28,0,0,2023,shooting,Fulham
ENG-Premier League,2023/24,Fulham,Andreas Pereira,BRA,MF,27.0,1996.0,29.0,3,52.0,16,30.8,1.79,0.55,0.06,0.19,0,0,2023,shooting,Fulham
ENG-Premier League,2023/24,Fulham,Antonee Robinson,USA,DF,25.0,1997.0,36.3,0,16.0,7,43.8,0.44,0.19,0.0,0.0,0,0,2023,shooting,Fulham
ENG-Premier League,2023/24,Fulham,Armando Broja,ALB,FW,21.0,2001.0,1.0,0,0.0,0,,0.0,0.0,,,0,0,2023,shooting,Fulham
ENG-Premier League,2023/24,Fulham,Bernd Leno,GER,GK,31.0,1992.0,38.0,0,0.0,0,,0.0,0.0,,,0,0,2023,shooting,Fulham
ENG-Premier League,2023/24,Fulham,Bobby De Cordova-Reid,JAM,"MF,FW",30.0,1993.0,15.8,6,33.0,8,24.2,2.09,0.51,0.18,0.75,0,0,2023,shooting,Fulham
ENG-Premier League,2023/24,Fulham,Calvin Bassey,NGA,DF,23.0,1999.0,25.6,1,5.0,2,40.0,0.2,0.08,0.2,0.5,0,0,2023,shooting,Fulham
ENG-Premier League,2023/24,Fulham,Carlos Vinícius,BRA,FW,28.0,1995.0,3.5,2,9.0,5,55.6,2.57,1.43,0.22,0.4,0,0,2023,shooting,Fulham
ENG-Premier League,2023/24,Fulham,Fodé Ballo-Touré,SEN,"DF,MF",26.0,1997.0,0.8,0,0.0,0,,0.0,0.0,,,0,0,2023,shooting,Fulham
ENG-Premier League,2023/24,Fulham,Harrison Reed,ENG,MF,28.0,1995.0,14.7,0,9.0,2,22.2,0.61,0.14,0.0,0.0,0,0,2023,shooting,Fulham
ENG-Premier League,2023/24,Fulham,Harry Wilson,WAL,"MF,FW",26.0,1997.0,18.0,4,40.0,13,32.5,2.22,0.72,0.1,0.31,0,0,2023,shooting,Fulham
ENG-Premier League,2023/24,Fulham,Issa Diop,MAR,DF,26.0,1997.0,15.8,0,5.0,1,20.0,0.32,0.06,0.0,0.0,0,0,2023,shooting,Fulham
ENG-Premier League,2023/24,Fulham,João Palhinha,POR,MF,28.0,1995.0,30.0,4,44.0,13,29.5,1.47,0.43,0.09,0.31,0,0,2023,shooting,Fulham
ENG-Premier League,2023/24,Fulham,Kenny Tete,NED,DF,27.0,1995.0,9.6,1,4.0,1,25.0,0.42,0.1,0.25,1.0,0,0,2023,shooting,Fulham
ENG-Premier League,2023/24,Fulham,Luke Harris,WAL,MF,18.0,2005.0,0.8,0,1.0,1,100.0,1.2,1.2,0.0,0.0,0,0,2023,shooting,Fulham
ENG-Premier League,2023/24,Fulham,Raúl Jiménez,MEX,FW,32.0,1991.0,15.5,7,41.0,17,41.5,2.65,1.1,0.17,0.41,0,0,2023,shooting,Fulham
ENG-Premier League,2023/24,Fulham,Rodrigo Muniz,BRA,FW,22.0,2001.0,17.7,9,73.0,27,37.0,4.12,1.53,0.12,0.33,0,0,2023,shooting,Fulham
ENG-Premier League,2023/24,Fulham,Saša Lukić,SRB,MF,26.0,1996.0,12.5,1,13.0,3,23.1,1.04,0.24,0.08,0.33,0,0,2023,shooting,Fulham
ENG-Premier League,2023/24,Fulham,Tim Ream,USA,DF,35.0,1987.0,16.7,1,1.0,1,100.0,0.06,0.06,1.0,1.0,0,0,2023,shooting,Fulham
ENG-Premier League,2023/24,Fulham,Timothy Castagne,BEL,DF,27.0,1995.0,29.3,1,14.0,5,35.7,0.48,0.17,0.07,0.2,0,0,2023,shooting,Fulham
ENG-Premier League,2023/24,Fulham,Tom Cairney,SCO,MF,32.0,1991.0,16.5,1,17.0,8,47.1,1.03,0.48,0.06,0.13,0,0,2023,shooting,Fulham
ENG-Premier League,2023/24,Fulham,Tosin Adarabioyo,ENG,DF,25.0,1997.0,18.0,2,14.0,5,35.7,0.78,0.28,0.14,0.4,0,0,2023,shooting,Fulham
ENG-Premier League,2023/24,Fulham,Willian,BRA,"MF,FW",34.0,1988.0,22.8,4,45.0,18,40.0,1.97,0.79,0.09,0.22,2,2,2023,shooting,Fulham
ENG-Premier League,2023/24,Liverpool,Alexis Mac Allister,ARG,MF,24.0,1998.0,28.9,5,44.0,9,20.5,1.52,0.31,0.11,0.56,1,1,2023,shooting,Liverpool
ENG-Premier League,2023/24,Liverpool,Alisson,BRA,GK,30.0,1992.0,28.0,0,0.0,0,,0.0,0.0,,,0,0,2023,shooting,Liverpool
ENG-Premier League,2023/24,Liverpool,Andy Robertson,SCO,DF,29.0,1994.0,18.8,3,12.0,7,58.3,0.64,0.37,0.25,0.43,0,0,2023,shooting,Liverpool
ENG-Premier League,2023/24,Liverpool,Ben Gannon-Doak,SCO,MF,17.0,2005.0,0.2,0,0.0,0,,0.0,0.0,,,0,0,2023,shooting,Liverpool
ENG-Premier League,2023/24,Liverpool,Bobby Clark,ENG,MF,18.0,2005.0,1.0,0,2.0,0,0.0,2.02,0.0,0.0,,0,0,2023,shooting,Liverpool
ENG-Premier League,2023/24,Liverpool,Caoimhín Kelleher,IRL,GK,24.0,1998.0,10.0,0,0.0,0,,0.0,0.0,,,0,0,2023,shooting,Liverpool
ENG-Premier League,2023/24,Liverpool,Cody Gakpo,NED,"FW,MF",24.0,1999.0,18.3,8,66.0,24,36.4,3.6,1.31,0.12,0.33,0,0,2023,shooting,Liverpool
ENG-Premier League,2023/24,Liverpool,Conor Bradley,NIR,DF,20.0,2003.0,8.4,1,12.0,4,33.3,1.43,0.48,0.08,0.25,0,0,2023,shooting,Liverpool
ENG-Premier League,2023/24,Liverpool,Curtis Jones,ENG,MF,22.0,2001.0,13.0,1,19.0,6,31.6,1.47,0.46,0.05,0.17,0,0,2023,shooting,Liverpool
ENG-Premier League,2023/24,Liverpool,Darwin Núñez,URU,FW,24.0,1999.0,22.7,11,108.0,46,42.6,4.75,2.02,0.1,0.24,0,1,2023,shooting,Liverpool
ENG-Premier League,2023/24,Liverpool,Diogo Jota,POR,FW,26.0,1996.0,12.7,10,41.0,20,48.8,3.22,1.57,0.24,0.5,0,0,2023,shooting,Liverpool
ENG-Premier League,2023/24,Liverpool,Dominik Szoboszlai,HUN,MF,22.0,2000.0,23.4,3,60.0,15,25.0,2.57,0.64,0.05,0.2,0,0,2023,shooting,Liverpool
ENG-Premier League,2023/24,Liverpool,Harvey Elliott,ENG,"MF,FW",20.0,2003.0,15.0,3,49.0,17,34.7,3.26,1.13,0.06,0.18,0,0,2023,shooting,Liverpool
ENG-Premier League,2023/24,Liverpool,Ibrahima Konaté,FRA,DF,24.0,1999.0,17.5,0,11.0,2,18.2,0.63,0.11,0.0,0.0,0,0,2023,shooting,Liverpool
ENG-Premier League,2023/24,Liverpool,James McConnell,ENG,MF,18.0,2004.0,0.0,0,0.0,0,,0.0,0.0,,,0,0,2023,shooting,Liverpool
ENG-Premier League,2023/24,Liverpool,Jarell Quansah,ENG,DF,20.0,2003.0,13.2,2,6.0,4,66.7,0.45,0.3,0.33,0.5,0,0,2023,shooting,Liverpool
ENG-Premier League,2023/24,Liverpool,Jayden Danns,ENG,FW,17.0,2006.0,0.1,0,0.0,0,,0.0,0.0,,,0,0,2023,shooting,Liverpool
ENG-Premier League,2023/24,Liverpool,Joe Gomez,ENG,DF,26.0,1997.0,19.8,0,19.0,2,10.5,0.96,0.1,0.0,0.0,0,0,2023,shooting,Liverpool
ENG-Premier League,2023/24,Liverpool,Joël Matip,CMR,DF,31.0,1991.0,8.7,0,5.0,0,0.0,0.58,0.0,0.0,,0,0,2023,shooting,Liverpool
ENG-Premier League,2023/24,Liverpool,Kaide Gordon,ENG,FW,18.0,2004.0,0.0,0,0.0,0,,0.0,0.0,,,0,0,2023,shooting,Liverpool
ENG-Premier League,2023/24,Liverpool,Kostas Tsimikas,GRE,DF,27.0,1996.0,7.5,0,3.0,0,0.0,0.4,0.0,0.0,,0,0,2023,shooting,Liverpool
ENG-Premier League,2023/24,Liverpool,Luis Díaz,COL,FW,26.0,1997.0,29.2,8,94.0,32,34.0,3.22,1.1,0.09,0.25,0,0,2023,shooting,Liverpool
ENG-Premier League,2023/24,Liverpool,Mohamed Salah,EGY,FW,31.0,1992.0,28.2,18,114.0,56,49.1,4.05,1.99,0.16,0.32,5,7,2023,shooting,Liverpool
ENG-Premier League,2023/24,Liverpool,Owen Beck,WAL,"DF,MF",20.0,2002.0,0.1,0,0.0,0,,0.0,0.0,,,0,0,2023,shooting,Liverpool
ENG-Premier League,2023/24,Liverpool,Ryan Gravenberch,NED,MF,21.0,2002.0,12.5,1,23.0,8,34.8,1.85,0.64,0.04,0.13,0,0,2023,shooting,Liverpool
ENG-Premier League,2023/24,Liverpool,Stefan Bajcetic,ESP,MF,18.0,2004.0,0.3,0,0.0,0,,0.0,0.0,,,0,0,2023,shooting,Liverpool
ENG-Premier League,2023/24,Liverpool,Thiago Alcántara,ESP,MF,32.0,1991.0,0.1,0,0.0,0,,0.0,0.0,,,0,0,2023,shooting,Liverpool
ENG-Premier League,2023/24,Liverpool,Trent Alexander-Arnold,ENG,DF,24.0,1998.0,23.9,3,47.0,8,17.0,1.96,0.33,0.06,0.38,0,0,2023,shooting,Liverpool
ENG-Premier League,2023/24,Liverpool,Virgil van Dijk,NED,DF,32.0,1991.0,35.3,2,45.0,14,31.1,1.27,0.4,0.04,0.14,0,0,2023,shooting,Liverpool
ENG-Premier League,2023/24,Liverpool,Wataru Endo,JPN,MF,30.0,1993.0,19.1,1,10.0,3,30.0,0.52,0.16,0.1,0.33,0,0,2023,shooting,Liverpool
ENG-Premier League,2023/24,Luton Town,Albert Sambi Lokonga,BEL,MF,23.0,1999.0,14.5,1,8.0,2,25.0,0.55,0.14,0.13,0.5,0,0,2023,shooting,Luton Town
ENG-Premier League,2023/24,Luton Town,Alfie Doughty,ENG,"MF,DF",23.0,1999.0,32.5,2,26.0,8,30.8,0.8,0.25,0.08,0.25,0,0,2023,shooting,Luton Town
ENG-Premier League,2023/24,Luton Town,Amari'i Bell,JAM,DF,29.0,1994.0,19.1,0,2.0,2,100.0,0.1,0.1,0.0,0.0,0,0,2023,shooting,Luton Town
ENG-Premier League,2023/24,Luton Town,Andros Townsend,ENG,"MF,FW",32.0,1991.0,13.4,1,20.0,7,35.0,1.49,0.52,0.05,0.14,0,0,2023,shooting,Luton Town
ENG-Premier League,2023/24,Luton Town,Carlton Morris,ENG,"FW,MF",27.0,1995.0,31.8,11,73.0,31,42.5,2.3,0.97,0.15,0.35,5,5,2023,shooting,Luton Town
ENG-Premier League,2023/24,Luton Town,Cauley Woodrow,ENG,FW,28.0,1994.0,4.7,1,16.0,4,25.0,3.37,0.84,0.06,0.25,0,0,2023,shooting,Luton Town
ENG-Premier League,2023/24,Luton Town,Chiedozie Ogbene,IRL,MF,26.0,1997.0,22.2,4,35.0,14,40.0,1.58,0.63,0.11,0.29,0,0,2023,shooting,Luton Town
ENG-Premier League,2023/24,Luton Town,Daiki Hashioka,JPN,"DF,MF",24.0,1999.0,6.6,0,2.0,0,0.0,0.3,0.0,0.0,,0,0,2023,shooting,Luton Town
ENG-Premier League,2023/24,Luton Town,Elijah Adebayo,ENG,FW,25.0,1998.0,15.8,10,30.0,14,46.7,1.9,0.89,0.33,0.71,0,0,2023,shooting,Luton Town
ENG-Premier League,2023/24,Luton Town,Fred Onyedinma,ENG,MF,26.0,1996.0,4.5,0,5.0,2,40.0,1.11,0.44,0.0,0.0,0,0,2023,shooting,Luton Town
ENG-Premier League,2023/24,Luton Town,Gabriel Osho,NGA,DF,24.0,1998.0,20.5,2,10.0,2,20.0,0.49,0.1,0.2,1.0,0,0,2023,shooting,Luton Town
ENG-Premier League,2023/24,Luton Town,Issa Kaboré,BFA,"MF,DF",22.0,2001.0,19.2,0,6.0,1,16.7,0.31,0.05,0.0,0.0,0,0,2023,shooting,Luton Town
ENG-Premier League,2023/24,Luton Town,Jacob Brown,SCO,"MF,FW",25.0,1998.0,11.3,2,25.0,7,28.0,2.21,0.62,0.08,0.29,0,0,2023,shooting,Luton Town
ENG-Premier League,2023/24,Luton Town,James Shea,ENG,GK,32.0,1991.0,0.2,0,0.0,0,,0.0,0.0,,,0,0,2023,shooting,Luton Town
ENG-Premier League,2023/24,Luton Town,Jordan Clark,ENG,MF,29.0,1993.0,14.5,1,17.0,4,23.5,1.17,0.28,0.06,0.25,0,0,2023,shooting,Luton Town
ENG-Premier League,2023/24,Luton Town,Joseph Johnson,ENG,DF,17.0,2006.0,0.9,0,0.0,0,,0.0,0.0,,,0,0,2023,shooting,Luton Town
ENG-Premier League,2023/24,Luton Town,Luke Berry,ENG,MF,31.0,1992.0,3.6,2,8.0,4,50.0,2.23,1.11,0.25,0.5,0,0,2023,shooting,Luton Town
ENG-Premier League,2023/24,Luton Town,Mads Juel Andersen,DEN,DF,25.0,1997.0,4.4,1,3.0,1,33.3,0.68,0.23,0.33,1.0,0,0,2023,shooting,Luton Town
ENG-Premier League,2023/24,Luton Town,Marvelous Nakamba,ZIM,MF,29.0,1994.0,12.6,0,5.0,0,0.0,0.4,0.0,0.0,,0,0,2023,shooting,Luton Town
ENG-Premier League,2023/24,Luton Town,Pelly Ruddock Mpanzu,COD,MF,30.0,1993.0,12.2,0,11.0,1,9.1,0.9,0.08,0.0,0.0,0,0,2023,shooting,Luton Town
ENG-Premier League,2023/24,Luton Town,Reece Burke,ENG,DF,26.0,1996.0,18.4,0,13.0,4,30.8,0.7,0.22,0.0,0.0,0,0,2023,shooting,Luton Town
ENG-Premier League,2023/24,Luton Town,Ross Barkley,ENG,MF,29.0,1993.0,29.1,5,66.0,19,28.8,2.27,0.65,0.08,0.26,0,0,2023,shooting,Luton Town
ENG-Premier League,2023/24,Luton Town,Ryan Giles,ENG,"MF,DF",23.0,2000.0,5.6,0,2.0,2,100.0,0.36,0.36,0.0,0.0,0,0,2023,shooting,Luton Town
ENG-Premier League,2023/24,Luton Town,Tahith Chong,CUW,"MF,FW",23.0,1999.0,22.0,4,30.0,7,23.3,1.36,0.32,0.13,0.57,0,0,2023,shooting,Luton Town
ENG-Premier League,2023/24,Luton Town,Teden Mengi,ENG,DF,21.0,2002.0,27.4,1,11.0,4,36.4,0.4,0.15,0.09,0.25,0,0,2023,shooting,Luton Town
ENG-Premier League,2023/24,Luton Town,Thomas Kaminski,BEL,GK,30.0,1992.0,37.8,0,0.0,0,,0.0,0.0,,,0,0,2023,shooting,Luton Town
ENG-Premier League,2023/24,Luton Town,Tom Lockyer,WAL,DF,28.0,1994.0,13.0,1,7.0,1,14.3,0.54,0.08,0.14,1.0,0,0,2023,shooting,Luton Town
ENG-Premier League,2023/24,Luton Town,Zack Nelson,ENG,MF,18.0,2005.0,0.1,0,0.0,0,,0.0,0.0,,,0,0,2023,shooting,Luton Town
ENG-Premier League,2023/24,Manchester City,Aymeric Laporte,ESP,DF,29.0,1994.0,0.1,0,1.0,1,100.0,7.5,7.5,0.0,0.0,0,0,2023,shooting,Manchester City
ENG-Premier League,2023/24,Manchester City,Bernardo Silva,POR,MF,28.0,1994.0,28.6,6,34.0,15,44.1,1.19,0.52,0.18,0.4,0,0,2023,shooting,Manchester City
ENG-Premier League,2023/24,Manchester City,Cole Palmer,ENG,"FW,MF",21.0,2002.0,0.1,0,0.0,0,,0.0,0.0,,,0,0,2023,shooting,Manchester City
ENG-Premier League,2023/24,Manchester City,Ederson Moraes,BRA,GK,29.0,1993.0,30.9,0,0.0,0,,0.0,0.0,,,0,0,2023,shooting,Manchester City
ENG-Premier League,2023/24,Manchester City,Erling Haaland,NOR,"FW,MF",23.0,2000.0,28.4,27,121.0,59,48.8,4.27,2.08,0.22,0.46,7,8,2023,shooting,Manchester City
ENG-Premier League,2023/24,Manchester City,Jack Grealish,ENG,"MF,FW",27.0,1995.0,11.2,3,22.0,5,22.7,1.96,0.45,0.14,0.6,0,0,2023,shooting,Manchester City
ENG-Premier League,2023/24,Manchester City,James Mcatee,ENG,MF,20.0,2002.0,0.0,0,0.0,0,,0.0,0.0,,,0,0,2023,shooting,Manchester City
ENG-Premier League,2023/24,Manchester City,Jeremy Doku,BEL,"MF,FW",21.0,2002.0,17.7,3,56.0,19,33.9,3.16,1.07,0.05,0.16,0,0,2023,shooting,Manchester City
ENG-Premier League,2023/24,Manchester City,John Stones,ENG,DF,29.0,1994.0,11.8,1,4.0,2,50.0,0.34,0.17,0.25,0.5,0,0,2023,shooting,Manchester City
ENG-Premier League,2023/24,Manchester City,Joško Gvardiol,CRO,DF,21.0,2002.0,25.9,4,32.0,14,43.8,1.24,0.54,0.13,0.29,0,0,2023,shooting,Manchester City
ENG-Premier League,2023/24,Manchester City,Julián Álvarez,ARG,"MF,FW",23.0,2000.0,29.4,11,98.0,40,40.8,3.33,1.36,0.11,0.28,2,2,2023,shooting,Manchester City
ENG-Premier League,2023/24,Manchester City,Kalvin Phillips,ENG,"DF,MF",27.0,1995.0,1.0,0,2.0,0,0.0,1.94,0.0,0.0,,0,0,2023,shooting,Manchester City
ENG-Premier League,2023/24,Manchester City,Kevin De Bruyne,BEL,MF,32.0,1991.0,13.6,4,44.0,17,38.6,3.24,1.25,0.09,0.24,0,0,2023,shooting,Manchester City
ENG-Premier League,2023/24,Manchester City,Kyle Walker,ENG,"DF,MF",33.0,1990.0,30.7,0,16.0,3,18.8,0.52,0.1,0.0,0.0,0,0,2023,shooting,Manchester City
ENG-Premier League,2023/24,Manchester City,Manuel Akanji,SUI,"DF,MF",28.0,1995.0,27.9,2,15.0,5,33.3,0.54,0.18,0.13,0.4,0,0,2023,shooting,Manchester City
ENG-Premier League,2023/24,Manchester City,Mateo Kovačić,CRO,MF,29.0,1994.0,17.2,1,22.0,5,22.7,1.28,0.29,0.05,0.2,0,0,2023,shooting,Manchester City
ENG-Premier League,2023/24,Manchester City,Matheus Nunes,POR,"MF,FW",24.0,1998.0,7.3,0,9.0,4,44.4,1.23,0.54,0.0,0.0,0,0,2023,shooting,Manchester City
ENG-Premier League,2023/24,Manchester City,Nathan Aké,NED,DF,28.0,1995.0,22.7,2,20.0,5,25.0,0.88,0.22,0.1,0.4,0,0,2023,shooting,Manchester City
ENG-Premier League,2023/24,Manchester City,Oscar Bobb,NOR,MF,20.0,2003.0,3.4,1,4.0,2,50.0,1.19,0.6,0.25,0.5,0,0,2023,shooting,Manchester City
ENG-Premier League,2023/24,Manchester City,Phil Foden,ENG,MF,23.0,2000.0,31.7,19,105.0,48,45.7,3.31,1.51,0.18,0.4,0,0,2023,shooting,Manchester City
ENG-Premier League,2023/24,Manchester City,Rico Lewis,ENG,"DF,MF",18.0,2004.0,9.0,2,5.0,4,80.0,0.56,0.44,0.4,0.5,0,0,2023,shooting,Manchester City
ENG-Premier League,2023/24,Manchester City,Rodri,ESP,"MF,DF",27.0,1996.0,32.6,8,62.0,22,35.5,1.9,0.68,0.13,0.36,0,0,2023,shooting,Manchester City
ENG-Premier League,2023/24,Manchester City,Rúben Dias,POR,"DF,MF",26.0,1997.0,28.4,0,20.0,8,40.0,0.7,0.28,0.0,0.0,0,0,2023,shooting,Manchester City
ENG-Premier League,2023/24,Manchester City,Sergio Gómez,ESP,"DF,MF",22.0,2000.0,0.6,0,2.0,0,0.0,3.4,0.0,0.0,,0,0,2023,shooting,Manchester City
ENG-Premier League,2023/24,Manchester City,Stefan Ortega,GER,GK,30.0,1992.0,7.1,0,0.0,0,,0.0,0.0,,,0,0,2023,shooting,Manchester City
ENG-Premier League,2023/24,Manchester Utd,Aaron Wan-Bissaka,COD,DF,25.0,1997.0,19.8,0,3.0,1,33.3,0.15,0.05,0.0,0.0,0,0,2023,shooting,Manchester United
ENG-Premier League,2023/24,Manchester Utd,Alejandro Garnacho,ARG,MF,19.0,2004.0,28.5,7,100.0,28,28.0,3.51,0.98,0.07,0.25,0,0,2023,shooting,Manchester United
ENG-Premier League,2023/24,Manchester Utd,Amad Diallo,CIV,MF,21.0,2002.0,4.3,1,10.0,4,40.0,2.31,0.92,0.1,0.25,0,0,2023,shooting,Manchester United
ENG-Premier League,2023/24,Manchester Utd,André Onana,CMR,GK,27.0,1996.0,38.0,0,0.0,0,,0.0,0.0,,,0,0,2023,shooting,Manchester United
ENG-Premier League,2023/24,Manchester Utd,Anthony Martial,FRA,FW,27.0,1995.0,5.0,1,6.0,4,66.7,1.21,0.8,0.17,0.25,0,0,2023,shooting,Manchester United
ENG-Premier League,2023/24,Manchester Utd,Antony,BRA,MF,23.0,2000.0,14.7,1,43.0,16,37.2,2.92,1.09,0.02,0.06,0,0,2023,shooting,Manchester United
ENG-Premier League,2023/24,Manchester Utd,Bruno Fernandes,POR,MF,28.0,1994.0,34.6,10,95.0,41,43.2,2.74,1.18,0.11,0.24,4,5,2023,shooting,Manchester United
ENG-Premier League,2023/24,Manchester Utd,Casemiro,BRA,"MF,DF",31.0,1992.0,22.0,1,39.0,9,23.1,1.77,0.41,0.03,0.11,0,0,2023,shooting,Manchester United
ENG-Premier League,2023/24,Manchester Utd,Christian Eriksen,DEN,MF,31.0,1992.0,12.7,1,13.0,4,30.8,1.03,0.32,0.08,0.25,0,0,2023,shooting,Manchester United
ENG-Premier League,2023/24,Manchester Utd,Daniel Gore,ENG,MF,18.0,2004.0,0.0,0,0.0,0,,0.0,0.0,,,0,0,2023,shooting,Manchester United
ENG-Premier League,2023/24,Manchester Utd,Diogo Dalot,POR,DF,24.0,1999.0,35.3,2,30.0,7,23.3,0.85,0.2,0.07,0.29,0,0,2023,shooting,Manchester United
ENG-Premier League,2023/24,Manchester Utd,Donny van de Beek,NED,MF,26.0,1997.0,0.0,0,1.0,0,0.0,30.0,0.0,0.0,,0,0,2023,shooting,Manchester United
ENG-Premier League,2023/24,Manchester Utd,Ethan Wheatley,ENG,FW,17.0,2006.0,0.2,0,0.0,0,,0.0,0.0,,,0,0,2023,shooting,Manchester United
ENG-Premier League,2023/24,Manchester Utd,Facundo Pellistri,URU,MF,21.0,2001.0,1.9,0,4.0,2,50.0,2.09,1.05,0.0,0.0,0,0,2023,shooting,Manchester United
ENG-Premier League,2023/24,Manchester Utd,Hannibal Mejbri,TUN,MF,20.0,2003.0,1.5,1,1.0,1,100.0,0.68,0.68,1.0,1.0,0,0,2023,shooting,Manchester United
ENG-Premier League,2023/24,Manchester Utd,Harry Maguire,ENG,DF,30.0,1993.0,18.4,2,20.0,3,15.0,1.09,0.16,0.1,0.67,0,0,2023,shooting,Manchester United
ENG-Premier League,2023/24,Manchester Utd,Jadon Sancho,ENG,"FW,MF",23.0,2000.0,0.9,0,0.0,0,,0.0,0.0,,,0,0,2023,shooting,Manchester United
ENG-Premier League,2023/24,Manchester Utd,Jonny Evans,NIR,DF,35.0,1988.0,15.5,0,1.0,0,0.0,0.06,0.0,0.0,,0,0,2023,shooting,Manchester United
ENG-Premier League,2023/24,Manchester Utd,Kobbie Mainoo,ENG,MF,18.0,2005.0,21.4,3,11.0,5,45.5,0.51,0.23,0.27,0.6,0,0,2023,shooting,Manchester United
ENG-Premier League,2023/24,Manchester Utd,Lisandro Martínez,ARG,DF,25.0,1998.0,7.2,0,0.0,0,,0.0,0.0,,,0,0,2023,shooting,Manchester United
ENG-Premier League,2023/24,Manchester Utd,Luke Shaw,ENG,DF,28.0,1995.0,10.7,0,2.0,0,0.0,0.19,0.0,0.0,,0,0,2023,shooting,Manchester United
ENG-Premier League,2023/24,Manchester Utd,Marcus Rashford,ENG,"MF,FW",25.0,1997.0,25.2,7,62.0,21,33.9,2.46,0.83,0.11,0.33,2,2,2023,shooting,Manchester United
ENG-Premier League,2023/24,Manchester Utd,Mason Mount,ENG,MF,24.0,1999.0,5.7,1,5.0,1,20.0,0.87,0.17,0.2,1.0,0,0,2023,shooting,Manchester United
ENG-Premier League,2023/24,Manchester Utd,Omari Forson,ENG,MF,19.0,2004.0,0.8,0,1.0,0,0.0,1.29,0.0,0.0,,0,0,2023,shooting,Manchester United
ENG-Premier League,2023/24,Manchester Utd,Raphaël Varane,FRA,DF,30.0,1993.0,15.3,1,8.0,2,25.0,0.52,0.13,0.13,0.5,0,0,2023,shooting,Manchester United
ENG-Premier League,2023/24,Manchester Utd,Rasmus Højlund,DEN,FW,20.0,2003.0,24.0,10,38.0,21,55.3,1.58,0.88,0.26,0.48,0,0,2023,shooting,Manchester United
ENG-Premier League,2023/24,Manchester Utd,Scott McTominay,SCO,"MF,FW",26.0,1996.0,21.1,7,44.0,19,43.2,2.08,0.9,0.16,0.37,0,0,2023,shooting,Manchester United
ENG-Premier League,2023/24,Manchester Utd,Sergio Reguilón,ESP,DF,26.0,1996.0,4.6,0,4.0,0,0.0,0.87,0.0,0.0,,0,0,2023,shooting,Manchester United
ENG-Premier League,2023/24,Manchester Utd,Sofyan Amrabat,MAR,"MF,DF",26.0,1996.0,10.4,0,3.0,0,0.0,0.29,0.0,0.0,,0,0,2023,shooting,Manchester United
ENG-Premier League,2023/24,Manchester Utd,Victor Lindelöf,SWE,DF,29.0,1994.0,14.8,1,6.0,4,66.7,0.41,0.27,0.17,0.25,0,0,2023,shooting,Manchester United
ENG-Premier League,2023/24,Manchester Utd,Willy Kambwala,FRA,DF,18.0,2004.0,3.7,0,0.0,0,,0.0,0.0,,,0,0,2023,shooting,Manchester United
ENG-Premier League,2023/24,Newcastle,Alex Murphy,IRL,DF,19.0,2004.0,0.1,0,0.0,0,,0.0,0.0,,,0,0,2023,shooting,Newcastle United
ENG-Premier League,2023/24,Newcastle,Alexander Isak,SWE,FW,23.0,1999.0,25.1,21,78.0,43,55.1,3.11,1.72,0.27,0.49,5,6,2023,shooting,Newcastle United
ENG-Premier League,2023/24,Newcastle,Amadou Diallo,ENG,FW,20.0,2003.0,0.0,0,0.0,0,,0.0,0.0,,,0,0,2023,shooting,Newcastle United
ENG-Premier League,2023/24,Newcastle,Anthony Gordon,ENG,FW,22.0,2001.0,32.1,11,81.0,31,38.3,2.52,0.97,0.14,0.35,1,1,2023,shooting,Newcastle United
ENG-Premier League,2023/24,Newcastle,Ben Parkinson,ENG,FW,18.0,2005.0,0.3,0,0.0,0,,0.0,0.0,,,0,0,2023,shooting,Newcastle United
ENG-Premier League,2023/24,Newcastle,Bruno Guimarães,BRA,MF,25.0,1997.0,36.3,7,48.0,16,33.3,1.32,0.44,0.15,0.44,0,0,2023,shooting,Newcastle United
ENG-Premier League,2023/24,Newcastle,Callum Wilson,ENG,FW,31.0,1992.0,11.0,9,35.0,21,60.0,3.18,1.91,0.26,0.43,2,2,2023,shooting,Newcastle United
ENG-Premier League,2023/24,Newcastle,Dan Burn,ENG,DF,31.0,1992.0,30.3,2,23.0,6,26.1,0.76,0.2,0.09,0.33,0,0,2023,shooting,Newcastle United
ENG-Premier League,2023/24,Newcastle,Elliot Anderson,ENG,"MF,FW",20.0,2002.0,11.4,0,19.0,5,26.3,1.67,0.44,0.0,0.0,0,0,2023,shooting,Newcastle United
ENG-Premier League,2023/24,Newcastle,Emil Krafth,SWE,DF,28.0,1994.0,10.1,0,4.0,0,0.0,0.39,0.0,0.0,,0,0,2023,shooting,Newcastle United
ENG-Premier League,2023/24,Newcastle,Fabian Schär,SUI,DF,31.0,1991.0,33.9,4,35.0,9,25.7,1.03,0.27,0.11,0.44,0,0,2023,shooting,Newcastle United
ENG-Premier League,2023/24,Newcastle,Harvey Barnes,ENG,"FW,MF",25.0,1997.0,8.9,5,27.0,12,44.4,3.03,1.35,0.19,0.42,0,0,2023,shooting,Newcastle United
ENG-Premier League,2023/24,Newcastle,Jacob Murphy,ENG,"FW,MF",28.0,1995.0,13.2,3,30.0,10,33.3,2.27,0.76,0.1,0.3,0,0,2023,shooting,Newcastle United
ENG-Premier League,2023/24,Newcastle,Jamaal Lascelles,ENG,DF,29.0,1993.0,12.0,1,6.0,1,16.7,0.5,0.08,0.17,1.0,0,0,2023,shooting,Newcastle United
ENG-Premier League,2023/24,Newcastle,Joe White,ENG,MF,20.0,2002.0,0.1,0,0.0,0,,0.0,0.0,,,0,0,2023,shooting,Newcastle United
ENG-Premier League,2023/24,Newcastle,Joe Willock,ENG,MF,23.0,1999.0,4.7,1,7.0,4,57.1,1.5,0.86,0.14,0.25,0,0,2023,shooting,Newcastle United
ENG-Premier League,2023/24,Newcastle,Joelinton,BRA,"MF,FW",26.0,1996.0,14.2,2,19.0,9,47.4,1.34,0.63,0.11,0.22,0,0,2023,shooting,Newcastle United
ENG-Premier League,2023/24,Newcastle,Kieran Trippier,ENG,DF,32.0,1990.0,24.8,1,8.0,2,25.0,0.32,0.08,0.13,0.5,0,0,2023,shooting,Newcastle United
ENG-Premier League,2023/24,Newcastle,Lewis Hall,ENG,DF,18.0,2004.0,8.7,1,11.0,4,36.4,1.27,0.46,0.09,0.25,0,0,2023,shooting,Newcastle United
ENG-Premier League,2023/24,Newcastle,Lewis Miley,ENG,MF,17.0,2006.0,13.4,1,13.0,3,23.1,0.97,0.22,0.08,0.33,0,0,2023,shooting,Newcastle United
ENG-Premier League,2023/24,Newcastle,Loris Karius,GER,GK,30.0,1993.0,1.0,0,0.0,0,,0.0,0.0,,,0,0,2023,shooting,Newcastle United
ENG-Premier League,2023/24,Newcastle,Martin Dúbravka,SVK,GK,34.0,1989.0,22.1,0,0.0,0,,0.0,0.0,,,0,0,2023,shooting,Newcastle United
ENG-Premier League,2023/24,Newcastle,Matt Ritchie,SCO,"DF,MF",33.0,1989.0,1.4,1,6.0,4,66.7,4.22,2.81,0.17,0.25,0,0,2023,shooting,Newcastle United
ENG-Premier League,2023/24,Newcastle,Matt Targett,ENG,DF,27.0,1995.0,0.9,0,0.0,0,,0.0,0.0,,,0,0,2023,shooting,Newcastle United
ENG-Premier League,2023/24,Newcastle,Michael Ndiweni,ENG,MF,19.0,2003.0,0.0,0,0.0,0,,0.0,0.0,,,0,0,2023,shooting,Newcastle United
ENG-Premier League,2023/24,Newcastle,Miguel Almirón,PAR,FW,29.0,1994.0,21.5,3,41.0,12,29.3,1.91,0.56,0.07,0.25,0,0,2023,shooting,Newcastle United
ENG-Premier League,2023/24,Newcastle,Nick Pope,ENG,GK,31.0,1992.0,14.9,0,1.0,0,0.0,0.07,0.0,0.0,,0,0,2023,shooting,Newcastle United
ENG-Premier League,2023/24,Newcastle,Paul Dummett,WAL,DF,31.0,1991.0,0.2,0,1.0,0,0.0,4.5,0.0,0.0,,0,0,2023,shooting,Newcastle United
ENG-Premier League,2023/24,Newcastle,Sandro Tonali,ITA,MF,23.0,2000.0,4.9,1,3.0,2,66.7,0.62,0.41,0.33,0.5,0,0,2023,shooting,Newcastle United
ENG-Premier League,2023/24,Newcastle,Sean Longstaff,ENG,MF,25.0,1997.0,30.5,6,41.0,15,36.6,1.34,0.49,0.15,0.4,0,0,2023,shooting,Newcastle United
ENG-Premier League,2023/24,Newcastle,Sven Botman,NED,DF,23.0,2000.0,15.3,2,10.0,2,20.0,0.65,0.13,0.2,1.0,0,0,2023,shooting,Newcastle United
ENG-Premier League,2023/24,Newcastle,Tino Livramento,ENG,DF,20.0,2002.0,14.6,1,4.0,2,50.0,0.27,0.14,0.25,0.5,0,0,2023,shooting,Newcastle United
ENG-Premier League,2023/24,Nottingham,Andrew Omobamidele,IRL,DF,21.0,2002.0,8.7,0,1.0,0,0.0,0.11,0.0,0.0,,0,0,2023,shooting,Nottingham Forest
ENG-Premier League,2023/24,Nottingham,Andrey Santos,BRA,MF,19.0,2004.0,0.1,0,2.0,0,0.0,22.5,0.0,0.0,,0,0,2023,shooting,Nottingham Forest
ENG-Premier League,2023/24,Nottingham,Anthony Elanga,SWE,"MF,FW",21.0,2002.0,27.0,5,54.0,23,42.6,2.0,0.85,0.09,0.22,0,0,2023,shooting,Nottingham Forest
ENG-Premier League,2023/24,Nottingham,Brandon Aguilera,CRC,MF,20.0,2003.0,0.1,0,0.0,0,,0.0,0.0,,,0,0,2023,shooting,Nottingham Forest
ENG-Premier League,2023/24,Nottingham,Brennan Johnson,WAL,"FW,MF",22.0,2001.0,2.6,0,3.0,0,0.0,1.14,0.0,0.0,,0,0,2023,shooting,Nottingham Forest
ENG-Premier League,2023/24,Nottingham,Callum Hudson-Odoi,ENG,"MF,FW",22.0,2000.0,20.6,8,38.0,20,52.6,1.84,0.97,0.21,0.4,0,0,2023,shooting,Nottingham Forest
ENG-Premier League,2023/24,Nottingham,Cheikhou Kouyaté,SEN,MF,33.0,1989.0,2.4,0,5.0,1,20.0,2.12,0.42,0.0,0.0,0,0,2023,shooting,Nottingham Forest
ENG-Premier League,2023/24,Nottingham,Chris Wood,NZL,FW,31.0,1991.0,20.1,14,48.0,26,54.2,2.38,1.29,0.29,0.54,0,0,2023,shooting,Nottingham Forest
ENG-Premier League,2023/24,Nottingham,Danilo Santos,BRA,MF,22.0,2001.0,19.9,2,23.0,7,30.4,1.16,0.35,0.09,0.29,0,0,2023,shooting,Nottingham Forest
ENG-Premier League,2023/24,Nottingham,Divock Origi,BEL,"MF,FW",28.0,1995.0,6.7,0,14.0,4,28.6,2.08,0.59,0.0,0.0,0,0,2023,shooting,Nottingham Forest
ENG-Premier League,2023/24,Nottingham,Felipe,BRA,DF,34.0,1989.0,4.2,0,3.0,0,0.0,0.72,0.0,0.0,,0,0,2023,shooting,Nottingham Forest
ENG-Premier League,2023/24,Nottingham,Gio Reyna,USA,MF,20.0,2002.0,2.6,0,5.0,2,40.0,1.91,0.77,0.0,0.0,0,0,2023,shooting,Nottingham Forest
ENG-Premier League,2023/24,Nottingham,Gonzalo Montiel,ARG,DF,26.0,1997.0,8.9,0,3.0,0,0.0,0.34,0.0,0.0,,0,0,2023,shooting,Nottingham Forest
ENG-Premier League,2023/24,Nottingham,Harry Toffolo,ENG,"DF,MF",27.0,1995.0,16.2,1,8.0,5,62.5,0.49,0.31,0.13,0.2,0,0,2023,shooting,Nottingham Forest
ENG-Premier League,2023/24,Nottingham,Ibrahim Sangaré,CIV,MF,25.0,1997.0,11.5,0,8.0,0,0.0,0.7,0.0,0.0,,0,0,2023,shooting,Nottingham Forest
ENG-Premier League,2023/24,Nottingham,Joe Worrall,ENG,DF,26.0,1997.0,4.9,0,2.0,0,0.0,0.41,0.0,0.0,,0,0,2023,shooting,Nottingham Forest
ENG-Premier League,2023/24,Nottingham,Matt Turner,USA,GK,29.0,1994.0,17.0,0,0.0,0,,0.0,0.0,,,0,0,2023,shooting,Nottingham Forest
ENG-Premier League,2023/24,Nottingham,Matz Sels,BEL,GK,31.0,1992.0,16.0,0,0.0,0,,0.0,0.0,,,0,0,2023,shooting,Nottingham Forest
ENG-Premier League,2023/24,Nottingham,Morgan Gibbs-White,ENG,"MF,FW",23.0,2000.0,35.1,5,71.0,15,21.1,2.02,0.43,0.07,0.33,1,1,2023,shooting,Nottingham Forest
ENG-Premier League,2023/24,Nottingham,Moussa Niakhaté,SEN,DF,27.0,1996.0,16.2,1,5.0,1,20.0,0.31,0.06,0.2,1.0,0,0,2023,shooting,Nottingham Forest
ENG-Premier League,2023/24,Nottingham,Murillo,BRA,DF,21.0,2002.0,31.0,0,17.0,6,35.3,0.55,0.19,0.0,0.0,0,0,2023,shooting,Nottingham Forest
ENG-Premier League,2023/24,Nottingham,Neco Williams,WAL,"DF,MF",22.0,2001.0,18.2,0,15.0,4,26.7,0.82,0.22,0.0,0.0,0,0,2023,shooting,Nottingham Forest
ENG-Premier League,2023/24,Nottingham,Nicolás Domínguez,ARG,MF,25.0,1998.0,16.6,2,22.0,6,27.3,1.32,0.36,0.09,0.33,0,0,2023,shooting,Nottingham Forest
ENG-Premier League,2023/24,Nottingham,Nuno Tavares,POR,DF,23.0,2000.0,5.1,0,7.0,1,14.3,1.38,0.2,0.0,0.0,0,0,2023,shooting,Nottingham Forest
ENG-Premier League,2023/24,Nottingham,Odysseas Vlachodimos,GRE,GK,29.0,1994.0,5.0,0,0.0,0,,0.0,0.0,,,0,0,2023,shooting,Nottingham Forest
ENG-Premier League,2023/24,Nottingham,Ola Aina,NGA,"DF,MF",26.0,1996.0,18.8,1,11.0,1,9.1,0.59,0.05,0.09,1.0,0,0,2023,shooting,Nottingham Forest
ENG-Premier League,2023/24,Nottingham,Orel Mangala,BEL,MF,25.0,1998.0,17.4,1,10.0,1,10.0,0.58,0.06,0.1,1.0,0,0,2023,shooting,Nottingham Forest
ENG-Premier League,2023/24,Nottingham,Rodrigo Ribeiro,POR,FW,18.0,2005.0,0.2,0,0.0,0,,0.0,0.0,,,0,0,2023,shooting,Nottingham Forest
ENG-Premier League,2023/24,Nottingham,Ryan Yates,ENG,MF,25.0,1997.0,22.1,1,32.0,7,21.9,1.45,0.32,0.03,0.14,0,0,2023,shooting,Nottingham Forest
ENG-Premier League,2023/24,Nottingham,Scott McKenna,SCO,DF,26.0,1996.0,4.6,0,2.0,0,0.0,0.43,0.0,0.0,,0,0,2023,shooting,Nottingham Forest
ENG-Premier League,2023/24,Nottingham,Serge Aurier,CIV,"DF,MF",30.0,1992.0,9.3,0,6.0,1,16.7,0.65,0.11,0.0,0.0,0,0,2023,shooting,Nottingham Forest
ENG-Premier League,2023/24,Nottingham,Taiwo Awoniyi,NGA,FW,25.0,1997.0,11.6,6,22.0,11,50.0,1.9,0.95,0.27,0.55,0,0,2023,shooting,Nottingham Forest
ENG-Premier League,2023/24,Nottingham,Willy Boly,CIV,DF,32.0,1991.0,16.0,2,14.0,6,42.9,0.88,0.38,0.14,0.33,0,0,2023,shooting,Nottingham Forest
ENG-Premier League,2023/24,Sheffield United,Andre Brooks,JAM,MF,19.0,2003.0,10.4,0,9.0,2,22.2,0.86,0.19,0.0,0.0,0,0,2023,shooting,Sheffield United
ENG-Premier League,2023/24,Sheffield United,Anel Ahmedhodžić,BIH,DF,24.0,1999.0,29.4,2,19.0,5,26.3,0.65,0.17,0.11,0.4,0,0,2023,shooting,Sheffield United
ENG-Premier League,2023/24,Sheffield United,Anis Ben Slimane,TUN,MF,22.0,2001.0,4.7,0,8.0,3,37.5,1.72,0.64,0.0,0.0,0,0,2023,shooting,Sheffield United
ENG-Premier League,2023/24,Sheffield United,Antwoine Hackford,ENG,FW,19.0,2004.0,0.1,0,0.0,0,,0.0,0.0,,,0,0,2023,shooting,Sheffield United
ENG-Premier League,2023/24,Sheffield United,Auston Trusty,USA,DF,24.0,1998.0,28.6,0,8.0,2,25.0,0.28,0.07,0.0,0.0,0,0,2023,shooting,Sheffield United
ENG-Premier League,2023/24,Sheffield United,Ben Brereton,CHI,"FW,MF",24.0,1999.0,12.3,6,35.0,19,54.3,2.85,1.55,0.17,0.32,1,1,2023,shooting,Sheffield United
ENG-Premier League,2023/24,Sheffield United,Ben Osborn,ENG,MF,28.0,1994.0,15.2,0,4.0,0,0.0,0.26,0.0,0.0,,0,0,2023,shooting,Sheffield United
ENG-Premier League,2023/24,Sheffield United,Bénie Traoré,CIV,"FW,MF",20.0,2002.0,4.3,0,1.0,1,100.0,0.23,0.23,0.0,0.0,0,0,2023,shooting,Sheffield United
ENG-Premier League,2023/24,Sheffield United,Cameron Archer,ENG,"FW,MF",22.0,2001.0,20.4,4,42.0,11,26.2,2.06,0.54,0.1,0.36,0,0,2023,shooting,Sheffield United
ENG-Premier League,2023/24,Sheffield United,Chris Basham,ENG,"DF,MF",35.0,1988.0,3.6,0,2.0,0,0.0,0.56,0.0,0.0,,0,0,2023,shooting,Sheffield United
ENG-Premier League,2023/24,Sheffield United,Daniel Jebbison,CAN,FW,19.0,2003.0,0.2,0,0.0,0,,0.0,0.0,,,0,0,2023,shooting,Sheffield United
ENG-Premier League,2023/24,Sheffield United,George Baldock,GRE,"DF,MF",30.0,1993.0,10.8,0,1.0,0,0.0,0.09,0.0,0.0,,0,0,2023,shooting,Sheffield United
ENG-Premier League,2023/24,Sheffield United,Gustavo Hamer,NED,MF,26.0,1997.0,32.3,4,49.0,15,30.6,1.52,0.46,0.08,0.27,0,0,2023,shooting,Sheffield United
ENG-Premier League,2023/24,Sheffield United,Ivo Grbić,CRO,GK,27.0,1996.0,8.6,0,0.0,0,,0.0,0.0,,,0,0,2023,shooting,Sheffield United
ENG-Premier League,2023/24,Sheffield United,Jack Robinson,ENG,DF,29.0,1993.0,32.1,1,14.0,6,42.9,0.44,0.19,0.07,0.17,0,0,2023,shooting,Sheffield United
ENG-Premier League,2023/24,Sheffield United,James Mcatee,ENG,"MF,FW",20.0,2002.0,20.2,3,26.0,9,34.6,1.28,0.44,0.12,0.33,1,1,2023,shooting,Sheffield United
ENG-Premier League,2023/24,Sheffield United,Jayden Bogle,ENG,"MF,DF",23.0,2000.0,31.0,3,32.0,11,34.4,1.03,0.36,0.09,0.27,0,0,2023,shooting,Sheffield United
ENG-Premier League,2023/24,Sheffield United,John Egan,IRL,DF,30.0,1992.0,5.4,0,3.0,1,33.3,0.56,0.19,0.0,0.0,0,0,2023,shooting,Sheffield United
ENG-Premier League,2023/24,Sheffield United,John Fleck,SCO,MF,31.0,1991.0,1.0,0,0.0,0,,0.0,0.0,,,0,0,2023,shooting,Sheffield United
ENG-Premier League,2023/24,Sheffield United,Luke Thomas,ENG,"MF,DF",22.0,2001.0,10.2,0,6.0,1,16.7,0.59,0.1,0.0,0.0,0,0,2023,shooting,Sheffield United
ENG-Premier League,2023/24,Sheffield United,Mason Holgate,JAM,DF,26.0,1996.0,7.9,0,3.0,0,0.0,0.38,0.0,0.0,,0,0,2023,shooting,Sheffield United
ENG-Premier League,2023/24,Sheffield United,Max Lowe,ENG,"MF,DF",26.0,1997.0,5.6,0,2.0,0,0.0,0.36,0.0,0.0,,0,0,2023,shooting,Sheffield United
ENG-Premier League,2023/24,Sheffield United,Oliver Arblaster,ENG,MF,19.0,2004.0,10.5,0,1.0,1,100.0,0.1,0.1,0.0,0.0,0,0,2023,shooting,Sheffield United
ENG-Premier League,2023/24,Sheffield United,Oliver McBurnie,SCO,FW,27.0,1996.0,14.2,6,33.0,17,51.5,2.32,1.2,0.18,0.35,2,2,2023,shooting,Sheffield United
ENG-Premier League,2023/24,Sheffield United,Oliver Norwood,NIR,MF,32.0,1991.0,16.0,1,15.0,6,40.0,0.94,0.37,0.07,0.17,1,1,2023,shooting,Sheffield United
ENG-Premier League,2023/24,Sheffield United,Rhian Brewster,ENG,FW,23.0,2000.0,3.8,0,7.0,3,42.9,1.82,0.78,0.0,0.0,0,0,2023,shooting,Sheffield United
ENG-Premier League,2023/24,Sheffield United,Rhys Norrington-Davies,WAL,DF,24.0,1999.0,1.2,0,0.0,0,,0.0,0.0,,,0,0,2023,shooting,Sheffield United
ENG-Premier League,2023/24,Sheffield United,Ryan One,SCO,MF,17.0,2006.0,0.1,0,0.0,0,,0.0,0.0,,,0,0,2023,shooting,Sheffield United
ENG-Premier League,2023/24,Sheffield United,Sam Curtis,IRL,DF,17.0,2005.0,0.3,0,0.0,0,,0.0,0.0,,,0,0,2023,shooting,Sheffield United
ENG-Premier League,2023/24,Sheffield United,Sydie Peck,ENG,MF,18.0,2004.0,0.1,0,0.0,0,,0.0,0.0,,,0,0,2023,shooting,Sheffield United
ENG-Premier League,2023/24,Sheffield United,Tom Davies,ENG,MF,25.0,1998.0,2.5,0,4.0,1,25.0,1.63,0.41,0.0,0.0,0,0,2023,shooting,Sheffield United
ENG-Premier League,2023/24,Sheffield United,Vinicius Souza,BRA,MF,24.0,1999.0,29.6,1,14.0,6,42.9,0.47,0.2,0.07,0.17,0,0,2023,shooting,Sheffield United
ENG-Premier League,2023/24,Sheffield United,Wes Foderingham,ENG,GK,32.0,1991.0,29.4,0,0.0,0,,0.0,0.0,,,0,0,2023,shooting,Sheffield United
ENG-Premier League,2023/24,Sheffield United,William Osula,DEN,FW,19.0,2003.0,8.7,0,21.0,8,38.1,2.4,0.92,0.0,0.0,0,0,2023,shooting,Sheffield United
ENG-Premier League,2023/24,Sheffield United,Yasser Larouci,ALG,MF,22.0,2001.0,5.9,0,6.0,1,16.7,1.02,0.17,0.0,0.0,0,0,2023,shooting,Sheffield United
ENG-Premier League,2023/24,Tottenham,Alejo Véliz,ARG,FW,19.0,2003.0,0.6,1,2.0,1,50.0,3.6,1.8,0.5,1.0,0,0,2023,shooting,Tottenham Hotspur
ENG-Premier League,2023/24,Tottenham,Ben Davies,WAL,DF,30.0,1993.0,12.1,1,12.0,2,16.7,0.99,0.17,0.08,0.5,0,0,2023,shooting,Tottenham Hotspur
ENG-Premier League,2023/24,Tottenham,Brennan Johnson,WAL,"MF,FW",22.0,2001.0,23.2,5,50.0,21,42.0,2.16,0.91,0.1,0.24,0,0,2023,shooting,Tottenham Hotspur
ENG-Premier League,2023/24,Tottenham,Bryan Gil,ESP,MF,22.0,2001.0,2.3,0,4.0,1,25.0,1.72,0.43,0.0,0.0,0,0,2023,shooting,Tottenham Hotspur
ENG-Premier League,2023/24,Tottenham,Cristian Romero,ARG,DF,25.0,1998.0,31.0,5,24.0,10,41.7,0.77,0.32,0.21,0.5,0,0,2023,shooting,Tottenham Hotspur
ENG-Premier League,2023/24,Tottenham,Dane Scarlett,ENG,FW,19.0,2004.0,0.2,0,0.0,0,,0.0,0.0,,,0,0,2023,shooting,Tottenham Hotspur
ENG-Premier League,2023/24,Tottenham,Davinson Sánchez,COL,DF,27.0,1996.0,0.9,0,1.0,0,0.0,1.17,0.0,0.0,,0,0,2023,shooting,Tottenham Hotspur
ENG-Premier League,2023/24,Tottenham,Dejan Kulusevski,SWE,"MF,FW",23.0,2000.0,30.7,8,57.0,24,42.1,1.86,0.78,0.14,0.33,0,0,2023,shooting,Tottenham Hotspur
ENG-Premier League,2023/24,Tottenham,Destiny Udogie,ITA,DF,20.0,2002.0,26.6,2,9.0,5,55.6,0.34,0.19,0.22,0.4,0,0,2023,shooting,Tottenham Hotspur
ENG-Premier League,2023/24,Tottenham,Emerson,BRA,DF,24.0,1999.0,12.9,1,6.0,3,50.0,0.47,0.23,0.17,0.33,0,0,2023,shooting,Tottenham Hotspur
ENG-Premier League,2023/24,Tottenham,Eric Dier,ENG,DF,29.0,1994.0,2.2,0,0.0,0,,0.0,0.0,,,0,0,2023,shooting,Tottenham Hotspur
ENG-Premier League,2023/24,Tottenham,Giovani Lo Celso,ARG,MF,27.0,1996.0,5.6,2,13.0,6,46.2,2.31,1.07,0.15,0.33,0,0,2023,shooting,Tottenham Hotspur
ENG-Premier League,2023/24,Tottenham,Guglielmo Vicario,ITA,GK,26.0,1996.0,38.0,0,0.0,0,,0.0,0.0,,,0,0,2023,shooting,Tottenham Hotspur
ENG-Premier League,2023/24,Tottenham,Ivan Perišić,CRO,"FW,MF",34.0,1989.0,1.1,0,2.0,0,0.0,1.75,0.0,0.0,,0,0,2023,shooting,Tottenham Hotspur
ENG-Premier League,2023/24,Tottenham,James Maddison,ENG,MF,26.0,1996.0,23.7,4,57.0,22,38.6,2.4,0.93,0.07,0.18,0,0,2023,shooting,Tottenham Hotspur
ENG-Premier League,2023/24,Tottenham,Jamie Donley,NIR,MF,18.0,2005.0,0.0,0,0.0,0,,0.0,0.0,,,0,0,2023,shooting,Tottenham Hotspur
ENG-Premier League,2023/24,Tottenham,Manor Solomon,ISR,MF,24.0,1999.0,2.2,0,7.0,1,14.3,3.17,0.45,0.0,0.0,0,0,2023,shooting,Tottenham Hotspur
ENG-Premier League,2023/24,Tottenham,Micky van de Ven,NED,DF,22.0,2001.0,26.0,3,8.0,3,37.5,0.31,0.12,0.38,1.0,0,0,2023,shooting,Tottenham Hotspur
ENG-Premier League,2023/24,Tottenham,Mikey Moore,ENG,MF,15.0,2007.0,0.0,0,0.0,0,,0.0,0.0,,,0,0,2023,shooting,Tottenham Hotspur
ENG-Premier League,2023/24,Tottenham,Oliver Skipp,ENG,"MF,DF",22.0,2000.0,7.9,0,4.0,1,25.0,0.51,0.13,0.0,0.0,0,0,2023,shooting,Tottenham Hotspur
ENG-Premier League,2023/24,Tottenham,Pape Matar Sarr,SEN,MF,20.0,2002.0,23.0,3,36.0,14,38.9,1.57,0.61,0.08,0.21,0,0,2023,shooting,Tottenham Hotspur
ENG-Premier League,2023/24,Tottenham,Pedro Porro,ESP,DF,23.0,1999.0,34.3,3,53.0,12,22.6,1.54,0.35,0.06,0.25,0,0,2023,shooting,Tottenham Hotspur
ENG-Premier League,2023/24,Tottenham,Pierre Højbjerg,DEN,MF,27.0,1995.0,14.6,0,19.0,6,31.6,1.3,0.41,0.0,0.0,0,0,2023,shooting,Tottenham Hotspur
ENG-Premier League,2023/24,Tottenham,Radu Drăgușin,ROU,DF,21.0,2002.0,4.8,0,1.0,0,0.0,0.21,0.0,0.0,,0,0,2023,shooting,Tottenham Hotspur
ENG-Premier League,2023/24,Tottenham,Richarlison,BRA,"FW,MF",26.0,1997.0,16.6,11,61.0,25,41.0,3.68,1.51,0.18,0.44,0,0,2023,shooting,Tottenham Hotspur
ENG-Premier League,2023/24,Tottenham,Rodrigo Bentancur,URU,MF,26.0,1997.0,11.2,1,18.0,5,27.8,1.61,0.45,0.06,0.2,0,0,2023,shooting,Tottenham Hotspur
ENG-Premier League,2023/24,Tottenham,Son Heung-min,KOR,"FW,MF",31.0,1992.0,32.6,17,85.0,40,47.1,2.61,1.23,0.2,0.43,2,2,2023,shooting,Tottenham Hotspur
ENG-Premier League,2023/24,Tottenham,Timo Werner,GER,"MF,FW",27.0,1996.0,9.0,2,29.0,7,24.1,3.23,0.78,0.07,0.29,0,0,2023,shooting,Tottenham Hotspur
ENG-Premier League,2023/24,Tottenham,Yves Bissouma,MLI,MF,26.0,1996.0,23.0,0,24.0,5,20.8,1.04,0.22,0.0,0.0,0,0,2023,shooting,Tottenham Hotspur
ENG-Premier League,2023/24,West Ham,Aaron Cresswell,ENG,DF,33.0,1989.0,4.8,0,0.0,0,,0.0,0.0,,,0,0,2023,shooting,West Ham United
ENG-Premier League,2023/24,West Ham,Alphonse Areola,FRA,GK,30.0,1993.0,30.0,0,0.0,0,,0.0,0.0,,,0,0,2023,shooting,West Ham United
ENG-Premier League,2023/24,West Ham,Angelo Ogbonna,ITA,DF,35.0,1988.0,7.1,0,1.0,0,0.0,0.14,0.0,0.0,,0,0,2023,shooting,West Ham United
ENG-Premier League,2023/24,West Ham,Ben Johnson,ENG,"MF,DF",23.0,2000.0,6.0,0,6.0,2,33.3,0.99,0.33,0.0,0.0,0,0,2023,shooting,West Ham United
ENG-Premier League,2023/24,West Ham,Danny Ings,ENG,"FW,MF",31.0,1992.0,4.5,1,12.0,4,33.3,2.67,0.89,0.08,0.25,0,0,2023,shooting,West Ham United
ENG-Premier League,2023/24,West Ham,Divin Mubama,ENG,FW,18.0,2004.0,0.9,0,1.0,0,0.0,1.13,0.0,0.0,,0,0,2023,shooting,West Ham United
ENG-Premier League,2023/24,West Ham,Edson Álvarez,MEX,MF,25.0,1997.0,26.4,1,17.0,3,17.6,0.64,0.11,0.06,0.33,0,0,2023,shooting,West Ham United
ENG-Premier League,2023/24,West Ham,Emerson Palmieri,ITA,DF,28.0,1994.0,34.9,1,19.0,4,21.1,0.55,0.11,0.05,0.25,0,0,2023,shooting,West Ham United
ENG-Premier League,2023/24,West Ham,George Earthy,ENG,MF,18.0,2004.0,0.4,1,1.0,1,100.0,2.65,2.65,1.0,1.0,0,0,2023,shooting,West Ham United
ENG-Premier League,2023/24,West Ham,James Ward-Prowse,ENG,MF,28.0,1994.0,33.3,7,44.0,18,40.9,1.32,0.54,0.16,0.39,2,2,2023,shooting,West Ham United
ENG-Premier League,2023/24,West Ham,Jarrod Bowen,ENG,"MF,FW",26.0,1996.0,33.5,16,85.0,37,43.5,2.53,1.1,0.19,0.43,0,0,2023,shooting,West Ham United
ENG-Premier League,2023/24,West Ham,Kaelan Casey,ENG,DF,18.0,2004.0,0.0,0,0.0,0,,0.0,0.0,,,0,0,2023,shooting,West Ham United
ENG-Premier League,2023/24,West Ham,Kalvin Phillips,ENG,MF,27.0,1995.0,3.4,0,3.0,2,66.7,0.87,0.58,0.0,0.0,0,0,2023,shooting,West Ham United
ENG-Premier League,2023/24,West Ham,Konstantinos Mavropanos,GRE,DF,25.0,1997.0,16.7,1,12.0,3,25.0,0.72,0.18,0.08,0.33,0,0,2023,shooting,West Ham United
ENG-Premier League,2023/24,West Ham,Kurt Zouma,FRA,DF,28.0,1994.0,31.5,3,16.0,7,43.8,0.51,0.22,0.19,0.43,0,0,2023,shooting,West Ham United
ENG-Premier League,2023/24,West Ham,Lucas Paquetá,BRA,MF,25.0,1997.0,29.1,4,42.0,11,26.2,1.44,0.38,0.1,0.36,2,2,2023,shooting,West Ham United
ENG-Premier League,2023/24,West Ham,Maxwel Cornet,CIV,MF,26.0,1996.0,1.2,1,4.0,1,25.0,3.21,0.8,0.25,1.0,0,0,2023,shooting,West Ham United
ENG-Premier League,2023/24,West Ham,Michail Antonio,JAM,FW,33.0,1990.0,18.8,6,30.0,14,46.7,1.59,0.74,0.2,0.43,0,0,2023,shooting,West Ham United
ENG-Premier League,2023/24,West Ham,Mohammed Kudus,GHA,MF,22.0,2000.0,27.6,8,67.0,17,25.4,2.43,0.62,0.12,0.47,0,0,2023,shooting,West Ham United
ENG-Premier League,2023/24,West Ham,Nayef Aguerd,MAR,DF,27.0,1996.0,20.6,1,14.0,4,28.6,0.68,0.19,0.07,0.25,0,0,2023,shooting,West Ham United
ENG-Premier League,2023/24,West Ham,Pablo Fornals,ESP,MF,27.0,1996.0,4.7,0,7.0,3,42.9,1.48,0.63,0.0,0.0,0,0,2023,shooting,West Ham United
ENG-Premier League,2023/24,West Ham,Saïd Benrahma,ALG,MF,27.0,1995.0,6.9,0,19.0,6,31.6,2.76,0.87,0.0,0.0,0,1,2023,shooting,West Ham United
ENG-Premier League,2023/24,West Ham,Thilo Kehrer,GER,DF,26.0,1996.0,0.2,0,0.0,0,,0.0,0.0,,,0,0,2023,shooting,West Ham United
ENG-Premier League,2023/24,West Ham,Tomáš Souček,CZE,MF,28.0,1995.0,31.9,7,42.0,15,35.7,1.32,0.47,0.17,0.47,0,0,2023,shooting,West Ham United
ENG-Premier League,2023/24,West Ham,Vladimír Coufal,CZE,DF,30.0,1992.0,34.8,0,8.0,2,25.0,0.23,0.06,0.0,0.0,0,0,2023,shooting,West Ham United
ENG-Premier League,2023/24,West Ham,Łukasz Fabiański,POL,GK,38.0,1985.0,8.0,0,0.0,0,,0.0,0.0,,,0,0,2023,shooting,West Ham United
ENG-Premier League,2023/24,Wolves,Boubacar Traoré,MLI,MF,21.0,2001.0,9.1,0,11.0,1,9.1,1.21,0.11,0.0,0.0,0,0,2023,shooting,Wolverhampton Wanderers
ENG-Premier League,2023/24,Wolves,Craig Dawson,ENG,DF,33.0,1990.0,24.5,1,16.0,5,31.3,0.65,0.2,0.06,0.2,0,0,2023,shooting,Wolverhampton Wanderers
ENG-Premier League,2023/24,Wolves,Daniel Bentley,ENG,GK,30.0,1993.0,4.3,0,0.0,0,,0.0,0.0,,,0,0,2023,shooting,Wolverhampton Wanderers
ENG-Premier League,2023/24,Wolves,Enso Gonzalez,PAR,FW,18.0,2005.0,0.0,0,0.0,0,,0.0,0.0,,,0,0,2023,shooting,Wolverhampton Wanderers
ENG-Premier League,2023/24,Wolves,Fábio Silva,POR,FW,21.0,2002.0,2.9,0,7.0,3,42.9,2.39,1.02,0.0,0.0,0,0,2023,shooting,Wolverhampton Wanderers
ENG-Premier League,2023/24,Wolves,Hugo Bueno,ESP,"MF,DF",20.0,2002.0,8.2,0,5.0,0,0.0,0.61,0.0,0.0,,0,0,2023,shooting,Wolverhampton Wanderers
ENG-Premier League,2023/24,Wolves,Hwang Hee-chan,KOR,"FW,MF",27.0,1996.0,23.5,12,45.0,18,40.0,1.91,0.76,0.27,0.67,1,1,2023,shooting,Wolverhampton Wanderers
ENG-Premier League,2023/24,Wolves,Jean-Ricner Bellegarde,HAI,"MF,FW",25.0,1998.0,10.6,2,15.0,5,33.3,1.41,0.47,0.13,0.4,0,0,2023,shooting,Wolverhampton Wanderers
ENG-Premier League,2023/24,Wolves,Jonny Castro,ESP,"DF,MF",29.0,1994.0,0.1,0,0.0,0,,0.0,0.0,,,0,0,2023,shooting,Wolverhampton Wanderers
ENG-Premier League,2023/24,Wolves,José Sá,POR,GK,30.0,1993.0,33.7,0,0.0,0,,0.0,0.0,,,0,0,2023,shooting,Wolverhampton Wanderers
ENG-Premier League,2023/24,Wolves,João Gomes,BRA,MF,22.0,2001.0,29.4,2,26.0,8,30.8,0.88,0.27,0.08,0.25,0,0,2023,shooting,Wolverhampton Wanderers
ENG-Premier League,2023/24,Wolves,Leon Chiwome,ENG,FW,17.0,2006.0,1.9,0,2.0,0,0.0,1.03,0.0,0.0,,0,0,2023,shooting,Wolverhampton Wanderers
ENG-Premier League,2023/24,Wolves,Mario Lemina,GAB,MF,29.0,1993.0,33.0,4,48.0,18,37.5,1.46,0.55,0.08,0.22,0,0,2023,shooting,Wolverhampton Wanderers
ENG-Premier League,2023/24,Wolves,Matheus Cunha,BRA,"FW,MF",24.0,1999.0,27.1,12,73.0,38,52.1,2.69,1.4,0.16,0.32,1,1,2023,shooting,Wolverhampton Wanderers
ENG-Premier League,2023/24,Wolves,Matheus Nunes,POR,MF,24.0,1998.0,2.0,0,1.0,0,0.0,0.5,0.0,0.0,,0,0,2023,shooting,Wolverhampton Wanderers
ENG-Premier League,2023/24,Wolves,Matt Doherty,IRL,"MF,DF",31.0,1992.0,12.8,1,8.0,3,37.5,0.63,0.23,0.13,0.33,0,0,2023,shooting,Wolverhampton Wanderers
ENG-Premier League,2023/24,Wolves,Max Kilman,ENG,DF,26.0,1997.0,38.0,2,14.0,6,42.9,0.37,0.16,0.14,0.33,0,0,2023,shooting,Wolverhampton Wanderers
ENG-Premier League,2023/24,Wolves,Nathan Fraser,IRL,FW,18.0,2005.0,2.1,0,3.0,2,66.7,1.45,0.97,0.0,0.0,0,0,2023,shooting,Wolverhampton Wanderers
ENG-Premier League,2023/24,Wolves,Nélson Semedo,POR,"MF,DF",29.0,1993.0,34.3,0,17.0,4,23.5,0.5,0.12,0.0,0.0,0,0,2023,shooting,Wolverhampton Wanderers
ENG-Premier League,2023/24,Wolves,Pablo Sarabia,ESP,"MF,FW",31.0,1992.0,19.4,4,46.0,18,39.1,2.37,0.93,0.09,0.22,2,2,2023,shooting,Wolverhampton Wanderers
ENG-Premier League,2023/24,Wolves,Pedro Neto,POR,"MF,FW",23.0,2000.0,16.8,2,36.0,12,33.3,2.14,0.71,0.06,0.17,0,0,2023,shooting,Wolverhampton Wanderers
ENG-Premier League,2023/24,Wolves,Rayan Aït-Nouri,ALG,"MF,DF",22.0,2001.0,25.9,2,23.0,7,30.4,0.89,0.27,0.09,0.29,0,0,2023,shooting,Wolverhampton Wanderers
ENG-Premier League,2023/24,Wolves,Santiago Bueno,URU,DF,24.0,1998.0,9.1,0,0.0,0,,0.0,0.0,,,0,0,2023,shooting,Wolverhampton Wanderers
ENG-Premier League,2023/24,Wolves,Saša Kalajdžić,AUT,FW,26.0,1997.0,1.8,2,4.0,2,50.0,2.17,1.08,0.5,1.0,0,0,2023,shooting,Wolverhampton Wanderers
ENG-Premier League,2023/24,Wolves,Tawanda Chirewa,ZIM,FW,19.0,2003.0,1.6,0,3.0,1,33.3,1.86,0.62,0.0,0.0,0,0,2023,shooting,Wolverhampton Wanderers
ENG-Premier League,2023/24,Wolves,Tommy Doyle,ENG,MF,21.0,2001.0,13.6,0,14.0,3,21.4,1.03,0.22,0.0,0.0,0,0,2023,shooting,Wolverhampton Wanderers
ENG-Premier League,2023/24,Wolves,Toti Gomes,POR,DF,24.0,1999.0,30.8,1,10.0,5,50.0,0.32,0.16,0.1,0.2,0,0,2023,shooting,Wolverhampton Wanderers
ENG-Premier League,2024/25,Arsenal,Ben White,ENG,DF,26.0,1997.0,13.3,0,9.0,2,22.2,0.68,0.15,0.0,0.0,0,0,2024,shooting,Arsenal
ENG-Premier League,2024/25,Arsenal,Bukayo Saka,ENG,"FW,MF",22.0,2001.0,19.2,6,67.0,23,34.3,3.49,1.2,0.09,0.26,1,1,2024,shooting,Arsenal
ENG-Premier League,2024/25,Arsenal,David Raya,ESP,GK,28.0,1995.0,38.0,0,0.0,0,,0.0,0.0,,,0,0,2024,shooting,Arsenal
ENG-Premier League,2024/25,Arsenal,Declan Rice,ENG,MF,25.0,1999.0,31.4,4,48.0,15,31.3,1.53,0.48,0.08,0.27,0,0,2024,shooting,Arsenal
ENG-Premier League,2024/25,Arsenal,Ethan Nwaneri,ENG,"FW,MF",17.0,2007.0,9.9,4,24.0,9,37.5,2.41,0.91,0.17,0.44,0,0,2024,shooting,Arsenal
ENG-Premier League,2024/25,Arsenal,Gabriel Jesus,BRA,FW,27.0,1997.0,6.8,3,20.0,8,40.0,2.96,1.18,0.15,0.38,0,0,2024,shooting,Arsenal
ENG-Premier League,2024/25,Arsenal,Gabriel Magalhães,BRA,DF,26.0,1997.0,26.3,3,22.0,5,22.7,0.84,0.19,0.14,0.6,0,0,2024,shooting,Arsenal
ENG-Premier League,2024/25,Arsenal,Gabriel Martinelli,BRA,"FW,MF",23.0,2001.0,25.4,8,56.0,25,44.6,2.2,0.98,0.14,0.32,0,0,2024,shooting,Arsenal
ENG-Premier League,2024/25,Arsenal,Jakub Kiwior,POL,DF,24.0,2000.0,12.5,1,3.0,1,33.3,0.24,0.08,0.33,1.0,0,0,2024,shooting,Arsenal
ENG-Premier League,2024/25,Arsenal,Jorginho,ITA,MF,32.0,1991.0,7.8,0,2.0,0,0.0,0.26,0.0,0.0,,0,0,2024,shooting,Arsenal
ENG-Premier League,2024/25,Arsenal,Jurriën Timber,NED,DF,23.0,2001.0,26.9,1,14.0,4,28.6,0.52,0.15,0.07,0.25,0,0,2024,shooting,Arsenal
ENG-Premier League,2024/25,Arsenal,Kai Havertz,GER,FW,25.0,1999.0,20.8,9,53.0,21,39.6,2.54,1.01,0.17,0.43,0,0,2024,shooting,Arsenal
ENG-Premier League,2024/25,Arsenal,Kieran Tierney,SCO,DF,27.0,1997.0,2.9,1,2.0,1,50.0,0.69,0.35,0.5,1.0,0,0,2024,shooting,Arsenal
ENG-Premier League,2024/25,Arsenal,Leandro Trossard,BEL,FW,29.0,1994.0,28.3,8,72.0,22,30.6,2.55,0.78,0.11,0.36,0,0,2024,shooting,Arsenal
ENG-Premier League,2024/25,Arsenal,Martin Ødegaard,NOR,MF,25.0,1998.0,25.8,3,49.0,17,34.7,1.9,0.66,0.06,0.18,1,1,2024,shooting,Arsenal
ENG-Premier League,2024/25,Arsenal,Mikel Merino,ESP,"MF,FW",28.0,1996.0,17.6,7,38.0,15,39.5,2.16,0.85,0.18,0.47,0,0,2024,shooting,Arsenal
ENG-Premier League,2024/25,Arsenal,Myles Lewis-Skelly,ENG,DF,17.0,2006.0,15.2,1,3.0,1,33.3,0.2,0.07,0.33,1.0,0,0,2024,shooting,Arsenal
ENG-Premier League,2024/25,Arsenal,Nathan Butler-Oyedeji,ENG,"FW,MF",21.0,2003.0,0.1,0,1.0,1,100.0,12.86,12.86,0.0,0.0,0,0,2024,shooting,Arsenal
ENG-Premier League,2024/25,Arsenal,Oleksandr Zinchenko,UKR,"DF,MF",27.0,1996.0,5.9,0,10.0,0,0.0,1.71,0.0,0.0,,0,0,2024,shooting,Arsenal
ENG-Premier League,2024/25,Arsenal,Raheem Sterling,ENG,"FW,MF",29.0,1994.0,5.5,0,11.0,0,0.0,1.98,0.0,0.0,,0,0,2024,shooting,Arsenal
ENG-Premier League,2024/25,Arsenal,Reiss Nelson,ENG,"FW,MF",24.0,1999.0,0.0,0,0.0,0,,0.0,0.0,,,0,0,2024,shooting,Arsenal
ENG-Premier League,2024/25,Arsenal,Riccardo Calafiori,ITA,DF,22.0,2002.0,10.9,2,10.0,6,60.0,0.92,0.55,0.2,0.33,0,0,2024,shooting,Arsenal
ENG-Premier League,2024/25,Arsenal,Takehiro Tomiyasu,JPN,DF,25.0,1998.0,0.1,0,1.0,0,0.0,12.86,0.0,0.0,,0,0,2024,shooting,Arsenal
ENG-Premier League,2024/25,Arsenal,Thomas Partey,GHA,"MF,DF",31.0,1993.0,31.1,4,26.0,9,34.6,0.84,0.29,0.15,0.44,0,0,2024,shooting,Arsenal
ENG-Premier League,2024/25,Arsenal,William Saliba,FRA,DF,23.0,2001.0,33.8,2,6.0,3,50.0,0.18,0.09,0.33,0.67,0,0,2024,shooting,Arsenal
ENG-Premier League,2024/25,Aston Villa,Amadou Onana,BEL,MF,22.0,2001.0,18.0,3,17.0,6,35.3,0.95,0.33,0.18,0.5,0,0,2024,shooting,Aston Villa
ENG-Premier League,2024/25,Aston Villa,Andrés García,ESP,"DF,MF",21.0,2003.0,3.5,0,2.0,0,0.0,0.57,0.0,0.0,,0,0,2024,shooting,Aston Villa
ENG-Premier League,2024/25,Aston Villa,Axel Disasi,FRA,DF,26.0,1998.0,5.4,0,2.0,0,0.0,0.37,0.0,0.0,,0,0,2024,shooting,Aston Villa
ENG-Premier League,2024/25,Aston Villa,Boubacar Kamara,FRA,"MF,DF",24.0,1999.0,19.2,1,10.0,3,30.0,0.52,0.16,0.1,0.33,0,0,2024,shooting,Aston Villa
ENG-Premier League,2024/25,Aston Villa,Diego Carlos,BRA,DF,31.0,1993.0,9.2,0,4.0,1,25.0,0.43,0.11,0.0,0.0,0,0,2024,shooting,Aston Villa
ENG-Premier League,2024/25,Aston Villa,Donyell Malen,NED,MF,25.0,1999.0,3.4,3,15.0,9,60.0,4.43,2.66,0.2,0.33,0,0,2024,shooting,Aston Villa
ENG-Premier League,2024/25,Aston Villa,Emi Buendía,ARG,"FW,MF",27.0,1996.0,1.1,0,5.0,0,0.0,4.59,0.0,0.0,,0,0,2024,shooting,Aston Villa
ENG-Premier League,2024/25,Aston Villa,Emiliano Martínez,ARG,GK,31.0,1992.0,35.5,0,0.0,0,,0.0,0.0,,,0,0,2024,shooting,Aston Villa
ENG-Premier League,2024/25,Aston Villa,Ezri Konsa,ENG,DF,26.0,1997.0,32.6,2,11.0,5,45.5,0.34,0.15,0.18,0.4,0,0,2024,shooting,Aston Villa
ENG-Premier League,2024/25,Aston Villa,Ian Maatsen,NED,DF,22.0,2002.0,12.7,1,19.0,5,26.3,1.5,0.4,0.05,0.2,0,0,2024,shooting,Aston Villa
ENG-Premier League,2024/25,Aston Villa,Jacob Ramsey,ENG,MF,23.0,2001.0,18.0,1,19.0,4,21.1,1.05,0.22,0.05,0.25,0,0,2024,shooting,Aston Villa
ENG-Premier League,2024/25,Aston Villa,Jaden Philogene Bidace,ENG,MF,22.0,2002.0,3.7,0,7.0,0,0.0,1.9,0.0,0.0,,0,0,2024,shooting,Aston Villa
ENG-Premier League,2024/25,Aston Villa,John McGinn,SCO,MF,29.0,1994.0,24.7,1,31.0,5,16.1,1.26,0.2,0.03,0.2,0,0,2024,shooting,Aston Villa
ENG-Premier League,2024/25,Aston Villa,Jáder Durán,COL,FW,20.0,2003.0,7.1,7,31.0,15,48.4,4.37,2.12,0.23,0.47,0,0,2024,shooting,Aston Villa
ENG-Premier League,2024/25,Aston Villa,Kosta Nedeljković,SRB,DF,18.0,2005.0,1.4,0,0.0,0,,0.0,0.0,,,0,0,2024,shooting,Aston Villa
ENG-Premier League,2024/25,Aston Villa,Lamare Bogarde,NED,"DF,MF",20.0,2004.0,5.3,0,1.0,1,100.0,0.19,0.19,0.0,0.0,0,0,2024,shooting,Aston Villa
ENG-Premier League,2024/25,Aston Villa,Leon Bailey,JAM,MF,26.0,1997.0,12.7,1,28.0,6,21.4,2.21,0.47,0.04,0.17,0,0,2024,shooting,Aston Villa
ENG-Premier League,2024/25,Aston Villa,Lucas Digne,FRA,DF,31.0,1993.0,26.1,0,13.0,3,23.1,0.5,0.11,0.0,0.0,0,0,2024,shooting,Aston Villa
ENG-Premier League,2024/25,Aston Villa,Marco Asensio,ESP,MF,28.0,1996.0,8.3,3,24.0,11,45.8,2.91,1.33,0.13,0.27,0,2,2024,shooting,Aston Villa
ENG-Premier League,2024/25,Aston Villa,Marcus Rashford,ENG,"FW,MF",26.0,1997.0,4.9,2,19.0,7,36.8,3.85,1.42,0.11,0.29,1,1,2024,shooting,Aston Villa
ENG-Premier League,2024/25,Aston Villa,Matty Cash,POL,DF,26.0,1997.0,23.0,1,13.0,6,46.2,0.57,0.26,0.08,0.17,0,0,2024,shooting,Aston Villa
ENG-Premier League,2024/25,Aston Villa,Morgan Rogers,ENG,MF,22.0,2002.0,34.6,8,55.0,20,36.4,1.59,0.58,0.15,0.4,0,0,2024,shooting,Aston Villa
ENG-Premier League,2024/25,Aston Villa,Ollie Watkins,ENG,FW,28.0,1995.0,28.9,16,84.0,40,47.6,2.91,1.39,0.19,0.4,2,2,2024,shooting,Aston Villa
ENG-Premier League,2024/25,Aston Villa,Pau Torres,ESP,DF,27.0,1997.0,22.4,0,8.0,3,37.5,0.36,0.13,0.0,0.0,0,0,2024,shooting,Aston Villa
ENG-Premier League,2024/25,Aston Villa,Robin Olsen,SWE,GK,34.0,1990.0,2.5,0,0.0,0,,0.0,0.0,,,0,0,2024,shooting,Aston Villa
ENG-Premier League,2024/25,Aston Villa,Ross Barkley,ENG,MF,30.0,1993.0,6.5,3,16.0,6,37.5,2.48,0.93,0.19,0.5,0,0,2024,shooting,Aston Villa
ENG-Premier League,2024/25,Aston Villa,Tyrone Mings,ENG,DF,31.0,1993.0,12.4,0,9.0,1,11.1,0.72,0.08,0.0,0.0,0,0,2024,shooting,Aston Villa
ENG-Premier League,2024/25,Aston Villa,Youri Tielemans,BEL,MF,27.0,1997.0,33.6,3,41.0,13,31.7,1.22,0.39,0.07,0.23,0,1,2024,shooting,Aston Villa
ENG-Premier League,2024/25,Bournemouth,Adam Smith,ENG,DF,33.0,1991.0,17.7,0,3.0,0,0.0,0.17,0.0,0.0,,0,0,2024,shooting,AFC Bournemouth
ENG-Premier League,2024/25,Bournemouth,Alex Scott,ENG,MF,20.0,2003.0,8.4,0,15.0,7,46.7,1.79,0.83,0.0,0.0,0,0,2024,shooting,AFC Bournemouth
ENG-Premier League,2024/25,Bournemouth,Antoine Semenyo,GHA,MF,24.0,2000.0,35.6,11,126.0,41,32.5,3.54,1.15,0.09,0.27,0,0,2024,shooting,AFC Bournemouth
ENG-Premier League,2024/25,Bournemouth,Ben Winterburn,ENG,MF,19.0,2004.0,0.3,0,0.0,0,,0.0,0.0,,,0,0,2024,shooting,AFC Bournemouth
ENG-Premier League,2024/25,Bournemouth,Dango Ouattara,BFA,"MF,FW",22.0,2002.0,22.3,7,62.0,20,32.3,2.78,0.9,0.11,0.35,0,0,2024,shooting,AFC Bournemouth
ENG-Premier League,2024/25,Bournemouth,Daniel Jebbison,CAN,FW,20.0,2003.0,1.3,1,5.0,2,40.0,3.78,1.51,0.2,0.5,0,0,2024,shooting,AFC Bournemouth
ENG-Premier League,2024/25,Bournemouth,David Brooks,WAL,MF,27.0,1997.0,10.7,2,25.0,12,48.0,2.34,1.13,0.08,0.17,0,0,2024,shooting,AFC Bournemouth
ENG-Premier League,2024/25,Bournemouth,Dean Huijsen,ESP,DF,19.0,2005.0,27.0,3,18.0,4,22.2,0.67,0.15,0.17,0.75,0,0,2024,shooting,AFC Bournemouth
ENG-Premier League,2024/25,Bournemouth,Enes Ünal,TUR,FW,27.0,1997.0,3.8,2,19.0,7,36.8,4.96,1.83,0.11,0.29,0,0,2024,shooting,AFC Bournemouth
ENG-Premier League,2024/25,Bournemouth,Evanilson,BRA,FW,24.0,1999.0,25.8,10,73.0,32,43.8,2.83,1.24,0.14,0.31,0,1,2024,shooting,AFC Bournemouth
ENG-Premier League,2024/25,Bournemouth,Illia Zabarnyi,UKR,DF,21.0,2002.0,34.5,0,12.0,1,8.3,0.35,0.03,0.0,0.0,0,0,2024,shooting,AFC Bournemouth
ENG-Premier League,2024/25,Bournemouth,James Hill,ENG,DF,22.0,2002.0,5.0,0,6.0,0,0.0,1.21,0.0,0.0,,0,0,2024,shooting,AFC Bournemouth
ENG-Premier League,2024/25,Bournemouth,Julian Araujo,MEX,DF,22.0,2001.0,5.5,0,0.0,0,,0.0,0.0,,,0,0,2024,shooting,AFC Bournemouth
ENG-Premier League,2024/25,Bournemouth,Julio Soler,ARG,DF,19.0,2005.0,0.1,0,0.0,0,,0.0,0.0,,,0,0,2024,shooting,AFC Bournemouth
ENG-Premier League,2024/25,Bournemouth,Justin Kluivert,NED,MF,25.0,1999.0,26.0,12,63.0,29,46.0,2.42,1.12,0.19,0.41,6,6,2024,shooting,AFC Bournemouth
ENG-Premier League,2024/25,Bournemouth,Kepa Arrizabalaga,ESP,GK,29.0,1994.0,31.0,0,1.0,0,0.0,0.03,0.0,0.0,,0,0,2024,shooting,AFC Bournemouth
ENG-Premier League,2024/25,Bournemouth,Lewis Cook,ENG,"MF,DF",27.0,1997.0,33.1,1,14.0,4,28.6,0.42,0.12,0.07,0.25,0,0,2024,shooting,AFC Bournemouth
ENG-Premier League,2024/25,Bournemouth,Luis Sinisterra,COL,MF,25.0,1999.0,2.6,1,13.0,6,46.2,4.96,2.29,0.08,0.17,0,0,2024,shooting,AFC Bournemouth
ENG-Premier League,2024/25,Bournemouth,Marcos Senesi,ARG,DF,27.0,1997.0,12.3,0,2.0,0,0.0,0.16,0.0,0.0,,0,0,2024,shooting,AFC Bournemouth
ENG-Premier League,2024/25,Bournemouth,Marcus Tavernier,ENG,MF,25.0,1999.0,21.5,3,57.0,17,29.8,2.65,0.79,0.05,0.18,0,0,2024,shooting,AFC Bournemouth
ENG-Premier League,2024/25,Bournemouth,Mark Travers,IRL,GK,25.0,1999.0,5.0,0,0.0,0,,0.0,0.0,,,0,0,2024,shooting,AFC Bournemouth
ENG-Premier League,2024/25,Bournemouth,Max Aarons,ENG,DF,24.0,2000.0,1.0,0,0.0,0,,0.0,0.0,,,0,0,2024,shooting,AFC Bournemouth
ENG-Premier League,2024/25,Bournemouth,Milos Kerkez,HUN,DF,20.0,2003.0,37.1,2,19.0,5,26.3,0.51,0.13,0.11,0.4,0,0,2024,shooting,AFC Bournemouth
ENG-Premier League,2024/25,Bournemouth,Neto,BRA,GK,35.0,1989.0,2.0,0,0.0,0,,0.0,0.0,,,0,0,2024,shooting,AFC Bournemouth
ENG-Premier League,2024/25,Bournemouth,Philip Billing,DEN,MF,28.0,1996.0,2.0,0,5.0,1,20.0,2.45,0.49,0.0,0.0,0,0,2024,shooting,AFC Bournemouth
ENG-Premier League,2024/25,Bournemouth,Remy Rees-Dottin,ENG,FW,18.0,2006.0,0.0,0,0.0,0,,0.0,0.0,,,0,0,2024,shooting,AFC Bournemouth
ENG-Premier League,2024/25,Bournemouth,Ryan Christie,SCO,MF,29.0,1995.0,23.5,2,33.0,12,36.4,1.4,0.51,0.06,0.17,0,0,2024,shooting,AFC Bournemouth
ENG-Premier League,2024/25,Bournemouth,Tyler Adams,USA,MF,25.0,1999.0,21.8,0,9.0,2,22.2,0.41,0.09,0.0,0.0,0,0,2024,shooting,AFC Bournemouth
ENG-Premier League,2024/25,Bournemouth,Zain Silcott-Duberry,MSR,MF,19.0,2005.0,0.0,0,0.0,0,,0.0,0.0,,,0,0,2024,shooting,AFC Bournemouth
ENG-Premier League,2024/25,Brentford,Ben Mee,ENG,DF,34.0,1989.0,2.0,0,0.0,0,,0.0,0.0,,,0,0,2024,shooting,Brentford
ENG-Premier League,2024/25,Brentford,Bryan Mbeumo,CMR,"MF,FW",24.0,1999.0,37.9,20,85.0,41,48.2,2.24,1.08,0.24,0.49,5,6,2024,shooting,Brentford
ENG-Premier League,2024/25,Brentford,Christian Nørgaard,DEN,MF,30.0,1994.0,31.3,5,39.0,16,41.0,1.25,0.51,0.13,0.31,0,0,2024,shooting,Brentford
ENG-Premier League,2024/25,Brentford,Edmond-Paris Maghoma,ENG,MF,23.0,2001.0,1.3,0,1.0,0,0.0,0.76,0.0,0.0,,0,0,2024,shooting,Brentford
ENG-Premier League,2024/25,Brentford,Ethan Pinnock,JAM,DF,31.0,1993.0,21.3,2,10.0,6,60.0,0.47,0.28,0.2,0.33,0,0,2024,shooting,Brentford
ENG-Premier League,2024/25,Brentford,Fabio Carvalho,POR,"FW,MF",21.0,2002.0,5.1,2,12.0,6,50.0,2.37,1.19,0.17,0.33,0,0,2024,shooting,Brentford
ENG-Premier League,2024/25,Brentford,Frank Onyeka,NGA,MF,26.0,1998.0,0.3,0,0.0,0,,0.0,0.0,,,0,0,2024,shooting,Brentford
ENG-Premier League,2024/25,Brentford,Gustavo Nunes,BRA,MF,18.0,2005.0,0.1,0,0.0,0,,0.0,0.0,,,0,0,2024,shooting,Brentford
ENG-Premier League,2024/25,Brentford,Hákon Valdimarsson,ISL,GK,22.0,2001.0,1.6,0,0.0,0,,0.0,0.0,,,0,0,2024,shooting,Brentford
ENG-Premier League,2024/25,Brentford,Igor Thiago,BRA,FW,23.0,2001.0,1.9,0,2.0,0,0.0,1.03,0.0,0.0,,0,0,2024,shooting,Brentford
ENG-Premier League,2024/25,Brentford,Jayden Meghoma,ENG,DF,18.0,2006.0,0.1,0,0.0,0,,0.0,0.0,,,0,0,2024,shooting,Brentford
ENG-Premier League,2024/25,Brentford,Keane Lewis-Potter,ENG,"DF,MF",23.0,2001.0,34.4,1,28.0,14,50.0,0.81,0.41,0.04,0.07,0,0,2024,shooting,Brentford
ENG-Premier League,2024/25,Brentford,Kevin Schade,GER,"MF,FW",22.0,2001.0,25.5,11,55.0,27,49.1,2.16,1.06,0.2,0.41,0,0,2024,shooting,Brentford
ENG-Premier League,2024/25,Brentford,Kim Jisoo,KOR,DF,19.0,2004.0,0.3,0,0.0,0,,0.0,0.0,,,0,0,2024,shooting,Brentford
ENG-Premier League,2024/25,Brentford,Kristoffer Ajer,NOR,DF,26.0,1998.0,16.0,0,9.0,3,33.3,0.56,0.19,0.0,0.0,0,0,2024,shooting,Brentford
ENG-Premier League,2024/25,Brentford,Mads Roerslev,DEN,DF,25.0,1999.0,12.2,0,5.0,2,40.0,0.41,0.16,0.0,0.0,0,0,2024,shooting,Brentford
ENG-Premier League,2024/25,Brentford,Mark Flekken,NED,GK,31.0,1993.0,36.4,0,0.0,0,,0.0,0.0,,,0,0,2024,shooting,Brentford
ENG-Premier League,2024/25,Brentford,Mathias Jensen,DEN,MF,28.0,1996.0,9.6,0,6.0,1,16.7,0.63,0.1,0.0,0.0,0,0,2024,shooting,Brentford
ENG-Premier League,2024/25,Brentford,Michael Kayode,ITA,DF,20.0,2004.0,5.9,0,2.0,0,0.0,0.34,0.0,0.0,,0,0,2024,shooting,Brentford
ENG-Premier League,2024/25,Brentford,Mikkel Damsgaard,DEN,MF,24.0,2000.0,32.3,2,35.0,7,20.0,1.08,0.22,0.06,0.29,0,0,2024,shooting,Brentford
ENG-Premier League,2024/25,Brentford,Nathan Collins,IRL,DF,23.0,2001.0,38.0,2,17.0,6,35.3,0.45,0.16,0.12,0.33,0,0,2024,shooting,Brentford
ENG-Premier League,2024/25,Brentford,Rico Henry,JAM,"DF,MF",27.0,1997.0,1.1,0,0.0,0,,0.0,0.0,,,0,0,2024,shooting,Brentford
ENG-Premier League,2024/25,Brentford,Ryan Trevitt,ENG,MF,21.0,2003.0,0.0,0,0.0,0,,0.0,0.0,,,0,0,2024,shooting,Brentford
ENG-Premier League,2024/25,Brentford,Sepp van den Berg,NED,DF,22.0,2001.0,28.7,0,20.0,6,30.0,0.7,0.21,0.0,0.0,0,0,2024,shooting,Brentford
ENG-Premier League,2024/25,Brentford,Vitaly Janelt,GER,MF,26.0,1998.0,25.0,1,14.0,4,28.6,0.56,0.16,0.07,0.25,0,0,2024,shooting,Brentford
ENG-Premier League,2024/25,Brentford,Yehor Yarmoliuk,UKR,MF,20.0,2004.0,16.1,0,9.0,2,22.2,0.56,0.12,0.0,0.0,0,0,2024,shooting,Brentford
ENG-Premier League,2024/25,Brentford,Yoane Wissa,COD,FW,27.0,1996.0,32.4,19,90.0,43,47.8,2.77,1.33,0.21,0.44,0,0,2024,shooting,Brentford
ENG-Premier League,2024/25,Brentford,Yunus Emre Konak,TUR,MF,18.0,2006.0,0.5,0,1.0,0,0.0,2.14,0.0,0.0,,0,0,2024,shooting,Brentford
ENG-Premier League,2024/25,Brighton,Adam Webster,ENG,DF,29.0,1995.0,9.9,0,5.0,1,20.0,0.51,0.1,0.0,0.0,0,0,2024,shooting,Brighton & Hove Albion
ENG-Premier League,2024/25,Brighton,Bart Verbruggen,NED,GK,21.0,2002.0,36.0,0,0.0,0,,0.0,0.0,,,0,0,2024,shooting,Brighton & Hove Albion
ENG-Premier League,2024/25,Brighton,Billy Gilmour,SCO,MF,23.0,2001.0,1.1,0,1.0,0,0.0,0.92,0.0,0.0,,0,0,2024,shooting,Brighton & Hove Albion
ENG-Premier League,2024/25,Brighton,Brajan Gruda,GER,"MF,FW",20.0,2004.0,7.6,1,11.0,5,45.5,1.44,0.66,0.09,0.2,0,0,2024,shooting,Brighton & Hove Albion
ENG-Premier League,2024/25,Brighton,Carlos Baleba,CMR,MF,20.0,2004.0,29.6,3,44.0,11,25.0,1.49,0.37,0.07,0.27,0,0,2024,shooting,Brighton & Hove Albion
ENG-Premier League,2024/25,Brighton,Danny Welbeck,ENG,FW,33.0,1990.0,23.5,10,60.0,24,40.0,2.55,1.02,0.17,0.42,1,1,2024,shooting,Brighton & Hove Albion
ENG-Premier League,2024/25,Brighton,Diego Gómez,PAR,MF,21.0,2003.0,5.7,1,9.0,3,33.3,1.57,0.52,0.11,0.33,0,0,2024,shooting,Brighton & Hove Albion
ENG-Premier League,2024/25,Brighton,Eiran Cashin,IRL,DF,22.0,2001.0,0.2,0,0.0,0,,0.0,0.0,,,0,0,2024,shooting,Brighton & Hove Albion
ENG-Premier League,2024/25,Brighton,Evan Ferguson,IRL,FW,19.0,2004.0,2.7,1,7.0,2,28.6,2.56,0.73,0.14,0.5,0,0,2024,shooting,Brighton & Hove Albion
ENG-Premier League,2024/25,Brighton,Ferdi Kadioglu,TUR,"DF,MF",24.0,1999.0,4.3,1,4.0,1,25.0,0.94,0.23,0.25,1.0,0,0,2024,shooting,Brighton & Hove Albion
ENG-Premier League,2024/25,Brighton,Georginio Rutter,FRA,"MF,FW",22.0,2002.0,18.4,5,50.0,12,24.0,2.72,0.65,0.1,0.42,0,0,2024,shooting,Brighton & Hove Albion
ENG-Premier League,2024/25,Brighton,Harry Howell,ENG,MF,16.0,2008.0,0.1,0,0.0,0,,0.0,0.0,,,0,0,2024,shooting,Brighton & Hove Albion
ENG-Premier League,2024/25,Brighton,Igor,BRA,DF,26.0,1998.0,10.7,0,1.0,0,0.0,0.09,0.0,0.0,,0,0,2024,shooting,Brighton & Hove Albion
ENG-Premier League,2024/25,Brighton,Jack Hinshelwood,ENG,"MF,DF",19.0,2005.0,20.5,5,18.0,10,55.6,0.88,0.49,0.28,0.5,0,0,2024,shooting,Brighton & Hove Albion
ENG-Premier League,2024/25,Brighton,Jakub Moder,POL,MF,25.0,1999.0,0.1,0,0.0,0,,0.0,0.0,,,0,0,2024,shooting,Brighton & Hove Albion
ENG-Premier League,2024/25,Brighton,James Milner,ENG,MF,38.0,1986.0,1.9,0,2.0,1,50.0,1.06,0.53,0.0,0.0,0,0,2024,shooting,Brighton & Hove Albion
ENG-Premier League,2024/25,Brighton,Jan Paul van Hecke,NED,DF,24.0,2000.0,32.9,1,17.0,5,29.4,0.52,0.15,0.06,0.2,0,0,2024,shooting,Brighton & Hove Albion
ENG-Premier League,2024/25,Brighton,Jason Steele,ENG,GK,33.0,1990.0,2.0,0,0.0,0,,0.0,0.0,,,0,0,2024,shooting,Brighton & Hove Albion
ENG-Premier League,2024/25,Brighton,Jeremy Sarmiento,ECU,MF,22.0,2002.0,0.1,0,0.0,0,,0.0,0.0,,,0,0,2024,shooting,Brighton & Hove Albion
ENG-Premier League,2024/25,Brighton,João Pedro,BRA,"FW,MF",22.0,2001.0,21.6,10,47.0,20,42.6,2.17,0.92,0.21,0.5,5,5,2024,shooting,Brighton & Hove Albion
ENG-Premier League,2024/25,Brighton,Joël Veltman,NED,DF,32.0,1992.0,18.9,0,6.0,1,16.7,0.32,0.05,0.0,0.0,0,0,2024,shooting,Brighton & Hove Albion
ENG-Premier League,2024/25,Brighton,Julio Enciso,PAR,MF,20.0,2004.0,3.3,0,20.0,11,55.0,6.12,3.37,0.0,0.0,0,0,2024,shooting,Brighton & Hove Albion
ENG-Premier League,2024/25,Brighton,Kaoru Mitoma,JPN,MF,27.0,1997.0,28.9,10,57.0,27,47.4,1.97,0.93,0.18,0.37,0,0,2024,shooting,Brighton & Hove Albion
ENG-Premier League,2024/25,Brighton,Lewis Dunk,ENG,DF,32.0,1991.0,23.1,0,12.0,3,25.0,0.52,0.13,0.0,0.0,0,0,2024,shooting,Brighton & Hove Albion
ENG-Premier League,2024/25,Brighton,Mats Wieffer,NED,"DF,MF",24.0,1999.0,11.3,1,9.0,4,44.4,0.8,0.35,0.11,0.25,0,0,2024,shooting,Brighton & Hove Albion
ENG-Premier League,2024/25,Brighton,Matt O'Riley,DEN,MF,23.0,2000.0,10.4,2,22.0,7,31.8,2.11,0.67,0.09,0.29,1,1,2024,shooting,Brighton & Hove Albion
ENG-Premier League,2024/25,Brighton,Pervis Estupiñán,ECU,DF,26.0,1998.0,26.7,1,28.0,9,32.1,1.05,0.34,0.04,0.11,0,0,2024,shooting,Brighton & Hove Albion
ENG-Premier League,2024/25,Brighton,Simon Adingra,CIV,MF,22.0,2002.0,12.2,2,33.0,8,24.2,2.71,0.66,0.06,0.25,0,0,2024,shooting,Brighton & Hove Albion
ENG-Premier League,2024/25,Brighton,Solly March,ENG,MF,30.0,1994.0,1.9,0,2.0,0,0.0,1.07,0.0,0.0,,0,0,2024,shooting,Brighton & Hove Albion
ENG-Premier League,2024/25,Brighton,Tariq Lamptey,GHA,"DF,MF",23.0,2000.0,9.6,2,6.0,2,33.3,0.63,0.21,0.33,1.0,0,0,2024,shooting,Brighton & Hove Albion
ENG-Premier League,2024/25,Brighton,Yankuba Minteh,GAM,MF,20.0,2004.0,20.4,6,34.0,16,47.1,1.66,0.78,0.18,0.38,0,0,2024,shooting,Brighton & Hove Albion
ENG-Premier League,2024/25,Brighton,Yasin Ayari,SWE,MF,20.0,2003.0,21.8,2,28.0,8,28.6,1.28,0.37,0.07,0.25,0,0,2024,shooting,Brighton & Hove Albion
ENG-Premier League,2024/25,Chelsea,Axel Disasi,FRA,DF,26.0,1998.0,4.0,1,2.0,1,50.0,0.49,0.25,0.5,1.0,0,0,2024,shooting,Chelsea
ENG-Premier League,2024/25,Chelsea,Benoît Badiashile,FRA,DF,23.0,2001.0,3.7,0,0.0,0,,0.0,0.0,,,0,0,2024,shooting,Chelsea
ENG-Premier League,2024/25,Chelsea,Christopher Nkunku,FRA,"MF,FW",26.0,1997.0,10.2,3,25.0,12,48.0,2.44,1.17,0.12,0.25,0,0,2024,shooting,Chelsea
ENG-Premier League,2024/25,Chelsea,Cole Palmer,ENG,MF,22.0,2002.0,35.5,15,126.0,51,40.5,3.55,1.44,0.12,0.29,4,5,2024,shooting,Chelsea
ENG-Premier League,2024/25,Chelsea,Enzo Fernández,ARG,MF,23.0,2001.0,32.7,6,53.0,20,37.7,1.62,0.61,0.11,0.3,0,0,2024,shooting,Chelsea
ENG-Premier League,2024/25,Chelsea,Filip Jørgensen,DEN,GK,22.0,2002.0,6.0,0,0.0,0,,0.0,0.0,,,0,0,2024,shooting,Chelsea
ENG-Premier League,2024/25,Chelsea,Jadon Sancho,ENG,MF,24.0,2000.0,19.6,3,24.0,8,33.3,1.22,0.41,0.13,0.38,0,0,2024,shooting,Chelsea
ENG-Premier League,2024/25,Chelsea,Joshua Acheampong,ENG,DF,18.0,2006.0,1.9,0,2.0,0,0.0,1.06,0.0,0.0,,0,0,2024,shooting,Chelsea
ENG-Premier League,2024/25,Chelsea,João Félix,POR,MF,24.0,1999.0,4.1,1,20.0,6,30.0,4.88,1.46,0.05,0.17,0,0,2024,shooting,Chelsea
ENG-Premier League,2024/25,Chelsea,Kiernan Dewsbury-Hall,ENG,MF,25.0,1998.0,2.9,0,1.0,0,0.0,0.34,0.0,0.0,,0,0,2024,shooting,Chelsea
ENG-Premier League,2024/25,Chelsea,Levi Colwill,ENG,DF,21.0,2003.0,35.0,2,17.0,4,23.5,0.49,0.11,0.12,0.5,0,0,2024,shooting,Chelsea
ENG-Premier League,2024/25,Chelsea,Malo Gusto,FRA,DF,21.0,2003.0,20.7,0,22.0,5,22.7,1.06,0.24,0.0,0.0,0,0,2024,shooting,Chelsea
ENG-Premier League,2024/25,Chelsea,Marc Cucurella,ESP,DF,26.0,1998.0,33.2,5,24.0,12,50.0,0.72,0.36,0.21,0.42,0,0,2024,shooting,Chelsea
ENG-Premier League,2024/25,Chelsea,Marc Guiu,ESP,FW,18.0,2006.0,0.8,0,0.0,0,,0.0,0.0,,,0,0,2024,shooting,Chelsea
ENG-Premier League,2024/25,Chelsea,Mathis Amougou,FRA,MF,18.0,2006.0,0.1,0,0.0,0,,0.0,0.0,,,0,0,2024,shooting,Chelsea
ENG-Premier League,2024/25,Chelsea,Moisés Caicedo,ECU,"MF,DF",22.0,2001.0,37.2,1,20.0,3,15.0,0.54,0.08,0.05,0.33,0,0,2024,shooting,Chelsea
ENG-Premier League,2024/25,Chelsea,Mykhailo Mudryk,UKR,MF,23.0,2001.0,1.7,0,1.0,1,100.0,0.6,0.6,0.0,0.0,0,0,2024,shooting,Chelsea
ENG-Premier League,2024/25,Chelsea,Nicolas Jackson,SEN,FW,23.0,2001.0,24.7,10,76.0,35,46.1,3.08,1.42,0.13,0.29,0,0,2024,shooting,Chelsea
ENG-Premier League,2024/25,Chelsea,Noni Madueke,ENG,MF,22.0,2002.0,22.6,7,80.0,32,40.0,3.54,1.42,0.09,0.22,0,0,2024,shooting,Chelsea
ENG-Premier League,2024/25,Chelsea,Pedro Neto,POR,"MF,FW",24.0,2000.0,25.2,4,59.0,17,28.8,2.34,0.67,0.07,0.24,0,0,2024,shooting,Chelsea
ENG-Premier League,2024/25,Chelsea,Reece James,ENG,"DF,MF",24.0,1999.0,11.8,1,11.0,3,27.3,0.93,0.25,0.09,0.33,0,0,2024,shooting,Chelsea
ENG-Premier League,2024/25,Chelsea,Renato Veiga,POR,MF,21.0,2003.0,2.0,0,3.0,1,33.3,1.49,0.5,0.0,0.0,0,0,2024,shooting,Chelsea
ENG-Premier League,2024/25,Chelsea,Robert Sánchez,ESP,GK,26.0,1997.0,32.0,0,0.0,0,,0.0,0.0,,,0,0,2024,shooting,Chelsea
ENG-Premier League,2024/25,Chelsea,Roméo Lavia,BEL,MF,20.0,2004.0,8.9,0,2.0,0,0.0,0.23,0.0,0.0,,0,0,2024,shooting,Chelsea
ENG-Premier League,2024/25,Chelsea,Shumaira Mheuka,ENG,FW,16.0,2007.0,0.0,0,1.0,1,100.0,90.0,90.0,0.0,0.0,0,0,2024,shooting,Chelsea
ENG-Premier League,2024/25,Chelsea,Tosin Adarabioyo,ENG,DF,26.0,1997.0,15.7,1,13.0,2,15.4,0.83,0.13,0.08,0.5,0,0,2024,shooting,Chelsea
ENG-Premier League,2024/25,Chelsea,Trevoh Chalobah,ENG,DF,25.0,1999.0,10.1,0,7.0,3,42.9,0.69,0.3,0.0,0.0,0,0,2024,shooting,Chelsea
ENG-Premier League,2024/25,Chelsea,Tyrique George,ENG,FW,18.0,2006.0,2.0,1,3.0,1,33.3,1.48,0.49,0.33,1.0,0,0,2024,shooting,Chelsea
ENG-Premier League,2024/25,Chelsea,Wesley Fofana,FRA,DF,23.0,2000.0,13.0,0,3.0,0,0.0,0.23,0.0,0.0,,0,0,2024,shooting,Chelsea
ENG-Premier League,2024/25,Crystal Palace,Adam Wharton,ENG,MF,20.0,2004.0,14.6,0,13.0,5,38.5,0.89,0.34,0.0,0.0,0,0,2024,shooting,Crystal Palace
ENG-Premier League,2024/25,Crystal Palace,Asher Agbinone,ENG,MF,18.0,2005.0,0.1,0,1.0,0,0.0,15.0,0.0,0.0,,0,0,2024,shooting,Crystal Palace
ENG-Premier League,2024/25,Crystal Palace,Ben Chilwell,ENG,MF,27.0,1996.0,2.9,1,5.0,3,60.0,1.74,1.04,0.2,0.33,0,0,2024,shooting,Crystal Palace
ENG-Premier League,2024/25,Crystal Palace,Caleb Kporha,ENG,DF,18.0,2006.0,0.1,0,0.0,0,,0.0,0.0,,,0,0,2024,shooting,Crystal Palace
ENG-Premier League,2024/25,Crystal Palace,Chadi Riad,MAR,DF,21.0,2003.0,1.0,0,0.0,0,,0.0,0.0,,,0,0,2024,shooting,Crystal Palace
ENG-Premier League,2024/25,Crystal Palace,Cheick Doucouré,MLI,MF,24.0,2000.0,5.0,0,7.0,0,0.0,1.39,0.0,0.0,,0,0,2024,shooting,Crystal Palace
ENG-Premier League,2024/25,Crystal Palace,Chris Richards,USA,DF,24.0,2000.0,21.4,1,12.0,6,50.0,0.56,0.28,0.08,0.17,0,0,2024,shooting,Crystal Palace
ENG-Premier League,2024/25,Crystal Palace,Daichi Kamada,JPN,MF,27.0,1996.0,17.4,0,20.0,4,20.0,1.15,0.23,0.0,0.0,0,0,2024,shooting,Crystal Palace
ENG-Premier League,2024/25,Crystal Palace,Daniel Muñoz,COL,MF,28.0,1996.0,35.9,4,37.0,18,48.6,1.03,0.5,0.11,0.22,0,0,2024,shooting,Crystal Palace
ENG-Premier League,2024/25,Crystal Palace,Dean Henderson,ENG,GK,27.0,1997.0,38.0,0,1.0,0,0.0,0.03,0.0,0.0,,0,0,2024,shooting,Crystal Palace
ENG-Premier League,2024/25,Crystal Palace,Eberechi Eze,ENG,MF,26.0,1998.0,28.8,8,102.0,29,28.4,3.55,1.01,0.08,0.28,1,2,2024,shooting,Crystal Palace
ENG-Premier League,2024/25,Crystal Palace,Eddie Nketiah,ENG,"FW,MF",25.0,1999.0,11.5,3,43.0,16,37.2,3.74,1.39,0.07,0.19,0,0,2024,shooting,Crystal Palace
ENG-Premier League,2024/25,Crystal Palace,Ismaila Sarr,SEN,MF,26.0,1998.0,30.1,8,59.0,29,49.2,1.96,0.96,0.14,0.28,0,0,2024,shooting,Crystal Palace
ENG-Premier League,2024/25,Crystal Palace,Jean-Philippe Mateta,FRA,FW,27.0,1997.0,29.4,14,69.0,33,47.8,2.35,1.12,0.2,0.42,2,2,2024,shooting,Crystal Palace
ENG-Premier League,2024/25,Crystal Palace,Jefferson Lerma,COL,"MF,DF",29.0,1994.0,25.3,0,26.0,8,30.8,1.03,0.32,0.0,0.0,0,0,2024,shooting,Crystal Palace
ENG-Premier League,2024/25,Crystal Palace,Jeffrey Schlupp,GHA,"DF,FW",31.0,1992.0,1.1,0,4.0,2,50.0,3.5,1.75,0.0,0.0,0,0,2024,shooting,Crystal Palace
ENG-Premier League,2024/25,Crystal Palace,Joachim Andersen,DEN,DF,28.0,1996.0,1.0,0,1.0,1,100.0,1.0,1.0,0.0,0.0,0,0,2024,shooting,Crystal Palace
ENG-Premier League,2024/25,Crystal Palace,Joel Ward,ENG,DF,34.0,1989.0,0.8,0,0.0,0,,0.0,0.0,,,0,0,2024,shooting,Crystal Palace
ENG-Premier League,2024/25,Crystal Palace,Jordan Ayew,GHA,"FW,MF",32.0,1991.0,0.2,0,1.0,0,0.0,4.29,0.0,0.0,,0,0,2024,shooting,Crystal Palace
ENG-Premier League,2024/25,Crystal Palace,Justin Devenny,NIR,MF,20.0,2003.0,5.6,1,10.0,6,60.0,1.78,1.07,0.1,0.17,0,0,2024,shooting,Crystal Palace
ENG-Premier League,2024/25,Crystal Palace,Marc Guéhi,ENG,DF,24.0,2000.0,34.0,3,15.0,7,46.7,0.44,0.21,0.2,0.43,0,0,2024,shooting,Crystal Palace
ENG-Premier League,2024/25,Crystal Palace,Matheus França,BRA,FW,20.0,2004.0,0.6,1,6.0,3,50.0,9.82,4.91,0.17,0.33,0,0,2024,shooting,Crystal Palace
ENG-Premier League,2024/25,Crystal Palace,Maxence Lacroix,FRA,DF,24.0,2000.0,34.6,1,30.0,6,20.0,0.87,0.17,0.03,0.17,0,0,2024,shooting,Crystal Palace
ENG-Premier League,2024/25,Crystal Palace,Nathaniel Clyne,ENG,"DF,MF",33.0,1991.0,5.4,0,2.0,0,0.0,0.37,0.0,0.0,,0,0,2024,shooting,Crystal Palace
ENG-Premier League,2024/25,Crystal Palace,Odsonne Édouard,FRA,MF,26.0,1998.0,1.3,0,5.0,1,20.0,3.91,0.78,0.0,0.0,0,0,2024,shooting,Crystal Palace
ENG-Premier League,2024/25,Crystal Palace,Romain Esse,ENG,MF,19.0,2005.0,1.5,1,1.0,1,100.0,0.65,0.65,1.0,1.0,0,0,2024,shooting,Crystal Palace
ENG-Premier League,2024/25,Crystal Palace,Trevoh Chalobah,ENG,DF,25.0,1999.0,11.8,3,11.0,4,36.4,0.93,0.34,0.27,0.75,0,0,2024,shooting,Crystal Palace
ENG-Premier League,2024/25,Crystal Palace,Tyrick Mitchell,ENG,MF,24.0,1999.0,34.4,0,12.0,3,25.0,0.35,0.09,0.0,0.0,0,0,2024,shooting,Crystal Palace
ENG-Premier League,2024/25,Crystal Palace,Will Hughes,ENG,MF,29.0,1995.0,23.4,0,22.0,1,4.5,0.94,0.04,0.0,0.0,0,0,2024,shooting,Crystal Palace
ENG-Premier League,2024/25,Everton,Abdoulaye Doucouré,MLI,MF,31.0,1993.0,28.5,3,31.0,10,32.3,1.09,0.35,0.1,0.3,0,0,2024,shooting,Everton
ENG-Premier League,2024/25,Everton,Armando Broja,ALB,FW,22.0,2001.0,3.7,0,4.0,0,0.0,1.08,0.0,0.0,,0,0,2024,shooting,Everton
ENG-Premier League,2024/25,Everton,Ashley Young,ENG,DF,39.0,1985.0,20.8,1,6.0,3,50.0,0.29,0.14,0.17,0.33,0,0,2024,shooting,Everton
ENG-Premier League,2024/25,Everton,Beto,GNB,FW,26.0,1998.0,17.0,8,49.0,23,46.9,2.87,1.35,0.16,0.35,0,0,2024,shooting,Everton
ENG-Premier League,2024/25,Everton,Carlos Alcaraz,ARG,MF,21.0,2002.0,8.5,2,26.0,11,42.3,3.06,1.3,0.08,0.18,0,0,2024,shooting,Everton
ENG-Premier League,2024/25,Everton,Dominic Calvert-Lewin,ENG,FW,27.0,1997.0,17.9,3,50.0,20,40.0,2.8,1.12,0.06,0.15,0,0,2024,shooting,Everton
ENG-Premier League,2024/25,Everton,Dwight McNeil,ENG,MF,24.0,1999.0,15.2,4,24.0,10,41.7,1.58,0.66,0.17,0.4,0,0,2024,shooting,Everton
ENG-Premier League,2024/25,Everton,Harrison Armstrong,ENG,MF,17.0,2007.0,0.5,0,1.0,0,0.0,1.87,0.0,0.0,,0,0,2024,shooting,Everton
ENG-Premier League,2024/25,Everton,Idrissa Gueye,SEN,MF,34.0,1989.0,34.0,0,27.0,5,18.5,0.79,0.15,0.0,0.0,0,0,2024,shooting,Everton
ENG-Premier League,2024/25,Everton,Iliman Ndiaye,SEN,"MF,FW",24.0,2000.0,27.0,9,37.0,17,45.9,1.37,0.63,0.24,0.53,2,2,2024,shooting,Everton
ENG-Premier League,2024/25,Everton,Jack Harrison,ENG,"MF,FW",27.0,1996.0,23.1,1,29.0,7,24.1,1.26,0.3,0.03,0.14,0,0,2024,shooting,Everton
ENG-Premier League,2024/25,Everton,Jake O'Brien,IRL,DF,23.0,2001.0,17.5,2,6.0,3,50.0,0.34,0.17,0.33,0.67,0,0,2024,shooting,Everton
ENG-Premier League,2024/25,Everton,James Garner,ENG,"MF,DF",23.0,2001.0,17.7,0,12.0,4,33.3,0.68,0.23,0.0,0.0,0,0,2024,shooting,Everton
ENG-Premier League,2024/25,Everton,James Tarkowski,ENG,DF,31.0,1992.0,32.5,1,15.0,4,26.7,0.46,0.12,0.07,0.25,0,0,2024,shooting,Everton
ENG-Premier League,2024/25,Everton,Jarrad Branthwaite,ENG,DF,22.0,2002.0,27.9,0,10.0,3,30.0,0.36,0.11,0.0,0.0,0,0,2024,shooting,Everton
ENG-Premier League,2024/25,Everton,Jesper Lindstrøm,DEN,MF,24.0,2000.0,13.8,0,28.0,10,35.7,2.03,0.73,0.0,0.0,0,0,2024,shooting,Everton
ENG-Premier League,2024/25,Everton,Jordan Pickford,ENG,GK,30.0,1994.0,38.0,0,0.0,0,,0.0,0.0,,,0,0,2024,shooting,Everton
ENG-Premier League,2024/25,Everton,Mason Holgate,JAM,DF,27.0,1996.0,0.1,0,0.0,0,,0.0,0.0,,,0,0,2024,shooting,Everton
ENG-Premier League,2024/25,Everton,Michael Keane,ENG,DF,31.0,1993.0,11.7,3,10.0,4,40.0,0.86,0.34,0.3,0.75,0,0,2024,shooting,Everton
ENG-Premier League,2024/25,Everton,Nathan Patterson,SCO,DF,22.0,2001.0,3.9,0,1.0,0,0.0,0.26,0.0,0.0,,0,0,2024,shooting,Everton
ENG-Premier League,2024/25,Everton,Orel Mangala,BEL,MF,26.0,1998.0,14.0,1,16.0,6,37.5,1.14,0.43,0.06,0.17,0,0,2024,shooting,Everton
ENG-Premier League,2024/25,Everton,Roman Dixon,ENG,DF,19.0,2004.0,1.0,0,0.0,0,,0.0,0.0,,,0,0,2024,shooting,Everton
ENG-Premier League,2024/25,Everton,Séamus Coleman,IRL,DF,35.0,1988.0,2.4,0,1.0,1,100.0,0.42,0.42,0.0,0.0,0,0,2024,shooting,Everton
ENG-Premier League,2024/25,Everton,Tim Iroegbunam,ENG,MF,21.0,2003.0,6.4,0,5.0,0,0.0,0.78,0.0,0.0,,0,0,2024,shooting,Everton
ENG-Premier League,2024/25,Everton,Vitaliy Mykolenko,UKR,DF,25.0,1999.0,34.2,1,14.0,1,7.1,0.41,0.03,0.07,1.0,0,0,2024,shooting,Everton
ENG-Premier League,2024/25,Everton,Youssef Chermiti,POR,FW,20.0,2004.0,0.5,0,3.0,1,33.3,6.0,2.0,0.0,0.0,0,0,2024,shooting,Everton
ENG-Premier League,2024/25,Fulham,Adama Traoré,ESP,MF,28.0,1996.0,19.7,2,39.0,12,30.8,1.98,0.61,0.05,0.17,0,0,2024,shooting,Fulham
ENG-Premier League,2024/25,Fulham,Alex Iwobi,NGA,MF,28.0,1996.0,33.1,9,68.0,29,42.6,2.05,0.88,0.13,0.31,0,0,2024,shooting,Fulham
ENG-Premier League,2024/25,Fulham,Andreas Pereira,BRA,MF,28.0,1996.0,22.4,2,39.0,9,23.1,1.74,0.4,0.05,0.22,0,1,2024,shooting,Fulham
ENG-Premier League,2024/25,Fulham,Antonee Robinson,USA,"DF,MF",26.0,1997.0,35.2,0,16.0,2,12.5,0.45,0.06,0.0,0.0,0,0,2024,shooting,Fulham
ENG-Premier League,2024/25,Fulham,Bernd Leno,GER,GK,32.0,1992.0,38.0,0,0.0,0,,0.0,0.0,,,0,0,2024,shooting,Fulham
ENG-Premier League,2024/25,Fulham,Calvin Bassey,NGA,DF,24.0,1999.0,34.2,1,14.0,4,28.6,0.41,0.12,0.07,0.25,0,0,2024,shooting,Fulham
ENG-Premier League,2024/25,Fulham,Carlos Vinícius,BRA,FW,29.0,1995.0,0.2,0,1.0,1,100.0,5.63,5.63,0.0,0.0,0,0,2024,shooting,Fulham
ENG-Premier League,2024/25,Fulham,Emile Smith Rowe,ENG,MF,24.0,2000.0,22.7,6,37.0,11,29.7,1.63,0.48,0.16,0.55,0,0,2024,shooting,Fulham
ENG-Premier League,2024/25,Fulham,Harrison Reed,ENG,MF,29.0,1995.0,1.2,0,3.0,2,66.7,2.5,1.67,0.0,0.0,0,0,2024,shooting,Fulham
ENG-Premier League,2024/25,Fulham,Harry Wilson,WAL,"MF,FW",27.0,1997.0,12.9,6,43.0,17,39.5,3.33,1.32,0.14,0.35,0,0,2024,shooting,Fulham
ENG-Premier League,2024/25,Fulham,Issa Diop,MAR,DF,27.0,1997.0,14.9,0,5.0,2,40.0,0.34,0.13,0.0,0.0,0,0,2024,shooting,Fulham
ENG-Premier League,2024/25,Fulham,Jay Stansfield,ENG,"FW,MF",21.0,2002.0,0.0,0,0.0,0,,0.0,0.0,,,0,0,2024,shooting,Fulham
ENG-Premier League,2024/25,Fulham,Joachim Andersen,DEN,DF,28.0,1996.0,28.7,0,19.0,5,26.3,0.66,0.17,0.0,0.0,0,0,2024,shooting,Fulham
ENG-Premier League,2024/25,Fulham,Jorge Cuenca,ESP,DF,24.0,1999.0,3.9,0,1.0,0,0.0,0.26,0.0,0.0,,0,0,2024,shooting,Fulham
ENG-Premier League,2024/25,Fulham,Joshua King,ENG,MF,17.0,2007.0,1.4,0,3.0,0,0.0,2.08,0.0,0.0,,0,0,2024,shooting,Fulham
ENG-Premier League,2024/25,Fulham,Kenny Tete,NED,DF,28.0,1995.0,19.7,0,24.0,2,8.3,1.22,0.1,0.0,0.0,0,0,2024,shooting,Fulham
ENG-Premier League,2024/25,Fulham,Martial Godo,CIV,"FW,MF",21.0,2003.0,0.3,0,0.0,0,,0.0,0.0,,,0,0,2024,shooting,Fulham
ENG-Premier League,2024/25,Fulham,Raúl Jiménez,MEX,FW,33.0,1991.0,27.7,12,96.0,33,34.4,3.46,1.19,0.13,0.36,3,3,2024,shooting,Fulham
ENG-Premier League,2024/25,Fulham,Reiss Nelson,ENG,MF,24.0,1999.0,5.4,1,12.0,6,50.0,2.22,1.11,0.08,0.17,0,0,2024,shooting,Fulham
ENG-Premier League,2024/25,Fulham,Rodrigo Muniz,BRA,FW,23.0,2001.0,10.7,8,40.0,19,47.5,3.73,1.77,0.2,0.42,0,0,2024,shooting,Fulham
ENG-Premier League,2024/25,Fulham,Ryan Sessegnon,ENG,"MF,DF",24.0,2000.0,6.4,4,14.0,8,57.1,2.17,1.24,0.29,0.5,0,0,2024,shooting,Fulham
ENG-Premier League,2024/25,Fulham,Sander Berge,NOR,MF,26.0,1998.0,24.7,0,3.0,1,33.3,0.12,0.04,0.0,0.0,0,0,2024,shooting,Fulham
ENG-Premier League,2024/25,Fulham,Saša Lukić,SRB,MF,27.0,1996.0,26.0,0,18.0,3,16.7,0.69,0.12,0.0,0.0,0,0,2024,shooting,Fulham
ENG-Premier League,2024/25,Fulham,Timothy Castagne,BEL,"DF,MF",28.0,1995.0,18.3,0,8.0,3,37.5,0.44,0.16,0.0,0.0,0,0,2024,shooting,Fulham
ENG-Premier League,2024/25,Fulham,Tom Cairney,SCO,MF,33.0,1991.0,7.0,2,11.0,4,36.4,1.58,0.57,0.18,0.5,0,0,2024,shooting,Fulham
ENG-Premier League,2024/25,Fulham,Willian,BRA,"MF,FW",35.0,1988.0,2.9,0,7.0,0,0.0,2.45,0.0,0.0,,0,0,2024,shooting,Fulham
ENG-Premier League,2024/25,Ipswich Town,Alex Palmer,ENG,GK,27.0,1996.0,13.0,0,0.0,0,,0.0,0.0,,,0,0,2024,shooting,Ipswich Town
ENG-Premier League,2024/25,Ipswich Town,Ali Al Hamadi,IRQ,FW,22.0,2002.0,1.5,0,4.0,0,0.0,2.69,0.0,0.0,,0,0,2024,shooting,Ipswich Town
ENG-Premier League,2024/25,Ipswich Town,Arijanet Muric,KVX,GK,25.0,1998.0,18.0,0,0.0,0,,0.0,0.0,,,0,0,2024,shooting,Ipswich Town
ENG-Premier League,2024/25,Ipswich Town,Axel Tuanzebe,COD,DF,26.0,1997.0,19.0,0,4.0,0,0.0,0.21,0.0,0.0,,0,0,2024,shooting,Ipswich Town
ENG-Premier League,2024/25,Ipswich Town,Ben Godfrey,ENG,DF,26.0,1998.0,1.8,0,0.0,0,,0.0,0.0,,,0,0,2024,shooting,Ipswich Town
ENG-Premier League,2024/25,Ipswich Town,Ben Johnson,ENG,"MF,DF",24.0,2000.0,15.0,1,7.0,3,42.9,0.47,0.2,0.14,0.33,0,0,2024,shooting,Ipswich Town
ENG-Premier League,2024/25,Ipswich Town,Cameron Burgess,AUS,DF,28.0,1995.0,17.1,0,10.0,3,30.0,0.58,0.18,0.0,0.0,0,0,2024,shooting,Ipswich Town
ENG-Premier League,2024/25,Ipswich Town,Chiedozie Ogbene,IRL,MF,27.0,1997.0,2.6,0,0.0,0,,0.0,0.0,,,0,0,2024,shooting,Ipswich Town
ENG-Premier League,2024/25,Ipswich Town,Christian Walton,ENG,GK,28.0,1995.0,7.0,0,0.0,0,,0.0,0.0,,,0,0,2024,shooting,Ipswich Town
ENG-Premier League,2024/25,Ipswich Town,Conor Chaplin,ENG,"MF,FW",27.0,1997.0,9.5,1,16.0,4,25.0,1.68,0.42,0.06,0.25,0,0,2024,shooting,Ipswich Town
ENG-Premier League,2024/25,Ipswich Town,Conor Townsend,ENG,DF,31.0,1993.0,3.7,0,1.0,0,0.0,0.27,0.0,0.0,,0,0,2024,shooting,Ipswich Town
ENG-Premier League,2024/25,Ipswich Town,Dara O'Shea,IRL,DF,25.0,1999.0,34.7,0,22.0,2,9.1,0.63,0.06,0.0,0.0,0,0,2024,shooting,Ipswich Town
ENG-Premier League,2024/25,Ipswich Town,George Edmundson,ENG,DF,26.0,1997.0,0.0,0,0.0,0,,0.0,0.0,,,0,0,2024,shooting,Ipswich Town
ENG-Premier League,2024/25,Ipswich Town,George Hirst,SCO,FW,25.0,1999.0,7.3,3,14.0,7,50.0,1.91,0.95,0.21,0.43,0,0,2024,shooting,Ipswich Town
ENG-Premier League,2024/25,Ipswich Town,Harry Clarke,ENG,DF,23.0,2001.0,4.2,0,1.0,1,100.0,0.24,0.24,0.0,0.0,0,0,2024,shooting,Ipswich Town
ENG-Premier League,2024/25,Ipswich Town,Jack Clarke,ENG,MF,23.0,2000.0,13.1,0,17.0,2,11.8,1.3,0.15,0.0,0.0,0,0,2024,shooting,Ipswich Town
ENG-Premier League,2024/25,Ipswich Town,Jack Taylor,IRL,MF,26.0,1998.0,9.6,1,19.0,4,21.1,1.99,0.42,0.05,0.25,0,0,2024,shooting,Ipswich Town
ENG-Premier League,2024/25,Ipswich Town,Jacob Greaves,ENG,DF,23.0,2000.0,24.5,1,10.0,4,40.0,0.41,0.16,0.1,0.25,0,0,2024,shooting,Ipswich Town
ENG-Premier League,2024/25,Ipswich Town,Jaden Philogene Bidace,ENG,MF,22.0,2002.0,5.3,2,12.0,6,50.0,2.28,1.14,0.17,0.33,0,0,2024,shooting,Ipswich Town
ENG-Premier League,2024/25,Ipswich Town,Jens Cajuste,SWE,MF,24.0,1999.0,21.8,1,12.0,1,8.3,0.55,0.05,0.08,1.0,0,0,2024,shooting,Ipswich Town
ENG-Premier League,2024/25,Ipswich Town,Julio Enciso,PAR,MF,20.0,2004.0,9.7,2,32.0,11,34.4,3.31,1.14,0.06,0.18,0,0,2024,shooting,Ipswich Town
ENG-Premier League,2024/25,Ipswich Town,Kalvin Phillips,ENG,MF,28.0,1995.0,13.7,0,11.0,2,18.2,0.8,0.15,0.0,0.0,0,0,2024,shooting,Ipswich Town
ENG-Premier League,2024/25,Ipswich Town,Leif Davis,ENG,DF,24.0,1999.0,30.5,1,16.0,2,12.5,0.52,0.07,0.06,0.5,0,0,2024,shooting,Ipswich Town
ENG-Premier League,2024/25,Ipswich Town,Liam Delap,ENG,FW,21.0,2003.0,28.8,12,68.0,32,47.1,2.36,1.11,0.18,0.38,2,2,2024,shooting,Ipswich Town
ENG-Premier League,2024/25,Ipswich Town,Luke Woolfenden,ENG,DF,25.0,1998.0,13.2,0,1.0,0,0.0,0.08,0.0,0.0,,0,0,2024,shooting,Ipswich Town
ENG-Premier League,2024/25,Ipswich Town,Marcus Harness,ENG,"FW,MF",28.0,1996.0,0.5,0,0.0,0,,0.0,0.0,,,0,0,2024,shooting,Ipswich Town
ENG-Premier League,2024/25,Ipswich Town,Massimo Luongo,AUS,MF,31.0,1992.0,2.2,0,0.0,0,,0.0,0.0,,,0,0,2024,shooting,Ipswich Town
ENG-Premier League,2024/25,Ipswich Town,Nathan Broadhead,WAL,MF,26.0,1998.0,7.8,2,13.0,8,61.5,1.67,1.03,0.15,0.25,0,0,2024,shooting,Ipswich Town
ENG-Premier League,2024/25,Ipswich Town,Omari Hutchinson,ENG,MF,20.0,2003.0,28.7,3,45.0,19,42.2,1.57,0.66,0.07,0.16,0,0,2024,shooting,Ipswich Town
ENG-Premier League,2024/25,Ipswich Town,Sam Morsy,EGY,MF,32.0,1991.0,30.6,1,13.0,3,23.1,0.43,0.1,0.08,0.33,0,0,2024,shooting,Ipswich Town
ENG-Premier League,2024/25,Ipswich Town,Sammie Szmodics,IRL,MF,28.0,1995.0,11.0,4,21.0,12,57.1,1.91,1.09,0.19,0.33,0,0,2024,shooting,Ipswich Town
ENG-Premier League,2024/25,Ipswich Town,Wes Burns,WAL,MF,29.0,1994.0,10.3,0,7.0,1,14.3,0.68,0.1,0.0,0.0,0,0,2024,shooting,Ipswich Town
ENG-Premier League,2024/25,Leicester City,Abdul Fatawu Issahaku,GHA,"MF,FW",20.0,2004.0,6.4,0,13.0,5,38.5,2.02,0.78,0.0,0.0,0,0,2024,shooting,Leicester City
ENG-Premier League,2024/25,Leicester City,Bilal El Khannouss,MAR,MF,20.0,2004.0,24.2,2,30.0,7,23.3,1.24,0.29,0.07,0.29,0,0,2024,shooting,Leicester City
ENG-Premier League,2024/25,Leicester City,Bobby De Cordova-Reid,JAM,"MF,FW",31.0,1993.0,8.3,1,7.0,3,42.9,0.85,0.36,0.14,0.33,0,0,2024,shooting,Leicester City
ENG-Premier League,2024/25,Leicester City,Boubakary Soumaré,FRA,MF,25.0,1999.0,24.1,0,7.0,0,0.0,0.29,0.0,0.0,,0,0,2024,shooting,Leicester City
ENG-Premier League,2024/25,Leicester City,Caleb Okoli,ITA,DF,23.0,2001.0,12.5,1,4.0,2,50.0,0.32,0.16,0.25,0.5,0,0,2024,shooting,Leicester City
ENG-Premier League,2024/25,Leicester City,Conor Coady,ENG,DF,31.0,1993.0,19.0,1,2.0,2,100.0,0.11,0.11,0.5,0.5,0,0,2024,shooting,Leicester City
ENG-Premier League,2024/25,Leicester City,Danny Ward,WAL,GK,31.0,1993.0,1.5,0,0.0,0,,0.0,0.0,,,0,0,2024,shooting,Leicester City
ENG-Premier League,2024/25,Leicester City,Facundo Buonanotte,ARG,"MF,FW",19.0,2004.0,16.9,5,36.0,12,33.3,2.13,0.71,0.14,0.42,0,0,2024,shooting,Leicester City
ENG-Premier League,2024/25,Leicester City,Hamza Choudhury,BAN,MF,26.0,1997.0,1.5,0,0.0,0,,0.0,0.0,,,0,0,2024,shooting,Leicester City
ENG-Premier League,2024/25,Leicester City,Harry Winks,ENG,MF,28.0,1996.0,17.1,0,10.0,4,40.0,0.59,0.23,0.0,0.0,0,0,2024,shooting,Leicester City
ENG-Premier League,2024/25,Leicester City,Jake Evans,ENG,MF,15.0,2008.0,0.3,0,0.0,0,,0.0,0.0,,,0,0,2024,shooting,Leicester City
ENG-Premier League,2024/25,Leicester City,Jakub Stolarczyk,POL,GK,23.0,2000.0,10.0,0,0.0,0,,0.0,0.0,,,0,0,2024,shooting,Leicester City
ENG-Premier League,2024/25,Leicester City,James Justin,ENG,"DF,MF",26.0,1998.0,32.4,2,25.0,7,28.0,0.77,0.22,0.08,0.29,0,0,2024,shooting,Leicester City
ENG-Premier League,2024/25,Leicester City,Jamie Vardy,ENG,FW,37.0,1987.0,31.4,9,58.0,26,44.8,1.85,0.83,0.16,0.35,1,2,2024,shooting,Leicester City
ENG-Premier League,2024/25,Leicester City,Jannik Vestergaard,DEN,DF,31.0,1992.0,15.5,0,3.0,2,66.7,0.19,0.13,0.0,0.0,0,0,2024,shooting,Leicester City
ENG-Premier League,2024/25,Leicester City,Jeremy Monga,ENG,FW,15.0,2009.0,1.2,0,3.0,1,33.3,2.41,0.8,0.0,0.0,0,0,2024,shooting,Leicester City
ENG-Premier League,2024/25,Leicester City,Jordan Ayew,GHA,MF,32.0,1991.0,18.2,5,32.0,10,31.3,1.76,0.55,0.16,0.5,1,1,2024,shooting,Leicester City
ENG-Premier League,2024/25,Leicester City,Kasey McAteer,IRL,MF,22.0,2001.0,9.5,1,13.0,7,53.8,1.37,0.74,0.08,0.14,0,0,2024,shooting,Leicester City
ENG-Premier League,2024/25,Leicester City,Luke Thomas,ENG,DF,23.0,2001.0,12.3,0,5.0,0,0.0,0.41,0.0,0.0,,0,0,2024,shooting,Leicester City
ENG-Premier League,2024/25,Leicester City,Mads Hermansen,DEN,GK,24.0,2000.0,26.5,0,0.0,0,,0.0,0.0,,,0,0,2024,shooting,Leicester City
ENG-Premier League,2024/25,Leicester City,Michael Golding,ENG,MF,18.0,2006.0,0.0,0,0.0,0,,0.0,0.0,,,0,0,2024,shooting,Leicester City
ENG-Premier League,2024/25,Leicester City,Odsonne Édouard,FRA,FW,26.0,1998.0,0.3,0,0.0,0,,0.0,0.0,,,0,0,2024,shooting,Leicester City
ENG-Premier League,2024/25,Leicester City,Olabade Aluko,,DF,,,0.0,0,0.0,0,,0.0,0.0,,,0,0,2024,shooting,Leicester City
ENG-Premier League,2024/25,Leicester City,Oliver Skipp,ENG,MF,23.0,2000.0,12.5,0,5.0,1,20.0,0.4,0.08,0.0,0.0,0,0,2024,shooting,Leicester City
ENG-Premier League,2024/25,Leicester City,Patson Daka,ZAM,"MF,FW",25.0,1998.0,8.2,1,15.0,4,26.7,1.83,0.49,0.07,0.25,0,0,2024,shooting,Leicester City
ENG-Premier League,2024/25,Leicester City,Ricardo Pereira,POR,DF,30.0,1993.0,4.3,0,2.0,1,50.0,0.46,0.23,0.0,0.0,0,0,2024,shooting,Leicester City
ENG-Premier League,2024/25,Leicester City,Stephy Mavididi,ENG,MF,26.0,1998.0,17.9,4,26.0,7,26.9,1.45,0.39,0.15,0.57,0,0,2024,shooting,Leicester City
ENG-Premier League,2024/25,Leicester City,Victor Bernth Kristiansen,DEN,"DF,MF",21.0,2002.0,27.6,0,3.0,0,0.0,0.11,0.0,0.0,,0,0,2024,shooting,Leicester City
ENG-Premier League,2024/25,Leicester City,Wilfred Ndidi,NGA,MF,27.0,1996.0,25.8,0,22.0,8,36.4,0.85,0.31,0.0,0.0,0,0,2024,shooting,Leicester City
ENG-Premier League,2024/25,Leicester City,Will Alves,ENG,MF,19.0,2005.0,0.0,0,0.0,0,,0.0,0.0,,,0,0,2024,shooting,Leicester City
ENG-Premier League,2024/25,Leicester City,Wout Faes,BEL,DF,26.0,1998.0,31.3,1,12.0,1,8.3,0.38,0.03,0.08,1.0,0,0,2024,shooting,Leicester City
ENG-Premier League,2024/25,Leicester City,Woyo Coulibaly,MLI,DF,25.0,1999.0,1.2,0,2.0,1,50.0,1.65,0.83,0.0,0.0,0,0,2024,shooting,Leicester City
ENG-Premier League,2024/25,Liverpool,Alexis Mac Allister,ARG,MF,25.0,1998.0,28.9,5,38.0,14,36.8,1.32,0.48,0.13,0.36,0,0,2024,shooting,Liverpool
ENG-Premier League,2024/25,Liverpool,Alisson,BRA,GK,31.0,1992.0,27.9,0,0.0,0,,0.0,0.0,,,0,0,2024,shooting,Liverpool
ENG-Premier League,2024/25,Liverpool,Andy Robertson,SCO,DF,30.0,1994.0,27.6,0,15.0,3,20.0,0.54,0.11,0.0,0.0,0,0,2024,shooting,Liverpool
ENG-Premier League,2024/25,Liverpool,Caoimhín Kelleher,IRL,GK,25.0,1998.0,10.0,0,0.0,0,,0.0,0.0,,,0,0,2024,shooting,Liverpool
ENG-Premier League,2024/25,Liverpool,Cody Gakpo,NED,MF,25.0,1999.0,21.5,10,57.0,23,40.4,2.65,1.07,0.18,0.43,0,0,2024,shooting,Liverpool
ENG-Premier League,2024/25,Liverpool,Conor Bradley,NIR,DF,21.0,2003.0,8.4,0,10.0,3,30.0,1.19,0.36,0.0,0.0,0,0,2024,shooting,Liverpool
ENG-Premier League,2024/25,Liverpool,Curtis Jones,ENG,"MF,DF",23.0,2001.0,19.0,3,34.0,13,38.2,1.79,0.68,0.09,0.23,0,0,2024,shooting,Liverpool
ENG-Premier League,2024/25,Liverpool,Darwin Núñez,URU,FW,25.0,1999.0,12.6,5,34.0,13,38.2,2.7,1.03,0.15,0.38,0,0,2024,shooting,Liverpool
ENG-Premier League,2024/25,Liverpool,Diogo Jota,POR,FW,27.0,1996.0,13.3,6,51.0,13,25.5,3.84,0.98,0.12,0.46,0,0,2024,shooting,Liverpool
ENG-Premier League,2024/25,Liverpool,Dominik Szoboszlai,HUN,MF,23.0,2000.0,27.7,6,67.0,23,34.3,2.42,0.83,0.09,0.26,0,0,2024,shooting,Liverpool
ENG-Premier League,2024/25,Liverpool,Federico Chiesa,ITA,FW,26.0,1997.0,1.2,0,5.0,2,40.0,4.17,1.67,0.0,0.0,0,0,2024,shooting,Liverpool
ENG-Premier League,2024/25,Liverpool,Harvey Elliott,ENG,MF,21.0,2003.0,4.1,1,17.0,4,23.5,4.12,0.97,0.06,0.25,0,0,2024,shooting,Liverpool
ENG-Premier League,2024/25,Liverpool,Ibrahima Konaté,FRA,DF,25.0,1999.0,28.4,1,19.0,4,21.1,0.67,0.14,0.05,0.25,0,0,2024,shooting,Liverpool
ENG-Premier League,2024/25,Liverpool,Jarell Quansah,ENG,DF,21.0,2003.0,5.5,0,1.0,0,0.0,0.18,0.0,0.0,,0,0,2024,shooting,Liverpool
ENG-Premier League,2024/25,Liverpool,Jayden Danns,ENG,FW,18.0,2006.0,0.1,0,0.0,0,,0.0,0.0,,,0,0,2024,shooting,Liverpool
ENG-Premier League,2024/25,Liverpool,Joe Gomez,ENG,DF,27.0,1997.0,5.8,0,3.0,2,66.7,0.52,0.35,0.0,0.0,0,0,2024,shooting,Liverpool
ENG-Premier League,2024/25,Liverpool,Kostas Tsimikas,GRE,DF,28.0,1996.0,9.3,0,4.0,2,50.0,0.43,0.22,0.0,0.0,0,0,2024,shooting,Liverpool
ENG-Premier League,2024/25,Liverpool,Luis Díaz,COL,"FW,MF",27.0,1997.0,26.7,13,71.0,30,42.3,2.66,1.13,0.18,0.43,0,0,2024,shooting,Liverpool
ENG-Premier League,2024/25,Liverpool,Mohamed Salah,EGY,MF,32.0,1992.0,37.5,29,130.0,61,46.9,3.47,1.63,0.22,0.48,9,9,2024,shooting,Liverpool
ENG-Premier League,2024/25,Liverpool,Ryan Gravenberch,NED,MF,22.0,2002.0,35.1,0,20.0,5,25.0,0.57,0.14,0.0,0.0,0,0,2024,shooting,Liverpool
ENG-Premier League,2024/25,Liverpool,Trent Alexander-Arnold,ENG,DF,25.0,1998.0,26.3,3,45.0,8,17.8,1.71,0.3,0.07,0.38,0,0,2024,shooting,Liverpool
ENG-Premier League,2024/25,Liverpool,Virgil van Dijk,NED,DF,33.0,1991.0,37.0,3,26.0,8,30.8,0.7,0.22,0.12,0.38,0,0,2024,shooting,Liverpool
ENG-Premier League,2024/25,Liverpool,Vitezslav Jaros,CZE,GK,23.0,2001.0,0.1,0,0.0,0,,0.0,0.0,,,0,0,2024,shooting,Liverpool
ENG-Premier League,2024/25,Liverpool,Wataru Endo,JPN,MF,31.0,1993.0,3.0,0,0.0,0,,0.0,0.0,,,0,0,2024,shooting,Liverpool
ENG-Premier League,2024/25,Manchester City,Abdukodir Khusanov,UZB,DF,20.0,2004.0,5.6,0,1.0,0,0.0,0.18,0.0,0.0,,0,0,2024,shooting,Manchester City
ENG-Premier League,2024/25,Manchester City,Bernardo Silva,POR,MF,29.0,1994.0,29.7,4,32.0,12,37.5,1.08,0.4,0.13,0.33,0,0,2024,shooting,Manchester City
ENG-Premier League,2024/25,Manchester City,Claudio Echeverri,ARG,MF,18.0,2006.0,0.1,0,0.0,0,,0.0,0.0,,,0,0,2024,shooting,Manchester City
ENG-Premier League,2024/25,Manchester City,Divin Mubama,ENG,FW,19.0,2004.0,0.3,0,1.0,0,0.0,3.21,0.0,0.0,,0,0,2024,shooting,Manchester City
ENG-Premier League,2024/25,Manchester City,Ederson Moraes,BRA,GK,30.0,1993.0,25.8,0,0.0,0,,0.0,0.0,,,0,0,2024,shooting,Manchester City
ENG-Premier League,2024/25,Manchester City,Erling Haaland,NOR,FW,24.0,2000.0,30.4,22,109.0,60,55.0,3.59,1.97,0.2,0.37,3,4,2024,shooting,Manchester City
ENG-Premier League,2024/25,Manchester City,Jack Grealish,ENG,"MF,FW",28.0,1995.0,8.0,1,15.0,5,33.3,1.87,0.62,0.07,0.2,0,0,2024,shooting,Manchester City
ENG-Premier League,2024/25,Manchester City,Jahmai Simpson-Pusey,ENG,DF,18.0,2005.0,1.1,0,0.0,0,,0.0,0.0,,,0,0,2024,shooting,Manchester City
ENG-Premier League,2024/25,Manchester City,James Mcatee,ENG,MF,21.0,2002.0,3.9,3,12.0,4,33.3,3.09,1.03,0.25,0.75,0,0,2024,shooting,Manchester City
ENG-Premier League,2024/25,Manchester City,Jeremy Doku,BEL,"MF,FW",22.0,2002.0,16.8,3,29.0,9,31.0,1.72,0.53,0.1,0.33,0,0,2024,shooting,Manchester City
ENG-Premier League,2024/25,Manchester City,John Stones,ENG,DF,30.0,1994.0,6.1,2,2.0,2,100.0,0.33,0.33,1.0,1.0,0,0,2024,shooting,Manchester City
ENG-Premier League,2024/25,Manchester City,Joško Gvardiol,CRO,DF,22.0,2002.0,36.4,5,40.0,12,30.0,1.1,0.33,0.13,0.42,0,0,2024,shooting,Manchester City
ENG-Premier League,2024/25,Manchester City,Kevin De Bruyne,BEL,"MF,FW",33.0,1991.0,18.9,4,57.0,18,31.6,3.01,0.95,0.07,0.22,0,0,2024,shooting,Manchester City
ENG-Premier League,2024/25,Manchester City,Kyle Walker,ENG,DF,34.0,1990.0,10.8,0,5.0,2,40.0,0.46,0.19,0.0,0.0,0,0,2024,shooting,Manchester City
ENG-Premier League,2024/25,Manchester City,Manuel Akanji,SUI,"DF,MF",29.0,1995.0,22.4,0,15.0,2,13.3,0.67,0.09,0.0,0.0,0,0,2024,shooting,Manchester City
ENG-Premier League,2024/25,Manchester City,Mateo Kovačić,CRO,"MF,DF",30.0,1994.0,24.4,6,45.0,12,26.7,1.84,0.49,0.13,0.5,0,0,2024,shooting,Manchester City
ENG-Premier League,2024/25,Manchester City,Matheus Nunes,POR,"DF,MF",25.0,1998.0,18.6,1,9.0,4,44.4,0.48,0.22,0.11,0.25,0,0,2024,shooting,Manchester City
ENG-Premier League,2024/25,Manchester City,Nathan Aké,NED,DF,29.0,1995.0,7.5,0,3.0,0,0.0,0.4,0.0,0.0,,0,0,2024,shooting,Manchester City
ENG-Premier League,2024/25,Manchester City,Nico O'Reilly,ENG,DF,19.0,2005.0,5.9,2,8.0,3,37.5,1.36,0.51,0.25,0.67,0,0,2024,shooting,Manchester City
ENG-Premier League,2024/25,Manchester City,Nicolás González,ESP,MF,22.0,2002.0,8.4,1,9.0,2,22.2,1.07,0.24,0.11,0.5,0,0,2024,shooting,Manchester City
ENG-Premier League,2024/25,Manchester City,Omar Marmoush,EGY,"MF,FW",25.0,1999.0,13.1,7,49.0,17,34.7,3.75,1.3,0.14,0.41,0,0,2024,shooting,Manchester City
ENG-Premier League,2024/25,Manchester City,Oscar Bobb,NOR,"FW,MF",21.0,2003.0,0.2,0,0.0,0,,0.0,0.0,,,0,0,2024,shooting,Manchester City
ENG-Premier League,2024/25,Manchester City,Phil Foden,ENG,"MF,FW",24.0,2000.0,19.7,7,54.0,16,29.6,2.73,0.81,0.13,0.44,0,0,2024,shooting,Manchester City
ENG-Premier League,2024/25,Manchester City,Rico Lewis,ENG,"DF,MF",19.0,2004.0,21.0,1,10.0,2,20.0,0.48,0.1,0.1,0.5,0,0,2024,shooting,Manchester City
ENG-Premier League,2024/25,Manchester City,Rodri,ESP,MF,28.0,1996.0,0.8,0,0.0,0,,0.0,0.0,,,0,0,2024,shooting,Manchester City
ENG-Premier League,2024/25,Manchester City,Rúben Dias,POR,"DF,MF",27.0,1997.0,25.2,0,21.0,7,33.3,0.83,0.28,0.0,0.0,0,0,2024,shooting,Manchester City
ENG-Premier League,2024/25,Manchester City,Stefan Ortega,GER,GK,31.0,1992.0,12.2,0,0.0,0,,0.0,0.0,,,0,0,2024,shooting,Manchester City
ENG-Premier League,2024/25,Manchester City,Sávio,BRA,"MF,FW",20.0,2004.0,19.6,1,55.0,21,38.2,2.8,1.07,0.02,0.05,0,0,2024,shooting,Manchester City
ENG-Premier League,2024/25,Manchester City,Vitor Reis,BRA,DF,18.0,2006.0,0.0,0,0.0,0,,0.0,0.0,,,0,0,2024,shooting,Manchester City
ENG-Premier League,2024/25,Manchester City,İlkay Gündoğan,GER,MF,33.0,1990.0,24.7,1,27.0,7,25.9,1.09,0.28,0.04,0.14,0,0,2024,shooting,Manchester City
ENG-Premier League,2024/25,Manchester Utd,Alejandro Garnacho,ARG,MF,20.0,2004.0,24.4,6,84.0,30,35.7,3.44,1.23,0.07,0.2,0,0,2024,shooting,Manchester United
ENG-Premier League,2024/25,Manchester Utd,Altay Bayındır,TUR,GK,26.0,1998.0,4.0,0,0.0,0,,0.0,0.0,,,0,0,2024,shooting,Manchester United
ENG-Premier League,2024/25,Manchester Utd,Amad Diallo,CIV,"MF,FW",22.0,2002.0,21.1,8,47.0,17,36.2,2.23,0.8,0.17,0.47,0,0,2024,shooting,Manchester United
ENG-Premier League,2024/25,Manchester Utd,André Onana,CMR,GK,28.0,1996.0,34.0,0,0.0,0,,0.0,0.0,,,0,0,2024,shooting,Manchester United
ENG-Premier League,2024/25,Manchester Utd,Antony,BRA,"FW,MF",24.0,2000.0,1.6,0,6.0,3,50.0,3.83,1.91,0.0,0.0,0,0,2024,shooting,Manchester United
ENG-Premier League,2024/25,Manchester Utd,Ayden Heaven,ENG,DF,17.0,2006.0,1.9,0,2.0,0,0.0,1.06,0.0,0.0,,0,0,2024,shooting,Manchester United
ENG-Premier League,2024/25,Manchester Utd,Bruno Fernandes,POR,MF,29.0,1994.0,33.5,8,96.0,29,30.2,2.86,0.86,0.08,0.28,3,3,2024,shooting,Manchester United
ENG-Premier League,2024/25,Manchester Utd,Casemiro,BRA,MF,32.0,1992.0,16.6,1,32.0,10,31.3,1.93,0.6,0.03,0.1,0,0,2024,shooting,Manchester United
ENG-Premier League,2024/25,Manchester Utd,Chidozie Obi-Martin,DEN,FW,16.0,2007.0,1.8,0,5.0,1,20.0,2.73,0.55,0.0,0.0,0,0,2024,shooting,Manchester United
ENG-Premier League,2024/25,Manchester Utd,Christian Eriksen,DEN,MF,32.0,1992.0,11.8,1,15.0,2,13.3,1.27,0.17,0.07,0.5,1,1,2024,shooting,Manchester United
ENG-Premier League,2024/25,Manchester Utd,Diogo Dalot,POR,"MF,DF",25.0,1999.0,31.3,0,24.0,5,20.8,0.77,0.16,0.0,0.0,0,0,2024,shooting,Manchester United
ENG-Premier League,2024/25,Manchester Utd,Harry Amass,ENG,MF,17.0,2007.0,3.8,0,3.0,0,0.0,0.78,0.0,0.0,,0,0,2024,shooting,Manchester United
ENG-Premier League,2024/25,Manchester Utd,Harry Maguire,ENG,DF,31.0,1993.0,19.5,1,15.0,7,46.7,0.77,0.36,0.07,0.14,0,0,2024,shooting,Manchester United
ENG-Premier League,2024/25,Manchester Utd,Jonny Evans,NIR,DF,36.0,1988.0,3.5,0,2.0,1,50.0,0.57,0.29,0.0,0.0,0,0,2024,shooting,Manchester United
ENG-Premier League,2024/25,Manchester Utd,Joshua Zirkzee,NED,"FW,MF",23.0,2001.0,15.6,3,28.0,11,39.3,1.8,0.71,0.11,0.27,0,0,2024,shooting,Manchester United
ENG-Premier League,2024/25,Manchester Utd,Kobbie Mainoo,ENG,MF,19.0,2005.0,18.3,0,15.0,2,13.3,0.82,0.11,0.0,0.0,0,0,2024,shooting,Manchester United
ENG-Premier League,2024/25,Manchester Utd,Leny Yoro,FRA,DF,18.0,2005.0,12.9,0,5.0,1,20.0,0.39,0.08,0.0,0.0,0,0,2024,shooting,Manchester United
ENG-Premier League,2024/25,Manchester Utd,Lisandro Martínez,ARG,DF,26.0,1998.0,19.5,2,17.0,6,35.3,0.87,0.31,0.12,0.33,0,0,2024,shooting,Manchester United
ENG-Premier League,2024/25,Manchester Utd,Luke Shaw,ENG,DF,29.0,1995.0,3.9,0,1.0,0,0.0,0.26,0.0,0.0,,0,0,2024,shooting,Manchester United
ENG-Premier League,2024/25,Manchester Utd,Manuel Ugarte,URU,MF,23.0,2001.0,19.8,1,19.0,4,21.1,0.96,0.2,0.05,0.25,0,0,2024,shooting,Manchester United
ENG-Premier League,2024/25,Manchester Utd,Marcus Rashford,ENG,MF,26.0,1997.0,10.9,4,16.0,9,56.3,1.47,0.83,0.25,0.44,0,0,2024,shooting,Manchester United
ENG-Premier League,2024/25,Manchester Utd,Mason Mount,ENG,"MF,FW",25.0,1999.0,6.9,1,20.0,9,45.0,2.89,1.3,0.05,0.11,0,0,2024,shooting,Manchester United
ENG-Premier League,2024/25,Manchester Utd,Matthijs de Ligt,NED,DF,24.0,1999.0,23.6,2,18.0,10,55.6,0.76,0.42,0.11,0.2,0,0,2024,shooting,Manchester United
ENG-Premier League,2024/25,Manchester Utd,Noussair Mazraoui,MAR,"DF,MF",26.0,1997.0,31.5,0,13.0,3,23.1,0.41,0.1,0.0,0.0,0,0,2024,shooting,Manchester United
ENG-Premier League,2024/25,Manchester Utd,Patrick Dorgu,DEN,MF,19.0,2004.0,9.4,0,10.0,2,20.0,1.07,0.21,0.0,0.0,0,0,2024,shooting,Manchester United
ENG-Premier League,2024/25,Manchester Utd,Rasmus Højlund,DEN,FW,21.0,2003.0,22.3,4,32.0,13,40.6,1.44,0.58,0.13,0.31,0,0,2024,shooting,Manchester United
ENG-Premier League,2024/25,Manchester Utd,Scott McTominay,SCO,MF,27.0,1996.0,0.2,0,1.0,0,0.0,4.74,0.0,0.0,,0,0,2024,shooting,Manchester United
ENG-Premier League,2024/25,Manchester Utd,Toby Collyer,ENG,MF,20.0,2004.0,2.0,0,1.0,0,0.0,0.5,0.0,0.0,,0,0,2024,shooting,Manchester United
ENG-Premier League,2024/25,Manchester Utd,Tyler Fredricson,ENG,DF,19.0,2005.0,1.8,0,0.0,0,,0.0,0.0,,,0,0,2024,shooting,Manchester United
ENG-Premier League,2024/25,Manchester Utd,Tyrell Malacia,NED,MF,24.0,1999.0,1.1,0,0.0,0,,0.0,0.0,,,0,0,2024,shooting,Manchester United
ENG-Premier League,2024/25,Manchester Utd,Victor Lindelöf,SWE,DF,30.0,1994.0,7.8,0,0.0,0,,0.0,0.0,,,0,0,2024,shooting,Manchester United
ENG-Premier League,2024/25,Newcastle,Alexander Isak,SWE,FW,24.0,1999.0,30.6,23,99.0,46,46.5,3.23,1.5,0.23,0.5,4,4,2024,shooting,Newcastle United
ENG-Premier League,2024/25,Newcastle,Anthony Gordon,ENG,"FW,MF",23.0,2001.0,27.0,6,59.0,19,32.2,2.18,0.7,0.1,0.32,1,2,2024,shooting,Newcastle United
ENG-Premier League,2024/25,Newcastle,Bruno Guimarães,BRA,MF,26.0,1997.0,36.3,5,45.0,15,33.3,1.24,0.41,0.11,0.33,0,0,2024,shooting,Newcastle United
ENG-Premier League,2024/25,Newcastle,Callum Wilson,ENG,FW,32.0,1992.0,4.1,0,6.0,1,16.7,1.46,0.24,0.0,0.0,0,0,2024,shooting,Newcastle United
ENG-Premier League,2024/25,Newcastle,Dan Burn,ENG,DF,32.0,1992.0,37.0,1,22.0,6,27.3,0.59,0.16,0.05,0.17,0,0,2024,shooting,Newcastle United
ENG-Premier League,2024/25,Newcastle,Emil Krafth,SWE,DF,29.0,1994.0,3.8,0,1.0,0,0.0,0.26,0.0,0.0,,0,0,2024,shooting,Newcastle United
ENG-Premier League,2024/25,Newcastle,Fabian Schär,SUI,DF,32.0,1991.0,32.6,4,40.0,11,27.5,1.23,0.34,0.1,0.36,0,0,2024,shooting,Newcastle United
ENG-Premier League,2024/25,Newcastle,Harvey Barnes,ENG,"FW,MF",26.0,1997.0,19.5,9,63.0,21,33.3,3.23,1.08,0.14,0.43,0,0,2024,shooting,Newcastle United
ENG-Premier League,2024/25,Newcastle,Jacob Murphy,ENG,"FW,MF",29.0,1995.0,26.2,8,43.0,15,34.9,1.64,0.57,0.19,0.53,0,0,2024,shooting,Newcastle United
ENG-Premier League,2024/25,Newcastle,Joe Willock,ENG,MF,24.0,1999.0,12.1,0,18.0,3,16.7,1.49,0.25,0.0,0.0,0,0,2024,shooting,Newcastle United
ENG-Premier League,2024/25,Newcastle,Joelinton,BRA,"MF,FW",27.0,1996.0,26.6,4,45.0,14,31.1,1.69,0.53,0.09,0.29,0,0,2024,shooting,Newcastle United
ENG-Premier League,2024/25,Newcastle,Kieran Trippier,ENG,DF,33.0,1990.0,14.5,0,4.0,0,0.0,0.28,0.0,0.0,,0,0,2024,shooting,Newcastle United
ENG-Premier League,2024/25,Newcastle,Lewis Hall,ENG,DF,19.0,2004.0,24.3,0,11.0,1,9.1,0.45,0.04,0.0,0.0,0,0,2024,shooting,Newcastle United
ENG-Premier League,2024/25,Newcastle,Lewis Miley,ENG,MF,18.0,2006.0,3.5,1,3.0,2,66.7,0.86,0.58,0.33,0.5,0,0,2024,shooting,Newcastle United
ENG-Premier League,2024/25,Newcastle,Lloyd Kelly,ENG,DF,25.0,1998.0,3.4,0,3.0,0,0.0,0.89,0.0,0.0,,0,0,2024,shooting,Newcastle United
ENG-Premier League,2024/25,Newcastle,Martin Dúbravka,SVK,GK,35.0,1989.0,10.0,0,0.0,0,,0.0,0.0,,,0,0,2024,shooting,Newcastle United
ENG-Premier League,2024/25,Newcastle,Matt Targett,ENG,"DF,MF",28.0,1995.0,0.2,0,0.0,0,,0.0,0.0,,,0,0,2024,shooting,Newcastle United
ENG-Premier League,2024/25,Newcastle,Miguel Almirón,PAR,FW,30.0,1994.0,1.7,0,6.0,2,33.3,3.44,1.15,0.0,0.0,0,0,2024,shooting,Newcastle United
ENG-Premier League,2024/25,Newcastle,Nick Pope,ENG,GK,32.0,1992.0,28.0,0,0.0,0,,0.0,0.0,,,0,0,2024,shooting,Newcastle United
ENG-Premier League,2024/25,Newcastle,Sandro Tonali,ITA,MF,24.0,2000.0,29.2,4,35.0,12,34.3,1.2,0.41,0.11,0.33,0,0,2024,shooting,Newcastle United
ENG-Premier League,2024/25,Newcastle,Sean Longstaff,ENG,MF,26.0,1997.0,8.9,0,6.0,1,16.7,0.68,0.11,0.0,0.0,0,0,2024,shooting,Newcastle United
ENG-Premier League,2024/25,Newcastle,Sven Botman,NED,DF,24.0,2000.0,4.6,0,5.0,2,40.0,1.09,0.44,0.0,0.0,0,0,2024,shooting,Newcastle United
ENG-Premier League,2024/25,Newcastle,Tino Livramento,ENG,DF,21.0,2002.0,31.6,0,6.0,2,33.3,0.19,0.06,0.0,0.0,0,0,2024,shooting,Newcastle United
ENG-Premier League,2024/25,Newcastle,William Osula,DEN,FW,20.0,2003.0,1.5,1,4.0,1,25.0,2.69,0.67,0.25,1.0,0,0,2024,shooting,Newcastle United
ENG-Premier League,2024/25,Nottingham,Anthony Elanga,SWE,"MF,FW",22.0,2002.0,27.8,6,44.0,24,54.5,1.58,0.86,0.14,0.25,0,0,2024,shooting,Nottingham Forest
ENG-Premier League,2024/25,Nottingham,Callum Hudson-Odoi,ENG,MF,23.0,2000.0,24.4,5,37.0,17,45.9,1.52,0.7,0.14,0.29,0,0,2024,shooting,Nottingham Forest
ENG-Premier League,2024/25,Nottingham,Chris Wood,NZL,FW,32.0,1991.0,32.9,20,68.0,35,51.5,2.07,1.06,0.29,0.57,3,3,2024,shooting,Nottingham Forest
ENG-Premier League,2024/25,Nottingham,Danilo Santos,BRA,MF,23.0,2001.0,3.1,0,0.0,0,,0.0,0.0,,,0,0,2024,shooting,Nottingham Forest
ENG-Premier League,2024/25,Nottingham,Elliot Anderson,ENG,MF,21.0,2002.0,30.3,2,40.0,7,17.5,1.32,0.23,0.05,0.29,0,0,2024,shooting,Nottingham Forest
ENG-Premier League,2024/25,Nottingham,Eric da Silva Moreira,GER,DF,18.0,2006.0,0.3,0,0.0,0,,0.0,0.0,,,0,0,2024,shooting,Nottingham Forest
ENG-Premier League,2024/25,Nottingham,Harry Toffolo,ENG,DF,28.0,1995.0,1.5,0,1.0,0,0.0,0.66,0.0,0.0,,0,0,2024,shooting,Nottingham Forest
ENG-Premier League,2024/25,Nottingham,Ibrahim Sangaré,CIV,MF,26.0,1997.0,6.6,0,1.0,1,100.0,0.15,0.15,0.0,0.0,0,0,2024,shooting,Nottingham Forest
ENG-Premier League,2024/25,Nottingham,James Ward-Prowse,ENG,MF,29.0,1994.0,4.4,0,2.0,1,50.0,0.45,0.23,0.0,0.0,0,0,2024,shooting,Nottingham Forest
ENG-Premier League,2024/25,Nottingham,Jota Silva,POR,MF,24.0,1999.0,9.5,3,23.0,7,30.4,2.42,0.74,0.13,0.43,0,0,2024,shooting,Nottingham Forest
ENG-Premier League,2024/25,Nottingham,Matz Sels,BEL,GK,32.0,1992.0,38.0,0,0.0,0,,0.0,0.0,,,0,0,2024,shooting,Nottingham Forest
ENG-Premier League,2024/25,Nottingham,Morato,BRA,DF,23.0,2001.0,10.1,0,2.0,1,50.0,0.2,0.1,0.0,0.0,0,0,2024,shooting,Nottingham Forest
ENG-Premier League,2024/25,Nottingham,Morgan Gibbs-White,ENG,MF,24.0,2000.0,31.1,7,61.0,22,36.1,1.96,0.71,0.11,0.32,0,0,2024,shooting,Nottingham Forest
ENG-Premier League,2024/25,Nottingham,Murillo,BRA,DF,22.0,2002.0,35.4,2,25.0,6,24.0,0.71,0.17,0.08,0.33,0,0,2024,shooting,Nottingham Forest
ENG-Premier League,2024/25,Nottingham,Neco Williams,WAL,"DF,MF",23.0,2001.0,28.8,1,37.0,7,18.9,1.28,0.24,0.03,0.14,0,0,2024,shooting,Nottingham Forest
ENG-Premier League,2024/25,Nottingham,Nicolás Domínguez,ARG,MF,26.0,1998.0,21.8,0,21.0,9,42.9,0.96,0.41,0.0,0.0,0,0,2024,shooting,Nottingham Forest
ENG-Premier League,2024/25,Nottingham,Nikola Milenković,SRB,DF,26.0,1997.0,37.0,5,29.0,8,27.6,0.78,0.22,0.17,0.63,0,0,2024,shooting,Nottingham Forest
ENG-Premier League,2024/25,Nottingham,Ola Aina,NGA,DF,27.0,1996.0,33.3,2,11.0,2,18.2,0.33,0.06,0.18,1.0,0,0,2024,shooting,Nottingham Forest
ENG-Premier League,2024/25,Nottingham,Ramón Sosa,PAR,MF,24.0,1999.0,3.3,1,11.0,5,45.5,3.36,1.53,0.09,0.2,0,0,2024,shooting,Nottingham Forest
ENG-Premier League,2024/25,Nottingham,Ryan Yates,ENG,MF,26.0,1997.0,21.3,2,33.0,9,27.3,1.55,0.42,0.06,0.22,0,0,2024,shooting,Nottingham Forest
ENG-Premier League,2024/25,Nottingham,Taiwo Awoniyi,NGA,FW,26.0,1997.0,4.6,1,10.0,4,40.0,2.16,0.87,0.1,0.25,0,0,2024,shooting,Nottingham Forest
ENG-Premier League,2024/25,Nottingham,Willy Boly,CIV,DF,33.0,1991.0,1.7,0,1.0,1,100.0,0.6,0.6,0.0,0.0,0,0,2024,shooting,Nottingham Forest
ENG-Premier League,2024/25,Nottingham,Álex Moreno,ESP,DF,31.0,1993.0,10.6,0,6.0,0,0.0,0.57,0.0,0.0,,0,0,2024,shooting,Nottingham Forest
ENG-Premier League,2024/25,Southampton,Aaron Ramsdale,ENG,GK,26.0,1998.0,30.0,0,0.0,0,,0.0,0.0,,,0,0,2024,shooting,Southampton
ENG-Premier League,2024/25,Southampton,Adam Armstrong,ENG,"FW,MF",27.0,1997.0,13.9,2,26.0,9,34.6,1.87,0.65,0.08,0.22,0,1,2024,shooting,Southampton
ENG-Premier League,2024/25,Southampton,Adam Lallana,ENG,MF,36.0,1988.0,4.0,0,3.0,0,0.0,0.75,0.0,0.0,,0,0,2024,shooting,Southampton
ENG-Premier League,2024/25,Southampton,Albert Grønbaek,DEN,"MF,FW",23.0,2001.0,1.6,0,2.0,0,0.0,1.26,0.0,0.0,,0,0,2024,shooting,Southampton
ENG-Premier League,2024/25,Southampton,Alex McCarthy,ENG,GK,34.0,1989.0,5.0,0,0.0,0,,0.0,0.0,,,0,0,2024,shooting,Southampton
ENG-Premier League,2024/25,Southampton,Armel Bella Kotchap,GER,DF,22.0,2001.0,3.7,0,1.0,0,0.0,0.27,0.0,0.0,,0,0,2024,shooting,Southampton
ENG-Premier League,2024/25,Southampton,Ben Brereton,CHI,"FW,MF",25.0,1999.0,5.0,0,11.0,1,9.1,2.2,0.2,0.0,0.0,0,0,2024,shooting,Southampton
ENG-Premier League,2024/25,Southampton,Cameron Archer,ENG,FW,23.0,2001.0,16.0,2,29.0,11,37.9,1.81,0.69,0.07,0.18,0,1,2024,shooting,Southampton
ENG-Premier League,2024/25,Southampton,Carlos Alcaraz,ARG,MF,21.0,2002.0,0.1,0,1.0,1,100.0,9.0,9.0,0.0,0.0,0,0,2024,shooting,Southampton
ENG-Premier League,2024/25,Southampton,Charlie Taylor,ENG,DF,30.0,1993.0,4.0,0,0.0,0,,0.0,0.0,,,0,0,2024,shooting,Southampton
ENG-Premier League,2024/25,Southampton,Flynn Downes,ENG,MF,25.0,1999.0,23.9,1,10.0,3,30.0,0.42,0.13,0.1,0.33,0,0,2024,shooting,Southampton
ENG-Premier League,2024/25,Southampton,Jack Stephens,ENG,DF,30.0,1994.0,15.4,1,4.0,2,50.0,0.26,0.13,0.25,0.5,0,0,2024,shooting,Southampton
ENG-Premier League,2024/25,Southampton,James Bree,ENG,"DF,MF",26.0,1997.0,11.9,0,4.0,1,25.0,0.33,0.08,0.0,0.0,0,0,2024,shooting,Southampton
ENG-Premier League,2024/25,Southampton,Jan Bednarek,POL,DF,28.0,1996.0,28.1,2,5.0,3,60.0,0.18,0.11,0.4,0.67,0,0,2024,shooting,Southampton
ENG-Premier League,2024/25,Southampton,Jay Robinson,ENG,MF,17.0,2007.0,1.5,0,1.0,1,100.0,0.66,0.66,0.0,0.0,0,0,2024,shooting,Southampton
ENG-Premier League,2024/25,Southampton,Joachim Kayi Sanda,FRA,DF,17.0,2006.0,0.2,0,0.0,0,,0.0,0.0,,,0,0,2024,shooting,Southampton
ENG-Premier League,2024/25,Southampton,Joe Aribo,NGA,MF,28.0,1996.0,22.4,3,17.0,7,41.2,0.76,0.31,0.18,0.43,0,0,2024,shooting,Southampton
ENG-Premier League,2024/25,Southampton,Joe Lumley,ENG,GK,29.0,1995.0,3.0,0,0.0,0,,0.0,0.0,,,0,0,2024,shooting,Southampton
ENG-Premier League,2024/25,Southampton,Kamaldeen Sulemana,GHA,"FW,MF",22.0,2002.0,15.6,1,29.0,8,27.6,1.86,0.51,0.03,0.13,0,0,2024,shooting,Southampton
ENG-Premier League,2024/25,Southampton,Kyle Walker-Peters,ENG,"MF,DF",27.0,1997.0,32.4,0,20.0,6,30.0,0.62,0.19,0.0,0.0,0,0,2024,shooting,Southampton
ENG-Premier League,2024/25,Southampton,Lesley Ugochukwu,FRA,MF,20.0,2004.0,18.4,1,10.0,1,10.0,0.54,0.05,0.1,1.0,0,0,2024,shooting,Southampton
ENG-Premier League,2024/25,Southampton,Mateus Fernandes,POR,MF,20.0,2004.0,32.3,2,42.0,14,33.3,1.3,0.43,0.05,0.14,0,0,2024,shooting,Southampton
ENG-Premier League,2024/25,Southampton,Maxwel Cornet,CIV,MF,27.0,1996.0,0.8,0,1.0,0,0.0,1.25,0.0,0.0,,0,0,2024,shooting,Southampton
ENG-Premier League,2024/25,Southampton,Nathan Wood-Gordon,ENG,DF,22.0,2002.0,8.6,0,2.0,0,0.0,0.23,0.0,0.0,,0,0,2024,shooting,Southampton
ENG-Premier League,2024/25,Southampton,Paul Onuachu,NGA,FW,30.0,1994.0,11.7,4,34.0,15,44.1,2.91,1.29,0.12,0.27,0,0,2024,shooting,Southampton
ENG-Premier League,2024/25,Southampton,Ronnie Edwards,ENG,DF,21.0,2003.0,0.1,0,0.0,0,,0.0,0.0,,,0,0,2024,shooting,Southampton
ENG-Premier League,2024/25,Southampton,Ross Stewart,SCO,FW,28.0,1996.0,4.3,1,9.0,2,22.2,2.08,0.46,0.11,0.5,0,0,2024,shooting,Southampton
ENG-Premier League,2024/25,Southampton,Ryan Fraser,SCO,"MF,DF",30.0,1994.0,3.4,0,1.0,1,100.0,0.29,0.29,0.0,0.0,0,0,2024,shooting,Southampton
ENG-Premier League,2024/25,Southampton,Ryan Manning,IRL,"DF,MF",28.0,1996.0,16.2,0,8.0,1,12.5,0.49,0.06,0.0,0.0,0,0,2024,shooting,Southampton
ENG-Premier League,2024/25,Southampton,Samuel Amo-Ameyaw,ENG,"FW,MF",18.0,2006.0,0.3,0,1.0,0,0.0,3.21,0.0,0.0,,0,0,2024,shooting,Southampton
ENG-Premier League,2024/25,Southampton,Samuel Edozie,ENG,"FW,MF",21.0,2003.0,0.7,0,0.0,0,,0.0,0.0,,,0,0,2024,shooting,Southampton
ENG-Premier League,2024/25,Southampton,Taylor Harwood-Bellis,ENG,DF,22.0,2002.0,31.4,1,20.0,8,40.0,0.64,0.25,0.05,0.13,0,0,2024,shooting,Southampton
ENG-Premier League,2024/25,Southampton,Tyler Dibling,ENG,"MF,FW",18.0,2006.0,20.8,2,28.0,9,32.1,1.34,0.43,0.07,0.22,0,0,2024,shooting,Southampton
ENG-Premier League,2024/25,Southampton,Welington,BRA,"MF,DF",23.0,2001.0,5.4,0,3.0,0,0.0,0.56,0.0,0.0,,0,0,2024,shooting,Southampton
ENG-Premier League,2024/25,Southampton,William Smallbone,IRL,MF,24.0,2000.0,7.7,1,7.0,2,28.6,0.91,0.26,0.14,0.5,0,0,2024,shooting,Southampton
ENG-Premier League,2024/25,Southampton,Yukinari Sugawara,JPN,"MF,DF",24.0,2000.0,17.3,1,14.0,6,42.9,0.81,0.35,0.07,0.17,0,0,2024,shooting,Southampton
ENG-Premier League,2024/25,Tottenham,Alfie Dorrington,ENG,DF,19.0,2005.0,0.2,0,0.0,0,,0.0,0.0,,,0,0,2024,shooting,Tottenham Hotspur
ENG-Premier League,2024/25,Tottenham,Antonín Kinský,CZE,GK,21.0,2003.0,6.0,0,0.0,0,,0.0,0.0,,,0,0,2024,shooting,Tottenham Hotspur
ENG-Premier League,2024/25,Tottenham,Archie Gray,ENG,"DF,MF",18.0,2006.0,19.5,0,1.0,1,100.0,0.05,0.05,0.0,0.0,0,0,2024,shooting,Tottenham Hotspur
ENG-Premier League,2024/25,Tottenham,Ben Davies,WAL,DF,31.0,1993.0,14.8,0,5.0,1,20.0,0.34,0.07,0.0,0.0,0,0,2024,shooting,Tottenham Hotspur
ENG-Premier League,2024/25,Tottenham,Brandon Austin,ENG,GK,25.0,1999.0,1.0,0,0.0,0,,0.0,0.0,,,0,0,2024,shooting,Tottenham Hotspur
ENG-Premier League,2024/25,Tottenham,Brennan Johnson,WAL,"FW,MF",23.0,2001.0,24.2,11,54.0,20,37.0,2.23,0.83,0.2,0.55,0,0,2024,shooting,Tottenham Hotspur
ENG-Premier League,2024/25,Tottenham,Cristian Romero,ARG,DF,26.0,1998.0,15.7,1,16.0,8,50.0,1.02,0.51,0.06,0.13,0,0,2024,shooting,Tottenham Hotspur
ENG-Premier League,2024/25,Tottenham,Dane Scarlett,ENG,FW,20.0,2004.0,0.4,0,1.0,1,100.0,2.65,2.65,0.0,0.0,0,0,2024,shooting,Tottenham Hotspur
ENG-Premier League,2024/25,Tottenham,Dejan Kulusevski,SWE,"MF,FW",24.0,2000.0,26.5,7,47.0,18,38.3,1.77,0.68,0.15,0.39,0,0,2024,shooting,Tottenham Hotspur
ENG-Premier League,2024/25,Tottenham,Destiny Udogie,ITA,DF,21.0,2002.0,21.4,0,5.0,1,20.0,0.23,0.05,0.0,0.0,0,0,2024,shooting,Tottenham Hotspur
ENG-Premier League,2024/25,Tottenham,Djed Spence,ENG,DF,23.0,2000.0,19.9,1,10.0,3,30.0,0.5,0.15,0.1,0.33,0,0,2024,shooting,Tottenham Hotspur
ENG-Premier League,2024/25,Tottenham,Dominic Solanke,ENG,FW,26.0,1997.0,24.5,9,60.0,26,43.3,2.45,1.06,0.15,0.35,1,1,2024,shooting,Tottenham Hotspur
ENG-Premier League,2024/25,Tottenham,Fraser Forster,ENG,GK,36.0,1988.0,7.0,0,0.0,0,,0.0,0.0,,,0,0,2024,shooting,Tottenham Hotspur
ENG-Premier League,2024/25,Tottenham,Guglielmo Vicario,ITA,GK,27.0,1996.0,24.0,0,0.0,0,,0.0,0.0,,,0,0,2024,shooting,Tottenham Hotspur
ENG-Premier League,2024/25,Tottenham,James Maddison,ENG,MF,27.0,1996.0,20.1,9,39.0,17,43.6,1.94,0.85,0.23,0.53,0,0,2024,shooting,Tottenham Hotspur
ENG-Premier League,2024/25,Tottenham,Kevin Danso,AUT,DF,25.0,1998.0,9.4,0,7.0,3,42.9,0.75,0.32,0.0,0.0,0,0,2024,shooting,Tottenham Hotspur
ENG-Premier League,2024/25,Tottenham,Lucas Bergvall,SWE,MF,18.0,2006.0,13.5,0,12.0,2,16.7,0.89,0.15,0.0,0.0,0,0,2024,shooting,Tottenham Hotspur
ENG-Premier League,2024/25,Tottenham,Mathys Tel,FRA,FW,19.0,2005.0,10.1,2,23.0,9,39.1,2.27,0.89,0.09,0.22,1,1,2024,shooting,Tottenham Hotspur
ENG-Premier League,2024/25,Tottenham,Micky van de Ven,NED,DF,23.0,2001.0,11.3,0,6.0,2,33.3,0.53,0.18,0.0,0.0,0,0,2024,shooting,Tottenham Hotspur
ENG-Premier League,2024/25,Tottenham,Mikey Moore,ENG,"MF,FW",16.0,2007.0,4.1,0,3.0,1,33.3,0.74,0.25,0.0,0.0,0,0,2024,shooting,Tottenham Hotspur
ENG-Premier League,2024/25,Tottenham,Pape Matar Sarr,SEN,MF,21.0,2002.0,21.3,3,34.0,13,38.2,1.6,0.61,0.09,0.23,0,0,2024,shooting,Tottenham Hotspur
ENG-Premier League,2024/25,Tottenham,Pedro Porro,ESP,DF,24.0,1999.0,29.0,2,39.0,8,20.5,1.34,0.28,0.05,0.25,0,0,2024,shooting,Tottenham Hotspur
ENG-Premier League,2024/25,Tottenham,Radu Drăgușin,ROU,DF,22.0,2002.0,13.9,0,5.0,1,20.0,0.36,0.07,0.0,0.0,0,0,2024,shooting,Tottenham Hotspur
ENG-Premier League,2024/25,Tottenham,Richarlison,BRA,FW,27.0,1997.0,5.6,4,17.0,7,41.2,3.04,1.25,0.24,0.57,0,0,2024,shooting,Tottenham Hotspur
ENG-Premier League,2024/25,Tottenham,Rodrigo Bentancur,URU,MF,27.0,1997.0,18.3,2,22.0,6,27.3,1.2,0.33,0.09,0.33,0,0,2024,shooting,Tottenham Hotspur
ENG-Premier League,2024/25,Tottenham,Sergio Reguilón,ESP,DF,27.0,1996.0,2.2,0,2.0,0,0.0,0.92,0.0,0.0,,0,0,2024,shooting,Tottenham Hotspur
ENG-Premier League,2024/25,Tottenham,Son Heung-min,KOR,"FW,MF",32.0,1992.0,23.4,7,57.0,26,45.6,2.43,1.11,0.12,0.27,1,2,2024,shooting,Tottenham Hotspur
ENG-Premier League,2024/25,Tottenham,Timo Werner,GER,"FW,MF",28.0,1996.0,5.7,0,8.0,3,37.5,1.4,0.52,0.0,0.0,0,0,2024,shooting,Tottenham Hotspur
ENG-Premier League,2024/25,Tottenham,Will Lankshear,ENG,FW,19.0,2005.0,0.1,0,0.0,0,,0.0,0.0,,,0,0,2024,shooting,Tottenham Hotspur
ENG-Premier League,2024/25,Tottenham,Wilson Odobert,FRA,"FW,MF",19.0,2004.0,9.4,1,13.0,4,30.8,1.38,0.42,0.08,0.25,0,0,2024,shooting,Tottenham Hotspur
ENG-Premier League,2024/25,Tottenham,Yves Bissouma,MLI,MF,27.0,1996.0,15.6,2,11.0,4,36.4,0.7,0.26,0.18,0.5,0,0,2024,shooting,Tottenham Hotspur
ENG-Premier League,2024/25,West Ham,Aaron Cresswell,ENG,DF,34.0,1989.0,9.2,0,5.0,0,0.0,0.55,0.0,0.0,,0,0,2024,shooting,West Ham United
ENG-Premier League,2024/25,West Ham,Aaron Wan-Bissaka,COD,"DF,MF",26.0,1997.0,35.0,2,16.0,5,31.3,0.46,0.14,0.13,0.4,0,0,2024,shooting,West Ham United
ENG-Premier League,2024/25,West Ham,Alphonse Areola,FRA,GK,31.0,1993.0,25.1,0,0.0,0,,0.0,0.0,,,0,0,2024,shooting,West Ham United
ENG-Premier League,2024/25,West Ham,Andy Irving,SCO,MF,24.0,2000.0,1.8,0,4.0,2,50.0,2.17,1.08,0.0,0.0,0,0,2024,shooting,West Ham United
ENG-Premier League,2024/25,West Ham,Carlos Soler,ESP,MF,27.0,1997.0,15.7,1,25.0,9,36.0,1.6,0.57,0.04,0.11,0,0,2024,shooting,West Ham United
ENG-Premier League,2024/25,West Ham,Crysencio Summerville,NED,"MF,FW",22.0,2001.0,8.7,1,14.0,5,35.7,1.6,0.57,0.07,0.2,0,0,2024,shooting,West Ham United
ENG-Premier League,2024/25,West Ham,Danny Ings,ENG,FW,32.0,1992.0,3.2,1,14.0,5,35.7,4.44,1.58,0.07,0.2,0,0,2024,shooting,West Ham United
ENG-Premier League,2024/25,West Ham,Edson Álvarez,MEX,MF,26.0,1997.0,19.7,0,12.0,1,8.3,0.61,0.05,0.0,0.0,0,0,2024,shooting,West Ham United
ENG-Premier League,2024/25,West Ham,Emerson Palmieri,ITA,"DF,MF",29.0,1994.0,23.5,2,16.0,7,43.8,0.68,0.3,0.13,0.29,0,0,2024,shooting,West Ham United
ENG-Premier League,2024/25,West Ham,Evan Ferguson,IRL,FW,19.0,2004.0,1.7,0,5.0,1,20.0,2.88,0.58,0.0,0.0,0,0,2024,shooting,West Ham United
ENG-Premier League,2024/25,West Ham,Guido Rodríguez,ARG,MF,30.0,1994.0,12.8,0,8.0,1,12.5,0.63,0.08,0.0,0.0,0,0,2024,shooting,West Ham United
ENG-Premier League,2024/25,West Ham,James Ward-Prowse,ENG,MF,29.0,1994.0,11.5,1,12.0,4,33.3,1.04,0.35,0.08,0.25,0,0,2024,shooting,West Ham United
ENG-Premier League,2024/25,West Ham,Jarrod Bowen,ENG,"MF,FW",27.0,1996.0,33.0,13,87.0,37,42.5,2.63,1.12,0.15,0.35,1,1,2024,shooting,West Ham United
ENG-Premier League,2024/25,West Ham,Jean-Clair Todibo,FRA,DF,24.0,1999.0,20.3,0,5.0,0,0.0,0.25,0.0,0.0,,0,0,2024,shooting,West Ham United
ENG-Premier League,2024/25,West Ham,Kaelan Casey,ENG,DF,19.0,2004.0,0.0,0,0.0,0,,0.0,0.0,,,0,0,2024,shooting,West Ham United
ENG-Premier League,2024/25,West Ham,Konstantinos Mavropanos,GRE,DF,26.0,1997.0,22.7,0,18.0,5,27.8,0.79,0.22,0.0,0.0,0,0,2024,shooting,West Ham United
ENG-Premier League,2024/25,West Ham,Lewis Orford,ENG,MF,18.0,2006.0,0.5,0,1.0,0,0.0,1.84,0.0,0.0,,0,0,2024,shooting,West Ham United
ENG-Premier League,2024/25,West Ham,Lucas Paquetá,BRA,"MF,FW",26.0,1997.0,26.4,4,41.0,6,14.6,1.55,0.23,0.1,0.67,2,2,2024,shooting,West Ham United
ENG-Premier League,2024/25,West Ham,Luis Guilherme,BRA,MF,18.0,2006.0,1.7,0,4.0,1,25.0,2.4,0.6,0.0,0.0,0,0,2024,shooting,West Ham United
ENG-Premier League,2024/25,West Ham,Max Kilman,ENG,DF,27.0,1997.0,37.2,0,13.0,3,23.1,0.35,0.08,0.0,0.0,0,0,2024,shooting,West Ham United
ENG-Premier League,2024/25,West Ham,Michail Antonio,JAM,FW,34.0,1990.0,9.3,1,19.0,4,21.1,2.05,0.43,0.05,0.25,0,0,2024,shooting,West Ham United
ENG-Premier League,2024/25,West Ham,Mohammed Kudus,GHA,"MF,FW",23.0,2000.0,28.8,5,75.0,22,29.3,2.61,0.76,0.07,0.23,0,0,2024,shooting,West Ham United
ENG-Premier League,2024/25,West Ham,Niclas Füllkrug,GER,FW,31.0,1993.0,8.8,3,16.0,7,43.8,1.82,0.8,0.19,0.43,0,0,2024,shooting,West Ham United
ENG-Premier League,2024/25,West Ham,Oliver Scarles,ENG,"MF,DF",18.0,2005.0,7.4,0,3.0,0,0.0,0.41,0.0,0.0,,0,0,2024,shooting,West Ham United
ENG-Premier League,2024/25,West Ham,Tomáš Souček,CZE,MF,29.0,1995.0,28.5,9,55.0,18,32.7,1.93,0.63,0.16,0.5,0,0,2024,shooting,West Ham United
ENG-Premier League,2024/25,West Ham,Vladimír Coufal,CZE,"DF,MF",31.0,1992.0,11.9,0,7.0,2,28.6,0.59,0.17,0.0,0.0,0,0,2024,shooting,West Ham United
ENG-Premier League,2024/25,West Ham,Łukasz Fabiański,POL,GK,39.0,1985.0,12.9,0,0.0,0,,0.0,0.0,,,0,0,2024,shooting,West Ham United
ENG-Premier League,2024/25,Wolves,Alfie Pond,ENG,DF,20.0,2004.0,0.0,0,0.0,0,,0.0,0.0,,,0,0,2024,shooting,Wolverhampton Wanderers
ENG-Premier League,2024/25,Wolves,André,BRA,MF,23.0,2001.0,27.5,0,10.0,1,10.0,0.36,0.04,0.0,0.0,0,0,2024,shooting,Wolverhampton Wanderers
ENG-Premier League,2024/25,Wolves,Boubacar Traoré,MLI,MF,22.0,2001.0,0.0,0,0.0,0,,0.0,0.0,,,0,0,2024,shooting,Wolverhampton Wanderers
ENG-Premier League,2024/25,Wolves,Carlos Forbs,POR,MF,20.0,2004.0,2.7,0,2.0,0,0.0,0.75,0.0,0.0,,0,0,2024,shooting,Wolverhampton Wanderers
ENG-Premier League,2024/25,Wolves,Chiquinho,POR,"FW,MF",24.0,2000.0,0.1,0,0.0,0,,0.0,0.0,,,0,0,2024,shooting,Wolverhampton Wanderers
ENG-Premier League,2024/25,Wolves,Craig Dawson,ENG,DF,34.0,1990.0,10.8,0,5.0,1,20.0,0.46,0.09,0.0,0.0,0,0,2024,shooting,Wolverhampton Wanderers
ENG-Premier League,2024/25,Wolves,Daniel Bentley,ENG,GK,31.0,1993.0,2.0,0,0.0,0,,0.0,0.0,,,0,0,2024,shooting,Wolverhampton Wanderers
ENG-Premier League,2024/25,Wolves,Daniel Podence,POR,"FW,MF",28.0,1995.0,0.5,0,1.0,0,0.0,1.87,0.0,0.0,,0,0,2024,shooting,Wolverhampton Wanderers
ENG-Premier League,2024/25,Wolves,Emmanuel Agbadou,CIV,DF,27.0,1997.0,15.7,1,7.0,2,28.6,0.45,0.13,0.14,0.5,0,0,2024,shooting,Wolverhampton Wanderers
ENG-Premier League,2024/25,Wolves,Gonçalo Guedes,POR,"MF,FW",27.0,1996.0,11.1,2,27.0,8,29.6,2.44,0.72,0.07,0.25,0,0,2024,shooting,Wolverhampton Wanderers
ENG-Premier League,2024/25,Wolves,Hwang Hee-chan,KOR,"MF,FW",28.0,1996.0,7.3,2,5.0,3,60.0,0.68,0.41,0.4,0.67,0,0,2024,shooting,Wolverhampton Wanderers
ENG-Premier League,2024/25,Wolves,Jean-Ricner Bellegarde,HAI,MF,26.0,1998.0,18.6,2,22.0,5,22.7,1.18,0.27,0.09,0.4,0,0,2024,shooting,Wolverhampton Wanderers
ENG-Premier League,2024/25,Wolves,José Sá,POR,GK,31.0,1993.0,29.0,0,0.0,0,,0.0,0.0,,,0,0,2024,shooting,Wolverhampton Wanderers
ENG-Premier League,2024/25,Wolves,João Gomes,BRA,MF,23.0,2001.0,33.0,3,35.0,7,20.0,1.06,0.21,0.09,0.43,0,0,2024,shooting,Wolverhampton Wanderers
ENG-Premier League,2024/25,Wolves,Jørgen Strand Larsen,NOR,FW,24.0,2000.0,28.7,14,54.0,34,63.0,1.88,1.18,0.26,0.41,0,0,2024,shooting,Wolverhampton Wanderers
ENG-Premier League,2024/25,Wolves,Mario Lemina,GAB,"MF,DF",30.0,1993.0,15.2,1,18.0,5,27.8,1.19,0.33,0.06,0.2,0,0,2024,shooting,Wolverhampton Wanderers
ENG-Premier League,2024/25,Wolves,Marshall Munetsi,ZIM,"MF,FW",28.0,1996.0,12.0,2,22.0,7,31.8,1.84,0.58,0.09,0.29,0,0,2024,shooting,Wolverhampton Wanderers
ENG-Premier League,2024/25,Wolves,Mateus Mane,POR,MF,16.0,2007.0,0.0,0,0.0,0,,0.0,0.0,,,0,0,2024,shooting,Wolverhampton Wanderers
ENG-Premier League,2024/25,Wolves,Matheus Cunha,BRA,MF,25.0,1999.0,28.9,15,110.0,44,40.0,3.81,1.52,0.14,0.34,0,0,2024,shooting,Wolverhampton Wanderers
ENG-Premier League,2024/25,Wolves,Matt Doherty,IRL,"DF,MF",32.0,1992.0,23.4,2,10.0,3,30.0,0.43,0.13,0.2,0.67,0,0,2024,shooting,Wolverhampton Wanderers
ENG-Premier League,2024/25,Wolves,Nasser Djiga,BFA,DF,21.0,2002.0,0.7,0,0.0,0,,0.0,0.0,,,0,0,2024,shooting,Wolverhampton Wanderers
ENG-Premier League,2024/25,Wolves,Nélson Semedo,POR,"MF,DF",30.0,1993.0,32.1,0,18.0,7,38.9,0.56,0.22,0.0,0.0,0,0,2024,shooting,Wolverhampton Wanderers
ENG-Premier League,2024/25,Wolves,Pablo Sarabia,ESP,MF,32.0,1992.0,9.0,3,17.0,8,47.1,1.88,0.88,0.18,0.38,0,0,2024,shooting,Wolverhampton Wanderers
ENG-Premier League,2024/25,Wolves,Pedro Lima,BRA,MF,18.0,2006.0,0.8,0,1.0,1,100.0,1.29,1.29,0.0,0.0,0,0,2024,shooting,Wolverhampton Wanderers
ENG-Premier League,2024/25,Wolves,Rayan Aït-Nouri,ALG,"MF,DF",23.0,2001.0,34.5,4,36.0,13,36.1,1.04,0.38,0.11,0.31,0,0,2024,shooting,Wolverhampton Wanderers
ENG-Premier League,2024/25,Wolves,Rodrigo Gomes,POR,MF,21.0,2003.0,9.0,2,7.0,3,42.9,0.78,0.33,0.29,0.67,0,0,2024,shooting,Wolverhampton Wanderers
ENG-Premier League,2024/25,Wolves,Sam Johnstone,ENG,GK,31.0,1993.0,7.0,0,0.0,0,,0.0,0.0,,,0,0,2024,shooting,Wolverhampton Wanderers
ENG-Premier League,2024/25,Wolves,Santiago Bueno,URU,DF,25.0,1998.0,18.7,0,6.0,3,50.0,0.32,0.16,0.0,0.0,0,0,2024,shooting,Wolverhampton Wanderers
ENG-Premier League,2024/25,Wolves,Tom King,WAL,GK,29.0,1995.0,0.0,0,0.0,0,,0.0,0.0,,,0,0,2024,shooting,Wolverhampton Wanderers
ENG-Premier League,2024/25,Wolves,Tommy Doyle,ENG,MF,22.0,2001.0,5.4,0,9.0,2,22.2,1.66,0.37,0.0,0.0,0,0,2024,shooting,Wolverhampton Wanderers
ENG-Premier League,2024/25,Wolves,Toti Gomes,POR,DF,25.0,1999.0,29.0,0,7.0,3,42.9,0.24,0.1,0.0,0.0,0,0,2024,shooting,Wolverhampton Wanderers
ENG-Premier League,2024/25,Wolves,Yerson Mosquera,COL,DF,23.0,2001.0,4.9,0,2.0,0,0.0,0.41,0.0,0.0,,0,0,2024,shooting,Wolverhampton Wanderers
ENG-Premier League,2025/26,Arsenal,Ben White,ENG,DF,27.0,1997.0,7.8,0,5.0,1,20.0,0.64,0.13,0.0,0.0,0,0,2025,shooting,Arsenal
ENG-Premier League,2025/26,Arsenal,Bukayo Saka,ENG,"FW,MF",23.0,2001.0,24.7,7,71.0,27,38.0,2.88,1.09,0.1,0.26,1,1,2025,shooting,Arsenal
ENG-Premier League,2025/26,Arsenal,Christian Nørgaard,DEN,MF,31.0,1994.0,1.2,0,2.0,1,50.0,1.7,0.85,0.0,0.0,0,0,2025,shooting,Arsenal
ENG-Premier League,2025/26,Arsenal,Cristhian Mosquera,ESP,DF,21.0,2004.0,11.0,0,1.0,0,0.0,0.09,0.0,0.0,,0,0,2025,shooting,Arsenal
ENG-Premier League,2025/26,Arsenal,David Raya,ESP,GK,29.0,1995.0,37.0,0,0.0,0,,0.0,0.0,,,0,0,2025,shooting,Arsenal
ENG-Premier League,2025/26,Arsenal,Declan Rice,ENG,MF,26.0,1999.0,34.4,4,40.0,13,32.5,1.16,0.38,0.1,0.31,0,0,2025,shooting,Arsenal
ENG-Premier League,2025/26,Arsenal,Eberechi Eze,ENG,"MF,FW",27.0,1998.0,20.1,7,57.0,18,31.6,2.83,0.89,0.12,0.39,0,0,2025,shooting,Arsenal
ENG-Premier League,2025/26,Arsenal,Ethan Nwaneri,ENG,MF,18.0,2007.0,1.9,0,6.0,0,0.0,3.16,0.0,0.0,,0,0,2025,shooting,Arsenal
ENG-Premier League,2025/26,Arsenal,Gabriel Jesus,BRA,FW,28.0,1997.0,4.8,3,19.0,12,63.2,3.99,2.52,0.16,0.25,0,0,2025,shooting,Arsenal
ENG-Premier League,2025/26,Arsenal,Gabriel Magalhães,BRA,DF,27.0,1997.0,30.6,3,27.0,7,25.9,0.88,0.23,0.11,0.43,0,0,2025,shooting,Arsenal
ENG-Premier League,2025/26,Arsenal,Gabriel Martinelli,BRA,"FW,MF",24.0,2001.0,12.0,1,29.0,13,44.8,2.41,1.08,0.03,0.08,0,0,2025,shooting,Arsenal
ENG-Premier League,2025/26,Arsenal,Jurriën Timber,NED,DF,24.0,2001.0,27.3,3,25.0,7,28.0,0.92,0.26,0.12,0.43,0,0,2025,shooting,Arsenal
ENG-Premier League,2025/26,Arsenal,Kai Havertz,GER,"FW,MF",26.0,1999.0,6.5,2,18.0,4,22.2,2.79,0.62,0.11,0.5,0,0,2025,shooting,Arsenal
ENG-Premier League,2025/26,Arsenal,Kepa Arrizabalaga,ESP,GK,30.0,1994.0,1.0,0,0.0,0,,0.0,0.0,,,0,0,2025,shooting,Arsenal
ENG-Premier League,2025/26,Arsenal,Leandro Trossard,BEL,"FW,MF",30.0,1994.0,22.2,6,53.0,15,28.3,2.39,0.68,0.11,0.4,0,0,2025,shooting,Arsenal
ENG-Premier League,2025/26,Arsenal,Martin Ødegaard,NOR,MF,26.0,1998.0,15.2,1,22.0,8,36.4,1.45,0.53,0.05,0.13,0,0,2025,shooting,Arsenal
ENG-Premier League,2025/26,Arsenal,Martín Zubimendi,ESP,MF,26.0,1999.0,33.2,5,27.0,9,33.3,0.81,0.27,0.19,0.56,0,0,2025,shooting,Arsenal
ENG-Premier League,2025/26,Arsenal,Max Dowman,ENG,MF,15.0,2009.0,1.7,1,6.0,1,16.7,3.44,0.57,0.17,1.0,0,0,2025,shooting,Arsenal
ENG-Premier League,2025/26,Arsenal,Mikel Merino,ESP,"MF,FW",29.0,1996.0,11.5,4,22.0,8,36.4,1.91,0.69,0.18,0.5,0,0,2025,shooting,Arsenal
ENG-Premier League,2025/26,Arsenal,Myles Lewis-Skelly,ENG,"MF,DF",18.0,2006.0,7.9,0,2.0,0,0.0,0.25,0.0,0.0,,0,0,2025,shooting,Arsenal
ENG-Premier League,2025/26,Arsenal,Noni Madueke,ENG,"FW,MF",23.0,2002.0,13.5,3,25.0,9,36.0,1.86,0.67,0.12,0.33,0,0,2025,shooting,Arsenal
ENG-Premier League,2025/26,Arsenal,Piero Hincapié,ECU,DF,23.0,2002.0,19.9,1,3.0,2,66.7,0.15,0.1,0.33,0.5,0,0,2025,shooting,Arsenal
ENG-Premier League,2025/26,Arsenal,Riccardo Calafiori,ITA,DF,23.0,2002.0,18.9,1,32.0,8,25.0,1.7,0.42,0.03,0.13,0,0,2025,shooting,Arsenal
ENG-Premier League,2025/26,Arsenal,Viktor Gyökeres,SWE,FW,27.0,1998.0,24.7,14,55.0,22,40.0,2.23,0.89,0.25,0.64,3,3,2025,shooting,Arsenal
ENG-Premier League,2025/26,Arsenal,William Saliba,FRA,DF,24.0,2001.0,29.0,1,5.0,1,20.0,0.17,0.03,0.2,1.0,0,0,2025,shooting,Arsenal
ENG-Premier League,2025/26,Aston Villa,Alysson,BRA,MF,19.0,2006.0,0.5,0,1.0,0,0.0,1.84,0.0,0.0,,0,0,2025,shooting,Aston Villa
ENG-Premier League,2025/26,Aston Villa,Amadou Onana,BEL,MF,23.0,2001.0,19.5,2,19.0,7,36.8,0.97,0.36,0.11,0.29,0,0,2025,shooting,Aston Villa
ENG-Premier League,2025/26,Aston Villa,Andrés García,ESP,DF,22.0,2003.0,1.0,0,0.0,0,,0.0,0.0,,,0,0,2025,shooting,Aston Villa
ENG-Premier League,2025/26,Aston Villa,Boubacar Kamara,FRA,MF,25.0,1999.0,15.7,1,7.0,4,57.1,0.45,0.26,0.14,0.25,0,0,2025,shooting,Aston Villa
ENG-Premier League,2025/26,Aston Villa,Bradley Burrowes,ENG,MF,17.0,2008.0,0.2,0,0.0,0,,0.0,0.0,,,0,0,2025,shooting,Aston Villa
ENG-Premier League,2025/26,Aston Villa,Donyell Malen,NED,"FW,MF",26.0,1999.0,7.3,4,27.0,9,33.3,3.7,1.23,0.15,0.44,0,0,2025,shooting,Aston Villa
ENG-Premier League,2025/26,Aston Villa,Douglas Luiz,BRA,MF,27.0,1998.0,6.7,1,6.0,4,66.7,0.89,0.6,0.17,0.25,0,0,2025,shooting,Aston Villa
ENG-Premier League,2025/26,Aston Villa,Emi Buendía,ARG,MF,28.0,1996.0,19.5,6,49.0,13,26.5,2.51,0.67,0.12,0.46,0,0,2025,shooting,Aston Villa
ENG-Premier League,2025/26,Aston Villa,Emiliano Martínez,ARG,GK,32.0,1992.0,31.5,0,0.0,0,,0.0,0.0,,,0,0,2025,shooting,Aston Villa
ENG-Premier League,2025/26,Aston Villa,Evann Guessand,CIV,MF,24.0,2001.0,6.5,0,8.0,5,62.5,1.22,0.77,0.0,0.0,0,0,2025,shooting,Aston Villa
ENG-Premier League,2025/26,Aston Villa,Ezri Konsa,ENG,DF,27.0,1997.0,33.7,0,11.0,2,18.2,0.33,0.06,0.0,0.0,0,0,2025,shooting,Aston Villa
ENG-Premier League,2025/26,Aston Villa,George Hemmings,ENG,MF,18.0,2007.0,0.3,0,1.0,0,0.0,3.33,0.0,0.0,,0,0,2025,shooting,Aston Villa
ENG-Premier League,2025/26,Aston Villa,Harvey Elliott,ENG,MF,22.0,2003.0,1.2,0,5.0,0,0.0,4.02,0.0,0.0,,0,0,2025,shooting,Aston Villa
ENG-Premier League,2025/26,Aston Villa,Ian Maatsen,NED,DF,23.0,2002.0,17.8,0,20.0,5,25.0,1.12,0.28,0.0,0.0,0,0,2025,shooting,Aston Villa
ENG-Premier League,2025/26,Aston Villa,Jadon Sancho,ENG,MF,25.0,2000.0,9.7,0,10.0,3,30.0,1.03,0.31,0.0,0.0,0,0,2025,shooting,Aston Villa
ENG-Premier League,2025/26,Aston Villa,Jamaldeen Jimoh,ENG,MF,18.0,2006.0,0.1,0,0.0,0,,0.0,0.0,,,0,0,2025,shooting,Aston Villa
ENG-Premier League,2025/26,Aston Villa,John McGinn,SCO,MF,30.0,1994.0,23.7,5,28.0,12,42.9,1.18,0.51,0.18,0.42,0,0,2025,shooting,Aston Villa
ENG-Premier League,2025/26,Aston Villa,Lamare Bogarde,NED,"MF,DF",21.0,2004.0,11.7,0,0.0,0,,0.0,0.0,,,0,0,2025,shooting,Aston Villa
ENG-Premier League,2025/26,Aston Villa,Leon Bailey,JAM,MF,27.0,1997.0,5.1,0,8.0,1,12.5,1.57,0.2,0.0,0.0,0,0,2025,shooting,Aston Villa
ENG-Premier League,2025/26,Aston Villa,Lucas Digne,FRA,DF,32.0,1993.0,20.6,0,14.0,5,35.7,0.68,0.24,0.0,0.0,0,0,2025,shooting,Aston Villa
ENG-Premier League,2025/26,Aston Villa,Marco Bizot,NED,GK,34.0,1991.0,6.5,0,0.0,0,,0.0,0.0,,,0,0,2025,shooting,Aston Villa
ENG-Premier League,2025/26,Aston Villa,Matty Cash,POL,DF,27.0,1997.0,33.5,3,30.0,10,33.3,0.9,0.3,0.1,0.3,0,0,2025,shooting,Aston Villa
ENG-Premier League,2025/26,Aston Villa,Morgan Rogers,ENG,MF,23.0,2002.0,36.4,10,84.0,32,38.1,2.3,0.88,0.12,0.31,0,0,2025,shooting,Aston Villa
ENG-Premier League,2025/26,Aston Villa,Ollie Watkins,ENG,FW,29.0,1995.0,31.5,16,83.0,38,45.8,2.63,1.2,0.19,0.42,0,0,2025,shooting,Aston Villa
ENG-Premier League,2025/26,Aston Villa,Pau Torres,ESP,DF,28.0,1997.0,18.6,0,9.0,1,11.1,0.48,0.05,0.0,0.0,0,0,2025,shooting,Aston Villa
ENG-Premier League,2025/26,Aston Villa,Ross Barkley,ENG,MF,31.0,1993.0,9.5,3,18.0,8,44.4,1.89,0.84,0.17,0.38,0,0,2025,shooting,Aston Villa
ENG-Premier League,2025/26,Aston Villa,Tammy Abraham,ENG,FW,27.0,1997.0,3.2,2,9.0,3,33.3,2.83,0.94,0.22,0.67,0,0,2025,shooting,Aston Villa
ENG-Premier League,2025/26,Aston Villa,Tyrone Mings,ENG,DF,32.0,1993.0,14.7,0,9.0,1,11.1,0.61,0.07,0.0,0.0,0,0,2025,shooting,Aston Villa
ENG-Premier League,2025/26,Aston Villa,Victor Lindelöf,SWE,"DF,MF",31.0,1994.0,10.5,0,3.0,0,0.0,0.28,0.0,0.0,,0,0,2025,shooting,Aston Villa
ENG-Premier League,2025/26,Aston Villa,Youri Tielemans,BEL,MF,28.0,1997.0,20.7,0,24.0,7,29.2,1.16,0.34,0.0,0.0,0,0,2025,shooting,Aston Villa
ENG-Premier League,2025/26,Bournemouth,Adam Smith,ENG,DF,34.0,1991.0,12.0,0,0.0,0,,0.0,0.0,,,0,0,2025,shooting,AFC Bournemouth
ENG-Premier League,2025/26,Bournemouth,Adrien Truffert,FRA,DF,23.0,2001.0,37.5,1,16.0,6,37.5,0.43,0.16,0.06,0.17,0,0,2025,shooting,AFC Bournemouth
ENG-Premier League,2025/26,Bournemouth,Alex Scott,ENG,MF,21.0,2003.0,31.7,3,44.0,13,29.5,1.39,0.41,0.07,0.23,0,0,2025,shooting,AFC Bournemouth
ENG-Premier League,2025/26,Bournemouth,Alex Tóth,HUN,MF,19.0,2005.0,1.6,0,2.0,0,0.0,1.29,0.0,0.0,,0,0,2025,shooting,AFC Bournemouth
ENG-Premier League,2025/26,Bournemouth,Amine Adli,MAR,MF,25.0,2000.0,12.2,3,20.0,9,45.0,1.65,0.74,0.15,0.33,0,0,2025,shooting,AFC Bournemouth
ENG-Premier League,2025/26,Bournemouth,Antoine Semenyo,GHA,MF,25.0,2000.0,20.0,10,49.0,27,55.1,2.45,1.35,0.2,0.37,1,2,2025,shooting,AFC Bournemouth
ENG-Premier League,2025/26,Bournemouth,Bafodé Diakité,FRA,DF,24.0,2001.0,14.2,0,1.0,0,0.0,0.07,0.0,0.0,,0,0,2025,shooting,AFC Bournemouth
ENG-Premier League,2025/26,Bournemouth,Ben Gannon-Doak,SCO,MF,19.0,2005.0,1.3,0,3.0,1,33.3,2.39,0.8,0.0,0.0,0,0,2025,shooting,AFC Bournemouth
ENG-Premier League,2025/26,Bournemouth,Ben Winterburn,ENG,MF,20.0,2004.0,0.1,0,0.0,0,,0.0,0.0,,,0,0,2025,shooting,AFC Bournemouth
ENG-Premier League,2025/26,Bournemouth,David Brooks,WAL,MF,28.0,1997.0,13.4,1,48.0,13,27.1,3.59,0.97,0.02,0.08,0,0,2025,shooting,AFC Bournemouth
ENG-Premier League,2025/26,Bournemouth,Eli Junior Kroupi,FRA,"MF,FW",19.0,2006.0,18.6,13,52.0,22,42.3,2.8,1.18,0.25,0.59,2,2,2025,shooting,AFC Bournemouth
ENG-Premier League,2025/26,Bournemouth,Enes Ünal,TUR,FW,28.0,1997.0,2.6,1,15.0,3,20.0,5.82,1.16,0.07,0.33,0,0,2025,shooting,AFC Bournemouth
ENG-Premier League,2025/26,Bournemouth,Evanilson,BRA,FW,25.0,1999.0,30.5,6,72.0,23,31.9,2.36,0.75,0.08,0.26,0,0,2025,shooting,AFC Bournemouth
ENG-Premier League,2025/26,Bournemouth,Hamed Junior Traorè,CIV,MF,25.0,2000.0,0.2,0,0.0,0,,0.0,0.0,,,0,0,2025,shooting,AFC Bournemouth
ENG-Premier League,2025/26,Bournemouth,James Hill,ENG,DF,23.0,2002.0,23.4,0,12.0,2,16.7,0.51,0.09,0.0,0.0,0,0,2025,shooting,AFC Bournemouth
ENG-Premier League,2025/26,Bournemouth,Julio Soler,ARG,DF,20.0,2005.0,0.4,0,0.0,0,,0.0,0.0,,,0,0,2025,shooting,AFC Bournemouth
ENG-Premier League,2025/26,Bournemouth,Justin Kluivert,NED,MF,26.0,1999.0,10.6,2,17.0,4,23.5,1.61,0.38,0.12,0.5,0,0,2025,shooting,AFC Bournemouth
ENG-Premier League,2025/26,Bournemouth,Lewis Cook,ENG,"MF,DF",28.0,1997.0,9.7,0,3.0,0,0.0,0.31,0.0,0.0,,0,0,2025,shooting,AFC Bournemouth
ENG-Premier League,2025/26,Bournemouth,Marcos Senesi,ARG,DF,28.0,1997.0,36.5,0,17.0,5,29.4,0.47,0.14,0.0,0.0,0,0,2025,shooting,AFC Bournemouth
ENG-Premier League,2025/26,Bournemouth,Marcus Tavernier,ENG,MF,26.0,1999.0,30.3,7,70.0,24,34.3,2.31,0.79,0.1,0.29,2,2,2025,shooting,AFC Bournemouth
ENG-Premier League,2025/26,Bournemouth,Rayan,BRA,MF,18.0,2006.0,12.3,5,28.0,8,28.6,2.27,0.65,0.18,0.63,0,0,2025,shooting,AFC Bournemouth
ENG-Premier League,2025/26,Bournemouth,Ryan Christie,SCO,MF,30.0,1995.0,11.0,2,25.0,8,32.0,2.26,0.72,0.08,0.25,0,0,2025,shooting,AFC Bournemouth
ENG-Premier League,2025/26,Bournemouth,Tyler Adams,USA,MF,26.0,1999.0,19.7,2,10.0,6,60.0,0.51,0.3,0.2,0.33,0,0,2025,shooting,AFC Bournemouth
ENG-Premier League,2025/26,Bournemouth,Veljko Milosavljević,SRB,DF,18.0,2007.0,4.1,0,1.0,0,0.0,0.24,0.0,0.0,,0,0,2025,shooting,AFC Bournemouth
ENG-Premier League,2025/26,Bournemouth,Álex Jiménez,ESP,"DF,MF",20.0,2005.0,25.7,1,21.0,4,19.0,0.82,0.16,0.05,0.25,0,0,2025,shooting,AFC Bournemouth
ENG-Premier League,2025/26,Bournemouth,Đorđe Petrović,SRB,GK,25.0,1999.0,38.0,0,0.0,0,,0.0,0.0,,,0,0,2025,shooting,AFC Bournemouth
ENG-Premier League,2025/26,Brentford,Aaron Hickey,SCO,"DF,MF",23.0,2002.0,7.7,0,6.0,1,16.7,0.78,0.13,0.0,0.0,0,0,2025,shooting,Brentford
ENG-Premier League,2025/26,Brentford,Antoni Milambo,NED,MF,20.0,2005.0,0.5,0,0.0,0,,0.0,0.0,,,0,0,2025,shooting,Brentford
ENG-Premier League,2025/26,Brentford,Caoimhín Kelleher,IRL,GK,26.0,1998.0,37.0,0,0.0,0,,0.0,0.0,,,0,0,2025,shooting,Brentford
ENG-Premier League,2025/26,Brentford,Dango Ouattara,BFA,MF,23.0,2002.0,25.3,7,56.0,20,35.7,2.21,0.79,0.13,0.35,0,0,2025,shooting,Brentford
ENG-Premier League,2025/26,Brentford,Ethan Pinnock,JAM,DF,32.0,1993.0,3.5,0,1.0,1,100.0,0.28,0.28,0.0,0.0,0,0,2025,shooting,Brentford
ENG-Premier League,2025/26,Brentford,Fabio Carvalho,POR,MF,22.0,2002.0,1.1,1,2.0,1,50.0,1.76,0.88,0.5,1.0,0,0,2025,shooting,Brentford
ENG-Premier League,2025/26,Brentford,Frank Onyeka,NGA,MF,27.0,1998.0,1.0,0,0.0,0,,0.0,0.0,,,0,0,2025,shooting,Brentford
ENG-Premier League,2025/26,Brentford,Hákon Valdimarsson,ISL,GK,23.0,2001.0,1.0,0,0.0,0,,0.0,0.0,,,0,0,2025,shooting,Brentford
ENG-Premier League,2025/26,Brentford,Igor Thiago,BRA,FW,24.0,2001.0,36.5,22,84.0,43,51.2,2.3,1.18,0.26,0.51,8,9,2025,shooting,Brentford
ENG-Premier League,2025/26,Brentford,Jordan Henderson,ENG,MF,35.0,1990.0,21.3,1,6.0,1,16.7,0.28,0.05,0.17,1.0,0,0,2025,shooting,Brentford
ENG-Premier League,2025/26,Brentford,Josh Dasilva,ENG,MF,26.0,1998.0,0.0,0,1.0,0,0.0,30.0,0.0,0.0,,0,0,2025,shooting,Brentford
ENG-Premier League,2025/26,Brentford,Kaye Furo,BEL,FW,18.0,2007.0,0.0,0,0.0,0,,0.0,0.0,,,0,0,2025,shooting,Brentford
ENG-Premier League,2025/26,Brentford,Keane Lewis-Potter,ENG,"DF,MF",24.0,2001.0,21.9,3,31.0,9,29.0,1.41,0.41,0.1,0.33,0,0,2025,shooting,Brentford
ENG-Premier League,2025/26,Brentford,Kevin Schade,GER,"MF,FW",23.0,2001.0,30.5,8,57.0,24,42.1,1.87,0.79,0.14,0.33,0,1,2025,shooting,Brentford
ENG-Premier League,2025/26,Brentford,Kristoffer Ajer,NOR,DF,27.0,1998.0,20.1,0,10.0,3,30.0,0.5,0.15,0.0,0.0,0,0,2025,shooting,Brentford
ENG-Premier League,2025/26,Brentford,Mathias Jensen,DEN,MF,29.0,1996.0,25.0,3,29.0,8,27.6,1.16,0.32,0.1,0.38,0,0,2025,shooting,Brentford
ENG-Premier League,2025/26,Brentford,Michael Kayode,ITA,DF,21.0,2004.0,36.2,1,9.0,3,33.3,0.25,0.08,0.11,0.33,0,0,2025,shooting,Brentford
ENG-Premier League,2025/26,Brentford,Mikkel Damsgaard,DEN,MF,25.0,2000.0,22.8,4,29.0,11,37.9,1.27,0.48,0.14,0.36,0,0,2025,shooting,Brentford
ENG-Premier League,2025/26,Brentford,Myles Peart-Harris,ENG,MF,22.0,2002.0,0.0,0,0.0,0,,0.0,0.0,,,0,0,2025,shooting,Brentford
ENG-Premier League,2025/26,Brentford,Nathan Collins,IRL,DF,24.0,2001.0,33.1,1,20.0,6,30.0,0.61,0.18,0.05,0.17,0,0,2025,shooting,Brentford
ENG-Premier League,2025/26,Brentford,Reiss Nelson,ENG,"FW,MF",25.0,1999.0,1.4,0,5.0,1,20.0,3.57,0.71,0.0,0.0,0,0,2025,shooting,Brentford
ENG-Premier League,2025/26,Brentford,Rico Henry,JAM,DF,28.0,1997.0,14.8,0,5.0,0,0.0,0.34,0.0,0.0,,0,0,2025,shooting,Brentford
ENG-Premier League,2025/26,Brentford,Romelle Donovan,ENG,FW,18.0,2006.0,0.5,0,3.0,1,33.3,6.59,2.2,0.0,0.0,0,0,2025,shooting,Brentford
ENG-Premier League,2025/26,Brentford,Sepp van den Berg,NED,DF,23.0,2001.0,30.7,0,23.0,7,30.4,0.75,0.23,0.0,0.0,0,0,2025,shooting,Brentford
ENG-Premier League,2025/26,Brentford,Vitaly Janelt,GER,MF,27.0,1998.0,16.0,1,12.0,3,25.0,0.75,0.19,0.08,0.33,0,0,2025,shooting,Brentford
ENG-Premier League,2025/26,Brentford,Yehor Yarmoliuk,UKR,MF,21.0,2004.0,29.5,1,16.0,4,25.0,0.54,0.14,0.06,0.25,0,0,2025,shooting,Brentford
ENG-Premier League,2025/26,Brighton,Bart Verbruggen,NED,GK,22.0,2002.0,38.0,0,0.0,0,,0.0,0.0,,,0,0,2025,shooting,Brighton & Hove Albion
ENG-Premier League,2025/26,Brighton,Brajan Gruda,GER,MF,21.0,2004.0,8.0,1,16.0,6,37.5,2.0,0.75,0.06,0.17,0,0,2025,shooting,Brighton & Hove Albion
ENG-Premier League,2025/26,Brighton,Carlos Baleba,CMR,MF,21.0,2004.0,18.4,0,20.0,2,10.0,1.09,0.11,0.0,0.0,0,0,2025,shooting,Brighton & Hove Albion
ENG-Premier League,2025/26,Brighton,Charalampos Kostoulas,GRE,FW,18.0,2007.0,4.1,2,21.0,8,38.1,5.12,1.95,0.1,0.25,0,0,2025,shooting,Brighton & Hove Albion
ENG-Premier League,2025/26,Brighton,Danny Welbeck,ENG,FW,34.0,1990.0,25.1,13,56.0,28,50.0,2.23,1.12,0.23,0.46,1,3,2025,shooting,Brighton & Hove Albion
ENG-Premier League,2025/26,Brighton,Diego Coppola,ITA,DF,21.0,2003.0,2.2,0,0.0,0,,0.0,0.0,,,0,0,2025,shooting,Brighton & Hove Albion
ENG-Premier League,2025/26,Brighton,Diego Gómez,PAR,"MF,FW",22.0,2003.0,23.6,5,42.0,14,33.3,1.78,0.59,0.12,0.36,0,0,2025,shooting,Brighton & Hove Albion
ENG-Premier League,2025/26,Brighton,Ferdi Kadioglu,TUR,"DF,MF",25.0,1999.0,34.8,1,28.0,13,46.4,0.8,0.37,0.04,0.08,0,0,2025,shooting,Brighton & Hove Albion
ENG-Premier League,2025/26,Brighton,Georginio Rutter,FRA,"MF,FW",23.0,2002.0,19.8,3,42.0,14,33.3,2.12,0.71,0.07,0.21,0,0,2025,shooting,Brighton & Hove Albion
ENG-Premier League,2025/26,Brighton,Harry Howell,ENG,MF,17.0,2008.0,1.0,0,0.0,0,,0.0,0.0,,,0,0,2025,shooting,Brighton & Hove Albion
ENG-Premier League,2025/26,Brighton,Jack Hinshelwood,ENG,MF,20.0,2005.0,19.3,4,37.0,15,40.5,1.91,0.78,0.11,0.27,0,0,2025,shooting,Brighton & Hove Albion
ENG-Premier League,2025/26,Brighton,James Milner,ENG,MF,39.0,1986.0,8.7,1,8.0,2,25.0,0.92,0.23,0.13,0.5,1,1,2025,shooting,Brighton & Hove Albion
ENG-Premier League,2025/26,Brighton,Jan Paul van Hecke,NED,DF,25.0,2000.0,35.7,3,23.0,10,43.5,0.64,0.28,0.13,0.3,0,0,2025,shooting,Brighton & Hove Albion
ENG-Premier League,2025/26,Brighton,Joe Knight,ENG,MF,19.0,2005.0,0.0,0,0.0,0,,0.0,0.0,,,0,0,2025,shooting,Brighton & Hove Albion
ENG-Premier League,2025/26,Brighton,Joël Veltman,NED,DF,33.0,1992.0,11.8,1,4.0,1,25.0,0.34,0.09,0.25,1.0,0,0,2025,shooting,Brighton & Hove Albion
ENG-Premier League,2025/26,Brighton,Kaoru Mitoma,JPN,"MF,FW",28.0,1997.0,19.1,3,32.0,13,40.6,1.67,0.68,0.09,0.23,0,0,2025,shooting,Brighton & Hove Albion
ENG-Premier League,2025/26,Brighton,Lewis Dunk,ENG,DF,33.0,1991.0,31.5,1,23.0,3,13.0,0.73,0.1,0.04,0.33,0,0,2025,shooting,Brighton & Hove Albion
ENG-Premier League,2025/26,Brighton,Mats Wieffer,NED,DF,25.0,1999.0,21.1,2,18.0,6,33.3,0.85,0.28,0.11,0.33,0,0,2025,shooting,Brighton & Hove Albion
ENG-Premier League,2025/26,Brighton,Matt O'Riley,DEN,MF,24.0,2000.0,2.3,1,4.0,2,50.0,1.76,0.88,0.25,0.5,1,1,2025,shooting,Brighton & Hove Albion
ENG-Premier League,2025/26,Brighton,Maxim De Cuyper,BEL,"DF,MF",24.0,2000.0,15.7,2,13.0,6,46.2,0.83,0.38,0.15,0.33,0,0,2025,shooting,Brighton & Hove Albion
ENG-Premier League,2025/26,Brighton,Nehemiah Oriola,ENG,MF,18.0,2007.0,0.0,0,0.0,0,,0.0,0.0,,,0,0,2025,shooting,Brighton & Hove Albion
ENG-Premier League,2025/26,Brighton,Olivier Boscagli,FRA,DF,27.0,1997.0,8.9,0,1.0,0,0.0,0.11,0.0,0.0,,0,0,2025,shooting,Brighton & Hove Albion
ENG-Premier League,2025/26,Brighton,Pascal Groß,GER,MF,34.0,1991.0,18.2,1,18.0,9,50.0,0.99,0.5,0.06,0.11,0,0,2025,shooting,Brighton & Hove Albion
ENG-Premier League,2025/26,Brighton,Solly March,ENG,MF,31.0,1994.0,0.5,0,1.0,1,100.0,2.2,2.2,0.0,0.0,0,0,2025,shooting,Brighton & Hove Albion
ENG-Premier League,2025/26,Brighton,Stefanos Tzimas,GRE,FW,19.0,2006.0,1.5,1,4.0,1,25.0,2.59,0.65,0.25,1.0,0,0,2025,shooting,Brighton & Hove Albion
ENG-Premier League,2025/26,Brighton,Tom Watson,ENG,MF,19.0,2006.0,0.7,0,1.0,1,100.0,1.45,1.45,0.0,0.0,0,0,2025,shooting,Brighton & Hove Albion
ENG-Premier League,2025/26,Brighton,Yankuba Minteh,GAM,MF,21.0,2004.0,26.6,3,41.0,11,26.8,1.54,0.41,0.07,0.27,0,0,2025,shooting,Brighton & Hove Albion
ENG-Premier League,2025/26,Brighton,Yasin Ayari,SWE,MF,21.0,2003.0,21.4,3,41.0,10,24.4,1.91,0.47,0.07,0.3,0,0,2025,shooting,Brighton & Hove Albion
ENG-Premier League,2025/26,Burnley,Armando Broja,ALB,FW,23.0,2001.0,9.6,1,16.0,6,37.5,1.67,0.63,0.06,0.17,0,0,2025,shooting,Burnley
ENG-Premier League,2025/26,Burnley,Ashley Barnes,ENG,"FW,MF",35.0,1989.0,0.5,0,2.0,1,50.0,3.91,1.96,0.0,0.0,0,0,2025,shooting,Burnley
ENG-Premier League,2025/26,Burnley,Axel Tuanzebe,COD,DF,27.0,1997.0,13.3,1,2.0,1,50.0,0.15,0.07,0.5,1.0,0,0,2025,shooting,Burnley
ENG-Premier League,2025/26,Burnley,Bashir Humphreys,ENG,"DF,MF",22.0,2003.0,17.5,0,9.0,3,33.3,0.51,0.17,0.0,0.0,0,0,2025,shooting,Burnley
ENG-Premier League,2025/26,Burnley,Florentino Luís,POR,MF,25.0,1999.0,23.4,0,13.0,2,15.4,0.56,0.09,0.0,0.0,0,0,2025,shooting,Burnley
ENG-Premier League,2025/26,Burnley,Hannibal Mejbri,TUN,MF,22.0,2003.0,13.7,1,19.0,5,26.3,1.39,0.37,0.05,0.2,0,0,2025,shooting,Burnley
ENG-Premier League,2025/26,Burnley,Hjalmar Ekdal,SWE,DF,26.0,1998.0,17.1,0,6.0,1,16.7,0.35,0.06,0.0,0.0,0,0,2025,shooting,Burnley
ENG-Premier League,2025/26,Burnley,Jacob Bruun Larsen,DEN,"MF,FW",26.0,1998.0,11.4,0,17.0,4,23.5,1.49,0.35,0.0,0.0,0,0,2025,shooting,Burnley
ENG-Premier League,2025/26,Burnley,Jaidon Anthony,ENG,MF,25.0,1999.0,30.2,8,55.0,23,41.8,1.82,0.76,0.15,0.35,0,0,2025,shooting,Burnley
ENG-Premier League,2025/26,Burnley,James Ward-Prowse,ENG,MF,30.0,1994.0,7.6,0,3.0,2,66.7,0.39,0.26,0.0,0.0,0,0,2025,shooting,Burnley
ENG-Premier League,2025/26,Burnley,Jaydon Amauri Banel,NED,"FW,MF",20.0,2004.0,0.1,0,0.0,0,,0.0,0.0,,,0,0,2025,shooting,Burnley
ENG-Premier League,2025/26,Burnley,Joe Worrall,ENG,DF,28.0,1997.0,5.6,0,1.0,0,0.0,0.18,0.0,0.0,,0,0,2025,shooting,Burnley
ENG-Premier League,2025/26,Burnley,Josh Cullen,IRL,MF,29.0,1996.0,16.8,2,11.0,6,54.5,0.65,0.36,0.18,0.33,0,0,2025,shooting,Burnley
ENG-Premier League,2025/26,Burnley,Josh Laurent,ENG,"DF,MF",30.0,1995.0,19.6,1,15.0,4,26.7,0.77,0.2,0.07,0.25,0,0,2025,shooting,Burnley
ENG-Premier League,2025/26,Burnley,Kyle Walker,ENG,"DF,MF",35.0,1990.0,34.4,0,4.0,0,0.0,0.12,0.0,0.0,,0,0,2025,shooting,Burnley
ENG-Premier League,2025/26,Burnley,Lesley Ugochukwu,FRA,MF,21.0,2004.0,26.0,3,23.0,8,34.8,0.89,0.31,0.13,0.38,0,0,2025,shooting,Burnley
ENG-Premier League,2025/26,Burnley,Loum Tchaouna,FRA,"MF,FW",21.0,2003.0,14.1,2,23.0,9,39.1,1.63,0.64,0.09,0.22,0,0,2025,shooting,Burnley
ENG-Premier League,2025/26,Burnley,Lucas,BRA,"MF,DF",24.0,2001.0,15.7,0,16.0,4,25.0,1.02,0.26,0.0,0.0,0,0,2025,shooting,Burnley
ENG-Premier League,2025/26,Burnley,Lyle Foster,RSA,"FW,MF",24.0,2000.0,15.2,3,20.0,6,30.0,1.31,0.39,0.15,0.5,0,0,2025,shooting,Burnley
ENG-Premier League,2025/26,Burnley,Marcus Edwards,ENG,"MF,FW",26.0,1998.0,11.9,1,23.0,6,26.1,1.94,0.51,0.04,0.17,0,0,2025,shooting,Burnley
ENG-Premier League,2025/26,Burnley,Martin Dúbravka,SVK,GK,36.0,1989.0,35.0,0,0.0,0,,0.0,0.0,,,0,0,2025,shooting,Burnley
ENG-Premier League,2025/26,Burnley,Max Weiß,GER,GK,21.0,2004.0,3.0,0,0.0,0,,0.0,0.0,,,0,0,2025,shooting,Burnley
ENG-Premier League,2025/26,Burnley,Maxime Estève,FRA,DF,23.0,2002.0,32.6,0,10.0,1,10.0,0.31,0.03,0.0,0.0,0,0,2025,shooting,Burnley
ENG-Premier League,2025/26,Burnley,Mike Trésor,BEL,"FW,MF",26.0,1999.0,0.5,0,0.0,0,,0.0,0.0,,,0,0,2025,shooting,Burnley
ENG-Premier League,2025/26,Burnley,Oliver Sonne,PER,DF,24.0,2000.0,1.9,1,3.0,1,33.3,1.6,0.53,0.33,1.0,0,0,2025,shooting,Burnley
ENG-Premier League,2025/26,Burnley,Quilindschy Hartman,NED,DF,23.0,2001.0,20.3,0,9.0,3,33.3,0.44,0.15,0.0,0.0,0,0,2025,shooting,Burnley
ENG-Premier League,2025/26,Burnley,Zeki Amdouni,SUI,"FW,MF",24.0,2000.0,0.8,0,3.0,1,33.3,3.7,1.23,0.0,0.0,0,0,2025,shooting,Burnley
ENG-Premier League,2025/26,Burnley,Zian Flemming,NED,FW,26.0,1998.0,19.7,11,52.0,21,40.4,2.65,1.07,0.21,0.52,2,2,2025,shooting,Burnley
ENG-Premier League,2025/26,Chelsea,Alejandro Garnacho,ARG,MF,21.0,2004.0,14.1,1,33.0,7,21.2,2.34,0.5,0.03,0.14,0,0,2025,shooting,Chelsea
ENG-Premier League,2025/26,Chelsea,Andrey Santos,BRA,MF,21.0,2004.0,14.0,1,11.0,2,18.2,0.79,0.14,0.09,0.5,0,0,2025,shooting,Chelsea
ENG-Premier League,2025/26,Chelsea,Benoît Badiashile,FRA,DF,24.0,2001.0,5.2,0,0.0,0,,0.0,0.0,,,0,0,2025,shooting,Chelsea
ENG-Premier League,2025/26,Chelsea,Cole Palmer,ENG,MF,23.0,2002.0,21.7,10,64.0,25,39.1,2.95,1.15,0.16,0.4,5,6,2025,shooting,Chelsea
ENG-Premier League,2025/26,Chelsea,Dario Essugo,POR,MF,20.0,2005.0,0.3,0,0.0,0,,0.0,0.0,,,0,0,2025,shooting,Chelsea
ENG-Premier League,2025/26,Chelsea,Enzo Fernández,ARG,MF,24.0,2001.0,34.6,10,72.0,31,43.1,2.08,0.9,0.14,0.32,2,2,2025,shooting,Chelsea
ENG-Premier League,2025/26,Chelsea,Estêvão Willian,BRA,MF,18.0,2007.0,9.4,2,28.0,8,28.6,2.97,0.85,0.07,0.25,0,0,2025,shooting,Chelsea
ENG-Premier League,2025/26,Chelsea,Facundo Buonanotte,ARG,MF,20.0,2004.0,0.5,0,0.0,0,,0.0,0.0,,,0,0,2025,shooting,Chelsea
ENG-Premier League,2025/26,Chelsea,Filip Jørgensen,DEN,GK,23.0,2002.0,4.2,0,0.0,0,,0.0,0.0,,,0,0,2025,shooting,Chelsea
ENG-Premier League,2025/26,Chelsea,Jamie Gittens,ENG,MF,20.0,2004.0,5.5,0,10.0,2,20.0,1.82,0.36,0.0,0.0,0,0,2025,shooting,Chelsea
ENG-Premier League,2025/26,Chelsea,Jesse Derry,ENG,MF,18.0,2007.0,0.5,0,2.0,1,50.0,4.09,2.05,0.0,0.0,0,0,2025,shooting,Chelsea
ENG-Premier League,2025/26,Chelsea,Jorrel Hato,NED,DF,19.0,2006.0,12.8,0,4.0,0,0.0,0.31,0.0,0.0,,0,0,2025,shooting,Chelsea
ENG-Premier League,2025/26,Chelsea,Joshua Acheampong,ENG,DF,19.0,2006.0,7.4,1,4.0,2,50.0,0.54,0.27,0.25,0.5,0,0,2025,shooting,Chelsea
ENG-Premier League,2025/26,Chelsea,João Pedro,BRA,"FW,MF",23.0,2001.0,29.6,15,73.0,28,38.4,2.47,0.95,0.21,0.54,0,0,2025,shooting,Chelsea
ENG-Premier League,2025/26,Chelsea,Levi Colwill,ENG,DF,22.0,2003.0,2.5,0,0.0,0,,0.0,0.0,,,0,0,2025,shooting,Chelsea
ENG-Premier League,2025/26,Chelsea,Liam Delap,ENG,FW,22.0,2003.0,12.3,1,36.0,11,30.6,2.93,0.89,0.03,0.09,0,0,2025,shooting,Chelsea
ENG-Premier League,2025/26,Chelsea,Malo Gusto,FRA,"DF,MF",22.0,2003.0,25.1,2,12.0,6,50.0,0.48,0.24,0.17,0.33,0,0,2025,shooting,Chelsea
ENG-Premier League,2025/26,Chelsea,Mamadou Sarr,SEN,DF,19.0,2005.0,1.1,0,1.0,0,0.0,0.88,0.0,0.0,,0,0,2025,shooting,Chelsea
ENG-Premier League,2025/26,Chelsea,Marc Cucurella,ESP,DF,27.0,1998.0,30.1,1,20.0,6,30.0,0.66,0.2,0.05,0.17,0,0,2025,shooting,Chelsea
ENG-Premier League,2025/26,Chelsea,Marc Guiu,ESP,FW,19.0,2006.0,2.9,0,12.0,2,16.7,4.2,0.7,0.0,0.0,0,0,2025,shooting,Chelsea
ENG-Premier League,2025/26,Chelsea,Moisés Caicedo,ECU,MF,23.0,2001.0,31.1,3,27.0,7,25.9,0.87,0.23,0.11,0.43,0,0,2025,shooting,Chelsea
ENG-Premier League,2025/26,Chelsea,Pedro Neto,POR,"MF,FW",25.0,2000.0,29.2,5,46.0,13,28.3,1.57,0.44,0.11,0.38,0,0,2025,shooting,Chelsea
ENG-Premier League,2025/26,Chelsea,Reece James,ENG,"DF,MF",25.0,1999.0,21.8,2,22.0,7,31.8,1.01,0.32,0.09,0.29,0,0,2025,shooting,Chelsea
ENG-Premier League,2025/26,Chelsea,Robert Sánchez,ESP,GK,27.0,1997.0,33.8,0,0.0,0,,0.0,0.0,,,0,0,2025,shooting,Chelsea
ENG-Premier League,2025/26,Chelsea,Roméo Lavia,BEL,MF,21.0,2004.0,4.2,0,3.0,0,0.0,0.71,0.0,0.0,,0,0,2025,shooting,Chelsea
ENG-Premier League,2025/26,Chelsea,Shumaira Mheuka,ENG,FW,17.0,2007.0,0.0,0,0.0,0,,0.0,0.0,,,0,0,2025,shooting,Chelsea
ENG-Premier League,2025/26,Chelsea,Tosin Adarabioyo,ENG,DF,27.0,1997.0,8.8,0,2.0,0,0.0,0.23,0.0,0.0,,0,0,2025,shooting,Chelsea
ENG-Premier League,2025/26,Chelsea,Trevoh Chalobah,ENG,DF,26.0,1999.0,30.9,3,16.0,5,31.3,0.52,0.16,0.19,0.6,0,0,2025,shooting,Chelsea
ENG-Premier League,2025/26,Chelsea,Tyrique George,ENG,FW,19.0,2006.0,1.6,0,3.0,2,66.7,1.86,1.24,0.0,0.0,0,0,2025,shooting,Chelsea
ENG-Premier League,2025/26,Chelsea,Wesley Fofana,FRA,DF,24.0,2000.0,19.1,0,8.0,1,12.5,0.42,0.05,0.0,0.0,0,0,2025,shooting,Chelsea
ENG-Premier League,2025/26,Crystal Palace,Adam Wharton,ENG,MF,21.0,2004.0,28.4,1,32.0,6,18.8,1.13,0.21,0.03,0.17,0,0,2025,shooting,Crystal Palace
ENG-Premier League,2025/26,Crystal Palace,Borna Sosa,CRO,"DF,MF",27.0,1998.0,1.1,0,1.0,0,0.0,0.89,0.0,0.0,,0,0,2025,shooting,Crystal Palace
ENG-Premier League,2025/26,Crystal Palace,Brennan Johnson,WAL,"MF,FW",24.0,2001.0,12.4,0,17.0,3,17.6,1.38,0.24,0.0,0.0,0,0,2025,shooting,Crystal Palace
ENG-Premier League,2025/26,Crystal Palace,Chadi Riad,MAR,DF,22.0,2003.0,6.1,0,4.0,2,50.0,0.65,0.33,0.0,0.0,0,0,2025,shooting,Crystal Palace
ENG-Premier League,2025/26,Crystal Palace,Chris Richards,USA,DF,25.0,2000.0,31.4,1,15.0,2,13.3,0.48,0.06,0.07,0.5,0,0,2025,shooting,Crystal Palace
ENG-Premier League,2025/26,Crystal Palace,Christantus Uche,NGA,FW,22.0,2003.0,1.9,0,6.0,2,33.3,3.12,1.04,0.0,0.0,0,0,2025,shooting,Crystal Palace
ENG-Premier League,2025/26,Crystal Palace,Daichi Kamada,JPN,MF,28.0,1996.0,21.1,0,19.0,4,21.1,0.9,0.19,0.0,0.0,0,0,2025,shooting,Crystal Palace
ENG-Premier League,2025/26,Crystal Palace,Daniel Muñoz,COL,MF,29.0,1996.0,26.7,4,26.0,12,46.2,0.98,0.45,0.15,0.33,0,0,2025,shooting,Crystal Palace
ENG-Premier League,2025/26,Crystal Palace,Dean Henderson,ENG,GK,28.0,1997.0,37.0,0,0.0,0,,0.0,0.0,,,0,0,2025,shooting,Crystal Palace
ENG-Premier League,2025/26,Crystal Palace,Eberechi Eze,ENG,MF,27.0,1998.0,0.9,0,6.0,2,33.3,6.51,2.17,0.0,0.0,0,0,2025,shooting,Crystal Palace
ENG-Premier League,2025/26,Crystal Palace,Eddie Nketiah,ENG,MF,26.0,1999.0,4.7,2,15.0,6,40.0,3.18,1.27,0.13,0.33,0,0,2025,shooting,Crystal Palace
ENG-Premier League,2025/26,Crystal Palace,Evann Guessand,CIV,MF,24.0,2001.0,3.7,1,3.0,1,33.3,0.82,0.27,0.33,1.0,0,0,2025,shooting,Crystal Palace
ENG-Premier League,2025/26,Crystal Palace,Ismaila Sarr,SEN,MF,27.0,1998.0,24.2,9,48.0,21,43.8,1.99,0.87,0.19,0.43,3,3,2025,shooting,Crystal Palace
ENG-Premier League,2025/26,Crystal Palace,Jaydee Canvot,FRA,DF,19.0,2006.0,14.8,0,7.0,1,14.3,0.47,0.07,0.0,0.0,0,0,2025,shooting,Crystal Palace
ENG-Premier League,2025/26,Crystal Palace,Jean-Philippe Mateta,FRA,FW,28.0,1997.0,24.6,12,63.0,32,50.8,2.56,1.3,0.19,0.38,4,4,2025,shooting,Crystal Palace
ENG-Premier League,2025/26,Crystal Palace,Jefferson Lerma,COL,"MF,DF",30.0,1994.0,19.3,0,19.0,7,36.8,0.99,0.36,0.0,0.0,0,0,2025,shooting,Crystal Palace
ENG-Premier League,2025/26,Crystal Palace,Joél Drakes-Thomas,ENG,MF,16.0,2009.0,0.1,0,0.0,0,,0.0,0.0,,,0,0,2025,shooting,Crystal Palace
ENG-Premier League,2025/26,Crystal Palace,Justin Devenny,NIR,"MF,FW",21.0,2003.0,8.8,1,13.0,4,30.8,1.47,0.45,0.08,0.25,1,1,2025,shooting,Crystal Palace
ENG-Premier League,2025/26,Crystal Palace,Jørgen Strand Larsen,NOR,FW,25.0,2000.0,10.0,3,23.0,7,30.4,2.29,0.7,0.13,0.43,0,0,2025,shooting,Crystal Palace
ENG-Premier League,2025/26,Crystal Palace,Kaden Rodney,ENG,"DF,MF",20.0,2004.0,0.0,0,0.0,0,,0.0,0.0,,,0,0,2025,shooting,Crystal Palace
ENG-Premier League,2025/26,Crystal Palace,Marc Guéhi,ENG,DF,25.0,2000.0,20.0,2,15.0,4,26.7,0.75,0.2,0.13,0.5,0,0,2025,shooting,Crystal Palace
ENG-Premier League,2025/26,Crystal Palace,Maxence Lacroix,FRA,DF,25.0,2000.0,34.3,1,25.0,7,28.0,0.73,0.2,0.04,0.14,0,0,2025,shooting,Crystal Palace
ENG-Premier League,2025/26,Crystal Palace,Nathaniel Clyne,ENG,"MF,DF",34.0,1991.0,6.6,0,3.0,0,0.0,0.45,0.0,0.0,,0,0,2025,shooting,Crystal Palace
ENG-Premier League,2025/26,Crystal Palace,Odsonne Édouard,FRA,FW,27.0,1998.0,0.0,0,0.0,0,,0.0,0.0,,,0,0,2025,shooting,Crystal Palace
ENG-Premier League,2025/26,Crystal Palace,Rio Cardines,TRI,MF,19.0,2006.0,1.0,0,1.0,0,0.0,1.0,0.0,0.0,,0,0,2025,shooting,Crystal Palace
ENG-Premier League,2025/26,Crystal Palace,Romain Esse,ENG,MF,20.0,2005.0,0.5,0,0.0,0,,0.0,0.0,,,0,0,2025,shooting,Crystal Palace
ENG-Premier League,2025/26,Crystal Palace,Tyrick Mitchell,ENG,MF,25.0,1999.0,36.1,1,19.0,7,36.8,0.53,0.19,0.05,0.14,0,0,2025,shooting,Crystal Palace
ENG-Premier League,2025/26,Crystal Palace,Walter Benítez,ARG,GK,32.0,1993.0,1.0,0,0.0,0,,0.0,0.0,,,0,0,2025,shooting,Crystal Palace
ENG-Premier League,2025/26,Crystal Palace,Will Hughes,ENG,MF,30.0,1995.0,17.5,0,17.0,0,0.0,0.97,0.0,0.0,,0,0,2025,shooting,Crystal Palace
ENG-Premier League,2025/26,Crystal Palace,Yéremy Pino,ESP,"MF,FW",22.0,2002.0,23.1,2,45.0,11,24.4,1.95,0.48,0.04,0.18,0,0,2025,shooting,Crystal Palace
ENG-Premier League,2025/26,Everton,Beto,GNB,FW,27.0,1998.0,17.4,9,43.0,17,39.5,2.47,0.98,0.21,0.53,0,0,2025,shooting,Everton
ENG-Premier League,2025/26,Everton,Carlos Alcaraz,ARG,MF,22.0,2002.0,7.7,0,20.0,5,25.0,2.61,0.65,0.0,0.0,0,0,2025,shooting,Everton
ENG-Premier League,2025/26,Everton,Dwight McNeil,ENG,MF,25.0,1999.0,13.0,0,24.0,5,20.8,1.85,0.39,0.0,0.0,0,0,2025,shooting,Everton
ENG-Premier League,2025/26,Everton,Harrison Armstrong,ENG,MF,18.0,2007.0,5.9,0,5.0,2,40.0,0.85,0.34,0.0,0.0,0,0,2025,shooting,Everton
ENG-Premier League,2025/26,Everton,Idrissa Gueye,SEN,MF,35.0,1989.0,23.3,2,29.0,7,24.1,1.25,0.3,0.07,0.29,0,0,2025,shooting,Everton
ENG-Premier League,2025/26,Everton,Iliman Ndiaye,SEN,MF,25.0,2000.0,30.9,6,43.0,22,51.2,1.39,0.71,0.14,0.27,2,2,2025,shooting,Everton
ENG-Premier League,2025/26,Everton,Jack Grealish,ENG,MF,29.0,1995.0,18.1,2,26.0,8,30.8,1.44,0.44,0.08,0.25,0,0,2025,shooting,Everton
ENG-Premier League,2025/26,Everton,Jake O'Brien,IRL,DF,24.0,2001.0,34.7,1,13.0,6,46.2,0.37,0.17,0.08,0.17,0,0,2025,shooting,Everton
ENG-Premier League,2025/26,Everton,James Garner,ENG,"MF,DF",24.0,2001.0,37.9,2,45.0,14,31.1,1.19,0.37,0.04,0.14,0,0,2025,shooting,Everton
ENG-Premier League,2025/26,Everton,James Tarkowski,ENG,DF,32.0,1992.0,37.0,2,20.0,10,50.0,0.54,0.27,0.1,0.2,0,0,2025,shooting,Everton
ENG-Premier League,2025/26,Everton,Jarrad Branthwaite,ENG,DF,23.0,2002.0,7.6,1,6.0,2,33.3,0.79,0.26,0.17,0.5,0,0,2025,shooting,Everton
ENG-Premier League,2025/26,Everton,Jordan Pickford,ENG,GK,31.0,1994.0,38.0,0,0.0,0,,0.0,0.0,,,0,0,2025,shooting,Everton
ENG-Premier League,2025/26,Everton,Kiernan Dewsbury-Hall,ENG,MF,26.0,1998.0,29.2,8,39.0,15,38.5,1.34,0.51,0.21,0.53,0,0,2025,shooting,Everton
ENG-Premier League,2025/26,Everton,Merlin Röhl,GER,MF,23.0,2002.0,7.6,1,11.0,1,9.1,1.45,0.13,0.09,1.0,0,0,2025,shooting,Everton
ENG-Premier League,2025/26,Everton,Michael Keane,ENG,DF,32.0,1993.0,28.8,3,27.0,7,25.9,0.94,0.24,0.11,0.43,0,0,2025,shooting,Everton
ENG-Premier League,2025/26,Everton,Nathan Patterson,SCO,DF,23.0,2001.0,2.7,0,1.0,1,100.0,0.37,0.37,0.0,0.0,0,0,2025,shooting,Everton
ENG-Premier League,2025/26,Everton,Séamus Coleman,IRL,DF,36.0,1988.0,0.2,0,0.0,0,,0.0,0.0,,,0,0,2025,shooting,Everton
ENG-Premier League,2025/26,Everton,Thierno Barry,FRA,FW,22.0,2002.0,21.3,8,38.0,14,36.8,1.79,0.66,0.21,0.57,0,0,2025,shooting,Everton
ENG-Premier League,2025/26,Everton,Tim Iroegbunam,ENG,MF,22.0,2003.0,16.5,0,12.0,1,8.3,0.73,0.06,0.0,0.0,0,0,2025,shooting,Everton
ENG-Premier League,2025/26,Everton,Tyler Dibling,ENG,MF,19.0,2006.0,4.0,0,4.0,0,0.0,1.01,0.0,0.0,,0,0,2025,shooting,Everton
ENG-Premier League,2025/26,Everton,Tyrique George,ENG,MF,19.0,2006.0,2.4,0,7.0,3,42.9,2.89,1.24,0.0,0.0,0,0,2025,shooting,Everton
ENG-Premier League,2025/26,Everton,Vitaliy Mykolenko,UKR,DF,26.0,1999.0,32.9,0,9.0,2,22.2,0.27,0.06,0.0,0.0,0,0,2025,shooting,Everton
ENG-Premier League,2025/26,Fulham,Adama Traoré,ESP,MF,29.0,1996.0,3.0,0,5.0,1,20.0,1.64,0.33,0.0,0.0,0,0,2025,shooting,Fulham
ENG-Premier League,2025/26,Fulham,Alex Iwobi,NGA,MF,29.0,1996.0,26.9,4,39.0,15,38.5,1.45,0.56,0.1,0.27,0,0,2025,shooting,Fulham
ENG-Premier League,2025/26,Fulham,Antonee Robinson,USA,"DF,MF",27.0,1997.0,16.6,1,6.0,1,16.7,0.36,0.06,0.17,1.0,1,1,2025,shooting,Fulham
ENG-Premier League,2025/26,Fulham,Bernd Leno,GER,GK,33.0,1992.0,38.0,0,0.0,0,,0.0,0.0,,,0,0,2025,shooting,Fulham
ENG-Premier League,2025/26,Fulham,Calvin Bassey,NGA,DF,25.0,1999.0,28.2,1,12.0,1,8.3,0.43,0.04,0.08,1.0,0,0,2025,shooting,Fulham
ENG-Premier League,2025/26,Fulham,Emile Smith Rowe,ENG,MF,25.0,2000.0,21.4,3,36.0,11,30.6,1.68,0.51,0.08,0.27,0,0,2025,shooting,Fulham
ENG-Premier League,2025/26,Fulham,Harrison Reed,ENG,MF,30.0,1995.0,1.0,1,2.0,1,50.0,1.91,0.96,0.5,1.0,0,0,2025,shooting,Fulham
ENG-Premier League,2025/26,Fulham,Harry Wilson,WAL,MF,28.0,1997.0,29.7,10,78.0,25,32.1,2.63,0.84,0.13,0.4,0,0,2025,shooting,Fulham
ENG-Premier League,2025/26,Fulham,Issa Diop,MAR,DF,28.0,1997.0,9.1,1,2.0,1,50.0,0.22,0.11,0.5,1.0,0,0,2025,shooting,Fulham
ENG-Premier League,2025/26,Fulham,Joachim Andersen,DEN,DF,29.0,1996.0,31.9,0,16.0,4,25.0,0.5,0.13,0.0,0.0,0,0,2025,shooting,Fulham
ENG-Premier League,2025/26,Fulham,Jonah Kusi-Asare,SWE,FW,18.0,2007.0,0.6,0,0.0,0,,0.0,0.0,,,0,0,2025,shooting,Fulham
ENG-Premier League,2025/26,Fulham,Jorge Cuenca,ESP,DF,25.0,1999.0,10.4,0,1.0,0,0.0,0.1,0.0,0.0,,0,0,2025,shooting,Fulham
ENG-Premier League,2025/26,Fulham,Joshua King,ENG,MF,18.0,2007.0,14.5,1,26.0,11,42.3,1.79,0.76,0.04,0.09,0,0,2025,shooting,Fulham
ENG-Premier League,2025/26,Fulham,Kenny Tete,NED,DF,29.0,1995.0,19.9,1,16.0,3,18.8,0.8,0.15,0.06,0.33,0,0,2025,shooting,Fulham
ENG-Premier League,2025/26,Fulham,Kevin,BRA,MF,22.0,2003.0,11.6,1,25.0,10,40.0,2.16,0.86,0.04,0.1,0,0,2025,shooting,Fulham
ENG-Premier League,2025/26,Fulham,Oscar Bobb,NOR,MF,22.0,2003.0,6.3,0,8.0,3,37.5,1.26,0.47,0.0,0.0,0,0,2025,shooting,Fulham
ENG-Premier League,2025/26,Fulham,Raúl Jiménez,MEX,FW,34.0,1991.0,24.3,9,73.0,18,24.7,3.0,0.74,0.12,0.5,4,4,2025,shooting,Fulham
ENG-Premier League,2025/26,Fulham,Rodrigo Muniz,BRA,FW,24.0,2001.0,11.1,1,32.0,5,15.6,2.88,0.45,0.03,0.2,0,0,2025,shooting,Fulham
ENG-Premier League,2025/26,Fulham,Ryan Sessegnon,ENG,"DF,MF",25.0,2000.0,20.3,3,16.0,4,25.0,0.79,0.2,0.19,0.75,0,0,2025,shooting,Fulham
ENG-Premier League,2025/26,Fulham,Samuel Chukwueze,NGA,MF,26.0,1999.0,12.0,3,25.0,7,28.0,2.09,0.58,0.12,0.43,0,0,2025,shooting,Fulham
ENG-Premier League,2025/26,Fulham,Sander Berge,NOR,MF,27.0,1998.0,32.3,0,14.0,3,21.4,0.43,0.09,0.0,0.0,0,0,2025,shooting,Fulham
ENG-Premier League,2025/26,Fulham,Saša Lukić,SRB,MF,28.0,1996.0,19.3,1,18.0,6,33.3,0.93,0.31,0.06,0.17,0,0,2025,shooting,Fulham
ENG-Premier League,2025/26,Fulham,Timothy Castagne,BEL,"DF,MF",29.0,1995.0,20.5,0,14.0,6,42.9,0.68,0.29,0.0,0.0,0,0,2025,shooting,Fulham
ENG-Premier League,2025/26,Fulham,Tom Cairney,SCO,MF,34.0,1991.0,8.6,2,17.0,2,11.8,1.97,0.23,0.12,1.0,0,0,2025,shooting,Fulham
ENG-Premier League,2025/26,Leeds United,Anton Stach,GER,MF,26.0,1998.0,26.3,5,55.0,14,25.5,2.09,0.53,0.09,0.36,0,0,2025,shooting,Leeds United
ENG-Premier League,2025/26,Leeds United,Ao Tanaka,JPN,MF,26.0,1998.0,14.6,2,17.0,5,29.4,1.16,0.34,0.12,0.4,0,0,2025,shooting,Leeds United
ENG-Premier League,2025/26,Leeds United,Brenden Aaronson,USA,"MF,FW",24.0,2000.0,27.2,4,47.0,17,36.2,1.73,0.62,0.09,0.24,0,0,2025,shooting,Leeds United
ENG-Premier League,2025/26,Leeds United,Daniel James,WAL,"FW,MF",27.0,1997.0,6.2,0,14.0,3,21.4,2.25,0.48,0.0,0.0,0,0,2025,shooting,Leeds United
ENG-Premier League,2025/26,Leeds United,Dominic Calvert-Lewin,ENG,FW,28.0,1997.0,30.2,14,73.0,34,46.6,2.41,1.12,0.19,0.41,4,5,2025,shooting,Leeds United
ENG-Premier League,2025/26,Leeds United,Ethan Ampadu,WAL,MF,24.0,2000.0,34.7,1,26.0,6,23.1,0.75,0.17,0.04,0.17,0,0,2025,shooting,Leeds United
ENG-Premier League,2025/26,Leeds United,Facundo Buonanotte,ARG,MF,20.0,2004.0,0.4,0,2.0,0,0.0,4.62,0.0,0.0,,0,0,2025,shooting,Leeds United
ENG-Premier League,2025/26,Leeds United,Gabriel Gudmundsson,SWE,"DF,MF",26.0,1999.0,29.2,0,18.0,3,16.7,0.62,0.1,0.0,0.0,0,0,2025,shooting,Leeds United
ENG-Premier League,2025/26,Leeds United,Ilia Gruev,BUL,MF,25.0,2000.0,14.7,0,7.0,1,14.3,0.48,0.07,0.0,0.0,0,0,2025,shooting,Leeds United
ENG-Premier League,2025/26,Leeds United,Jack Harrison,ENG,FW,28.0,1996.0,3.0,0,6.0,2,33.3,2.01,0.67,0.0,0.0,0,0,2025,shooting,Leeds United
ENG-Premier League,2025/26,Leeds United,Jaka Bijol,SVN,DF,26.0,1999.0,21.0,1,15.0,6,40.0,0.71,0.29,0.07,0.17,0,0,2025,shooting,Leeds United
ENG-Premier League,2025/26,Leeds United,James Justin,ENG,"DF,MF",27.0,1998.0,21.1,2,24.0,6,25.0,1.14,0.28,0.08,0.33,0,0,2025,shooting,Leeds United
ENG-Premier League,2025/26,Leeds United,Jayden Bogle,ENG,"MF,DF",25.0,2000.0,31.0,1,18.0,4,22.2,0.58,0.13,0.06,0.25,0,0,2025,shooting,Leeds United
ENG-Premier League,2025/26,Leeds United,Joe Rodon,WAL,DF,27.0,1997.0,32.8,2,18.0,7,38.9,0.55,0.21,0.11,0.29,0,0,2025,shooting,Leeds United
ENG-Premier League,2025/26,Leeds United,Joël Piroe,SUR,FW,25.0,1999.0,2.9,0,14.0,3,21.4,4.88,1.05,0.0,0.0,0,0,2025,shooting,Leeds United
ENG-Premier League,2025/26,Leeds United,Karl Darlow,WAL,GK,34.0,1990.0,22.0,0,0.0,0,,0.0,0.0,,,0,0,2025,shooting,Leeds United
ENG-Premier League,2025/26,Leeds United,Lucas Perri,BRA,GK,27.0,1997.0,16.0,0,0.0,0,,0.0,0.0,,,0,0,2025,shooting,Leeds United
ENG-Premier League,2025/26,Leeds United,Lukas Nmecha,GER,FW,26.0,1998.0,12.0,6,30.0,16,53.3,2.49,1.33,0.2,0.38,2,3,2025,shooting,Leeds United
ENG-Premier League,2025/26,Leeds United,Noah Okafor,SUI,"FW,MF",25.0,2000.0,17.3,8,35.0,15,42.9,2.02,0.86,0.23,0.53,0,0,2025,shooting,Leeds United
ENG-Premier League,2025/26,Leeds United,Pascal Struijk,NED,DF,25.0,1999.0,32.6,0,31.0,5,16.1,0.95,0.15,0.0,0.0,0,0,2025,shooting,Leeds United
ENG-Premier League,2025/26,Leeds United,Sam Byram,ENG,"DF,MF",31.0,1993.0,0.1,0,0.0,0,,0.0,0.0,,,0,0,2025,shooting,Leeds United
ENG-Premier League,2025/26,Leeds United,Sean Longstaff,ENG,MF,27.0,1997.0,11.2,2,16.0,4,25.0,1.42,0.36,0.13,0.5,0,0,2025,shooting,Leeds United
ENG-Premier League,2025/26,Leeds United,Sebastiaan Bornauw,BEL,DF,26.0,1999.0,4.8,0,1.0,0,0.0,0.21,0.0,0.0,,0,0,2025,shooting,Leeds United
ENG-Premier League,2025/26,Leeds United,Wilfried Gnonto,ITA,FW,21.0,2003.0,6.0,0,10.0,0,0.0,1.68,0.0,0.0,,0,0,2025,shooting,Leeds United
ENG-Premier League,2025/26,Liverpool,Alexander Isak,SWE,FW,25.0,1999.0,7.8,3,17.0,6,35.3,2.19,0.77,0.18,0.5,0,0,2025,shooting,Liverpool
ENG-Premier League,2025/26,Liverpool,Alexis Mac Allister,ARG,MF,26.0,1998.0,29.5,2,52.0,12,23.1,1.76,0.41,0.04,0.17,0,0,2025,shooting,Liverpool
ENG-Premier League,2025/26,Liverpool,Alisson,BRA,GK,32.0,1992.0,26.0,0,0.0,0,,0.0,0.0,,,0,0,2025,shooting,Liverpool
ENG-Premier League,2025/26,Liverpool,Andy Robertson,SCO,DF,31.0,1994.0,13.1,1,10.0,3,30.0,0.77,0.23,0.1,0.33,0,0,2025,shooting,Liverpool
ENG-Premier League,2025/26,Liverpool,Cody Gakpo,NED,"MF,FW",26.0,1999.0,30.4,7,87.0,21,24.1,2.86,0.69,0.08,0.33,0,0,2025,shooting,Liverpool
ENG-Premier League,2025/26,Liverpool,Conor Bradley,NIR,DF,22.0,2003.0,10.3,0,6.0,0,0.0,0.58,0.0,0.0,,0,0,2025,shooting,Liverpool
ENG-Premier League,2025/26,Liverpool,Curtis Jones,ENG,"MF,DF",24.0,2001.0,21.5,1,22.0,7,31.8,1.02,0.33,0.05,0.14,0,0,2025,shooting,Liverpool
ENG-Premier League,2025/26,Liverpool,Dominik Szoboszlai,HUN,"MF,DF",24.0,2000.0,35.9,6,71.0,23,32.4,1.98,0.64,0.08,0.26,0,1,2025,shooting,Liverpool
ENG-Premier League,2025/26,Liverpool,Federico Chiesa,ITA,MF,27.0,1997.0,3.8,2,17.0,5,29.4,4.51,1.33,0.12,0.4,0,0,2025,shooting,Liverpool
ENG-Premier League,2025/26,Liverpool,Florian Wirtz,GER,MF,22.0,2003.0,26.4,5,51.0,18,35.3,1.93,0.68,0.1,0.28,0,0,2025,shooting,Liverpool
ENG-Premier League,2025/26,Liverpool,Freddie Woodman,ENG,GK,28.0,1997.0,2.4,0,0.0,0,,0.0,0.0,,,0,0,2025,shooting,Liverpool
ENG-Premier League,2025/26,Liverpool,Giorgi Mamardashvili,GEO,GK,24.0,2000.0,9.6,0,0.0,0,,0.0,0.0,,,0,0,2025,shooting,Liverpool
ENG-Premier League,2025/26,Liverpool,Harvey Elliott,ENG,"FW,MF",22.0,2003.0,0.0,0,0.0,0,,0.0,0.0,,,0,0,2025,shooting,Liverpool
ENG-Premier League,2025/26,Liverpool,Hugo Ekitike,FRA,FW,23.0,2002.0,20.0,11,65.0,19,29.2,3.24,0.95,0.17,0.58,0,0,2025,shooting,Liverpool
ENG-Premier League,2025/26,Liverpool,Ibrahima Konaté,FRA,DF,26.0,1999.0,34.3,1,12.0,4,33.3,0.35,0.12,0.08,0.25,0,0,2025,shooting,Liverpool
ENG-Premier League,2025/26,Liverpool,Jeremie Frimpong,NED,"DF,MF",24.0,2000.0,11.6,0,10.0,2,20.0,0.87,0.17,0.0,0.0,0,0,2025,shooting,Liverpool
ENG-Premier League,2025/26,Liverpool,Joe Gomez,ENG,DF,28.0,1997.0,6.7,0,5.0,1,20.0,0.74,0.15,0.0,0.0,0,0,2025,shooting,Liverpool
ENG-Premier League,2025/26,Liverpool,Milos Kerkez,HUN,DF,21.0,2003.0,25.1,2,9.0,2,22.2,0.36,0.08,0.22,1.0,0,0,2025,shooting,Liverpool
ENG-Premier League,2025/26,Liverpool,Mohamed Salah,EGY,MF,33.0,1992.0,23.8,7,68.0,19,27.9,2.85,0.8,0.1,0.37,1,1,2025,shooting,Liverpool
ENG-Premier League,2025/26,Liverpool,Rio Ngumoha,ENG,MF,16.0,2008.0,6.2,2,16.0,6,37.5,2.57,0.96,0.13,0.33,0,0,2025,shooting,Liverpool
ENG-Premier League,2025/26,Liverpool,Ryan Gravenberch,NED,MF,23.0,2002.0,33.2,5,38.0,13,34.2,1.14,0.39,0.13,0.38,0,0,2025,shooting,Liverpool
ENG-Premier League,2025/26,Liverpool,Trey Nyoni,ENG,MF,18.0,2007.0,0.3,0,1.0,0,0.0,3.75,0.0,0.0,,0,0,2025,shooting,Liverpool
ENG-Premier League,2025/26,Liverpool,Virgil van Dijk,NED,DF,34.0,1991.0,38.0,6,30.0,14,46.7,0.79,0.37,0.2,0.43,0,0,2025,shooting,Liverpool
ENG-Premier League,2025/26,Liverpool,Wataru Endo,JPN,DF,32.0,1993.0,1.9,0,1.0,0,0.0,0.51,0.0,0.0,,0,0,2025,shooting,Liverpool
ENG-Premier League,2025/26,Manchester City,Abdukodir Khusanov,UZB,DF,21.0,2004.0,15.9,0,7.0,1,14.3,0.44,0.06,0.0,0.0,0,0,2025,shooting,Manchester City
ENG-Premier League,2025/26,Manchester City,Antoine Semenyo,GHA,"MF,FW",25.0,2000.0,15.5,7,34.0,14,41.2,2.19,0.9,0.21,0.5,0,0,2025,shooting,Manchester City
ENG-Premier League,2025/26,Manchester City,Bernardo Silva,POR,MF,30.0,1994.0,31.9,2,30.0,7,23.3,0.94,0.22,0.07,0.29,0,0,2025,shooting,Manchester City
ENG-Premier League,2025/26,Manchester City,Divine Mukasa,ENG,MF,17.0,2007.0,0.3,0,0.0,0,,0.0,0.0,,,0,0,2025,shooting,Manchester City
ENG-Premier League,2025/26,Manchester City,Erling Haaland,NOR,FW,25.0,2000.0,32.8,27,126.0,59,46.8,3.84,1.8,0.21,0.46,3,4,2025,shooting,Manchester City
ENG-Premier League,2025/26,Manchester City,Gianluigi Donnarumma,ITA,GK,26.0,1999.0,34.0,0,0.0,0,,0.0,0.0,,,0,0,2025,shooting,Manchester City
ENG-Premier League,2025/26,Manchester City,James Trafford,ENG,GK,22.0,2002.0,4.0,0,0.0,0,,0.0,0.0,,,0,0,2025,shooting,Manchester City
ENG-Premier League,2025/26,Manchester City,Jeremy Doku,BEL,"MF,FW",23.0,2002.0,19.8,5,39.0,15,38.5,1.97,0.76,0.13,0.33,0,0,2025,shooting,Manchester City
ENG-Premier League,2025/26,Manchester City,John Stones,ENG,DF,31.0,1994.0,4.9,0,0.0,0,,0.0,0.0,,,0,0,2025,shooting,Manchester City
ENG-Premier League,2025/26,Manchester City,Joško Gvardiol,CRO,DF,23.0,2002.0,15.2,2,17.0,6,35.3,1.12,0.39,0.12,0.33,0,0,2025,shooting,Manchester City
ENG-Premier League,2025/26,Manchester City,Marc Guéhi,ENG,DF,25.0,2000.0,15.0,1,17.0,5,29.4,1.13,0.33,0.06,0.2,0,0,2025,shooting,Manchester City
ENG-Premier League,2025/26,Manchester City,Mateo Kovačić,CRO,MF,31.0,1994.0,1.4,0,2.0,0,0.0,1.38,0.0,0.0,,0,0,2025,shooting,Manchester City
ENG-Premier League,2025/26,Manchester City,Matheus Nunes,POR,DF,26.0,1998.0,31.8,1,7.0,2,28.6,0.22,0.06,0.14,0.5,0,0,2025,shooting,Manchester City
ENG-Premier League,2025/26,Manchester City,Max Alleyne,ENG,DF,20.0,2005.0,1.5,0,2.0,1,50.0,1.33,0.67,0.0,0.0,0,0,2025,shooting,Manchester City
ENG-Premier League,2025/26,Manchester City,Nathan Aké,NED,DF,30.0,1995.0,7.7,0,7.0,1,14.3,0.91,0.13,0.0,0.0,0,0,2025,shooting,Manchester City
ENG-Premier League,2025/26,Manchester City,Nico O'Reilly,ENG,"DF,MF",20.0,2005.0,29.4,5,41.0,15,36.6,1.39,0.51,0.12,0.33,0,0,2025,shooting,Manchester City
ENG-Premier League,2025/26,Manchester City,Nicolás González,ESP,MF,23.0,2002.0,17.4,1,14.0,2,14.3,0.8,0.11,0.07,0.5,0,0,2025,shooting,Manchester City
ENG-Premier League,2025/26,Manchester City,Omar Marmoush,EGY,"FW,MF",26.0,1999.0,7.8,3,30.0,9,30.0,3.86,1.16,0.1,0.33,0,0,2025,shooting,Manchester City
ENG-Premier League,2025/26,Manchester City,Oscar Bobb,NOR,"MF,FW",22.0,2003.0,5.2,0,4.0,0,0.0,0.77,0.0,0.0,,0,0,2025,shooting,Manchester City
ENG-Premier League,2025/26,Manchester City,Phil Foden,ENG,MF,25.0,2000.0,23.2,7,55.0,19,34.5,2.37,0.82,0.13,0.37,0,0,2025,shooting,Manchester City
ENG-Premier League,2025/26,Manchester City,Rayan Aït-Nouri,ALG,DF,24.0,2001.0,10.8,0,10.0,2,20.0,0.92,0.18,0.0,0.0,0,0,2025,shooting,Manchester City
ENG-Premier League,2025/26,Manchester City,Rayan Cherki,FRA,MF,21.0,2003.0,19.8,4,55.0,13,23.6,2.77,0.66,0.07,0.31,0,0,2025,shooting,Manchester City
ENG-Premier League,2025/26,Manchester City,Rico Lewis,ENG,DF,20.0,2004.0,4.5,0,3.0,0,0.0,0.66,0.0,0.0,,0,0,2025,shooting,Manchester City
ENG-Premier League,2025/26,Manchester City,Rodri,ESP,MF,29.0,1996.0,16.8,1,16.0,3,18.8,0.95,0.18,0.06,0.33,0,0,2025,shooting,Manchester City
ENG-Premier League,2025/26,Manchester City,Rúben Dias,POR,DF,28.0,1997.0,23.8,2,10.0,4,40.0,0.42,0.17,0.2,0.5,0,0,2025,shooting,Manchester City
ENG-Premier League,2025/26,Manchester City,Sávio,BRA,MF,21.0,2004.0,9.3,1,20.0,11,55.0,2.16,1.19,0.05,0.09,0,0,2025,shooting,Manchester City
ENG-Premier League,2025/26,Manchester City,Tijjani Reijnders,NED,MF,27.0,1998.0,18.1,5,49.0,16,32.7,2.7,0.88,0.1,0.31,0,0,2025,shooting,Manchester City
ENG-Premier League,2025/26,Manchester Utd,Altay Bayındır,TUR,GK,27.0,1998.0,6.0,0,0.0,0,,0.0,0.0,,,0,0,2025,shooting,Manchester United
ENG-Premier League,2025/26,Manchester Utd,Amad Diallo,CIV,MF,23.0,2002.0,26.0,2,53.0,23,43.4,2.04,0.88,0.04,0.09,0,0,2025,shooting,Manchester United
ENG-Premier League,2025/26,Manchester Utd,Ayden Heaven,ENG,DF,18.0,2006.0,10.3,0,3.0,0,0.0,0.29,0.0,0.0,,0,0,2025,shooting,Manchester United
ENG-Premier League,2025/26,Manchester Utd,Bendito Mantato,ENG,MF,17.0,2008.0,0.2,0,0.0,0,,0.0,0.0,,,0,0,2025,shooting,Manchester United
ENG-Premier League,2025/26,Manchester Utd,Benjamin Šeško,SVN,FW,22.0,2003.0,18.3,11,61.0,34,55.7,3.34,1.86,0.18,0.32,0,0,2025,shooting,Manchester United
ENG-Premier League,2025/26,Manchester Utd,Bruno Fernandes,POR,MF,30.0,1994.0,34.0,9,85.0,24,28.2,2.5,0.71,0.11,0.38,4,6,2025,shooting,Manchester United
ENG-Premier League,2025/26,Manchester Utd,Bryan Mbeumo,CMR,"MF,FW",25.0,1999.0,29.0,11,73.0,32,43.8,2.52,1.1,0.15,0.34,0,0,2025,shooting,Manchester United
ENG-Premier League,2025/26,Manchester Utd,Casemiro,BRA,MF,33.0,1992.0,28.6,9,52.0,18,34.6,1.82,0.63,0.17,0.5,0,0,2025,shooting,Manchester United
ENG-Premier League,2025/26,Manchester Utd,Diogo Dalot,POR,"DF,MF",26.0,1999.0,29.0,1,24.0,6,25.0,0.83,0.21,0.04,0.17,0,0,2025,shooting,Manchester United
ENG-Premier League,2025/26,Manchester Utd,Harry Maguire,ENG,DF,32.0,1993.0,18.4,1,14.0,4,28.6,0.76,0.22,0.07,0.25,0,0,2025,shooting,Manchester United
ENG-Premier League,2025/26,Manchester Utd,Jack Fletcher,ENG,MF,18.0,2007.0,1.2,0,1.0,0,0.0,0.83,0.0,0.0,,0,0,2025,shooting,Manchester United
ENG-Premier League,2025/26,Manchester Utd,Joshua Zirkzee,NED,"FW,MF",24.0,2001.0,7.0,2,25.0,9,36.0,3.59,1.29,0.08,0.22,0,0,2025,shooting,Manchester United
ENG-Premier League,2025/26,Manchester Utd,Kobbie Mainoo,ENG,MF,20.0,2005.0,18.5,1,13.0,3,23.1,0.7,0.16,0.08,0.33,0,0,2025,shooting,Manchester United
ENG-Premier League,2025/26,Manchester Utd,Leny Yoro,FRA,DF,19.0,2005.0,19.3,0,9.0,3,33.3,0.47,0.16,0.0,0.0,0,0,2025,shooting,Manchester United
ENG-Premier League,2025/26,Manchester Utd,Lisandro Martínez,ARG,DF,27.0,1998.0,13.7,0,5.0,0,0.0,0.36,0.0,0.0,,0,0,2025,shooting,Manchester United
ENG-Premier League,2025/26,Manchester Utd,Luke Shaw,ENG,DF,30.0,1995.0,35.8,1,10.0,3,30.0,0.28,0.08,0.1,0.33,0,0,2025,shooting,Manchester United
ENG-Premier League,2025/26,Manchester Utd,Manuel Ugarte,URU,MF,24.0,2001.0,9.9,0,13.0,1,7.7,1.32,0.1,0.0,0.0,0,0,2025,shooting,Manchester United
ENG-Premier League,2025/26,Manchester Utd,Mason Mount,ENG,MF,26.0,1999.0,11.3,3,19.0,5,26.3,1.68,0.44,0.16,0.6,0,0,2025,shooting,Manchester United
ENG-Premier League,2025/26,Manchester Utd,Matheus Cunha,BRA,"MF,FW",26.0,1999.0,27.7,10,90.0,35,38.9,3.25,1.26,0.11,0.29,0,0,2025,shooting,Manchester United
ENG-Premier League,2025/26,Manchester Utd,Matthijs de Ligt,NED,DF,25.0,1999.0,13.0,1,11.0,3,27.3,0.85,0.23,0.09,0.33,0,0,2025,shooting,Manchester United
ENG-Premier League,2025/26,Manchester Utd,Noussair Mazraoui,MAR,"DF,MF",27.0,1997.0,10.9,0,5.0,0,0.0,0.46,0.0,0.0,,0,0,2025,shooting,Manchester United
ENG-Premier League,2025/26,Manchester Utd,Patrick Dorgu,DEN,MF,20.0,2004.0,16.1,4,25.0,11,44.0,1.55,0.68,0.16,0.36,0,0,2025,shooting,Manchester United
ENG-Premier League,2025/26,Manchester Utd,Senne Lammens,BEL,GK,23.0,2002.0,32.0,0,0.0,0,,0.0,0.0,,,0,0,2025,shooting,Manchester United
ENG-Premier League,2025/26,Manchester Utd,Shea Lacey,ENG,FW,18.0,2007.0,0.5,0,4.0,1,25.0,8.37,2.09,0.0,0.0,0,0,2025,shooting,Manchester United
ENG-Premier League,2025/26,Manchester Utd,Tyler Fletcher,SCO,MF,18.0,2007.0,0.2,0,0.0,0,,0.0,0.0,,,0,0,2025,shooting,Manchester United
ENG-Premier League,2025/26,Manchester Utd,Tyler Fredricson,ENG,DF,20.0,2005.0,0.0,0,0.0,0,,0.0,0.0,,,0,0,2025,shooting,Manchester United
ENG-Premier League,2025/26,Manchester Utd,Tyrell Malacia,NED,DF,25.0,1999.0,0.2,0,0.0,0,,0.0,0.0,,,0,0,2025,shooting,Manchester United
ENG-Premier League,2025/26,Newcastle,Aaron Ramsdale,ENG,GK,27.0,1998.0,11.2,0,0.0,0,,0.0,0.0,,,0,0,2025,shooting,Newcastle United
ENG-Premier League,2025/26,Newcastle,Alex Murphy,IRL,DF,21.0,2004.0,0.1,0,0.0,0,,0.0,0.0,,,0,0,2025,shooting,Newcastle United
ENG-Premier League,2025/26,Newcastle,Anthony Elanga,SWE,"FW,MF",23.0,2002.0,14.7,0,17.0,4,23.5,1.16,0.27,0.0,0.0,0,0,2025,shooting,Newcastle United
ENG-Premier League,2025/26,Newcastle,Anthony Gordon,ENG,FW,24.0,2001.0,19.9,6,48.0,20,41.7,2.41,1.0,0.13,0.3,3,3,2025,shooting,Newcastle United
ENG-Premier League,2025/26,Newcastle,Bruno Guimarães,BRA,MF,27.0,1997.0,27.3,9,42.0,23,54.8,1.54,0.84,0.21,0.39,2,2,2025,shooting,Newcastle United
ENG-Premier League,2025/26,Newcastle,Dan Burn,ENG,DF,33.0,1992.0,24.4,1,10.0,3,30.0,0.41,0.12,0.1,0.33,0,0,2025,shooting,Newcastle United
ENG-Premier League,2025/26,Newcastle,Emil Krafth,SWE,DF,30.0,1994.0,0.5,0,0.0,0,,0.0,0.0,,,0,0,2025,shooting,Newcastle United
ENG-Premier League,2025/26,Newcastle,Fabian Schär,SUI,DF,33.0,1991.0,12.1,0,17.0,4,23.5,1.4,0.33,0.0,0.0,0,0,2025,shooting,Newcastle United
ENG-Premier League,2025/26,Newcastle,Harvey Barnes,ENG,"FW,MF",27.0,1997.0,21.8,7,58.0,21,36.2,2.66,0.96,0.12,0.33,0,0,2025,shooting,Newcastle United
ENG-Premier League,2025/26,Newcastle,Jacob Murphy,ENG,"FW,MF",30.0,1995.0,18.0,3,42.0,13,31.0,2.34,0.72,0.07,0.23,0,0,2025,shooting,Newcastle United
ENG-Premier League,2025/26,Newcastle,Jacob Ramsey,ENG,MF,24.0,2001.0,16.1,2,16.0,4,25.0,0.99,0.25,0.13,0.5,0,0,2025,shooting,Newcastle United
ENG-Premier League,2025/26,Newcastle,Jamaal Lascelles,ENG,DF,31.0,1993.0,0.2,0,1.0,0,0.0,4.29,0.0,0.0,,0,0,2025,shooting,Newcastle United
ENG-Premier League,2025/26,Newcastle,Joe Willock,ENG,MF,25.0,1999.0,10.9,0,17.0,6,35.3,1.56,0.55,0.0,0.0,0,0,2025,shooting,Newcastle United
ENG-Premier League,2025/26,Newcastle,Joelinton,BRA,MF,28.0,1996.0,21.7,2,32.0,11,34.4,1.48,0.51,0.06,0.18,0,0,2025,shooting,Newcastle United
ENG-Premier League,2025/26,Newcastle,Kieran Trippier,ENG,DF,34.0,1990.0,17.6,0,2.0,0,0.0,0.11,0.0,0.0,,0,0,2025,shooting,Newcastle United
ENG-Premier League,2025/26,Newcastle,Lewis Hall,ENG,DF,20.0,2004.0,24.2,1,25.0,6,24.0,1.03,0.25,0.04,0.17,0,0,2025,shooting,Newcastle United
ENG-Premier League,2025/26,Newcastle,Lewis Miley,ENG,"MF,DF",19.0,2006.0,16.6,1,12.0,4,33.3,0.72,0.24,0.08,0.25,0,0,2025,shooting,Newcastle United
ENG-Premier League,2025/26,Newcastle,Malick Thiaw,GER,DF,23.0,2001.0,32.9,4,28.0,14,50.0,0.85,0.42,0.14,0.29,0,0,2025,shooting,Newcastle United
ENG-Premier League,2025/26,Newcastle,Nick Pope,ENG,GK,33.0,1992.0,26.8,0,1.0,1,100.0,0.04,0.04,0.0,0.0,0,0,2025,shooting,Newcastle United
ENG-Premier League,2025/26,Newcastle,Nick Woltemade,GER,"FW,MF",23.0,2002.0,21.1,8,32.0,13,40.6,1.51,0.62,0.25,0.62,1,1,2025,shooting,Newcastle United
ENG-Premier League,2025/26,Newcastle,Sandro Tonali,ITA,MF,25.0,2000.0,28.2,0,37.0,8,21.6,1.31,0.28,0.0,0.0,0,0,2025,shooting,Newcastle United
ENG-Premier League,2025/26,Newcastle,Sean Neave,ENG,FW,18.0,2007.0,0.2,0,1.0,0,0.0,6.43,0.0,0.0,,0,0,2025,shooting,Newcastle United
ENG-Premier League,2025/26,Newcastle,Sven Botman,NED,DF,25.0,2000.0,20.4,1,15.0,4,26.7,0.74,0.2,0.07,0.25,0,0,2025,shooting,Newcastle United
ENG-Premier League,2025/26,Newcastle,Tino Livramento,ENG,DF,22.0,2002.0,14.8,0,3.0,0,0.0,0.2,0.0,0.0,,0,0,2025,shooting,Newcastle United
ENG-Premier League,2025/26,Newcastle,William Osula,DEN,FW,21.0,2003.0,9.1,7,23.0,12,52.2,2.53,1.32,0.3,0.58,0,0,2025,shooting,Newcastle United
ENG-Premier League,2025/26,Newcastle,Yoane Wissa,COD,FW,28.0,1996.0,5.9,1,13.0,5,38.5,2.2,0.85,0.08,0.2,0,0,2025,shooting,Newcastle United
ENG-Premier League,2025/26,Nottingham,Angus Gunn,SCO,GK,29.0,1996.0,0.5,0,0.0,0,,0.0,0.0,,,0,0,2025,shooting,Nottingham Forest
ENG-Premier League,2025/26,Nottingham,Arnaud Kalimuendo,FRA,FW,23.0,2002.0,1.1,0,4.0,1,25.0,3.75,0.94,0.0,0.0,0,0,2025,shooting,Nottingham Forest
ENG-Premier League,2025/26,Nottingham,Callum Hudson-Odoi,ENG,MF,24.0,2000.0,20.5,3,30.0,10,33.3,1.47,0.49,0.1,0.3,0,0,2025,shooting,Nottingham Forest
ENG-Premier League,2025/26,Nottingham,Chris Wood,NZL,FW,33.0,1991.0,10.0,3,23.0,9,39.1,2.3,0.9,0.13,0.33,0,0,2025,shooting,Nottingham Forest
ENG-Premier League,2025/26,Nottingham,Dan Ndoye,SUI,MF,24.0,2000.0,13.0,1,15.0,4,26.7,1.15,0.31,0.07,0.25,0,0,2025,shooting,Nottingham Forest
ENG-Premier League,2025/26,Nottingham,Dilane Bakwa,FRA,MF,22.0,2002.0,6.1,0,9.0,3,33.3,1.46,0.49,0.0,0.0,0,0,2025,shooting,Nottingham Forest
ENG-Premier League,2025/26,Nottingham,Douglas Luiz,BRA,MF,27.0,1998.0,3.5,0,5.0,1,20.0,1.43,0.29,0.0,0.0,0,0,2025,shooting,Nottingham Forest
ENG-Premier League,2025/26,Nottingham,Elliot Anderson,ENG,MF,22.0,2002.0,37.0,4,44.0,10,22.7,1.19,0.27,0.09,0.4,1,1,2025,shooting,Nottingham Forest
ENG-Premier League,2025/26,Nottingham,Ibrahim Sangaré,CIV,MF,27.0,1997.0,23.1,2,16.0,5,31.3,0.69,0.22,0.13,0.4,0,0,2025,shooting,Nottingham Forest
ENG-Premier League,2025/26,Nottingham,Igor Jesus,BRA,FW,24.0,2001.0,25.5,6,70.0,21,30.0,2.74,0.82,0.09,0.29,1,1,2025,shooting,Nottingham Forest
ENG-Premier League,2025/26,Nottingham,Jair Cunha,BRA,DF,20.0,2005.0,5.7,0,3.0,1,33.3,0.52,0.17,0.0,0.0,0,0,2025,shooting,Nottingham Forest
ENG-Premier League,2025/26,Nottingham,James Mcatee,ENG,MF,22.0,2002.0,3.3,0,4.0,0,0.0,1.21,0.0,0.0,,0,0,2025,shooting,Nottingham Forest
ENG-Premier League,2025/26,Nottingham,John,BRA,GK,29.0,1996.0,4.9,0,0.0,0,,0.0,0.0,,,0,0,2025,shooting,Nottingham Forest
ENG-Premier League,2025/26,Nottingham,Jota Silva,POR,FW,25.0,1999.0,0.1,0,0.0,0,,0.0,0.0,,,0,0,2025,shooting,Nottingham Forest
ENG-Premier League,2025/26,Nottingham,Lorenzo Lucca,ITA,FW,24.0,2000.0,1.4,1,4.0,1,25.0,2.79,0.7,0.25,1.0,0,0,2025,shooting,Nottingham Forest
ENG-Premier League,2025/26,Nottingham,Luca Netz,GER,"DF,MF",22.0,2003.0,4.0,0,0.0,0,,0.0,0.0,,,0,0,2025,shooting,Nottingham Forest
ENG-Premier League,2025/26,Nottingham,Matz Sels,BEL,GK,33.0,1992.0,29.6,0,0.0,0,,0.0,0.0,,,0,0,2025,shooting,Nottingham Forest
ENG-Premier League,2025/26,Nottingham,Morato,BRA,DF,24.0,2001.0,14.9,1,5.0,2,40.0,0.33,0.13,0.2,0.5,0,0,2025,shooting,Nottingham Forest
ENG-Premier League,2025/26,Nottingham,Morgan Gibbs-White,ENG,MF,25.0,2000.0,34.4,15,83.0,32,38.6,2.41,0.93,0.18,0.47,1,1,2025,shooting,Nottingham Forest
ENG-Premier League,2025/26,Nottingham,Murillo,BRA,DF,23.0,2002.0,23.7,1,11.0,4,36.4,0.46,0.17,0.09,0.25,0,0,2025,shooting,Nottingham Forest
ENG-Premier League,2025/26,Nottingham,Neco Williams,WAL,DF,24.0,2001.0,35.6,2,46.0,19,41.3,1.29,0.53,0.04,0.11,0,0,2025,shooting,Nottingham Forest
ENG-Premier League,2025/26,Nottingham,Nicolás Domínguez,ARG,MF,27.0,1998.0,13.1,1,18.0,5,27.8,1.38,0.38,0.06,0.2,0,0,2025,shooting,Nottingham Forest
ENG-Premier League,2025/26,Nottingham,Nicolò Savona,ITA,DF,22.0,2003.0,11.4,2,5.0,3,60.0,0.44,0.26,0.4,0.67,0,0,2025,shooting,Nottingham Forest
ENG-Premier League,2025/26,Nottingham,Nikola Milenković,SRB,DF,27.0,1997.0,37.5,0,16.0,1,6.3,0.43,0.03,0.0,0.0,0,0,2025,shooting,Nottingham Forest
ENG-Premier League,2025/26,Nottingham,Ola Aina,NGA,DF,28.0,1996.0,17.6,0,12.0,1,8.3,0.68,0.06,0.0,0.0,0,0,2025,shooting,Nottingham Forest
ENG-Premier League,2025/26,Nottingham,Oleksandr Zinchenko,UKR,DF,28.0,1996.0,3.9,0,4.0,2,50.0,1.02,0.51,0.0,0.0,0,0,2025,shooting,Nottingham Forest
ENG-Premier League,2025/26,Nottingham,Omari Hutchinson,ENG,MF,21.0,2003.0,18.8,1,25.0,11,44.0,1.33,0.59,0.04,0.09,0,0,2025,shooting,Nottingham Forest
ENG-Premier League,2025/26,Nottingham,Ryan Yates,ENG,MF,27.0,1997.0,6.9,0,9.0,2,22.2,1.31,0.29,0.0,0.0,0,0,2025,shooting,Nottingham Forest
ENG-Premier League,2025/26,Nottingham,Stefan Ortega,GER,GK,32.0,1992.0,3.0,0,0.0,0,,0.0,0.0,,,0,0,2025,shooting,Nottingham Forest
ENG-Premier League,2025/26,Nottingham,Taiwo Awoniyi,NGA,FW,27.0,1997.0,5.5,4,15.0,8,53.3,2.73,1.46,0.27,0.5,0,0,2025,shooting,Nottingham Forest
ENG-Premier League,2025/26,Nottingham,Zach Abbott,ENG,DF,19.0,2006.0,1.8,0,0.0,0,,0.0,0.0,,,0,0,2025,shooting,Nottingham Forest
ENG-Premier League,2025/26,Sunderland,Arthur Masuaku,COD,DF,31.0,1993.0,1.4,0,1.0,0,0.0,0.71,0.0,0.0,,0,0,2025,shooting,Sunderland
ENG-Premier League,2025/26,Sunderland,Bertrand Traoré,BFA,"MF,FW",29.0,1995.0,7.0,1,12.0,6,50.0,1.71,0.85,0.08,0.17,0,0,2025,shooting,Sunderland
ENG-Premier League,2025/26,Sunderland,Brian Brobbey,NED,FW,23.0,2002.0,21.4,7,36.0,18,50.0,1.68,0.84,0.19,0.39,0,0,2025,shooting,Sunderland
ENG-Premier League,2025/26,Sunderland,Chemsdine Talbi,MAR,"MF,FW",20.0,2005.0,17.3,4,25.0,10,40.0,1.44,0.58,0.16,0.4,0,0,2025,shooting,Sunderland
ENG-Premier League,2025/26,Sunderland,Chris Rigg,ENG,MF,18.0,2007.0,8.5,1,12.0,3,25.0,1.42,0.35,0.08,0.33,0,0,2025,shooting,Sunderland
ENG-Premier League,2025/26,Sunderland,Dan Neil,ENG,MF,23.0,2001.0,0.2,0,0.0,0,,0.0,0.0,,,0,0,2025,shooting,Sunderland
ENG-Premier League,2025/26,Sunderland,Daniel Ballard,NIR,DF,25.0,1999.0,23.9,2,26.0,9,34.6,1.09,0.38,0.08,0.22,0,0,2025,shooting,Sunderland
ENG-Premier League,2025/26,Sunderland,Dennis Cirkin,LVA,DF,23.0,2002.0,3.6,0,1.0,0,0.0,0.28,0.0,0.0,,0,0,2025,shooting,Sunderland
ENG-Premier League,2025/26,Sunderland,Eliezer Mayenda,ESP,"FW,MF",20.0,2005.0,8.4,2,13.0,6,46.2,1.54,0.71,0.15,0.33,0,0,2025,shooting,Sunderland
ENG-Premier League,2025/26,Sunderland,Enzo Le Fée,FRA,"MF,FW",25.0,2000.0,32.6,5,36.0,12,33.3,1.11,0.37,0.14,0.42,3,4,2025,shooting,Sunderland
ENG-Premier League,2025/26,Sunderland,Granit Xhaka,SUI,MF,32.0,1992.0,32.3,1,21.0,5,23.8,0.65,0.15,0.05,0.2,0,0,2025,shooting,Sunderland
ENG-Premier League,2025/26,Sunderland,Habib Diarra,SEN,MF,21.0,2004.0,15.6,2,26.0,8,30.8,1.67,0.51,0.08,0.25,1,1,2025,shooting,Sunderland
ENG-Premier League,2025/26,Sunderland,Jenson Seelt,NED,DF,22.0,2003.0,1.5,0,0.0,0,,0.0,0.0,,,0,0,2025,shooting,Sunderland
ENG-Premier League,2025/26,Sunderland,Jocelin Ta Bi,CIV,MF,20.0,2005.0,0.4,0,0.0,0,,0.0,0.0,,,0,0,2025,shooting,Sunderland
ENG-Premier League,2025/26,Sunderland,Luke O'Nien,ENG,DF,30.0,1994.0,6.3,0,4.0,1,25.0,0.63,0.16,0.0,0.0,0,0,2025,shooting,Sunderland
ENG-Premier League,2025/26,Sunderland,Lutsharel Geertruida,NED,"DF,MF",25.0,2000.0,18.8,0,11.0,3,27.3,0.58,0.16,0.0,0.0,0,0,2025,shooting,Sunderland
ENG-Premier League,2025/26,Sunderland,Marc Guiu,ESP,FW,19.0,2006.0,0.2,0,1.0,0,0.0,6.0,0.0,0.0,,0,0,2025,shooting,Sunderland
ENG-Premier League,2025/26,Sunderland,Melker Ellborg,SWE,GK,22.0,2003.0,3.0,0,0.0,0,,0.0,0.0,,,0,0,2025,shooting,Sunderland
ENG-Premier League,2025/26,Sunderland,Nilson Angulo,ECU,MF,22.0,2003.0,4.5,0,7.0,3,42.9,1.56,0.67,0.0,0.0,0,0,2025,shooting,Sunderland
ENG-Premier League,2025/26,Sunderland,Noah Sadiki,COD,MF,20.0,2004.0,32.1,0,19.0,5,26.3,0.59,0.16,0.0,0.0,0,0,2025,shooting,Sunderland
ENG-Premier League,2025/26,Sunderland,Nordi Mukiele,FRA,DF,27.0,1997.0,30.9,3,26.0,4,15.4,0.84,0.13,0.12,0.75,0,0,2025,shooting,Sunderland
ENG-Premier League,2025/26,Sunderland,Omar Alderete,PAR,DF,28.0,1996.0,31.1,1,24.0,9,37.5,0.77,0.29,0.04,0.11,0,0,2025,shooting,Sunderland
ENG-Premier League,2025/26,Sunderland,Patrick Roberts,ENG,"FW,MF",28.0,1997.0,0.3,0,1.0,0,0.0,3.21,0.0,0.0,,0,0,2025,shooting,Sunderland
ENG-Premier League,2025/26,Sunderland,Reinildo Mandava,MOZ,DF,31.0,1994.0,21.8,0,4.0,0,0.0,0.18,0.0,0.0,,0,0,2025,shooting,Sunderland
ENG-Premier League,2025/26,Sunderland,Robin Roefs,NED,GK,22.0,2003.0,35.0,0,0.0,0,,0.0,0.0,,,0,0,2025,shooting,Sunderland
ENG-Premier League,2025/26,Sunderland,Romaine Mundle,ENG,MF,22.0,2003.0,4.6,0,7.0,2,28.6,1.53,0.44,0.0,0.0,0,0,2025,shooting,Sunderland
ENG-Premier League,2025/26,Sunderland,Simon Adingra,CIV,"MF,FW",23.0,2002.0,7.3,1,6.0,2,33.3,0.83,0.28,0.17,0.5,0,0,2025,shooting,Sunderland
ENG-Premier League,2025/26,Sunderland,Trai Hume,NIR,"DF,MF",23.0,2002.0,33.7,2,34.0,7,20.6,1.01,0.21,0.06,0.29,0,0,2025,shooting,Sunderland
ENG-Premier League,2025/26,Sunderland,Wilson Isidor,HAI,FW,24.0,2000.0,12.9,6,43.0,17,39.5,3.32,1.31,0.14,0.35,0,0,2025,shooting,Sunderland
ENG-Premier League,2025/26,Tottenham,Antonín Kinský,CZE,GK,22.0,2003.0,7.0,0,0.0,0,,0.0,0.0,,,0,0,2025,shooting,Tottenham Hotspur
ENG-Premier League,2025/26,Tottenham,Archie Gray,ENG,"MF,DF",19.0,2006.0,16.4,2,11.0,5,45.5,0.67,0.3,0.18,0.4,0,0,2025,shooting,Tottenham Hotspur
ENG-Premier League,2025/26,Tottenham,Ben Davies,WAL,DF,32.0,1993.0,1.5,1,2.0,2,100.0,1.31,1.31,0.5,0.5,0,0,2025,shooting,Tottenham Hotspur
ENG-Premier League,2025/26,Tottenham,Brennan Johnson,WAL,"MF,FW",24.0,2001.0,6.8,2,6.0,2,33.3,0.89,0.3,0.33,1.0,0,0,2025,shooting,Tottenham Hotspur
ENG-Premier League,2025/26,Tottenham,Callum Olusesi,ENG,MF,18.0,2007.0,0.2,0,0.0,0,,0.0,0.0,,,0,0,2025,shooting,Tottenham Hotspur
ENG-Premier League,2025/26,Tottenham,Conor Gallagher,ENG,MF,25.0,2000.0,13.2,1,11.0,4,36.4,0.84,0.3,0.09,0.25,0,0,2025,shooting,Tottenham Hotspur
ENG-Premier League,2025/26,Tottenham,Cristian Romero,ARG,DF,27.0,1998.0,20.8,4,17.0,6,35.3,0.82,0.29,0.24,0.67,0,0,2025,shooting,Tottenham Hotspur
ENG-Premier League,2025/26,Tottenham,Dane Scarlett,ENG,FW,21.0,2004.0,0.1,0,0.0,0,,0.0,0.0,,,0,0,2025,shooting,Tottenham Hotspur
ENG-Premier League,2025/26,Tottenham,Destiny Udogie,ITA,"DF,MF",22.0,2002.0,14.9,0,4.0,1,25.0,0.27,0.07,0.0,0.0,0,0,2025,shooting,Tottenham Hotspur
ENG-Premier League,2025/26,Tottenham,Djed Spence,ENG,"DF,MF",24.0,2000.0,22.8,0,13.0,8,61.5,0.57,0.35,0.0,0.0,0,0,2025,shooting,Tottenham Hotspur
ENG-Premier League,2025/26,Tottenham,Dominic Solanke,ENG,FW,27.0,1997.0,11.1,3,20.0,11,55.0,1.8,0.99,0.15,0.27,0,0,2025,shooting,Tottenham Hotspur
ENG-Premier League,2025/26,Tottenham,Guglielmo Vicario,ITA,GK,28.0,1996.0,31.0,0,0.0,0,,0.0,0.0,,,0,0,2025,shooting,Tottenham Hotspur
ENG-Premier League,2025/26,Tottenham,James Maddison,ENG,"FW,MF",28.0,1996.0,0.4,0,2.0,0,0.0,4.86,0.0,0.0,,0,0,2025,shooting,Tottenham Hotspur
ENG-Premier League,2025/26,Tottenham,James Rowswell,ENG,DF,19.0,2006.0,0.0,0,0.0,0,,0.0,0.0,,,0,0,2025,shooting,Tottenham Hotspur
ENG-Premier League,2025/26,Tottenham,João Palhinha,POR,MF,30.0,1995.0,24.4,5,33.0,9,27.3,1.35,0.37,0.15,0.56,0,0,2025,shooting,Tottenham Hotspur
ENG-Premier League,2025/26,Tottenham,Jun'ai Byfield,ENG,DF,16.0,2008.0,0.0,0,0.0,0,,0.0,0.0,,,0,0,2025,shooting,Tottenham Hotspur
ENG-Premier League,2025/26,Tottenham,Kevin Danso,AUT,DF,26.0,1998.0,16.6,0,11.0,2,18.2,0.66,0.12,0.0,0.0,0,0,2025,shooting,Tottenham Hotspur
ENG-Premier League,2025/26,Tottenham,Lucas Bergvall,SWE,MF,19.0,2006.0,10.7,1,12.0,5,41.7,1.12,0.47,0.08,0.2,0,0,2025,shooting,Tottenham Hotspur
ENG-Premier League,2025/26,Tottenham,Mathys Tel,FRA,"MF,FW",20.0,2005.0,15.0,4,35.0,8,22.9,2.34,0.53,0.11,0.5,0,0,2025,shooting,Tottenham Hotspur
ENG-Premier League,2025/26,Tottenham,Micky van de Ven,NED,DF,24.0,2001.0,33.8,4,16.0,6,37.5,0.47,0.18,0.25,0.67,0,0,2025,shooting,Tottenham Hotspur
ENG-Premier League,2025/26,Tottenham,Mohammed Kudus,GHA,"MF,FW",24.0,2000.0,17.1,2,26.0,9,34.6,1.52,0.53,0.08,0.22,0,0,2025,shooting,Tottenham Hotspur
ENG-Premier League,2025/26,Tottenham,Pape Matar Sarr,SEN,MF,22.0,2002.0,15.5,2,17.0,6,35.3,1.09,0.39,0.12,0.33,0,0,2025,shooting,Tottenham Hotspur
ENG-Premier League,2025/26,Tottenham,Pedro Porro,ESP,DF,25.0,1999.0,31.1,1,32.0,8,25.0,1.03,0.26,0.03,0.13,0,0,2025,shooting,Tottenham Hotspur
ENG-Premier League,2025/26,Tottenham,Radu Drăgușin,ROU,DF,23.0,2002.0,5.7,0,4.0,0,0.0,0.7,0.0,0.0,,0,0,2025,shooting,Tottenham Hotspur
ENG-Premier League,2025/26,Tottenham,Randal Kolo Muani,FRA,"FW,MF",26.0,1998.0,18.5,1,20.0,4,20.0,1.08,0.22,0.05,0.25,0,0,2025,shooting,Tottenham Hotspur
ENG-Premier League,2025/26,Tottenham,Richarlison,BRA,"FW,MF",28.0,1997.0,21.8,11,61.0,26,42.6,2.8,1.19,0.18,0.42,0,0,2025,shooting,Tottenham Hotspur
ENG-Premier League,2025/26,Tottenham,Rodrigo Bentancur,URU,MF,28.0,1997.0,20.9,1,13.0,3,23.1,0.62,0.14,0.08,0.33,0,0,2025,shooting,Tottenham Hotspur
ENG-Premier League,2025/26,Tottenham,Souza,BRA,MF,19.0,2006.0,1.6,0,1.0,1,100.0,0.62,0.62,0.0,0.0,0,0,2025,shooting,Tottenham Hotspur
ENG-Premier League,2025/26,Tottenham,Wilson Odobert,FRA,"MF,FW",20.0,2004.0,10.9,0,21.0,8,38.1,1.92,0.73,0.0,0.0,0,0,2025,shooting,Tottenham Hotspur
ENG-Premier League,2025/26,Tottenham,Xavi Simons,NED,"MF,FW",22.0,2003.0,19.5,2,42.0,10,23.8,2.15,0.51,0.05,0.2,0,0,2025,shooting,Tottenham Hotspur
ENG-Premier League,2025/26,Tottenham,Yves Bissouma,MLI,MF,28.0,1996.0,6.7,0,5.0,2,40.0,0.75,0.3,0.0,0.0,0,0,2025,shooting,Tottenham Hotspur
ENG-Premier League,2025/26,West Ham,Aaron Wan-Bissaka,COD,"DF,MF",27.0,1997.0,23.1,0,0.0,0,,0.0,0.0,,,0,0,2025,shooting,West Ham United
ENG-Premier League,2025/26,West Ham,Adama Traoré,ESP,"FW,MF",29.0,1996.0,1.3,0,2.0,0,0.0,1.49,0.0,0.0,,0,0,2025,shooting,West Ham United
ENG-Premier League,2025/26,West Ham,Alphonse Areola,FRA,GK,32.0,1993.0,20.0,0,0.0,0,,0.0,0.0,,,0,0,2025,shooting,West Ham United
ENG-Premier League,2025/26,West Ham,Andy Irving,SCO,MF,25.0,2000.0,1.8,0,0.0,0,,0.0,0.0,,,0,0,2025,shooting,West Ham United
ENG-Premier League,2025/26,West Ham,Axel Disasi,FRA,DF,27.0,1998.0,13.9,0,5.0,3,60.0,0.36,0.22,0.0,0.0,0,0,2025,shooting,West Ham United
ENG-Premier League,2025/26,West Ham,Callum Marshall,NIR,FW,20.0,2004.0,0.7,0,1.0,0,0.0,1.5,0.0,0.0,,0,0,2025,shooting,West Ham United
ENG-Premier League,2025/26,West Ham,Callum Wilson,ENG,FW,33.0,1992.0,13.9,7,38.0,16,42.1,2.73,1.15,0.18,0.44,0,0,2025,shooting,West Ham United
ENG-Premier League,2025/26,West Ham,Crysencio Summerville,NED,"MF,FW",23.0,2001.0,27.4,5,54.0,15,27.8,1.97,0.55,0.09,0.33,0,0,2025,shooting,West Ham United
ENG-Premier League,2025/26,West Ham,El Hadji Malick Diouf,SEN,"DF,MF",20.0,2004.0,30.1,0,18.0,4,22.2,0.6,0.13,0.0,0.0,0,0,2025,shooting,West Ham United
ENG-Premier League,2025/26,West Ham,Ezra Mayers,BRB,DF,18.0,2007.0,1.3,0,1.0,0,0.0,0.77,0.0,0.0,,0,0,2025,shooting,West Ham United
ENG-Premier League,2025/26,West Ham,Freddie Potts,ENG,MF,21.0,2003.0,13.0,0,3.0,1,33.3,0.23,0.08,0.0,0.0,0,0,2025,shooting,West Ham United
ENG-Premier League,2025/26,West Ham,George Earthy,ENG,MF,20.0,2004.0,0.1,0,0.0,0,,0.0,0.0,,,0,0,2025,shooting,West Ham United
ENG-Premier League,2025/26,West Ham,Guido Rodríguez,ARG,MF,31.0,1994.0,2.0,0,1.0,0,0.0,0.5,0.0,0.0,,0,0,2025,shooting,West Ham United
ENG-Premier League,2025/26,West Ham,Igor,BRA,DF,27.0,1998.0,1.2,0,0.0,0,,0.0,0.0,,,0,0,2025,shooting,West Ham United
ENG-Premier League,2025/26,West Ham,James Ward-Prowse,ENG,MF,30.0,1994.0,4.6,0,2.0,0,0.0,0.44,0.0,0.0,,0,0,2025,shooting,West Ham United
ENG-Premier League,2025/26,West Ham,Jarrod Bowen,ENG,"MF,FW",28.0,1996.0,37.8,9,79.0,28,35.4,2.09,0.74,0.11,0.32,1,1,2025,shooting,West Ham United
ENG-Premier League,2025/26,West Ham,Jean-Clair Todibo,FRA,DF,25.0,1999.0,20.2,0,2.0,0,0.0,0.1,0.0,0.0,,0,0,2025,shooting,West Ham United
ENG-Premier League,2025/26,West Ham,Konstantinos Mavropanos,GRE,DF,27.0,1997.0,28.2,3,23.0,8,34.8,0.82,0.28,0.13,0.38,0,0,2025,shooting,West Ham United
ENG-Premier League,2025/26,West Ham,Kyle Walker-Peters,ENG,DF,28.0,1997.0,15.4,1,5.0,3,60.0,0.33,0.2,0.2,0.33,0,0,2025,shooting,West Ham United
ENG-Premier League,2025/26,West Ham,Lucas Paquetá,BRA,"MF,FW",27.0,1997.0,16.8,4,23.0,11,47.8,1.37,0.66,0.17,0.36,2,2,2025,shooting,West Ham United
ENG-Premier League,2025/26,West Ham,Luis Guilherme,BRA,FW,19.0,2006.0,1.4,0,1.0,0,0.0,0.72,0.0,0.0,,0,0,2025,shooting,West Ham United
ENG-Premier League,2025/26,West Ham,Mads Hermansen,DEN,GK,25.0,2000.0,18.0,0,0.0,0,,0.0,0.0,,,0,0,2025,shooting,West Ham United
ENG-Premier League,2025/26,West Ham,Mateus Fernandes,POR,MF,21.0,2004.0,33.5,3,28.0,8,28.6,0.84,0.24,0.11,0.38,0,0,2025,shooting,West Ham United
ENG-Premier League,2025/26,West Ham,Max Kilman,ENG,DF,28.0,1997.0,17.3,0,7.0,1,14.3,0.4,0.06,0.0,0.0,0,0,2025,shooting,West Ham United
ENG-Premier League,2025/26,West Ham,Mohamadou Kanté,FRA,MF,19.0,2005.0,0.8,0,2.0,0,0.0,2.4,0.0,0.0,,0,0,2025,shooting,West Ham United
ENG-Premier League,2025/26,West Ham,Nayef Aguerd,MAR,DF,29.0,1996.0,2.0,0,2.0,0,0.0,1.0,0.0,0.0,,0,0,2025,shooting,West Ham United
ENG-Premier League,2025/26,West Ham,Niclas Füllkrug,GER,FW,32.0,1993.0,4.5,0,9.0,3,33.3,1.98,0.66,0.0,0.0,0,0,2025,shooting,West Ham United
ENG-Premier League,2025/26,West Ham,Oliver Scarles,ENG,"DF,MF",19.0,2005.0,7.3,0,3.0,0,0.0,0.41,0.0,0.0,,0,0,2025,shooting,West Ham United
ENG-Premier League,2025/26,West Ham,Pablo,BRA,"MF,FW",21.0,2004.0,9.1,0,12.0,3,25.0,1.31,0.33,0.0,0.0,0,0,2025,shooting,West Ham United
ENG-Premier League,2025/26,West Ham,Soungoutou Magassa,FRA,MF,21.0,2003.0,10.9,1,7.0,2,28.6,0.64,0.18,0.14,0.5,0,0,2025,shooting,West Ham United
ENG-Premier League,2025/26,West Ham,Tomáš Souček,CZE,MF,30.0,1995.0,24.4,5,26.0,14,53.8,1.06,0.57,0.19,0.36,0,0,2025,shooting,West Ham United
ENG-Premier League,2025/26,West Ham,Valentín Castellanos,ARG,FW,26.0,1998.0,15.4,6,50.0,22,44.0,3.25,1.43,0.12,0.27,0,0,2025,shooting,West Ham United
ENG-Premier League,2025/26,Wolves,Adam Armstrong,ENG,"FW,MF",28.0,1997.0,12.7,2,18.0,6,33.3,1.42,0.47,0.11,0.33,1,1,2025,shooting,Wolverhampton Wanderers
ENG-Premier League,2025/26,Wolves,André,BRA,MF,24.0,2001.0,30.7,1,15.0,1,6.7,0.49,0.03,0.07,1.0,0,0,2025,shooting,Wolverhampton Wanderers
ENG-Premier League,2025/26,Wolves,Angel Gomes,ENG,"MF,FW",24.0,2000.0,5.1,0,6.0,2,33.3,1.17,0.39,0.0,0.0,0,0,2025,shooting,Wolverhampton Wanderers
ENG-Premier League,2025/26,Wolves,Daniel Bentley,ENG,GK,32.0,1993.0,3.0,0,0.0,0,,0.0,0.0,,,0,0,2025,shooting,Wolverhampton Wanderers
ENG-Premier League,2025/26,Wolves,David Møller Wolfe,NOR,"MF,DF",23.0,2002.0,11.7,0,3.0,0,0.0,0.26,0.0,0.0,,0,0,2025,shooting,Wolverhampton Wanderers
ENG-Premier League,2025/26,Wolves,Emmanuel Agbadou,CIV,DF,28.0,1997.0,12.2,0,10.0,3,30.0,0.82,0.25,0.0,0.0,0,0,2025,shooting,Wolverhampton Wanderers
ENG-Premier League,2025/26,Wolves,Fer López,ESP,MF,21.0,2004.0,2.6,0,5.0,1,20.0,1.91,0.38,0.0,0.0,0,0,2025,shooting,Wolverhampton Wanderers
ENG-Premier League,2025/26,Wolves,Hugo Bueno,ESP,"MF,DF",22.0,2002.0,26.3,1,16.0,6,37.5,0.61,0.23,0.06,0.17,0,0,2025,shooting,Wolverhampton Wanderers
ENG-Premier League,2025/26,Wolves,Hwang Hee-chan,KOR,"FW,MF",29.0,1996.0,16.1,2,19.0,6,31.6,1.18,0.37,0.11,0.33,1,1,2025,shooting,Wolverhampton Wanderers
ENG-Premier League,2025/26,Wolves,Jackson Tchatchoua,CMR,"MF,DF",23.0,2001.0,20.5,0,3.0,1,33.3,0.15,0.05,0.0,0.0,0,0,2025,shooting,Wolverhampton Wanderers
ENG-Premier League,2025/26,Wolves,Jean-Ricner Bellegarde,HAI,"MF,FW",27.0,1998.0,13.9,1,21.0,7,33.3,1.51,0.5,0.05,0.14,0,0,2025,shooting,Wolverhampton Wanderers
ENG-Premier League,2025/26,Wolves,Jerome Abbey,ENG,MF,15.0,2009.0,0.2,0,0.0,0,,0.0,0.0,,,0,0,2025,shooting,Wolverhampton Wanderers
ENG-Premier League,2025/26,Wolves,Jhon Arias,COL,"FW,MF",27.0,1997.0,12.5,1,16.0,3,18.8,1.28,0.24,0.06,0.33,0,0,2025,shooting,Wolverhampton Wanderers
ENG-Premier League,2025/26,Wolves,José Sá,POR,GK,32.0,1993.0,23.0,0,0.0,0,,0.0,0.0,,,0,0,2025,shooting,Wolverhampton Wanderers
ENG-Premier League,2025/26,Wolves,João Gomes,BRA,MF,24.0,2001.0,31.4,1,19.0,7,36.8,0.6,0.22,0.05,0.14,0,0,2025,shooting,Wolverhampton Wanderers
ENG-Premier League,2025/26,Wolves,Jørgen Strand Larsen,NOR,FW,25.0,2000.0,15.6,1,21.0,7,33.3,1.35,0.45,0.05,0.14,1,2,2025,shooting,Wolverhampton Wanderers
ENG-Premier League,2025/26,Wolves,Ki-Jana Hoever,NED,"MF,DF",23.0,2002.0,4.7,0,1.0,1,100.0,0.21,0.21,0.0,0.0,0,0,2025,shooting,Wolverhampton Wanderers
ENG-Premier League,2025/26,Wolves,Ladislav Krejčí,CZE,"DF,MF",26.0,1999.0,26.2,2,21.0,10,47.6,0.8,0.38,0.1,0.2,0,0,2025,shooting,Wolverhampton Wanderers
ENG-Premier League,2025/26,Wolves,Marshall Munetsi,ZIM,"MF,FW",29.0,1996.0,9.7,1,14.0,6,42.9,1.44,0.62,0.07,0.17,0,0,2025,shooting,Wolverhampton Wanderers
ENG-Premier League,2025/26,Wolves,Mateus Mane,POR,MF,17.0,2007.0,19.9,3,41.0,17,41.5,2.06,0.85,0.07,0.18,0,0,2025,shooting,Wolverhampton Wanderers
ENG-Premier League,2025/26,Wolves,Matt Doherty,IRL,"DF,MF",33.0,1992.0,8.7,0,3.0,0,0.0,0.34,0.0,0.0,,0,0,2025,shooting,Wolverhampton Wanderers
ENG-Premier League,2025/26,Wolves,Pedro Lima,BRA,MF,19.0,2006.0,2.9,0,4.0,1,25.0,1.38,0.35,0.0,0.0,0,0,2025,shooting,Wolverhampton Wanderers
ENG-Premier League,2025/26,Wolves,Rodrigo Gomes,POR,"MF,FW",22.0,2003.0,10.7,3,20.0,6,30.0,1.87,0.56,0.15,0.5,0,0,2025,shooting,Wolverhampton Wanderers
ENG-Premier League,2025/26,Wolves,Sam Johnstone,ENG,GK,32.0,1993.0,12.0,0,0.0,0,,0.0,0.0,,,0,0,2025,shooting,Wolverhampton Wanderers
ENG-Premier League,2025/26,Wolves,Santiago Bueno,URU,DF,26.0,1998.0,28.4,3,10.0,7,70.0,0.35,0.25,0.3,0.43,0,0,2025,shooting,Wolverhampton Wanderers
ENG-Premier League,2025/26,Wolves,Saša Kalajdžić,AUT,"FW,MF",28.0,1997.0,0.2,0,0.0,0,,0.0,0.0,,,0,0,2025,shooting,Wolverhampton Wanderers
ENG-Premier League,2025/26,Wolves,Tawanda Chirewa,ZIM,MF,21.0,2003.0,0.3,0,0.0,0,,0.0,0.0,,,0,0,2025,shooting,Wolverhampton Wanderers
ENG-Premier League,2025/26,Wolves,Tolu Arokodare,NGA,FW,24.0,2000.0,15.8,3,46.0,16,34.8,2.92,1.01,0.07,0.19,0,1,2025,shooting,Wolverhampton Wanderers
ENG-Premier League,2025/26,Wolves,Tom Edozie,ENG,MF,19.0,2006.0,0.2,1,2.0,1,50.0,12.86,6.43,0.5,1.0,0,0,2025,shooting,Wolverhampton Wanderers
ENG-Premier League,2025/26,Wolves,Toti Gomes,POR,DF,26.0,1999.0,15.8,0,5.0,2,40.0,0.32,0.13,0.0,0.0,0,0,2025,shooting,Wolverhampton Wanderers
ENG-Premier League,2025/26,Wolves,Yerson Mosquera,COL,DF,24.0,2001.0,23.7,0,30.0,6,20.0,1.26,0.25,0.0,0.0,0,0,2025,shooting,Wolverhampton Wanderers
