league,season,team,player,nation,pos,age,born,90s,Performance_CrdY,Performance_CrdR,Performance_2CrdY,Performance_Fls,Performance_Fld,Performance_Off,Performance_Crs,Performance_Int,Performance_TklW,Performance_PKwon,Performance_PKcon,Performance_OG,season_start,stat_type,team_canonical
ENG-Premier League,2017/18,Arsenal,Aaron Ramsey,WAL,MF,26,1990,20.5,0,0,0,28,33,0,17,25,26,2,0,0,2017,misc,Arsenal
ENG-Premier League,2017/18,Arsenal,Ainsley Maitland-Niles,ENG,"DF,MF",19,1997,10.2,1,0,0,10,5,0,20,14,17,0,1,0,2017,misc,Arsenal
ENG-Premier League,2017/18,Arsenal,Alex Iwobi,NGA,"MF,FW",21,1996,20.3,1,0,0,11,12,1,20,7,16,0,0,0,2017,misc,Arsenal
ENG-Premier League,2017/18,Arsenal,Alex Oxlade-Chamberlain,ENG,MF,23,1993,2.7,0,0,0,1,1,1,16,8,3,0,0,0,2017,misc,Arsenal
ENG-Premier League,2017/18,Arsenal,Alexandre Lacazette,FRA,FW,26,1991,24.5,1,0,0,28,28,24,15,8,18,1,0,0,2017,misc,Arsenal
ENG-Premier League,2017/18,Arsenal,Alexis Sánchez,CHI,MF,28,1988,16.7,4,0,0,21,44,16,52,6,10,0,0,0,2017,misc,Arsenal
ENG-Premier League,2017/18,Arsenal,Calum Chambers,ENG,DF,22,1995,9.6,1,0,0,10,5,0,7,19,12,0,1,0,2017,misc,Arsenal
ENG-Premier League,2017/18,Arsenal,Danny Welbeck,ENG,"MF,FW",26,1990,13.3,1,0,0,13,21,4,2,11,13,0,0,0,2017,misc,Arsenal
ENG-Premier League,2017/18,Arsenal,David Ospina,COL,GK,28,1988,4.2,0,0,0,0,4,0,0,0,0,0,0,0,2017,misc,Arsenal
ENG-Premier League,2017/18,Arsenal,Eddie Nketiah,ENG,FW,18,1999,0.2,0,0,0,1,0,0,0,0,1,0,0,0,2017,misc,Arsenal
ENG-Premier League,2017/18,Arsenal,Francis Coquelin,FRA,DF,26,1991,1.8,0,0,0,1,1,0,0,4,4,0,0,0,2017,misc,Arsenal
ENG-Premier League,2017/18,Arsenal,Granit Xhaka,SUI,MF,24,1992,36.2,10,0,0,57,42,0,102,38,56,0,0,0,2017,misc,Arsenal
ENG-Premier League,2017/18,Arsenal,Henrikh Mkhitaryan,ARM,"MF,FW",28,1989,8.8,0,0,0,14,17,2,33,10,14,1,1,0,2017,misc,Arsenal
ENG-Premier League,2017/18,Arsenal,Héctor Bellerín,ESP,"MF,DF",22,1995,33.9,5,0,0,37,9,4,63,27,45,0,2,0,2017,misc,Arsenal
ENG-Premier League,2017/18,Arsenal,Jack Wilshere,ENG,MF,25,1992,13.3,6,0,0,15,37,1,3,10,11,0,0,0,2017,misc,Arsenal
ENG-Premier League,2017/18,Arsenal,Joe Willock,ENG,MF,17,1999,0.9,0,0,0,0,0,0,0,2,2,0,0,0,2017,misc,Arsenal
ENG-Premier League,2017/18,Arsenal,Konstantinos Mavropanos,GRE,DF,19,1997,2.2,0,1,0,2,3,0,0,7,1,0,0,0,2017,misc,Arsenal
ENG-Premier League,2017/18,Arsenal,Laurent Koscielny,FRA,DF,31,1985,24.7,4,0,0,14,26,2,6,60,23,0,0,0,2017,misc,Arsenal
ENG-Premier League,2017/18,Arsenal,Mesut Özil,GER,"MF,FW",28,1988,24.0,4,0,0,18,22,12,98,11,13,1,0,0,2017,misc,Arsenal
ENG-Premier League,2017/18,Arsenal,Mohamed Elneny,EGY,MF,25,1992,9.6,3,1,0,4,6,1,9,11,8,0,0,0,2017,misc,Arsenal
ENG-Premier League,2017/18,Arsenal,Nacho Monreal,ESP,DF,31,1986,24.9,3,0,0,19,17,2,33,60,30,0,1,0,2017,misc,Arsenal
ENG-Premier League,2017/18,Arsenal,Olivier Giroud,FRA,FW,30,1986,4.3,0,0,0,13,2,2,3,1,4,0,0,0,2017,misc,Arsenal
ENG-Premier League,2017/18,Arsenal,Per Mertesacker,GER,DF,32,1984,4.1,0,0,0,2,4,0,0,6,2,0,0,0,2017,misc,Arsenal
ENG-Premier League,2017/18,Arsenal,Petr Čech,CZE,GK,35,1982,33.8,1,0,0,0,4,0,0,0,1,0,0,0,2017,misc,Arsenal
ENG-Premier League,2017/18,Arsenal,Pierre-Emerick Aubameyang,GAB,FW,28,1989,11.7,0,0,0,1,8,10,16,5,4,0,0,0,2017,misc,Arsenal
ENG-Premier League,2017/18,Arsenal,Reiss Nelson,ENG,MF,17,1999,1.6,0,0,0,0,2,0,1,2,3,0,0,0,2017,misc,Arsenal
ENG-Premier League,2017/18,Arsenal,Rob Holding,ENG,DF,21,1995,9.1,3,0,0,9,5,0,0,22,14,0,0,0,2017,misc,Arsenal
ENG-Premier League,2017/18,Arsenal,Sead Kolašinac,BIH,"MF,DF",24,1993,23.9,3,0,0,32,11,1,42,28,38,0,0,0,2017,misc,Arsenal
ENG-Premier League,2017/18,Arsenal,Shkodran Mustafi,GER,DF,25,1992,25.3,6,0,0,26,13,2,12,56,46,0,0,0,2017,misc,Arsenal
ENG-Premier League,2017/18,Arsenal,Theo Walcott,ENG,"FW,MF",28,1989,0.8,0,0,0,1,0,5,3,2,0,0,0,0,2017,misc,Arsenal
ENG-Premier League,2017/18,Bournemouth,Adam Smith,ENG,"DF,MF",26,1991,23.0,6,0,0,23,39,1,40,31,37,0,0,0,2017,misc,AFC Bournemouth
ENG-Premier League,2017/18,Bournemouth,Andrew Surman,ENG,MF,30,1986,20.6,2,0,0,9,15,1,21,16,15,0,0,0,2017,misc,AFC Bournemouth
ENG-Premier League,2017/18,Bournemouth,Asmir Begović,BIH,GK,30,1987,38.0,2,0,0,2,8,0,0,1,0,0,1,0,2017,misc,AFC Bournemouth
ENG-Premier League,2017/18,Bournemouth,Benik Afobe,COD,FW,24,1993,6.8,0,0,0,9,13,4,2,1,4,1,0,0,2017,misc,AFC Bournemouth
ENG-Premier League,2017/18,Bournemouth,Callum Wilson,ENG,FW,25,1992,22.0,0,0,0,37,36,21,15,7,9,0,0,0,2017,misc,AFC Bournemouth
ENG-Premier League,2017/18,Bournemouth,Charlie Daniels,ENG,"DF,MF",30,1986,33.4,0,0,0,7,19,0,107,33,33,0,1,0,2017,misc,AFC Bournemouth
ENG-Premier League,2017/18,Bournemouth,Dan Gosling,ENG,MF,27,1990,21.6,8,0,0,38,25,2,8,27,24,0,1,0,2017,misc,AFC Bournemouth
ENG-Premier League,2017/18,Bournemouth,Emerson Hyndman,USA,MF,21,1996,0.6,0,0,0,0,0,0,0,2,0,0,0,0,2017,misc,AFC Bournemouth
ENG-Premier League,2017/18,Bournemouth,Harry Arter,IRL,MF,27,1989,10.7,4,0,0,9,15,0,5,10,17,0,0,0,2017,misc,AFC Bournemouth
ENG-Premier League,2017/18,Bournemouth,Jack Simpson,ENG,DF,20,1996,0.8,0,0,0,0,0,0,0,1,1,0,0,0,2017,misc,AFC Bournemouth
ENG-Premier League,2017/18,Bournemouth,Jermain Defoe,ENG,FW,34,1982,12.1,1,0,0,12,8,9,5,5,10,0,0,0,2017,misc,AFC Bournemouth
ENG-Premier League,2017/18,Bournemouth,Jordon Ibe,ENG,MF,21,1995,22.2,1,0,0,10,42,2,111,10,13,0,0,0,2017,misc,AFC Bournemouth
ENG-Premier League,2017/18,Bournemouth,Joshua King,NOR,"MF,FW",25,1992,27.3,3,0,0,45,56,4,36,6,27,1,0,0,2017,misc,AFC Bournemouth
ENG-Premier League,2017/18,Bournemouth,Junior Stanislas,ENG,"MF,FW",27,1989,14.3,1,0,0,6,2,1,73,5,9,0,0,0,2017,misc,AFC Bournemouth
ENG-Premier League,2017/18,Bournemouth,Lewis Cook,ENG,MF,20,1997,24.9,5,0,0,33,21,1,31,38,35,0,0,0,2017,misc,AFC Bournemouth
ENG-Premier League,2017/18,Bournemouth,Lys Mousset,FRA,"MF,FW",21,1996,6.6,1,0,0,11,10,0,10,2,5,0,0,0,2017,misc,AFC Bournemouth
ENG-Premier League,2017/18,Bournemouth,Marc Pugh,ENG,MF,30,1987,10.9,2,0,0,7,10,2,32,13,5,0,0,0,2017,misc,AFC Bournemouth
ENG-Premier League,2017/18,Bournemouth,Nathan Aké,NED,DF,22,1995,37.3,5,0,0,27,19,2,6,52,31,0,0,0,2017,misc,AFC Bournemouth
ENG-Premier League,2017/18,Bournemouth,Ryan Fraser,SCO,MF,23,1994,22.3,0,0,0,6,47,1,138,16,8,0,0,0,2017,misc,AFC Bournemouth
ENG-Premier League,2017/18,Bournemouth,Simon Francis,ENG,DF,32,1985,30.0,10,2,1,24,17,1,81,48,37,0,0,0,2017,misc,AFC Bournemouth
ENG-Premier League,2017/18,Bournemouth,Steve Cook,ENG,DF,26,1991,30.7,5,0,0,22,21,1,8,62,22,0,0,1,2017,misc,AFC Bournemouth
ENG-Premier League,2017/18,Bournemouth,Tyrone Mings,ENG,DF,24,1993,2.2,1,0,0,2,1,0,1,5,2,0,0,0,2017,misc,AFC Bournemouth
ENG-Premier League,2017/18,Brighton,Anthony Knockaert,FRA,MF,25,1991,26.9,4,1,0,22,23,8,98,25,24,0,0,0,2017,misc,Brighton & Hove Albion
ENG-Premier League,2017/18,Brighton,Beram Kayal,ISR,MF,29,1988,8.3,2,0,0,15,15,1,5,15,16,0,0,0,2017,misc,Brighton & Hove Albion
ENG-Premier League,2017/18,Brighton,Bruno,ESP,DF,36,1980,22.4,3,0,0,19,9,0,41,40,17,0,1,0,2017,misc,Brighton & Hove Albion
ENG-Premier League,2017/18,Brighton,Connor Goldson,ENG,DF,24,1992,2.2,1,0,0,2,2,0,1,2,2,0,0,0,2017,misc,Brighton & Hove Albion
ENG-Premier League,2017/18,Brighton,Dale Stephens,ENG,MF,28,1989,36.0,6,0,0,51,18,0,3,69,65,0,1,0,2017,misc,Brighton & Hove Albion
ENG-Premier League,2017/18,Brighton,Davy Pröpper,NED,MF,25,1991,34.7,2,1,0,41,11,2,12,60,44,0,0,0,2017,misc,Brighton & Hove Albion
ENG-Premier League,2017/18,Brighton,Ezequiel Schelotto,ITA,DF,28,1989,14.6,3,0,0,8,11,0,34,22,13,0,0,0,2017,misc,Brighton & Hove Albion
ENG-Premier League,2017/18,Brighton,Gaëtan Bong,CMR,DF,29,1988,24.8,2,0,0,16,14,0,52,46,35,0,0,1,2017,misc,Brighton & Hove Albion
ENG-Premier League,2017/18,Brighton,Glenn Murray,ENG,FW,33,1983,24.4,9,0,0,60,50,36,9,5,15,3,0,0,2017,misc,Brighton & Hove Albion
ENG-Premier League,2017/18,Brighton,Izzy Brown,ENG,"MF,FW",20,1997,3.5,0,0,0,3,3,1,7,3,3,0,0,0,2017,misc,Brighton & Hove Albion
ENG-Premier League,2017/18,Brighton,Jamie Murphy,SCO,MF,27,1989,1.9,0,0,0,1,5,1,2,1,2,0,0,0,2017,misc,Brighton & Hove Albion
ENG-Premier League,2017/18,Brighton,José Izquierdo,COL,MF,25,1992,22.0,2,0,0,20,13,14,23,14,16,2,0,0,2017,misc,Brighton & Hove Albion
ENG-Premier League,2017/18,Brighton,Jürgen Locadia,CUW,"FW,MF",23,1993,2.5,0,0,0,2,4,2,3,1,0,0,0,0,2017,misc,Brighton & Hove Albion
ENG-Premier League,2017/18,Brighton,Leonardo Ulloa,ARG,FW,31,1986,3.0,0,0,0,7,3,4,0,1,1,0,0,0,2017,misc,Brighton & Hove Albion
ENG-Premier League,2017/18,Brighton,Lewis Dunk,ENG,DF,25,1991,38.0,7,0,0,36,18,1,6,72,33,0,0,4,2017,misc,Brighton & Hove Albion
ENG-Premier League,2017/18,Brighton,Liam Rosenior,ENG,DF,33,1984,1.8,0,0,0,1,0,0,1,4,3,0,0,0,2017,misc,Brighton & Hove Albion
ENG-Premier League,2017/18,Brighton,Markus Suttner,AUT,DF,30,1987,13.1,0,0,0,5,2,0,45,15,14,0,0,0,2017,misc,Brighton & Hove Albion
ENG-Premier League,2017/18,Brighton,Mathew Ryan,AUS,GK,25,1992,38.0,0,0,0,0,1,0,0,3,0,0,0,0,2017,misc,Brighton & Hove Albion
ENG-Premier League,2017/18,Brighton,Pascal Groß,GER,"MF,FW",26,1991,32.5,2,0,0,33,20,10,232,15,26,0,0,0,2017,misc,Brighton & Hove Albion
ENG-Premier League,2017/18,Brighton,Sam Baldock,ENG,"FW,MF",28,1989,0.4,0,0,0,0,0,0,0,0,0,0,0,0,2017,misc,Brighton & Hove Albion
ENG-Premier League,2017/18,Brighton,Shane Duffy,IRL,DF,25,1992,36.6,8,0,0,33,26,7,4,51,21,1,1,0,2017,misc,Brighton & Hove Albion
ENG-Premier League,2017/18,Brighton,Solly March,ENG,MF,23,1994,20.6,3,0,0,29,23,7,99,15,42,1,0,0,2017,misc,Brighton & Hove Albion
ENG-Premier League,2017/18,Brighton,Tomer Hemed,ISR,FW,30,1987,9.4,0,0,0,10,13,7,1,2,4,0,0,0,2017,misc,Brighton & Hove Albion
ENG-Premier League,2017/18,Brighton,Uwe Hünemeier,GER,DF,31,1986,0.2,0,0,0,0,0,0,0,0,0,0,0,0,2017,misc,Brighton & Hove Albion
ENG-Premier League,2017/18,Burnley,Aaron Lennon,ENG,MF,30,1987,12.4,2,0,0,12,12,1,29,9,14,0,0,0,2017,misc,Burnley
ENG-Premier League,2017/18,Burnley,Aiden O'Neill,AUS,MF,19,1998,0.0,0,0,0,0,,,,,,,,,2017,misc,Burnley
ENG-Premier League,2017/18,Burnley,Ashley Barnes,ENG,FW,27,1989,24.1,10,0,0,53,71,26,16,2,14,0,0,0,2017,misc,Burnley
ENG-Premier League,2017/18,Burnley,Ashley Westwood,ENG,MF,27,1990,12.3,2,0,0,13,11,0,13,20,11,0,0,0,2017,misc,Burnley
ENG-Premier League,2017/18,Burnley,Ben Mee,ENG,DF,27,1989,29.0,5,0,0,14,29,3,4,38,20,0,0,0,2017,misc,Burnley
ENG-Premier League,2017/18,Burnley,Charlie Taylor,ENG,DF,23,1993,10.6,3,0,0,7,12,0,26,17,7,0,0,0,2017,misc,Burnley
ENG-Premier League,2017/18,Burnley,Chris Wood,NZL,FW,25,1991,18.0,1,0,0,18,16,26,5,3,5,0,0,0,2017,misc,Burnley
ENG-Premier League,2017/18,Burnley,Georges-Kévin N'Koudou,CMR,MF,22,1995,2.5,1,0,0,4,6,0,13,1,6,0,0,0,2017,misc,Burnley
ENG-Premier League,2017/18,Burnley,Jack Cork,ENG,MF,28,1989,38.0,7,0,0,23,53,2,19,38,48,0,0,0,2017,misc,Burnley
ENG-Premier League,2017/18,Burnley,James Tarkowski,ENG,DF,24,1992,31.0,5,0,0,25,24,4,6,55,29,0,2,0,2017,misc,Burnley
ENG-Premier League,2017/18,Burnley,Jeff Hendrick,IRL,MF,25,1992,25.9,1,0,0,19,18,16,25,12,11,0,0,0,2017,misc,Burnley
ENG-Premier League,2017/18,Burnley,Jonathan Walters,IRL,"FW,MF",33,1983,0.4,0,0,0,0,1,0,1,0,0,0,0,0,2017,misc,Burnley
ENG-Premier League,2017/18,Burnley,Jóhann Berg Guðmundsson,ISL,MF,26,1990,31.5,2,0,0,18,33,2,208,35,27,0,0,0,2017,misc,Burnley
ENG-Premier League,2017/18,Burnley,Kevin Long,IRL,DF,26,1990,16.0,1,0,0,15,21,2,2,27,22,0,1,1,2017,misc,Burnley
ENG-Premier League,2017/18,Burnley,Matthew Lowton,ENG,DF,28,1989,25.5,1,0,0,19,18,1,73,44,33,0,0,0,2017,misc,Burnley
ENG-Premier League,2017/18,Burnley,Nahki Wells,BER,FW,27,1990,0.6,0,0,0,4,0,0,2,0,3,0,0,0,2017,misc,Burnley
ENG-Premier League,2017/18,Burnley,Nick Pope,ENG,GK,25,1992,34.6,3,0,0,1,2,0,0,0,0,0,1,0,2017,misc,Burnley
ENG-Premier League,2017/18,Burnley,Phil Bardsley,SCO,DF,32,1985,12.5,5,0,0,22,18,0,19,23,18,0,1,0,2017,misc,Burnley
ENG-Premier League,2017/18,Burnley,Robbie Brady,IRL,MF,25,1992,14.2,3,0,0,20,12,3,122,11,22,0,0,0,2017,misc,Burnley
ENG-Premier League,2017/18,Burnley,Sam Vokes,WAL,FW,27,1989,11.1,3,0,0,20,17,13,2,2,2,1,1,0,2017,misc,Burnley
ENG-Premier League,2017/18,Burnley,Scott Arfield,CAN,MF,28,1988,14.8,3,0,0,21,14,2,8,15,26,0,0,0,2017,misc,Burnley
ENG-Premier League,2017/18,Burnley,Stephen Ward,IRL,DF,31,1985,27.3,1,0,0,11,28,3,81,46,30,0,0,0,2017,misc,Burnley
ENG-Premier League,2017/18,Burnley,Steven Defour,BEL,MF,29,1988,22.2,6,0,0,13,7,0,35,44,25,0,0,0,2017,misc,Burnley
ENG-Premier League,2017/18,Burnley,Tom Heaton,ENG,GK,31,1986,3.4,0,0,0,0,0,0,0,0,0,0,0,0,2017,misc,Burnley
ENG-Premier League,2017/18,Chelsea,Andreas Christensen,DEN,DF,21,1996,23.0,0,0,0,8,15,2,1,39,12,0,0,0,2017,misc,Chelsea
ENG-Premier League,2017/18,Chelsea,Antonio Rüdiger,GER,DF,24,1993,26.0,4,0,0,26,15,2,10,25,22,0,0,0,2017,misc,Chelsea
ENG-Premier League,2017/18,Chelsea,Callum Hudson-Odoi,ENG,"FW,MF",16,2000,0.3,0,0,0,0,0,0,2,0,0,0,0,0,2017,misc,Chelsea
ENG-Premier League,2017/18,Chelsea,Cesc Fàbregas,ESP,MF,30,1987,25.6,6,2,1,25,22,5,144,21,51,0,0,0,2017,misc,Chelsea
ENG-Premier League,2017/18,Chelsea,Charly Musonda Jr.,BEL,MF,20,1996,0.4,0,0,0,3,1,0,0,0,0,0,0,0,2017,misc,Chelsea
ENG-Premier League,2017/18,Chelsea,César Azpilicueta,ESP,DF,27,1989,37.0,1,0,0,25,13,1,81,54,63,0,0,1,2017,misc,Chelsea
ENG-Premier League,2017/18,Chelsea,Danny Drinkwater,ENG,MF,27,1990,5.9,0,0,0,10,4,0,2,8,12,0,0,0,2017,misc,Chelsea
ENG-Premier League,2017/18,Chelsea,David Luiz,BRA,"DF,MF",30,1987,9.3,4,1,0,13,15,0,1,24,11,0,0,0,2017,misc,Chelsea
ENG-Premier League,2017/18,Chelsea,Davide Zappacosta,ITA,MF,25,1992,12.2,0,0,0,7,10,5,84,8,12,0,0,0,2017,misc,Chelsea
ENG-Premier League,2017/18,Chelsea,Eden Hazard,BEL,"FW,MF",26,1991,26.9,2,0,0,13,82,16,51,4,3,1,0,0,2017,misc,Chelsea
ENG-Premier League,2017/18,Chelsea,Emerson Palmieri,ITA,MF,22,1994,3.1,0,0,0,3,5,0,15,2,3,0,0,0,2017,misc,Chelsea
ENG-Premier League,2017/18,Chelsea,Ethan Ampadu,WAL,"DF,MF",16,2000,0.1,0,0,0,0,0,0,0,0,1,0,0,0,2017,misc,Chelsea
ENG-Premier League,2017/18,Chelsea,Gary Cahill,ENG,DF,31,1985,23.2,1,1,0,17,18,0,0,30,22,0,0,0,2017,misc,Chelsea
ENG-Premier League,2017/18,Chelsea,Jeremie Boga,CIV,MF,20,1997,0.2,0,0,0,1,0,0,0,0,0,0,0,0,2017,misc,Chelsea
ENG-Premier League,2017/18,Chelsea,Marcos Alonso,ESP,MF,26,1990,31.7,6,0,0,26,31,8,98,51,34,0,0,0,2017,misc,Chelsea
ENG-Premier League,2017/18,Chelsea,Michy Batshuayi,BEL,FW,23,1993,4.0,0,0,0,4,3,6,0,1,4,0,0,1,2017,misc,Chelsea
ENG-Premier League,2017/18,Chelsea,N'Golo Kanté,FRA,MF,26,1991,33.3,3,0,0,41,15,1,13,91,83,0,0,0,2017,misc,Chelsea
ENG-Premier League,2017/18,Chelsea,Olivier Giroud,FRA,FW,30,1986,6.8,0,0,0,6,7,4,0,1,3,0,0,0,2017,misc,Chelsea
ENG-Premier League,2017/18,Chelsea,Pedro,ESP,"MF,FW",30,1987,16.9,1,0,0,8,18,16,46,13,13,0,0,0,2017,misc,Chelsea
ENG-Premier League,2017/18,Chelsea,Ross Barkley,ENG,MF,23,1993,1.4,0,0,0,1,1,0,3,0,0,0,0,0,2017,misc,Chelsea
ENG-Premier League,2017/18,Chelsea,Thibaut Courtois,BEL,GK,25,1992,35.0,2,0,0,2,3,0,0,0,0,0,2,0,2017,misc,Chelsea
ENG-Premier League,2017/18,Chelsea,Tiemoué Bakayoko,FRA,MF,22,1994,23.6,5,1,1,50,24,2,5,38,43,0,0,0,2017,misc,Chelsea
ENG-Premier League,2017/18,Chelsea,Victor Moses,NGA,MF,26,1990,23.4,3,0,0,23,27,9,90,17,30,1,0,0,2017,misc,Chelsea
ENG-Premier League,2017/18,Chelsea,Willian,BRA,"MF,FW",28,1988,21.0,1,0,0,11,38,5,100,10,18,1,0,0,2017,misc,Chelsea
ENG-Premier League,2017/18,Chelsea,Willy Caballero,ARG,GK,35,1981,3.0,0,0,0,0,0,0,0,0,0,0,0,0,2017,misc,Chelsea
ENG-Premier League,2017/18,Chelsea,Álvaro Morata,ESP,FW,24,1992,22.9,7,0,0,41,43,30,20,6,10,0,0,0,2017,misc,Chelsea
ENG-Premier League,2017/18,Crystal Palace,Aaron Wan-Bissaka,COD,DF,19,1997,7.0,1,0,0,2,3,0,20,16,21,0,0,0,2017,misc,Crystal Palace
ENG-Premier League,2017/18,Crystal Palace,Alexander Sørloth,NOR,FW,21,1995,4.0,0,0,0,6,2,3,7,2,3,0,0,0,2017,misc,Crystal Palace
ENG-Premier League,2017/18,Crystal Palace,Andros Townsend,ENG,"FW,MF",26,1991,34.7,3,0,0,10,46,6,177,32,34,2,0,0,2017,misc,Crystal Palace
ENG-Premier League,2017/18,Crystal Palace,Bakary Sako,MLI,FW,29,1988,5.3,0,0,0,8,7,4,27,1,6,0,0,0,2017,misc,Crystal Palace
ENG-Premier League,2017/18,Crystal Palace,Christian Benteke,BEL,FW,26,1990,24.9,6,0,0,48,27,12,3,7,7,2,0,0,2017,misc,Crystal Palace
ENG-Premier League,2017/18,Crystal Palace,Damien Delaney,IRL,DF,36,1981,1.1,0,0,0,0,0,0,0,3,1,0,0,0,2017,misc,Crystal Palace
ENG-Premier League,2017/18,Crystal Palace,Freddie Ladapo,ENG,FW,24,1993,0.2,0,0,0,0,0,0,2,0,0,0,0,0,2017,misc,Crystal Palace
ENG-Premier League,2017/18,Crystal Palace,James McArthur,SCO,MF,29,1987,27.0,5,0,0,45,29,0,11,43,42,0,0,0,2017,misc,Crystal Palace
ENG-Premier League,2017/18,Crystal Palace,James Tomkins,ENG,DF,28,1989,26.5,8,0,0,20,15,1,2,71,30,0,1,0,2017,misc,Crystal Palace
ENG-Premier League,2017/18,Crystal Palace,Jason Puncheon,ENG,MF,31,1986,6.3,5,0,0,14,3,0,20,7,4,0,0,0,2017,misc,Crystal Palace
ENG-Premier League,2017/18,Crystal Palace,Jaïro Riedewald,NED,"MF,DF",20,1996,4.9,0,0,0,3,0,0,2,13,9,0,0,0,2017,misc,Crystal Palace
ENG-Premier League,2017/18,Crystal Palace,Jeffrey Schlupp,GHA,"DF,MF",24,1992,19.4,3,0,0,18,9,0,31,27,37,0,0,0,2017,misc,Crystal Palace
ENG-Premier League,2017/18,Crystal Palace,Joel Ward,ENG,"DF,MF",27,1989,17.9,4,0,0,25,29,1,46,31,27,0,0,1,2017,misc,Crystal Palace
ENG-Premier League,2017/18,Crystal Palace,Julián Speroni,ARG,GK,38,1979,11.0,0,0,0,0,0,0,0,2,0,0,0,0,2017,misc,Crystal Palace
ENG-Premier League,2017/18,Crystal Palace,Lee Chung-yong,KOR,FW,29,1988,1.5,0,0,0,1,2,0,7,2,1,0,0,0,2017,misc,Crystal Palace
ENG-Premier League,2017/18,Crystal Palace,Levi Lumeka,ENG,MF,18,1998,0.3,0,0,0,0,0,0,4,1,1,0,0,0,2017,misc,Crystal Palace
ENG-Premier League,2017/18,Crystal Palace,Luka Milivojević,SRB,MF,26,1991,34.2,8,0,0,69,34,1,40,80,56,0,0,0,2017,misc,Crystal Palace
ENG-Premier League,2017/18,Crystal Palace,Mamadou Sakho,FRA,DF,27,1990,17.8,1,0,0,3,9,0,0,34,16,0,0,0,2017,misc,Crystal Palace
ENG-Premier League,2017/18,Crystal Palace,Martin Kelly,ENG,DF,27,1990,13.3,1,0,0,8,4,0,6,12,15,0,0,1,2017,misc,Crystal Palace
ENG-Premier League,2017/18,Crystal Palace,Pape Souaré,SEN,DF,27,1990,0.1,0,0,0,0,0,0,0,0,0,0,0,0,2017,misc,Crystal Palace
ENG-Premier League,2017/18,Crystal Palace,Patrick van Aanholt,NED,"DF,MF",26,1990,24.3,7,0,0,18,10,3,57,54,33,0,0,0,2017,misc,Crystal Palace
ENG-Premier League,2017/18,Crystal Palace,Ruben Loftus-Cheek,ENG,MF,21,1996,20.8,1,0,0,17,61,3,13,25,18,1,0,0,2017,misc,Crystal Palace
ENG-Premier League,2017/18,Crystal Palace,Scott Dann,ENG,DF,30,1987,15.9,4,0,0,12,3,2,2,24,7,0,1,0,2017,misc,Crystal Palace
ENG-Premier League,2017/18,Crystal Palace,Sullay Kaikai,SLE,"FW,MF",21,1995,0.2,0,0,0,0,0,0,2,0,0,0,0,0,2017,misc,Crystal Palace
ENG-Premier League,2017/18,Crystal Palace,Timothy Fosu-Mensah,NED,DF,19,1998,17.7,2,0,0,18,13,0,18,33,34,0,0,0,2017,misc,Crystal Palace
ENG-Premier League,2017/18,Crystal Palace,Wayne Hennessey,WAL,GK,30,1987,27.0,1,0,0,0,2,0,0,3,0,0,0,0,2017,misc,Crystal Palace
ENG-Premier League,2017/18,Crystal Palace,Wilfried Zaha,CIV,"FW,MF",24,1992,28.3,5,0,0,45,77,19,76,6,27,4,0,0,2017,misc,Crystal Palace
ENG-Premier League,2017/18,Crystal Palace,Yohan Cabaye,FRA,MF,31,1986,26.4,7,0,0,35,23,1,137,77,42,0,0,0,2017,misc,Crystal Palace
ENG-Premier League,2017/18,Everton,Aaron Lennon,ENG,"MF,FW",30,1987,8.8,0,0,0,9,8,0,10,13,11,2,0,0,2017,misc,Everton
ENG-Premier League,2017/18,Everton,Ademola Lookman,NGA,MF,19,1997,1.8,0,0,0,5,3,0,2,1,1,0,0,0,2017,misc,Everton
ENG-Premier League,2017/18,Everton,Ashley Williams,WAL,DF,32,1984,20.4,3,1,0,25,4,3,1,37,15,0,2,0,2017,misc,Everton
ENG-Premier League,2017/18,Everton,Beni Baningime,,MF,18,1998,2.2,1,0,0,4,1,0,0,3,2,0,0,0,2017,misc,Everton
ENG-Premier League,2017/18,Everton,Cenk Tosun,TUR,FW,26,1991,11.0,0,0,0,25,11,9,7,2,3,0,0,0,2017,misc,Everton
ENG-Premier League,2017/18,Everton,Cuco Martina,CUW,"DF,MF",27,1989,20.3,2,0,0,26,10,1,45,46,32,0,0,0,2017,misc,Everton
ENG-Premier League,2017/18,Everton,Davy Klaassen,NED,MF,24,1993,2.8,0,0,0,5,2,1,3,1,1,0,0,0,2017,misc,Everton
ENG-Premier League,2017/18,Everton,Dominic Calvert-Lewin,ENG,"FW,MF",20,1997,20.9,4,0,0,42,27,15,19,12,10,4,0,0,2017,misc,Everton
ENG-Premier League,2017/18,Everton,Eliaquim Mangala,FRA,DF,26,1991,1.5,0,0,0,1,0,0,0,1,0,0,0,0,2017,misc,Everton
ENG-Premier League,2017/18,Everton,Gylfi Sigurðsson,ISL,"MF,FW",27,1989,25.1,2,0,0,19,16,1,150,36,26,0,0,0,2017,misc,Everton
ENG-Premier League,2017/18,Everton,Idrissa Gueye,SEN,MF,27,1989,30.6,8,2,1,48,52,1,11,65,93,0,0,0,2017,misc,Everton
ENG-Premier League,2017/18,Everton,James McCarthy,IRL,MF,26,1990,2.3,0,0,0,3,2,0,2,6,9,0,0,0,2017,misc,Everton
ENG-Premier League,2017/18,Everton,Jonjoe Kenny,ENG,"DF,MF",20,1997,17.7,2,0,0,17,4,0,45,28,30,1,1,0,2017,misc,Everton
ENG-Premier League,2017/18,Everton,Jordan Pickford,ENG,GK,23,1994,38.0,0,0,0,1,7,0,0,4,0,0,1,0,2017,misc,Everton
ENG-Premier League,2017/18,Everton,Kevin Mirallas,BEL,"MF,FW",29,1987,1.5,1,0,0,1,2,0,4,0,3,0,0,0,2017,misc,Everton
ENG-Premier League,2017/18,Everton,Leighton Baines,ENG,"DF,MF",32,1984,21.2,1,0,0,7,17,1,75,28,13,0,0,0,2017,misc,Everton
ENG-Premier League,2017/18,Everton,Mason Holgate,JAM,"DF,MF",20,1996,13.2,3,0,0,12,12,1,12,24,17,0,0,0,2017,misc,Everton
ENG-Premier League,2017/18,Everton,Michael Keane,ENG,DF,24,1993,28.4,3,0,0,21,11,4,5,60,25,0,0,0,2017,misc,Everton
ENG-Premier League,2017/18,Everton,Morgan Schneiderlin,FRA,MF,27,1989,23.7,6,1,1,39,17,0,8,65,40,0,1,0,2017,misc,Everton
ENG-Premier League,2017/18,Everton,Muhamed Bešić,BIH,"DF,MF",24,1992,0.5,0,0,0,1,2,0,0,1,2,0,0,0,2017,misc,Everton
ENG-Premier League,2017/18,Everton,Nikola Vlašić,CRO,MF,19,1997,6.4,0,0,0,7,7,1,9,10,6,0,0,0,2017,misc,Everton
ENG-Premier League,2017/18,Everton,Oumar Niasse,SEN,FW,27,1990,12.1,2,0,0,30,14,20,9,4,6,1,0,0,2017,misc,Everton
ENG-Premier League,2017/18,Everton,Phil Jagielka,ENG,DF,34,1982,22.9,2,0,0,8,15,0,4,39,26,0,0,0,2017,misc,Everton
ENG-Premier League,2017/18,Everton,Ramiro Funes Mori,ARG,DF,26,1991,1.3,1,0,0,3,2,0,0,3,0,0,0,0,2017,misc,Everton
ENG-Premier League,2017/18,Everton,Sandro Ramírez,ESP,FW,22,1995,3.1,0,0,0,1,7,2,6,1,1,0,0,0,2017,misc,Everton
ENG-Premier League,2017/18,Everton,Séamus Coleman,IRL,DF,28,1988,11.5,0,0,0,3,14,0,28,16,16,0,0,0,2017,misc,Everton
ENG-Premier League,2017/18,Everton,Theo Walcott,ENG,"MF,FW",28,1989,12.8,2,0,0,6,28,7,45,9,19,0,0,0,2017,misc,Everton
ENG-Premier League,2017/18,Everton,Tom Davies,ENG,MF,19,1998,21.1,7,0,0,38,43,3,16,25,20,0,0,0,2017,misc,Everton
ENG-Premier League,2017/18,Everton,Wayne Rooney,ENG,"MF,FW",31,1985,25.2,5,0,0,35,19,8,63,17,18,0,1,0,2017,misc,Everton
ENG-Premier League,2017/18,Everton,Yannick Bolasie,COD,"MF,FW",28,1989,9.5,0,0,0,12,11,4,53,5,7,0,0,0,2017,misc,Everton
ENG-Premier League,2017/18,Huddersfield,Aaron Mooy,AUS,MF,26,1990,34.1,4,0,0,26,17,2,187,38,61,0,0,0,2017,misc,Huddersfield Town
ENG-Premier League,2017/18,Huddersfield,Abdelhamid Sabiri,MAR,MF,20,1996,2.4,1,0,0,4,4,1,1,1,3,0,0,0,2017,misc,Huddersfield Town
ENG-Premier League,2017/18,Huddersfield,Alex Pritchard,ENG,"MF,FW",24,1993,11.1,1,0,0,5,23,1,47,6,9,1,0,0,2017,misc,Huddersfield Town
ENG-Premier League,2017/18,Huddersfield,Chris Löwe,GER,DF,28,1989,17.6,1,0,0,13,8,0,72,36,32,0,1,0,2017,misc,Huddersfield Town
ENG-Premier League,2017/18,Huddersfield,Christopher Schindler,GER,DF,27,1990,36.3,8,2,1,30,22,1,4,77,60,0,0,0,2017,misc,Huddersfield Town
ENG-Premier League,2017/18,Huddersfield,Collin Quaner,GER,MF,26,1991,14.2,4,0,0,14,26,3,24,13,18,0,0,0,2017,misc,Huddersfield Town
ENG-Premier League,2017/18,Huddersfield,Danny Williams,USA,MF,28,1989,12.5,2,0,0,17,17,2,8,22,16,0,0,0,2017,misc,Huddersfield Town
ENG-Premier League,2017/18,Huddersfield,Dean Whitehead,ENG,"DF,MF",35,1982,0.8,0,0,0,0,0,0,0,2,0,0,0,0,2017,misc,Huddersfield Town
ENG-Premier League,2017/18,Huddersfield,Elias Kachunga,COD,MF,25,1992,14.8,1,0,0,20,32,6,26,4,27,0,0,0,2017,misc,Huddersfield Town
ENG-Premier League,2017/18,Huddersfield,Florent Hadergjonaj,KVX,"DF,MF",23,1994,18.6,3,0,0,17,12,4,95,18,18,0,0,0,2017,misc,Huddersfield Town
ENG-Premier League,2017/18,Huddersfield,Joe Lolley,ENG,MF,24,1992,2.5,1,0,0,3,3,0,8,4,0,0,0,0,2017,misc,Huddersfield Town
ENG-Premier League,2017/18,Huddersfield,Jonas Lössl,DEN,GK,28,1989,38.0,1,0,0,0,6,0,1,4,2,0,0,1,2017,misc,Huddersfield Town
ENG-Premier League,2017/18,Huddersfield,Jonathan Hogg,ENG,MF,28,1988,26.6,10,1,1,32,30,0,3,68,63,0,0,0,2017,misc,Huddersfield Town
ENG-Premier League,2017/18,Huddersfield,Kasey Palmer,JAM,MF,20,1996,1.9,2,0,0,4,1,0,4,0,3,0,0,0,2017,misc,Huddersfield Town
ENG-Premier League,2017/18,Huddersfield,Laurent Depoitre,BEL,FW,28,1988,20.2,1,0,0,28,16,7,3,11,9,1,0,0,2017,misc,Huddersfield Town
ENG-Premier League,2017/18,Huddersfield,Martin Cranie,ENG,DF,30,1986,2.0,0,0,0,0,0,0,0,3,2,0,0,0,2017,misc,Huddersfield Town
ENG-Premier League,2017/18,Huddersfield,Mathias Jørgensen,DEN,DF,27,1990,38.0,6,0,0,44,11,2,1,84,35,0,1,0,2017,misc,Huddersfield Town
ENG-Premier League,2017/18,Huddersfield,Michael Hefele,GER,DF,26,1990,0.4,1,0,0,2,0,0,0,2,0,0,1,0,2017,misc,Huddersfield Town
ENG-Premier League,2017/18,Huddersfield,Philip Billing,DEN,MF,21,1996,8.5,3,0,0,14,6,1,12,19,17,0,1,0,2017,misc,Huddersfield Town
ENG-Premier League,2017/18,Huddersfield,Rajiv van La Parra,NED,MF,26,1991,23.7,3,1,0,29,46,3,85,18,31,0,0,0,2017,misc,Huddersfield Town
ENG-Premier League,2017/18,Huddersfield,Scott Malone,ENG,DF,26,1991,12.4,3,0,0,19,9,0,45,26,30,0,1,0,2017,misc,Huddersfield Town
ENG-Premier League,2017/18,Huddersfield,Steve Mounié,BEN,FW,22,1994,20.6,2,0,0,28,17,23,10,9,8,0,0,0,2017,misc,Huddersfield Town
ENG-Premier League,2017/18,Huddersfield,Terence Kongolo,NED,DF,23,1994,11.7,0,0,0,5,11,0,10,30,23,0,0,0,2017,misc,Huddersfield Town
ENG-Premier League,2017/18,Huddersfield,Tom Ince,ENG,MF,25,1992,27.2,0,0,0,22,36,10,60,14,27,0,0,0,2017,misc,Huddersfield Town
ENG-Premier League,2017/18,Huddersfield,Tommy Smith,ENG,DF,25,1992,21.2,7,0,0,21,17,3,64,28,25,0,1,0,2017,misc,Huddersfield Town
ENG-Premier League,2017/18,Leicester City,Adrien Silva,POR,MF,28,1989,8.5,3,0,0,9,8,0,4,12,19,0,0,0,2017,misc,Leicester City
ENG-Premier League,2017/18,Leicester City,Aleksandar Dragović,AUT,DF,26,1991,8.5,2,0,0,7,4,0,1,13,11,0,0,0,2017,misc,Leicester City
ENG-Premier League,2017/18,Leicester City,Andy King,WAL,MF,28,1988,6.0,1,0,0,9,5,1,5,6,5,1,0,0,2017,misc,Leicester City
ENG-Premier League,2017/18,Leicester City,Ben Chilwell,ENG,"DF,MF",20,1996,20.6,3,1,1,13,24,4,84,28,29,0,0,0,2017,misc,Leicester City
ENG-Premier League,2017/18,Leicester City,Ben Hamer,ENG,GK,29,1987,3.1,0,0,0,0,0,0,0,0,0,0,0,0,2017,misc,Leicester City
ENG-Premier League,2017/18,Leicester City,Christian Fuchs,AUT,DF,31,1986,21.3,1,0,0,12,4,0,70,53,33,0,0,1,2017,misc,Leicester City
ENG-Premier League,2017/18,Leicester City,Daniel Amartey,GHA,DF,22,1994,5.4,2,2,1,4,7,0,0,4,3,0,0,0,2017,misc,Leicester City
ENG-Premier League,2017/18,Leicester City,Danny Simpson,ENG,DF,30,1987,25.6,4,0,0,21,13,0,23,36,25,0,1,0,2017,misc,Leicester City
ENG-Premier League,2017/18,Leicester City,Demarai Gray,JAM,MF,21,1996,18.9,2,0,0,7,30,4,85,12,16,1,0,0,2017,misc,Leicester City
ENG-Premier League,2017/18,Leicester City,Eldin Jakupović,SUI,GK,32,1984,2.0,0,0,0,0,1,0,0,0,0,0,0,0,2017,misc,Leicester City
ENG-Premier League,2017/18,Leicester City,Fousseni Diabaté,MLI,"MF,FW",21,1995,6.5,1,0,0,1,14,1,11,8,5,0,0,0,2017,misc,Leicester City
ENG-Premier League,2017/18,Leicester City,Hamza Choudhury,BAN,MF,19,1997,4.2,1,0,0,5,5,0,1,13,6,0,0,0,2017,misc,Leicester City
ENG-Premier League,2017/18,Leicester City,Harry Maguire,ENG,DF,24,1993,38.0,7,0,0,34,29,4,15,60,46,0,2,0,2017,misc,Leicester City
ENG-Premier League,2017/18,Leicester City,Harvey Barnes,ENG,"FW,MF",19,1997,0.1,0,0,0,1,0,0,1,0,0,0,0,0,2017,misc,Leicester City
ENG-Premier League,2017/18,Leicester City,Islam Slimani,ALG,FW,29,1988,2.8,0,0,0,3,1,5,3,0,2,0,0,0,2017,misc,Leicester City
ENG-Premier League,2017/18,Leicester City,Jamie Vardy,ENG,FW,30,1987,36.1,3,0,0,29,29,45,40,6,11,3,0,0,2017,misc,Leicester City
ENG-Premier League,2017/18,Leicester City,Kasper Schmeichel,DEN,GK,30,1986,32.9,3,0,0,0,5,0,0,0,0,0,0,1,2017,misc,Leicester City
ENG-Premier League,2017/18,Leicester City,Kelechi Iheanacho,NGA,"MF,FW",20,1996,9.2,2,0,0,17,9,5,6,4,8,0,0,0,2017,misc,Leicester City
ENG-Premier League,2017/18,Leicester City,Leonardo Ulloa,ARG,FW,31,1986,0.2,0,0,0,1,0,0,0,0,0,0,0,0,2017,misc,Leicester City
ENG-Premier League,2017/18,Leicester City,Marc Albrighton,ENG,MF,27,1989,28.2,5,1,0,20,25,1,214,35,35,0,1,0,2017,misc,Leicester City
ENG-Premier League,2017/18,Leicester City,Matty James,ENG,MF,26,1991,11.0,2,0,0,21,5,0,2,19,11,0,0,0,2017,misc,Leicester City
ENG-Premier League,2017/18,Leicester City,Riyad Mahrez,ALG,MF,26,1991,32.8,2,0,0,23,56,11,160,22,24,0,0,0,2017,misc,Leicester City
ENG-Premier League,2017/18,Leicester City,Shinji Okazaki,JPN,MF,31,1986,14.7,2,0,0,20,28,9,6,8,18,0,0,0,2017,misc,Leicester City
ENG-Premier League,2017/18,Leicester City,Vicente Iborra,ESP,MF,29,1988,15.7,0,0,0,18,19,2,2,20,19,0,0,0,2017,misc,Leicester City
ENG-Premier League,2017/18,Leicester City,Wes Morgan,JAM,DF,33,1984,31.3,4,0,0,31,13,1,0,32,26,0,0,0,2017,misc,Leicester City
ENG-Premier League,2017/18,Leicester City,Wilfred Ndidi,NGA,MF,20,1996,32.2,10,4,2,63,27,1,9,56,96,1,0,0,2017,misc,Leicester City
ENG-Premier League,2017/18,Leicester City,Yohan Benalouane,TUN,DF,30,1987,1.0,0,0,0,1,1,1,3,2,3,0,0,0,2017,misc,Leicester City
ENG-Premier League,2017/18,Liverpool,Adam Lallana,ENG,MF,29,1988,2.7,1,0,0,4,5,1,8,1,1,0,0,0,2017,misc,Liverpool
ENG-Premier League,2017/18,Liverpool,Alberto Moreno,ESP,DF,25,1992,14.1,1,0,0,8,19,0,51,12,31,0,0,0,2017,misc,Liverpool
ENG-Premier League,2017/18,Liverpool,Alex Oxlade-Chamberlain,ENG,MF,23,1993,16.6,3,0,0,14,9,2,69,23,20,0,0,0,2017,misc,Liverpool
ENG-Premier League,2017/18,Liverpool,Andy Robertson,SCO,DF,23,1994,21.6,2,0,0,15,4,5,87,31,17,0,0,0,2017,misc,Liverpool
ENG-Premier League,2017/18,Liverpool,Ben Woodburn,WAL,"FW,MF",17,1999,0.1,0,0,0,0,0,0,0,0,0,0,0,0,2017,misc,Liverpool
ENG-Premier League,2017/18,Liverpool,Daniel Sturridge,ENG,FW,27,1989,4.8,0,0,0,1,9,2,2,0,1,0,0,0,2017,misc,Liverpool
ENG-Premier League,2017/18,Liverpool,Danny Ings,ENG,FW,25,1992,3.0,0,0,0,6,3,3,3,3,2,0,0,0,2017,misc,Liverpool
ENG-Premier League,2017/18,Liverpool,Dejan Lovren,CRO,DF,28,1989,23.6,4,0,0,15,7,1,4,40,16,0,1,0,2017,misc,Liverpool
ENG-Premier League,2017/18,Liverpool,Divock Origi,BEL,"FW,MF",22,1995,0.1,0,0,0,0,0,0,0,0,0,0,0,0,2017,misc,Liverpool
ENG-Premier League,2017/18,Liverpool,Dominic Solanke,ENG,FW,19,1997,6.6,0,0,0,13,3,2,3,2,6,0,0,0,2017,misc,Liverpool
ENG-Premier League,2017/18,Liverpool,Emre Can,GER,MF,23,1994,23.2,8,0,0,27,27,0,13,35,57,1,0,0,2017,misc,Liverpool
ENG-Premier League,2017/18,Liverpool,Georginio Wijnaldum,NED,MF,26,1990,26.5,1,0,0,13,17,4,4,28,21,0,0,0,2017,misc,Liverpool
ENG-Premier League,2017/18,Liverpool,James Milner,ENG,MF,31,1986,19.7,3,0,0,29,22,0,124,23,46,0,0,0,2017,misc,Liverpool
ENG-Premier League,2017/18,Liverpool,Joe Gomez,ENG,DF,20,1997,21.1,3,0,0,14,10,1,46,35,42,0,0,0,2017,misc,Liverpool
ENG-Premier League,2017/18,Liverpool,Jordan Henderson,ENG,MF,27,1990,24.1,1,0,0,27,14,0,26,32,33,0,1,0,2017,misc,Liverpool
ENG-Premier League,2017/18,Liverpool,Joël Matip,CMR,DF,25,1991,22.2,3,0,0,19,11,1,0,39,25,0,0,0,2017,misc,Liverpool
ENG-Premier League,2017/18,Liverpool,Loris Karius,GER,GK,24,1993,19.0,1,0,0,2,3,0,1,2,0,0,2,0,2017,misc,Liverpool
ENG-Premier League,2017/18,Liverpool,Marko Grujić,SRB,MF,21,1996,0.2,0,0,0,0,0,0,0,0,2,0,0,0,2017,misc,Liverpool
ENG-Premier League,2017/18,Liverpool,Mohamed Salah,EGY,FW,25,1992,32.3,1,0,0,16,30,18,88,7,9,1,0,0,2017,misc,Liverpool
ENG-Premier League,2017/18,Liverpool,Nathaniel Clyne,ENG,DF,26,1991,1.9,1,0,0,4,0,0,8,1,1,0,0,0,2017,misc,Liverpool
ENG-Premier League,2017/18,Liverpool,Philippe Coutinho,BRA,"MF,FW",25,1992,12.3,0,0,0,5,21,4,57,9,13,0,0,0,2017,misc,Liverpool
ENG-Premier League,2017/18,Liverpool,Ragnar Klavan,EST,DF,31,1985,16.1,0,0,0,7,12,0,2,16,11,0,0,0,2017,misc,Liverpool
ENG-Premier League,2017/18,Liverpool,Roberto Firmino,BRA,FW,25,1991,30.7,1,0,0,58,18,14,43,16,52,1,0,0,2017,misc,Liverpool
ENG-Premier League,2017/18,Liverpool,Sadio Mané,SEN,"FW,MF",25,1992,24.3,3,1,0,24,50,13,32,13,22,0,0,0,2017,misc,Liverpool
ENG-Premier League,2017/18,Liverpool,Simon Mignolet,BEL,GK,29,1988,19.0,3,0,0,2,2,0,0,0,1,0,1,0,2017,misc,Liverpool
ENG-Premier League,2017/18,Liverpool,Trent Alexander-Arnold,ENG,"DF,MF",18,1998,17.5,3,0,0,12,1,3,100,30,26,0,0,0,2017,misc,Liverpool
ENG-Premier League,2017/18,Liverpool,Virgil van Dijk,NED,DF,26,1991,14.0,1,0,0,14,11,0,0,17,9,0,1,0,2017,misc,Liverpool
ENG-Premier League,2017/18,Manchester City,Aymeric Laporte,ESP,DF,23,1994,9.0,1,0,0,10,4,0,2,14,6,0,0,0,2017,misc,Manchester City
ENG-Premier League,2017/18,Manchester City,Benjamin Mendy,FRA,"DF,MF",23,1994,4.0,2,0,0,6,1,0,39,8,5,0,0,0,2017,misc,Manchester City
ENG-Premier League,2017/18,Manchester City,Bernardo Silva,POR,FW,22,1994,17.0,0,0,0,9,27,0,51,10,21,1,0,0,2017,misc,Manchester City
ENG-Premier League,2017/18,Manchester City,Brahim Díaz,MAR,"FW,MF",17,1999,0.6,0,0,0,1,4,0,1,2,0,0,0,0,2017,misc,Manchester City
ENG-Premier League,2017/18,Manchester City,Claudio Bravo,CHI,GK,34,1983,2.5,0,0,0,0,1,0,0,0,0,0,0,0,2017,misc,Manchester City
ENG-Premier League,2017/18,Manchester City,Danilo,BRA,DF,26,1991,15.0,2,0,0,12,11,0,24,20,30,0,0,0,2017,misc,Manchester City
ENG-Premier League,2017/18,Manchester City,David Silva,ESP,MF,31,1986,27.0,5,0,0,21,36,4,76,18,22,0,0,0,2017,misc,Manchester City
ENG-Premier League,2017/18,Manchester City,Ederson Moraes,BRA,GK,23,1993,35.5,1,0,0,0,6,0,0,1,2,0,0,0,2017,misc,Manchester City
ENG-Premier League,2017/18,Manchester City,Eliaquim Mangala,FRA,DF,26,1991,5.4,0,0,0,2,1,0,0,6,2,0,0,0,2017,misc,Manchester City
ENG-Premier League,2017/18,Manchester City,Fabian Delph,ENG,DF,27,1989,19.3,2,0,0,15,18,0,13,35,34,0,0,0,2017,misc,Manchester City
ENG-Premier League,2017/18,Manchester City,Fernandinho,BRA,MF,32,1985,32.0,7,0,0,41,27,0,11,48,38,0,0,0,2017,misc,Manchester City
ENG-Premier League,2017/18,Manchester City,Gabriel Jesus,BRA,FW,20,1997,18.5,6,0,0,28,18,15,2,10,16,0,0,0,2017,misc,Manchester City
ENG-Premier League,2017/18,Manchester City,John Stones,ENG,DF,23,1994,14.5,0,0,0,6,2,0,1,21,11,0,0,0,2017,misc,Manchester City
ENG-Premier League,2017/18,Manchester City,Kevin De Bruyne,BEL,MF,26,1991,34.1,2,0,0,30,33,2,248,27,44,1,0,0,2017,misc,Manchester City
ENG-Premier League,2017/18,Manchester City,Kyle Walker,ENG,DF,27,1990,30.9,4,2,1,17,19,2,58,30,33,0,0,1,2017,misc,Manchester City
ENG-Premier League,2017/18,Manchester City,Leroy Sané,GER,"FW,MF",21,1996,26.9,4,0,0,24,28,7,93,16,20,0,0,0,2017,misc,Manchester City
ENG-Premier League,2017/18,Manchester City,Lukas Nmecha,GER,FW,18,1998,0.2,0,0,0,0,0,0,0,0,0,0,0,0,2017,misc,Manchester City
ENG-Premier League,2017/18,Manchester City,Nicolás Otamendi,ARG,DF,29,1988,33.0,9,0,0,27,22,0,2,51,45,0,1,1,2017,misc,Manchester City
ENG-Premier League,2017/18,Manchester City,Oleksandr Zinchenko,UKR,DF,20,1996,5.9,1,0,0,7,1,2,10,6,16,0,0,0,2017,misc,Manchester City
ENG-Premier League,2017/18,Manchester City,Phil Foden,ENG,"FW,MF",17,2000,0.5,0,0,0,1,4,0,4,1,0,0,0,0,2017,misc,Manchester City
ENG-Premier League,2017/18,Manchester City,Raheem Sterling,ENG,"FW,MF",22,1994,28.7,5,2,1,39,58,19,42,12,14,6,1,0,2017,misc,Manchester City
ENG-Premier League,2017/18,Manchester City,Sergio Agüero,ARG,FW,29,1988,21.8,2,0,0,10,17,16,16,8,7,0,0,0,2017,misc,Manchester City
ENG-Premier League,2017/18,Manchester City,Vincent Kompany,BEL,DF,31,1986,15.5,6,0,0,18,2,0,0,18,14,0,0,0,2017,misc,Manchester City
ENG-Premier League,2017/18,Manchester City,Yaya Touré,CIV,MF,34,1983,2.6,1,0,0,5,0,0,0,6,2,0,0,0,2017,misc,Manchester City
ENG-Premier League,2017/18,Manchester City,İlkay Gündoğan,GER,MF,26,1990,16.9,3,0,0,14,19,1,8,15,16,0,0,0,2017,misc,Manchester City
ENG-Premier League,2017/18,Manchester Utd,Alexis Sánchez,CHI,"FW,MF",28,1988,11.6,1,0,0,10,31,10,42,16,17,1,0,0,2017,misc,Manchester United
ENG-Premier League,2017/18,Manchester Utd,Ander Herrera,ESP,MF,27,1989,14.1,5,0,0,27,28,2,14,39,31,0,0,0,2017,misc,Manchester United
ENG-Premier League,2017/18,Manchester Utd,Anthony Martial,FRA,"MF,FW",21,1995,17.6,1,0,0,17,28,8,49,4,15,0,0,0,2017,misc,Manchester United
ENG-Premier League,2017/18,Manchester Utd,Antonio Valencia,ECU,"DF,MF",31,1985,30.4,7,0,0,38,20,4,79,50,34,0,0,0,2017,misc,Manchester United
ENG-Premier League,2017/18,Manchester Utd,Ashley Young,ENG,"DF,MF",32,1985,27.1,7,0,0,29,35,2,122,59,34,0,0,0,2017,misc,Manchester United
ENG-Premier League,2017/18,Manchester Utd,Axel Tuanzebe,COD,DF,19,1997,0.0,0,0,0,0,0,0,0,0,0,0,0,0,2017,misc,Manchester United
ENG-Premier League,2017/18,Manchester Utd,Chris Smalling,ENG,DF,27,1989,28.2,4,0,0,24,15,3,0,60,26,0,0,0,2017,misc,Manchester United
ENG-Premier League,2017/18,Manchester Utd,Daley Blind,NED,"DF,MF",27,1990,4.0,0,0,0,4,4,0,26,6,4,0,0,0,2017,misc,Manchester United
ENG-Premier League,2017/18,Manchester Utd,David de Gea,ESP,GK,26,1990,37.0,0,0,0,0,4,0,0,0,0,0,0,0,2017,misc,Manchester United
ENG-Premier League,2017/18,Manchester Utd,Eric Bailly,CIV,DF,23,1994,11.1,2,0,0,10,9,0,0,23,9,0,0,1,2017,misc,Manchester United
ENG-Premier League,2017/18,Manchester Utd,Henrikh Mkhitaryan,ARM,MF,28,1989,10.2,2,0,0,9,12,2,52,10,11,0,0,0,2017,misc,Manchester United
ENG-Premier League,2017/18,Manchester Utd,Jesse Lingard,ENG,"MF,FW",24,1992,20.2,2,0,0,34,37,4,46,10,22,0,0,0,2017,misc,Manchester United
ENG-Premier League,2017/18,Manchester Utd,Juan Mata,ESP,"MF,FW",29,1988,21.4,1,0,0,12,20,18,112,14,15,0,0,0,2017,misc,Manchester United
ENG-Premier League,2017/18,Manchester Utd,Luke Shaw,ENG,DF,22,1995,8.8,2,0,0,4,8,0,32,3,16,0,0,0,2017,misc,Manchester United
ENG-Premier League,2017/18,Manchester Utd,Marcos Rojo,ARG,DF,27,1990,7.1,6,0,0,8,4,0,1,9,6,0,1,0,2017,misc,Manchester United
ENG-Premier League,2017/18,Manchester Utd,Marcus Rashford,ENG,"MF,FW",19,1997,20.1,3,0,0,21,17,9,83,8,13,0,0,0,2017,misc,Manchester United
ENG-Premier League,2017/18,Manchester Utd,Marouane Fellaini,BEL,MF,29,1987,6.9,1,0,0,14,12,3,3,14,8,0,0,0,2017,misc,Manchester United
ENG-Premier League,2017/18,Manchester Utd,Matteo Darmian,ITA,DF,27,1989,4.9,0,0,0,5,3,0,6,8,13,0,0,0,2017,misc,Manchester United
ENG-Premier League,2017/18,Manchester Utd,Michael Carrick,ENG,MF,36,1981,1.2,0,0,0,1,1,0,0,2,1,0,0,0,2017,misc,Manchester United
ENG-Premier League,2017/18,Manchester Utd,Nemanja Matić,SRB,MF,28,1988,34.6,6,0,0,33,22,2,18,67,44,0,0,0,2017,misc,Manchester United
ENG-Premier League,2017/18,Manchester Utd,Paul Pogba,FRA,MF,24,1993,23.9,5,1,0,44,52,3,29,23,25,0,0,0,2017,misc,Manchester United
ENG-Premier League,2017/18,Manchester Utd,Phil Jones,ENG,DF,25,1992,21.9,2,0,0,10,24,0,2,43,18,0,0,1,2017,misc,Manchester United
ENG-Premier League,2017/18,Manchester Utd,Romelu Lukaku,BEL,FW,24,1993,31.9,4,0,0,31,16,19,36,3,4,0,0,0,2017,misc,Manchester United
ENG-Premier League,2017/18,Manchester Utd,Scott McTominay,SCO,MF,20,1996,7.0,2,0,0,7,15,0,4,15,8,0,0,0,2017,misc,Manchester United
ENG-Premier League,2017/18,Manchester Utd,Sergio Romero,ARG,GK,30,1987,1.0,0,0,0,0,0,0,0,0,0,0,0,0,2017,misc,Manchester United
ENG-Premier League,2017/18,Manchester Utd,Victor Lindelöf,SWE,DF,23,1994,14.3,1,0,0,10,9,0,2,13,13,0,0,0,2017,misc,Manchester United
ENG-Premier League,2017/18,Manchester Utd,Zlatan Ibrahimović,SWE,MF,35,1981,1.2,0,0,0,1,1,2,2,0,1,0,0,0,2017,misc,Manchester United
ENG-Premier League,2017/18,Newcastle,Aleksandar Mitrović,SRB,FW,22,1994,1.1,0,0,0,2,5,1,0,0,1,0,0,0,2017,misc,Newcastle United
ENG-Premier League,2017/18,Newcastle,Ayoze Pérez,ESP,MF,24,1993,27.7,3,0,0,36,53,14,21,26,25,0,0,1,2017,misc,Newcastle United
ENG-Premier League,2017/18,Newcastle,Chancel Mbemba,COD,DF,22,1994,7.5,0,0,0,5,4,0,7,15,12,0,0,0,2017,misc,Newcastle United
ENG-Premier League,2017/18,Newcastle,Christian Atsu,GHA,MF,25,1992,19.8,1,0,0,10,26,6,57,11,18,0,0,0,2017,misc,Newcastle United
ENG-Premier League,2017/18,Newcastle,Ciaran Clark,IRL,DF,27,1989,19.4,3,0,0,17,13,0,3,20,18,0,2,0,2017,misc,Newcastle United
ENG-Premier League,2017/18,Newcastle,DeAndre Yedlin,USA,DF,24,1993,31.6,5,0,0,32,27,9,73,53,36,0,0,1,2017,misc,Newcastle United
ENG-Premier League,2017/18,Newcastle,Dwight Gayle,ENG,FW,26,1990,21.8,3,0,0,23,28,22,5,6,11,0,0,0,2017,misc,Newcastle United
ENG-Premier League,2017/18,Newcastle,Florian Lejeune,FRA,DF,26,1991,23.4,3,0,0,17,16,2,5,51,21,0,1,0,2017,misc,Newcastle United
ENG-Premier League,2017/18,Newcastle,Henri Saivet,SEN,MF,26,1990,0.9,0,0,0,0,0,0,2,4,2,0,0,0,2017,misc,Newcastle United
ENG-Premier League,2017/18,Newcastle,Isaac Hayden,JAM,MF,22,1995,15.3,7,0,0,30,12,0,18,22,23,0,0,0,2017,misc,Newcastle United
ENG-Premier League,2017/18,Newcastle,Islam Slimani,ALG,FW,29,1988,1.5,1,0,0,1,3,0,4,1,0,0,0,0,2017,misc,Newcastle United
ENG-Premier League,2017/18,Newcastle,Jacob Murphy,ENG,MF,22,1995,12.8,0,0,0,8,9,0,38,2,11,0,0,0,2017,misc,Newcastle United
ENG-Premier League,2017/18,Newcastle,Jamaal Lascelles,ENG,DF,23,1993,32.5,5,0,0,16,12,0,2,29,19,0,0,0,2017,misc,Newcastle United
ENG-Premier League,2017/18,Newcastle,Javier Manquillo,ESP,DF,23,1994,19.5,2,0,0,22,12,2,29,22,22,0,1,0,2017,misc,Newcastle United
ENG-Premier League,2017/18,Newcastle,Jesús Gámez,ESP,DF,32,1985,1.1,0,0,0,0,1,0,5,2,2,0,0,0,2017,misc,Newcastle United
ENG-Premier League,2017/18,Newcastle,Jonjo Shelvey,ENG,MF,25,1992,25.2,4,3,1,23,8,0,80,34,24,0,0,0,2017,misc,Newcastle United
ENG-Premier League,2017/18,Newcastle,Joselu,ESP,FW,27,1990,19.0,2,0,0,30,23,3,6,12,16,0,0,0,2017,misc,Newcastle United
ENG-Premier League,2017/18,Newcastle,Karl Darlow,WAL,GK,26,1990,10.0,0,0,0,0,1,0,0,0,0,0,0,1,2017,misc,Newcastle United
ENG-Premier League,2017/18,Newcastle,Kenedy,BRA,MF,21,1996,11.4,1,0,0,15,20,0,38,18,16,1,0,0,2017,misc,Newcastle United
ENG-Premier League,2017/18,Newcastle,Martin Dúbravka,SVK,GK,28,1989,12.0,0,0,0,0,2,0,0,0,0,0,0,0,2017,misc,Newcastle United
ENG-Premier League,2017/18,Newcastle,Massadio Haïdara,MLI,"DF,MF",24,1992,0.0,0,0,0,0,0,0,0,0,0,0,0,0,2017,misc,Newcastle United
ENG-Premier League,2017/18,Newcastle,Matt Ritchie,SCO,MF,27,1989,31.2,6,0,0,37,37,4,190,41,34,0,1,0,2017,misc,Newcastle United
ENG-Premier League,2017/18,Newcastle,Mikel Merino,ESP,MF,21,1996,15.0,4,0,0,30,30,0,4,37,44,0,0,0,2017,misc,Newcastle United
ENG-Premier League,2017/18,Newcastle,Mohamed Diamé,SEN,MF,30,1987,22.7,3,0,0,44,16,0,8,52,65,0,0,0,2017,misc,Newcastle United
ENG-Premier League,2017/18,Newcastle,Paul Dummett,WAL,DF,25,1991,17.8,1,0,0,8,12,0,22,28,18,0,1,0,2017,misc,Newcastle United
ENG-Premier League,2017/18,Newcastle,Rob Elliot,IRL,GK,31,1986,16.0,0,0,0,0,2,0,0,1,0,0,0,0,2017,misc,Newcastle United
ENG-Premier League,2017/18,Newcastle,Rolando Aarons,ENG,MF,21,1995,1.5,0,0,0,1,3,1,2,1,4,0,0,0,2017,misc,Newcastle United
ENG-Premier League,2017/18,Southampton,Alex McCarthy,ENG,GK,27,1989,18.0,2,0,0,0,1,0,0,1,0,0,0,0,2017,misc,Southampton
ENG-Premier League,2017/18,Southampton,Charlie Austin,ENG,FW,28,1989,11.5,2,0,0,16,16,14,3,2,7,0,0,0,2017,misc,Southampton
ENG-Premier League,2017/18,Southampton,Cédric Soares,POR,"DF,MF",25,1991,31.0,3,0,0,15,19,3,138,24,34,0,0,0,2017,misc,Southampton
ENG-Premier League,2017/18,Southampton,Dušan Tadić,SRB,MF,28,1988,31.0,4,0,0,46,52,11,120,19,32,0,0,0,2017,misc,Southampton
ENG-Premier League,2017/18,Southampton,Fraser Forster,ENG,GK,29,1988,20.0,0,0,0,0,1,0,0,0,0,0,0,0,2017,misc,Southampton
ENG-Premier League,2017/18,Southampton,Guido Carrillo,ARG,FW,26,1991,5.0,0,0,0,7,2,2,0,0,4,0,0,0,2017,misc,Southampton
ENG-Premier League,2017/18,Southampton,Jack Stephens,ENG,DF,23,1994,22.0,6,1,0,13,11,2,9,42,22,0,0,0,2017,misc,Southampton
ENG-Premier League,2017/18,Southampton,James Ward-Prowse,ENG,MF,22,1994,19.1,3,0,0,18,13,0,158,8,16,0,0,0,2017,misc,Southampton
ENG-Premier League,2017/18,Southampton,Jan Bednarek,POL,DF,21,1996,4.7,1,0,0,3,1,0,0,5,3,0,0,0,2017,misc,Southampton
ENG-Premier League,2017/18,Southampton,Josh Sims,ENG,MF,20,1997,1.8,0,0,0,1,1,2,3,1,3,0,0,0,2017,misc,Southampton
ENG-Premier League,2017/18,Southampton,Jérémy Pied,FRA,DF,28,1989,2.0,0,0,0,1,2,0,7,9,6,0,0,0,2017,misc,Southampton
ENG-Premier League,2017/18,Southampton,Manolo Gabbiadini,ITA,FW,25,1991,12.0,2,0,0,14,7,10,5,4,2,0,0,0,2017,misc,Southampton
ENG-Premier League,2017/18,Southampton,Mario Lemina,GAB,MF,23,1993,19.1,2,0,0,28,17,2,10,41,40,0,0,0,2017,misc,Southampton
ENG-Premier League,2017/18,Southampton,Matt Targett,ENG,DF,21,1995,1.8,0,0,0,1,3,0,8,4,4,0,0,0,2017,misc,Southampton
ENG-Premier League,2017/18,Southampton,Maya Yoshida,JPN,DF,28,1988,22.8,4,1,1,19,15,0,2,42,23,1,0,0,2017,misc,Southampton
ENG-Premier League,2017/18,Southampton,Michael Obafemi,IRL,FW,17,2000,0.1,0,0,0,0,0,0,0,0,0,0,0,0,2017,misc,Southampton
ENG-Premier League,2017/18,Southampton,Nathan Redmond,ENG,MF,23,1994,21.6,3,0,0,19,18,4,71,16,19,0,0,0,2017,misc,Southampton
ENG-Premier League,2017/18,Southampton,Oriol Romeu,ESP,MF,25,1991,32.2,11,0,0,53,37,3,6,70,63,0,0,0,2017,misc,Southampton
ENG-Premier League,2017/18,Southampton,Pierre Højbjerg,DEN,MF,21,1995,18.6,6,0,0,32,29,1,12,39,30,0,0,0,2017,misc,Southampton
ENG-Premier League,2017/18,Southampton,Ryan Bertrand,ENG,"DF,MF",27,1989,34.8,2,0,0,32,33,1,136,41,36,0,0,0,2017,misc,Southampton
ENG-Premier League,2017/18,Southampton,Sam McQueen,ENG,DF,22,1995,1.6,0,0,0,0,0,1,4,3,4,0,0,0,2017,misc,Southampton
ENG-Premier League,2017/18,Southampton,Shane Long,IRL,FW,30,1987,17.6,6,0,0,34,40,15,21,13,20,1,0,0,2017,misc,Southampton
ENG-Premier League,2017/18,Southampton,Sofiane Boufal,MAR,MF,23,1993,13.5,1,0,0,27,28,3,39,7,25,0,0,0,2017,misc,Southampton
ENG-Premier League,2017/18,Southampton,Steven Davis,NIR,MF,32,1985,16.9,0,0,0,8,9,3,42,16,23,1,0,0,2017,misc,Southampton
ENG-Premier League,2017/18,Southampton,Virgil van Dijk,NED,DF,26,1991,11.0,0,0,0,6,11,0,1,31,9,0,1,0,2017,misc,Southampton
ENG-Premier League,2017/18,Southampton,Wesley Hoedt,NED,DF,23,1994,28.0,7,0,0,22,16,0,6,42,52,0,1,0,2017,misc,Southampton
ENG-Premier League,2017/18,Stoke City,Badou Ndiaye,SEN,MF,26,1990,12.6,5,0,0,24,21,2,5,14,30,0,1,0,2017,misc,Stoke City
ENG-Premier League,2017/18,Stoke City,Bojan Krkić,ESP,MF,26,1990,0.8,0,0,0,0,3,0,2,0,0,0,0,0,2017,misc,Stoke City
ENG-Premier League,2017/18,Stoke City,Bruno Martins Indi,NED,DF,25,1992,13.8,3,0,0,12,6,1,4,19,11,0,1,0,2017,misc,Stoke City
ENG-Premier League,2017/18,Stoke City,Charlie Adam,SCO,MF,31,1985,4.6,2,1,0,8,8,0,30,8,5,0,0,0,2017,misc,Stoke City
ENG-Premier League,2017/18,Stoke City,Darren Fletcher,SCO,MF,33,1984,24.7,0,0,0,14,25,0,49,27,30,0,0,0,2017,misc,Stoke City
ENG-Premier League,2017/18,Stoke City,Eric Maxim Choupo-Moting,CMR,"MF,FW",28,1989,25.7,3,0,0,22,24,14,38,23,32,0,0,0,2017,misc,Stoke City
ENG-Premier League,2017/18,Stoke City,Erik Pieters,NED,"MF,DF",28,1988,30.2,5,0,0,58,29,2,64,70,47,0,1,0,2017,misc,Stoke City
ENG-Premier League,2017/18,Stoke City,Geoff Cameron,USA,"MF,DF",32,1985,16.9,2,0,0,16,7,0,9,38,21,0,1,0,2017,misc,Stoke City
ENG-Premier League,2017/18,Stoke City,Glen Johnson,ENG,"DF,MF",32,1984,6.1,3,0,0,6,5,0,8,8,6,0,0,0,2017,misc,Stoke City
ENG-Premier League,2017/18,Stoke City,Ibrahim Afellay,NED,MF,31,1986,1.8,1,0,0,1,0,0,0,1,3,0,0,0,2017,misc,Stoke City
ENG-Premier League,2017/18,Stoke City,Jack Butland,ENG,GK,24,1993,35.0,0,0,0,0,3,0,0,1,1,0,0,1,2017,misc,Stoke City
ENG-Premier League,2017/18,Stoke City,Jesé,ESP,"FW,MF",24,1993,6.8,0,0,0,5,5,1,13,0,7,1,0,0,2017,misc,Stoke City
ENG-Premier League,2017/18,Stoke City,Joe Allen,WAL,MF,27,1990,34.9,8,0,0,49,49,0,37,62,66,0,0,0,2017,misc,Stoke City
ENG-Premier League,2017/18,Stoke City,Josh Tymon,ENG,DF,18,1999,1.8,0,0,0,0,0,0,4,1,1,0,0,0,2017,misc,Stoke City
ENG-Premier League,2017/18,Stoke City,Julien Ngoy,BEL,"FW,MF",19,1997,0.2,0,0,0,0,0,0,0,0,1,0,0,0,2017,misc,Stoke City
ENG-Premier League,2017/18,Stoke City,Kevin Wimmer,AUT,DF,24,1992,14.7,5,0,0,20,6,0,3,32,18,0,0,0,2017,misc,Stoke City
ENG-Premier League,2017/18,Stoke City,Kostas Stafylidis,GRE,DF,23,1993,3.7,0,0,0,4,5,1,10,6,6,0,0,0,2017,misc,Stoke City
ENG-Premier League,2017/18,Stoke City,Kurt Zouma,FRA,DF,22,1994,32.1,1,0,0,19,21,1,12,64,37,0,0,0,2017,misc,Stoke City
ENG-Premier League,2017/18,Stoke City,Lasse Sørensen,DEN,MF,17,1999,0.8,0,0,0,0,0,0,1,1,2,0,0,0,2017,misc,Stoke City
ENG-Premier League,2017/18,Stoke City,Lee Grant,ENG,GK,34,1983,3.0,0,0,0,0,0,0,0,0,1,0,0,0,2017,misc,Stoke City
ENG-Premier League,2017/18,Stoke City,Mame Biram Diouf,SEN,"MF,FW",29,1987,28.8,6,0,0,38,39,23,35,16,35,0,0,0,2017,misc,Stoke City
ENG-Premier League,2017/18,Stoke City,Moritz Bauer,AUT,"DF,MF",25,1992,14.5,4,0,0,19,20,1,40,10,20,0,0,0,2017,misc,Stoke City
ENG-Premier League,2017/18,Stoke City,Peter Crouch,ENG,FW,36,1981,17.4,4,0,0,40,12,14,3,3,0,0,0,0,2017,misc,Stoke City
ENG-Premier League,2017/18,Stoke City,Ramadan Sobhi,EGY,MF,20,1997,13.8,2,0,0,14,13,3,16,14,24,0,0,0,2017,misc,Stoke City
ENG-Premier League,2017/18,Stoke City,Ryan Shawcross,ENG,DF,29,1987,26.3,2,0,0,26,19,4,3,42,22,0,1,1,2017,misc,Stoke City
ENG-Premier League,2017/18,Stoke City,Saido Berahino,BDI,FW,23,1993,5.5,0,0,0,6,4,4,3,2,2,1,0,0,2017,misc,Stoke City
ENG-Premier League,2017/18,Stoke City,Stephen Ireland,IRL,MF,30,1986,1.5,1,0,0,1,1,0,0,1,2,0,0,0,2017,misc,Stoke City
ENG-Premier League,2017/18,Stoke City,Tom Edwards,ENG,"DF,MF",18,1999,5.3,0,0,0,3,2,0,15,9,10,0,0,0,2017,misc,Stoke City
ENG-Premier League,2017/18,Stoke City,Tyrese Campbell,ENG,"FW,MF",17,1999,0.9,0,0,0,0,0,1,2,1,1,0,0,0,2017,misc,Stoke City
ENG-Premier League,2017/18,Stoke City,Xherdan Shaqiri,SUI,"MF,FW",25,1991,33.8,5,0,0,28,50,15,200,18,20,0,0,0,2017,misc,Stoke City
ENG-Premier League,2017/18,Swansea City,Alfie Mawson,ENG,DF,23,1994,38.0,3,0,0,19,11,1,3,43,24,0,0,0,2017,misc,Swansea City
ENG-Premier League,2017/18,Swansea City,André Ayew,GHA,"FW,MF",27,1989,10.6,3,0,0,17,19,3,8,6,11,1,0,0,2017,misc,Swansea City
ENG-Premier League,2017/18,Swansea City,Andy King,WAL,MF,28,1988,7.9,1,0,0,4,6,0,8,5,10,0,0,0,2017,misc,Swansea City
ENG-Premier League,2017/18,Swansea City,Connor Roberts,WAL,MF,21,1995,3.0,0,0,0,0,7,0,13,3,4,0,0,0,2017,misc,Swansea City
ENG-Premier League,2017/18,Swansea City,Federico Fernández,ARG,DF,28,1989,29.7,5,0,0,29,21,2,4,48,30,0,2,1,2017,misc,Swansea City
ENG-Premier League,2017/18,Swansea City,Jay Fulton,SCO,MF,23,1994,0.2,1,0,0,2,0,0,0,0,0,0,0,0,2017,misc,Swansea City
ENG-Premier League,2017/18,Swansea City,Jordan Ayew,GHA,"FW,MF",25,1991,31.7,2,1,0,63,88,8,45,26,60,0,0,0,2017,misc,Swansea City
ENG-Premier League,2017/18,Swansea City,Ki Sung-yueng,KOR,MF,28,1989,20.8,2,0,0,11,17,1,62,36,19,0,0,0,2017,misc,Swansea City
ENG-Premier League,2017/18,Swansea City,Kyle Bartley,ENG,DF,26,1991,2.6,2,0,0,5,1,0,0,3,2,0,0,0,2017,misc,Swansea City
ENG-Premier League,2017/18,Swansea City,Kyle Naughton,ENG,"DF,MF",28,1988,33.7,1,0,0,31,25,0,61,69,61,0,0,1,2017,misc,Swansea City
ENG-Premier League,2017/18,Swansea City,Leon Britton,ENG,MF,34,1982,3.4,1,0,0,7,1,0,1,2,5,0,0,0,2017,misc,Swansea City
ENG-Premier League,2017/18,Swansea City,Leroy Fer,NED,MF,27,1990,15.5,5,0,0,28,28,1,9,14,32,0,0,0,2017,misc,Swansea City
ENG-Premier League,2017/18,Swansea City,Luciano Narsingh,NED,"FW,MF",26,1990,6.9,0,0,0,3,11,4,23,3,5,0,0,0,2017,misc,Swansea City
ENG-Premier League,2017/18,Swansea City,Martin Olsson,SWE,"DF,MF",29,1988,35.0,7,0,0,27,25,3,164,35,30,0,2,0,2017,misc,Swansea City
ENG-Premier League,2017/18,Swansea City,Mike van der Hoorn,NED,DF,24,1992,21.6,4,0,0,22,18,0,8,40,22,0,1,0,2017,misc,Swansea City
ENG-Premier League,2017/18,Swansea City,Nathan Dyer,ENG,"FW,MF",29,1987,14.5,2,0,0,17,20,1,31,16,14,0,1,0,2017,misc,Swansea City
ENG-Premier League,2017/18,Swansea City,Oliver McBurnie,SCO,FW,21,1996,3.1,0,0,0,4,4,0,3,1,2,0,0,0,2017,misc,Swansea City
ENG-Premier League,2017/18,Swansea City,Renato Sanches,POR,"MF,FW",19,1997,7.8,1,0,0,9,20,0,32,8,8,0,0,0,2017,misc,Swansea City
ENG-Premier League,2017/18,Swansea City,Roque Mesa,ESP,MF,28,1989,8.4,3,0,0,14,10,0,2,13,14,0,1,0,2017,misc,Swansea City
ENG-Premier League,2017/18,Swansea City,Sam Clucas,ENG,MF,26,1990,22.7,2,0,0,10,14,3,55,28,18,0,0,0,2017,misc,Swansea City
ENG-Premier League,2017/18,Swansea City,Tammy Abraham,ENG,FW,19,1997,19.2,0,0,0,15,27,9,13,1,9,0,0,0,2017,misc,Swansea City
ENG-Premier League,2017/18,Swansea City,Tom Carroll,ENG,MF,25,1992,28.6,3,0,0,23,17,1,128,34,35,0,0,0,2017,misc,Swansea City
ENG-Premier League,2017/18,Swansea City,Wayne Routledge,ENG,"MF,FW",32,1985,4.8,1,0,0,9,0,0,15,3,6,0,0,0,2017,misc,Swansea City
ENG-Premier League,2017/18,Swansea City,Wilfried Bony,CIV,FW,28,1988,7.9,2,0,0,7,11,2,1,2,4,0,0,0,2017,misc,Swansea City
ENG-Premier League,2017/18,Swansea City,Àngel Rangel,ESP,DF,34,1982,1.7,0,0,0,1,0,0,6,3,2,0,0,0,2017,misc,Swansea City
ENG-Premier League,2017/18,Swansea City,Łukasz Fabiański,POL,GK,32,1985,38.0,0,0,0,1,5,0,0,1,0,0,0,0,2017,misc,Swansea City
ENG-Premier League,2017/18,Tottenham,Ben Davies,WAL,"DF,MF",24,1993,25.8,3,0,0,24,25,0,150,27,35,0,0,0,2017,misc,Tottenham Hotspur
ENG-Premier League,2017/18,Tottenham,Christian Eriksen,DEN,MF,25,1992,35.8,0,0,0,14,21,1,220,32,31,0,0,0,2017,misc,Tottenham Hotspur
ENG-Premier League,2017/18,Tottenham,Danny Rose,ENG,"DF,MF",27,1990,8.9,4,0,0,12,24,0,56,10,12,0,0,0,2017,misc,Tottenham Hotspur
ENG-Premier League,2017/18,Tottenham,Davinson Sánchez,COL,DF,21,1996,28.2,1,1,0,25,18,0,5,46,22,0,0,1,2017,misc,Tottenham Hotspur
ENG-Premier League,2017/18,Tottenham,Dele Alli,ENG,MF,21,1996,32.9,7,0,0,45,85,5,18,27,28,1,0,0,2017,misc,Tottenham Hotspur
ENG-Premier League,2017/18,Tottenham,Eric Dier,ENG,"MF,DF",23,1994,31.4,4,0,0,23,8,1,26,47,46,0,0,0,2017,misc,Tottenham Hotspur
ENG-Premier League,2017/18,Tottenham,Fernando Llorente,ESP,FW,32,1985,2.6,1,0,0,4,4,2,0,0,3,0,0,0,2017,misc,Tottenham Hotspur
ENG-Premier League,2017/18,Tottenham,Georges-Kévin N'Koudou,CMR,"FW,MF",22,1995,0.0,0,0,0,0,1,0,0,0,0,0,0,0,2017,misc,Tottenham Hotspur
ENG-Premier League,2017/18,Tottenham,Harry Kane,ENG,FW,24,1993,34.2,5,0,0,34,40,43,21,8,17,1,0,0,2017,misc,Tottenham Hotspur
ENG-Premier League,2017/18,Tottenham,Harry Winks,ENG,MF,21,1996,8.6,0,0,0,8,7,0,9,10,11,0,0,0,2017,misc,Tottenham Hotspur
ENG-Premier League,2017/18,Tottenham,Hugo Lloris,FRA,GK,30,1986,36.0,1,0,0,1,2,0,1,2,1,0,1,0,2017,misc,Tottenham Hotspur
ENG-Premier League,2017/18,Tottenham,Jan Vertonghen,BEL,DF,30,1987,35.6,4,0,0,20,25,1,19,62,46,0,1,0,2017,misc,Tottenham Hotspur
ENG-Premier League,2017/18,Tottenham,Kieran Trippier,ENG,"DF,MF",26,1990,21.3,1,0,0,18,21,3,120,22,30,0,0,0,2017,misc,Tottenham Hotspur
ENG-Premier League,2017/18,Tottenham,Kyle Walker-Peters,ENG,DF,20,1997,2.1,0,0,0,1,4,0,9,4,4,0,0,0,2017,misc,Tottenham Hotspur
ENG-Premier League,2017/18,Tottenham,Lucas Moura,BRA,MF,24,1992,2.3,0,0,0,4,7,0,1,3,2,0,0,0,2017,misc,Tottenham Hotspur
ENG-Premier League,2017/18,Tottenham,Michel Vorm,NED,GK,33,1983,1.0,0,0,0,0,0,0,0,0,0,0,0,0,2017,misc,Tottenham Hotspur
ENG-Premier League,2017/18,Tottenham,Mousa Dembélé,BEL,MF,30,1987,20.9,6,0,0,46,28,0,1,32,26,0,0,0,2017,misc,Tottenham Hotspur
ENG-Premier League,2017/18,Tottenham,Moussa Sissoko,FRA,MF,27,1989,15.6,3,0,0,23,10,3,20,10,16,0,0,0,2017,misc,Tottenham Hotspur
ENG-Premier League,2017/18,Tottenham,Paulo Gazzaniga,ARG,GK,25,1992,1.0,0,0,0,0,0,0,0,0,0,0,0,0,2017,misc,Tottenham Hotspur
ENG-Premier League,2017/18,Tottenham,Serge Aurier,CIV,"DF,MF",24,1992,15.9,3,2,1,21,16,2,69,32,29,0,1,0,2017,misc,Tottenham Hotspur
ENG-Premier League,2017/18,Tottenham,Son Heung-min,KOR,"MF,FW",25,1992,25.6,0,0,0,15,26,25,50,12,12,0,0,0,2017,misc,Tottenham Hotspur
ENG-Premier League,2017/18,Tottenham,Toby Alderweireld,BEL,DF,28,1989,13.1,3,0,0,8,2,0,7,4,13,0,0,0,2017,misc,Tottenham Hotspur
ENG-Premier League,2017/18,Tottenham,Victor Wanyama,KEN,MF,26,1991,9.4,2,0,0,13,9,0,3,11,23,0,0,0,2017,misc,Tottenham Hotspur
ENG-Premier League,2017/18,Tottenham,Vincent Janssen,NED,FW,23,1994,0.0,0,0,0,0,0,0,0,0,0,0,0,0,2017,misc,Tottenham Hotspur
ENG-Premier League,2017/18,Tottenham,Érik Lamela,ARG,MF,25,1992,9.4,4,0,0,24,16,3,26,10,14,1,0,0,2017,misc,Tottenham Hotspur
ENG-Premier League,2017/18,Watford,Abdoulaye Doucouré,MLI,MF,24,1993,36.9,10,0,0,44,27,2,27,59,51,0,1,0,2017,misc,Watford
ENG-Premier League,2017/18,Watford,Adrian Mariappa,JAM,DF,30,1986,24.6,4,0,0,32,16,0,4,46,27,0,0,0,2017,misc,Watford
ENG-Premier League,2017/18,Watford,Andre Gray,JAM,FW,26,1991,16.6,1,0,0,11,5,13,9,4,1,1,0,0,2017,misc,Watford
ENG-Premier League,2017/18,Watford,André Carrillo,PER,"MF,FW",26,1991,17.1,2,0,0,14,15,5,55,15,23,0,0,0,2017,misc,Watford
ENG-Premier League,2017/18,Watford,Ben Watson,ENG,MF,32,1985,5.1,1,0,0,11,5,0,4,7,8,0,0,0,2017,misc,Watford
ENG-Premier League,2017/18,Watford,Christian Kabasele,BEL,DF,26,1991,25.9,5,0,0,31,16,0,2,36,32,0,1,1,2017,misc,Watford
ENG-Premier League,2017/18,Watford,Craig Cathcart,NIR,DF,28,1989,5.8,1,0,0,2,1,0,0,4,6,0,0,0,2017,misc,Watford
ENG-Premier League,2017/18,Watford,Daryl Janmaat,NED,"DF,MF",28,1989,20.2,3,0,0,14,4,1,68,34,32,0,0,0,2017,misc,Watford
ENG-Premier League,2017/18,Watford,Dodi Lukebakio,BEL,"FW,MF",19,1997,0.2,0,0,0,0,0,0,2,0,0,0,0,0,2017,misc,Watford
ENG-Premier League,2017/18,Watford,Gerard Deulofeu,ESP,"MF,FW",23,1994,4.8,0,0,0,3,5,1,15,6,4,1,0,0,2017,misc,Watford
ENG-Premier League,2017/18,Watford,Heurelho Gomes,BRA,GK,36,1981,23.6,0,0,0,0,3,0,0,2,0,0,1,0,2017,misc,Watford
ENG-Premier League,2017/18,Watford,Jerome Sinclair,ENG,FW,20,1996,0.3,0,0,0,1,0,0,0,1,0,0,0,0,2017,misc,Watford
ENG-Premier League,2017/18,Watford,José Holebas,GRE,"DF,MF",33,1984,26.5,7,0,0,37,19,1,211,36,32,0,2,0,2017,misc,Watford
ENG-Premier League,2017/18,Watford,Kiko Femenía,ESP,"MF,DF",26,1991,19.0,2,0,0,7,22,2,60,36,29,0,0,0,2017,misc,Watford
ENG-Premier League,2017/18,Watford,Marvin Zeegelaar,NED,"MF,DF",26,1990,11.0,4,1,0,17,10,0,38,21,19,0,0,0,2017,misc,Watford
ENG-Premier League,2017/18,Watford,Miguel Britos,URU,DF,32,1985,8.9,3,1,0,8,6,0,5,12,12,0,0,0,2017,misc,Watford
ENG-Premier League,2017/18,Watford,Molla Wagué,MLI,DF,26,1991,4.9,0,0,0,5,1,0,1,7,3,0,1,0,2017,misc,Watford
ENG-Premier League,2017/18,Watford,Nathaniel Chalobah,ENG,MF,22,1994,5.0,1,0,0,3,7,1,2,7,6,0,0,0,2017,misc,Watford
ENG-Premier League,2017/18,Watford,Nordin Amrabat,MAR,FW,30,1987,2.2,0,0,0,6,2,2,9,0,4,0,0,0,2017,misc,Watford
ENG-Premier League,2017/18,Watford,Orestis Karnezis,GRE,GK,32,1985,14.4,0,0,0,0,1,0,0,1,0,0,0,0,2017,misc,Watford
ENG-Premier League,2017/18,Watford,Richarlison,BRA,"MF,FW",20,1997,31.4,4,0,0,37,95,22,52,24,44,2,0,0,2017,misc,Watford
ENG-Premier League,2017/18,Watford,Roberto Pereyra,ARG,"MF,FW",26,1991,18.0,3,0,0,18,27,2,48,12,10,2,0,0,2017,misc,Watford
ENG-Premier League,2017/18,Watford,Sebastian Prödl,AUT,DF,30,1987,17.4,5,0,0,21,9,3,1,31,17,0,0,0,2017,misc,Watford
ENG-Premier League,2017/18,Watford,Stefano Okaka,ITA,FW,27,1989,5.0,2,0,0,21,9,4,1,0,5,0,0,0,2017,misc,Watford
ENG-Premier League,2017/18,Watford,Tom Cleverley,ENG,MF,27,1989,21.1,3,1,1,32,29,1,83,28,28,0,0,0,2017,misc,Watford
ENG-Premier League,2017/18,Watford,Troy Deeney,ENG,FW,29,1988,20.5,1,1,0,24,18,16,8,5,15,0,0,0,2017,misc,Watford
ENG-Premier League,2017/18,Watford,Will Hughes,ENG,MF,22,1995,11.0,0,0,0,19,21,1,11,15,19,0,0,0,2017,misc,Watford
ENG-Premier League,2017/18,Watford,Younès Kaboul,FRA,DF,31,1986,1.7,0,0,0,1,0,0,0,2,2,0,0,0,2017,misc,Watford
ENG-Premier League,2017/18,Watford,Étienne Capoue,FRA,MF,29,1988,17.1,3,0,0,21,16,1,4,40,27,0,0,0,2017,misc,Watford
ENG-Premier League,2017/18,West Brom,Ahmed Hegazi,EGY,DF,26,1991,37.6,4,0,0,25,15,2,10,63,38,0,0,0,2017,misc,West Bromwich Albion
ENG-Premier League,2017/18,West Brom,Allan Nyom,CMR,"DF,MF",29,1988,25.7,7,0,0,20,20,0,88,29,41,0,1,0,2017,misc,West Bromwich Albion
ENG-Premier League,2017/18,West Brom,Ben Foster,ENG,GK,34,1983,37.0,2,0,0,1,4,0,0,2,1,0,0,0,2017,misc,West Bromwich Albion
ENG-Premier League,2017/18,West Brom,Boaz Myhill,WAL,GK,34,1982,1.0,1,0,0,1,0,0,0,0,0,0,0,0,2017,misc,West Bromwich Albion
ENG-Premier League,2017/18,West Brom,Chris Brunt,NIR,"MF,DF",32,1984,21.3,5,0,0,15,6,0,139,22,26,0,0,0,2017,misc,West Bromwich Albion
ENG-Premier League,2017/18,West Brom,Claudio Yacob,ARG,MF,30,1987,10.0,5,0,0,25,13,0,0,17,29,0,0,0,2017,misc,West Bromwich Albion
ENG-Premier League,2017/18,West Brom,Craig Dawson,ENG,DF,27,1990,27.9,6,0,0,35,23,3,42,52,30,0,0,0,2017,misc,West Bromwich Albion
ENG-Premier League,2017/18,West Brom,Daniel Sturridge,ENG,FW,27,1989,1.3,0,0,0,0,1,1,3,0,0,0,0,0,2017,misc,West Bromwich Albion
ENG-Premier League,2017/18,West Brom,Gareth Barry,ENG,MF,36,1981,21.4,4,0,0,28,29,1,29,20,22,0,0,0,2017,misc,West Bromwich Albion
ENG-Premier League,2017/18,West Brom,Gareth McAuley,NIR,DF,37,1979,5.1,0,0,0,2,2,0,1,11,7,0,0,0,2017,misc,West Bromwich Albion
ENG-Premier League,2017/18,West Brom,Grzegorz Krychowiak,POL,MF,27,1990,18.2,2,0,0,31,39,1,20,47,25,0,0,0,2017,misc,West Bromwich Albion
ENG-Premier League,2017/18,West Brom,Hal Robson-Kanu,WAL,FW,28,1989,9.2,2,1,0,20,25,6,20,5,4,0,0,0,2017,misc,West Bromwich Albion
ENG-Premier League,2017/18,West Brom,Jake Livermore,ENG,MF,27,1989,29.7,5,0,0,42,14,1,19,29,45,0,0,0,2017,misc,West Bromwich Albion
ENG-Premier League,2017/18,West Brom,James McClean,IRL,"MF,FW",28,1989,15.6,7,0,0,35,13,5,88,20,27,0,0,1,2017,misc,West Bromwich Albion
ENG-Premier League,2017/18,West Brom,James Morrison,SCO,MF,31,1986,2.3,0,0,0,0,1,0,2,1,1,0,0,0,2017,misc,West Bromwich Albion
ENG-Premier League,2017/18,West Brom,Jay Rodriguez,ENG,"FW,MF",28,1989,31.2,2,0,0,43,29,18,30,19,24,0,0,0,2017,misc,West Bromwich Albion
ENG-Premier League,2017/18,West Brom,Jonny Evans,NIR,DF,29,1988,25.2,7,0,0,26,27,0,5,52,22,0,0,1,2017,misc,West Bromwich Albion
ENG-Premier League,2017/18,West Brom,Kieran Gibbs,ENG,"DF,MF",27,1989,31.4,3,0,0,22,11,1,73,48,28,0,0,0,2017,misc,West Bromwich Albion
ENG-Premier League,2017/18,West Brom,Matt Phillips,SCO,MF,26,1991,23.3,3,0,0,14,13,11,165,25,16,0,0,0,2017,misc,West Bromwich Albion
ENG-Premier League,2017/18,West Brom,Nacer Chadli,BEL,"MF,FW",27,1989,2.4,1,0,0,1,0,0,7,0,0,0,0,0,2017,misc,West Bromwich Albion
ENG-Premier League,2017/18,West Brom,Oliver Burke,SCO,FW,20,1997,4.1,0,0,0,2,5,1,8,7,4,0,0,0,2017,misc,West Bromwich Albion
ENG-Premier League,2017/18,West Brom,Rekeem Harper,ENG,MF,17,2000,0.2,0,0,0,0,0,0,0,0,1,0,0,0,2017,misc,West Bromwich Albion
ENG-Premier League,2017/18,West Brom,Salomón Rondón,VEN,FW,27,1989,30.7,4,0,0,41,58,29,35,17,11,0,0,0,2017,misc,West Bromwich Albion
ENG-Premier League,2017/18,West Brom,Sam Field,ENG,MF,19,1998,6.0,3,0,0,11,7,0,9,9,10,0,0,0,2017,misc,West Bromwich Albion
ENG-Premier League,2017/18,West Ham,Aaron Cresswell,ENG,"DF,MF",27,1989,34.1,7,0,0,20,16,3,193,49,23,0,0,0,2017,misc,West Ham United
ENG-Premier League,2017/18,West Ham,Adrián,ESP,GK,30,1987,19.0,2,0,0,0,3,0,0,1,0,0,0,0,2017,misc,West Ham United
ENG-Premier League,2017/18,West Ham,André Ayew,GHA,"MF,FW",27,1989,9.9,2,0,0,7,17,3,8,5,14,0,0,0,2017,misc,West Ham United
ENG-Premier League,2017/18,West Ham,Andy Carroll,ENG,FW,28,1989,8.3,7,1,1,28,14,6,10,2,3,0,0,0,2017,misc,West Ham United
ENG-Premier League,2017/18,West Ham,Angelo Ogbonna,ITA,DF,29,1988,32.0,3,0,0,15,17,1,2,62,25,0,1,0,2017,misc,West Ham United
ENG-Premier League,2017/18,West Ham,Arthur Masuaku,COD,"MF,DF",23,1993,20.8,5,0,0,30,30,2,100,27,34,0,0,0,2017,misc,West Ham United
ENG-Premier League,2017/18,West Ham,Cheikhou Kouyaté,SEN,MF,27,1989,31.1,5,0,0,45,42,6,18,33,51,0,1,0,2017,misc,West Ham United
ENG-Premier League,2017/18,West Ham,Declan Rice,ENG,"DF,MF",18,1999,15.9,1,0,0,5,2,0,5,28,23,0,0,0,2017,misc,West Ham United
ENG-Premier League,2017/18,West Ham,Diafra Sakho,SEN,FW,27,1989,3.4,2,0,0,4,6,5,5,1,2,1,0,0,2017,misc,West Ham United
ENG-Premier League,2017/18,West Ham,Edimilson Fernandes,SUI,MF,21,1996,9.4,1,0,0,5,11,0,7,18,10,0,0,0,2017,misc,West Ham United
ENG-Premier League,2017/18,West Ham,James Collins,WAL,DF,33,1983,11.7,3,0,0,13,2,0,3,18,9,0,0,0,2017,misc,West Ham United
ENG-Premier League,2017/18,West Ham,Javier Hernández,MEX,FW,29,1988,17.2,3,0,0,15,49,14,18,7,6,1,0,0,2017,misc,West Ham United
ENG-Premier League,2017/18,West Ham,Joe Hart,ENG,GK,30,1987,19.0,0,0,0,0,1,0,0,0,1,0,1,0,2017,misc,West Ham United
ENG-Premier League,2017/18,West Ham,Jordan Hugill,ENG,FW,25,1992,0.3,0,0,0,3,1,0,0,0,0,0,0,0,2017,misc,West Ham United
ENG-Premier League,2017/18,West Ham,Josh Cullen,IRL,"DF,MF",21,1996,0.1,0,0,0,0,0,0,0,2,0,0,0,0,2017,misc,West Ham United
ENG-Premier League,2017/18,West Ham,José Fonte,POR,DF,33,1983,7.6,0,0,0,6,6,0,3,14,7,0,1,0,2017,misc,West Ham United
ENG-Premier League,2017/18,West Ham,João Mário,POR,MF,24,1993,11.4,0,0,0,14,20,0,50,10,10,0,0,0,2017,misc,West Ham United
ENG-Premier League,2017/18,West Ham,Manuel Lanzini,ARG,"MF,FW",24,1993,22.7,4,0,0,9,35,3,83,30,12,1,0,0,2017,misc,West Ham United
ENG-Premier League,2017/18,West Ham,Mark Noble,ENG,MF,30,1987,26.7,6,0,0,28,46,2,23,54,39,0,0,0,2017,misc,West Ham United
ENG-Premier League,2017/18,West Ham,Marko Arnautović,AUT,"FW,MF",28,1989,25.7,5,1,0,35,29,43,60,16,18,0,0,0,2017,misc,West Ham United
ENG-Premier League,2017/18,West Ham,Michail Antonio,JAM,"MF,FW",27,1990,15.0,1,0,0,17,30,7,55,13,9,1,0,0,2017,misc,West Ham United
ENG-Premier League,2017/18,West Ham,Pablo Zabaleta,ARG,"MF,DF",32,1985,36.5,9,0,0,33,34,1,71,72,66,0,3,1,2017,misc,West Ham United
ENG-Premier League,2017/18,West Ham,Patrice Evra,FRA,"DF,MF",36,1981,2.5,0,0,0,1,2,1,2,7,4,0,0,0,2017,misc,West Ham United
ENG-Premier League,2017/18,West Ham,Pedro Obiang,EQG,MF,25,1992,17.4,3,0,0,27,25,0,8,24,31,0,0,0,2017,misc,West Ham United
ENG-Premier League,2017/18,West Ham,Reece Oxford,ENG,DF,18,1998,0.1,0,0,0,0,0,0,0,0,1,0,0,0,2017,misc,West Ham United
ENG-Premier League,2017/18,West Ham,Sam Byram,ENG,MF,23,1993,2.8,1,0,0,4,1,1,10,9,6,0,0,0,2017,misc,West Ham United
ENG-Premier League,2017/18,West Ham,Winston Reid,NZL,DF,29,1988,16.1,5,0,0,14,15,0,1,23,10,0,0,0,2017,misc,West Ham United
ENG-Premier League,2018/19,Arsenal,Aaron Ramsey,WAL,MF,27,1990,14.8,0,0,0,21,20,5,16,7,20,0,0,0,2018,misc,Arsenal
ENG-Premier League,2018/19,Arsenal,Ainsley Maitland-Niles,ENG,"MF,DF",20,1997,11.0,3,2,1,8,13,1,18,19,19,0,0,0,2018,misc,Arsenal
ENG-Premier League,2018/19,Arsenal,Alex Iwobi,NGA,"MF,FW",22,1996,21.9,0,0,0,8,13,2,58,12,16,0,0,0,2018,misc,Arsenal
ENG-Premier League,2018/19,Arsenal,Alexandre Lacazette,FRA,FW,27,1991,27.8,2,0,0,51,54,24,30,15,19,1,0,0,2018,misc,Arsenal
ENG-Premier League,2018/19,Arsenal,Bernd Leno,GER,GK,26,1992,31.5,0,0,0,0,5,0,0,3,0,0,0,0,2018,misc,Arsenal
ENG-Premier League,2018/19,Arsenal,Bukayo Saka,ENG,"FW,MF",16,2001,0.1,0,0,0,0,0,0,0,0,0,0,0,0,2018,misc,Arsenal
ENG-Premier League,2018/19,Arsenal,Carl Jenkinson,ENG,MF,26,1992,1.8,0,0,0,1,0,0,3,0,2,0,0,0,2018,misc,Arsenal
ENG-Premier League,2018/19,Arsenal,Danny Welbeck,ENG,MF,27,1990,1.7,0,0,0,3,2,0,0,1,3,0,0,0,2018,misc,Arsenal
ENG-Premier League,2018/19,Arsenal,Denis Suárez,ESP,MF,24,1994,0.8,0,0,0,0,1,1,0,1,1,0,0,0,2018,misc,Arsenal
ENG-Premier League,2018/19,Arsenal,Eddie Nketiah,ENG,FW,19,1999,0.7,0,0,0,1,2,2,0,0,1,0,0,0,2018,misc,Arsenal
ENG-Premier League,2018/19,Arsenal,Granit Xhaka,SUI,MF,25,1992,27.8,10,0,0,45,51,1,130,33,28,0,2,0,2018,misc,Arsenal
ENG-Premier League,2018/19,Arsenal,Henrikh Mkhitaryan,ARM,"MF,FW",29,1989,18.2,1,0,0,27,11,3,63,17,22,0,0,0,2018,misc,Arsenal
ENG-Premier League,2018/19,Arsenal,Héctor Bellerín,ESP,"DF,MF",23,1995,17.0,3,0,0,16,7,2,39,18,13,0,0,1,2018,misc,Arsenal
ENG-Premier League,2018/19,Arsenal,Joe Willock,ENG,MF,18,1999,0.7,0,0,0,0,2,0,0,1,0,0,0,0,2018,misc,Arsenal
ENG-Premier League,2018/19,Arsenal,Konstantinos Mavropanos,GRE,DF,20,1997,1.6,1,0,0,2,0,0,0,5,1,0,0,0,2018,misc,Arsenal
ENG-Premier League,2018/19,Arsenal,Laurent Koscielny,FRA,DF,32,1985,14.8,1,0,0,11,15,0,0,29,13,0,0,0,2018,misc,Arsenal
ENG-Premier League,2018/19,Arsenal,Lucas Torreira,URU,MF,22,1996,26.5,7,1,0,37,77,0,28,41,39,0,0,0,2018,misc,Arsenal
ENG-Premier League,2018/19,Arsenal,Mattéo Guendouzi,FRA,MF,19,1999,23.9,9,0,0,25,62,0,15,27,28,0,0,0,2018,misc,Arsenal
ENG-Premier League,2018/19,Arsenal,Mesut Özil,GER,MF,29,1988,19.3,2,0,0,10,23,10,45,5,6,0,0,0,2018,misc,Arsenal
ENG-Premier League,2018/19,Arsenal,Mohamed Elneny,EGY,MF,26,1992,4.2,0,0,0,1,0,1,3,2,4,0,0,0,2018,misc,Arsenal
ENG-Premier League,2018/19,Arsenal,Nacho Monreal,ESP,DF,32,1986,20.7,5,0,0,17,21,1,28,28,20,1,0,0,2018,misc,Arsenal
ENG-Premier League,2018/19,Arsenal,Petr Čech,CZE,GK,36,1982,6.5,0,0,0,0,2,0,0,0,1,0,0,0,2018,misc,Arsenal
ENG-Premier League,2018/19,Arsenal,Pierre-Emerick Aubameyang,GAB,"FW,MF",29,1989,30.3,0,0,0,13,23,23,45,9,18,1,0,0,2018,misc,Arsenal
ENG-Premier League,2018/19,Arsenal,Rob Holding,ENG,DF,22,1995,9.0,1,0,0,6,2,0,1,10,8,0,1,0,2018,misc,Arsenal
ENG-Premier League,2018/19,Arsenal,Sead Kolašinac,BIH,"MF,DF",25,1993,21.0,5,0,0,21,10,11,51,22,21,1,1,1,2018,misc,Arsenal
ENG-Premier League,2018/19,Arsenal,Shkodran Mustafi,GER,DF,26,1992,29.0,9,0,0,42,9,4,11,59,45,0,2,0,2018,misc,Arsenal
ENG-Premier League,2018/19,Arsenal,Sokratis Papastathopoulos,GRE,DF,30,1988,24.4,12,0,0,37,25,0,1,27,27,0,1,0,2018,misc,Arsenal
ENG-Premier League,2018/19,Arsenal,Stephan Lichtsteiner,SUI,DF,34,1984,10.4,3,0,0,11,10,2,30,8,9,0,0,0,2018,misc,Arsenal
ENG-Premier League,2018/19,Bournemouth,Adam Smith,ENG,"DF,MF",27,1991,23.0,5,1,0,18,44,0,23,32,30,0,1,0,2018,misc,AFC Bournemouth
ENG-Premier League,2018/19,Bournemouth,Andrew Surman,ENG,MF,31,1986,16.0,2,0,0,8,6,0,2,10,7,0,0,0,2018,misc,AFC Bournemouth
ENG-Premier League,2018/19,Bournemouth,Artur Boruc,POL,GK,38,1980,12.0,2,0,0,0,0,0,0,0,0,0,0,0,2018,misc,AFC Bournemouth
ENG-Premier League,2018/19,Bournemouth,Asmir Begović,BIH,GK,31,1987,24.0,0,0,0,0,3,0,0,0,1,0,0,0,2018,misc,AFC Bournemouth
ENG-Premier League,2018/19,Bournemouth,Callum Wilson,ENG,FW,26,1992,28.1,3,0,0,42,32,20,20,6,8,3,0,0,2018,misc,AFC Bournemouth
ENG-Premier League,2018/19,Bournemouth,Charlie Daniels,ENG,"DF,MF",31,1986,17.6,4,0,0,8,7,0,27,22,14,0,0,0,2018,misc,AFC Bournemouth
ENG-Premier League,2018/19,Bournemouth,Chris Mepham,WAL,DF,20,1997,9.4,1,0,0,7,4,0,1,15,5,0,0,0,2018,misc,AFC Bournemouth
ENG-Premier League,2018/19,Bournemouth,Dan Gosling,ENG,MF,28,1990,19.3,8,0,0,29,24,2,6,22,24,0,0,0,2018,misc,AFC Bournemouth
ENG-Premier League,2018/19,Bournemouth,David Brooks,WAL,MF,21,1997,25.1,3,0,0,15,46,2,34,25,26,0,0,0,2018,misc,AFC Bournemouth
ENG-Premier League,2018/19,Bournemouth,Diego Rico,ESP,"DF,MF",25,1993,6.8,1,0,0,10,11,0,38,14,9,0,1,0,2018,misc,AFC Bournemouth
ENG-Premier League,2018/19,Bournemouth,Dominic Solanke,ENG,FW,20,1997,3.9,0,0,0,2,9,1,1,2,3,0,0,0,2018,misc,AFC Bournemouth
ENG-Premier League,2018/19,Bournemouth,Emerson Hyndman,USA,MF,22,1996,0.4,0,0,0,0,0,0,0,1,2,0,0,0,2018,misc,AFC Bournemouth
ENG-Premier League,2018/19,Bournemouth,Jack Simpson,ENG,DF,21,1996,4.5,0,0,0,3,1,0,0,10,5,0,1,1,2018,misc,AFC Bournemouth
ENG-Premier League,2018/19,Bournemouth,Jefferson Lerma,COL,MF,23,1994,27.8,12,0,0,44,51,3,4,55,33,1,0,1,2018,misc,AFC Bournemouth
ENG-Premier League,2018/19,Bournemouth,Jermain Defoe,ENG,FW,35,1982,0.3,0,0,0,0,0,0,0,0,0,0,0,0,2018,misc,AFC Bournemouth
ENG-Premier League,2018/19,Bournemouth,Jordon Ibe,ENG,MF,22,1995,8.9,1,0,0,8,10,0,27,4,6,0,0,0,2018,misc,AFC Bournemouth
ENG-Premier League,2018/19,Bournemouth,Joshua King,NOR,"FW,MF",26,1992,32.9,3,0,0,52,45,7,43,6,20,2,0,0,2018,misc,AFC Bournemouth
ENG-Premier League,2018/19,Bournemouth,Junior Stanislas,ENG,"MF,DF",28,1989,11.5,1,0,0,6,10,3,37,3,7,0,0,0,2018,misc,AFC Bournemouth
ENG-Premier League,2018/19,Bournemouth,Lewis Cook,ENG,MF,21,1997,8.0,2,0,0,12,5,0,10,7,7,0,0,0,2018,misc,AFC Bournemouth
ENG-Premier League,2018/19,Bournemouth,Lys Mousset,FRA,FW,22,1996,4.1,1,0,0,7,5,4,3,1,0,0,0,0,2018,misc,AFC Bournemouth
ENG-Premier League,2018/19,Bournemouth,Mark Travers,IRL,GK,19,1999,2.0,0,0,0,0,0,0,0,0,0,0,0,0,2018,misc,AFC Bournemouth
ENG-Premier League,2018/19,Bournemouth,Nathan Aké,NED,DF,23,1995,37.9,3,0,0,28,21,2,6,32,35,1,1,0,2018,misc,AFC Bournemouth
ENG-Premier League,2018/19,Bournemouth,Nathaniel Clyne,ENG,DF,27,1991,12.7,2,0,0,9,3,0,18,17,18,0,0,0,2018,misc,AFC Bournemouth
ENG-Premier League,2018/19,Bournemouth,Ryan Fraser,SCO,MF,24,1994,35.2,2,0,0,6,67,10,274,23,15,1,0,0,2018,misc,AFC Bournemouth
ENG-Premier League,2018/19,Bournemouth,Sam Surridge,ENG,FW,20,1998,0.1,0,0,0,0,1,0,0,0,0,0,0,0,2018,misc,AFC Bournemouth
ENG-Premier League,2018/19,Bournemouth,Simon Francis,ENG,DF,33,1985,13.7,1,0,0,10,8,3,32,19,13,0,0,0,2018,misc,AFC Bournemouth
ENG-Premier League,2018/19,Bournemouth,Steve Cook,ENG,DF,27,1991,31.0,3,0,0,18,27,1,12,50,19,0,1,1,2018,misc,AFC Bournemouth
ENG-Premier League,2018/19,Bournemouth,Tyrone Mings,ENG,DF,25,1993,1.6,0,0,0,0,1,0,1,7,3,0,0,0,2018,misc,AFC Bournemouth
ENG-Premier League,2018/19,Brighton,Alireza Jahanbakhsh,IRN,"MF,FW",24,1993,11.3,2,0,0,19,8,6,23,11,19,0,1,0,2018,misc,Brighton & Hove Albion
ENG-Premier League,2018/19,Brighton,Anthony Knockaert,FRA,"MF,FW",26,1991,20.4,4,1,0,23,20,3,107,29,21,0,0,0,2018,misc,Brighton & Hove Albion
ENG-Premier League,2018/19,Brighton,Beram Kayal,ISR,MF,30,1988,10.4,4,0,0,18,7,0,10,16,17,0,1,0,2018,misc,Brighton & Hove Albion
ENG-Premier League,2018/19,Brighton,Bernardo,BRA,DF,23,1995,19.5,4,0,0,18,24,2,32,33,43,0,0,0,2018,misc,Brighton & Hove Albion
ENG-Premier League,2018/19,Brighton,Bruno,ESP,DF,37,1980,12.6,2,0,0,4,9,3,17,10,17,0,0,0,2018,misc,Brighton & Hove Albion
ENG-Premier League,2018/19,Brighton,Dale Stephens,ENG,MF,29,1989,27.6,6,1,0,44,10,0,2,49,61,0,0,0,2018,misc,Brighton & Hove Albion
ENG-Premier League,2018/19,Brighton,David Button,ENG,GK,29,1989,4.0,0,0,0,0,0,0,0,0,0,0,0,0,2018,misc,Brighton & Hove Albion
ENG-Premier League,2018/19,Brighton,Davy Pröpper,NED,MF,26,1991,28.3,2,0,0,34,19,2,19,52,29,0,1,0,2018,misc,Brighton & Hove Albion
ENG-Premier League,2018/19,Brighton,Florin Andone,ROU,FW,25,1993,9.8,5,0,0,28,20,4,5,5,5,0,0,0,2018,misc,Brighton & Hove Albion
ENG-Premier League,2018/19,Brighton,Gaëtan Bong,CMR,DF,30,1988,20.1,0,0,0,11,4,0,57,24,12,0,2,0,2018,misc,Brighton & Hove Albion
ENG-Premier League,2018/19,Brighton,Glenn Murray,ENG,FW,34,1983,27.9,5,0,0,80,54,38,8,2,9,1,1,0,2018,misc,Brighton & Hove Albion
ENG-Premier League,2018/19,Brighton,José Izquierdo,COL,"MF,FW",26,1992,8.8,1,0,0,6,6,4,7,5,9,1,0,0,2018,misc,Brighton & Hove Albion
ENG-Premier League,2018/19,Brighton,Jürgen Locadia,CUW,"MF,FW",24,1993,13.7,1,0,0,22,11,11,12,9,10,0,0,0,2018,misc,Brighton & Hove Albion
ENG-Premier League,2018/19,Brighton,Leon Balogun,NGA,DF,30,1988,6.6,2,0,0,5,2,1,0,15,6,0,1,0,2018,misc,Brighton & Hove Albion
ENG-Premier League,2018/19,Brighton,Lewis Dunk,ENG,DF,26,1991,35.0,7,2,1,22,15,0,2,51,27,0,0,0,2018,misc,Brighton & Hove Albion
ENG-Premier League,2018/19,Brighton,Martín Montoya,ESP,DF,27,1991,24.1,4,0,0,29,17,0,37,49,32,0,0,0,2018,misc,Brighton & Hove Albion
ENG-Premier League,2018/19,Brighton,Mathew Ryan,AUS,GK,26,1992,34.0,2,0,0,1,3,0,0,0,0,0,1,0,2018,misc,Brighton & Hove Albion
ENG-Premier League,2018/19,Brighton,Pascal Groß,GER,MF,27,1991,20.7,1,0,0,12,14,5,141,15,11,1,1,0,2018,misc,Brighton & Hove Albion
ENG-Premier League,2018/19,Brighton,Shane Duffy,IRL,DF,26,1992,34.3,4,1,0,23,10,4,2,36,22,1,2,0,2018,misc,Brighton & Hove Albion
ENG-Premier League,2018/19,Brighton,Solly March,ENG,"MF,FW",24,1994,27.4,1,0,0,29,30,7,153,28,28,1,0,0,2018,misc,Brighton & Hove Albion
ENG-Premier League,2018/19,Brighton,Yves Bissouma,MLI,MF,21,1996,19.7,5,0,0,40,25,2,8,31,29,0,0,0,2018,misc,Brighton & Hove Albion
ENG-Premier League,2018/19,Burnley,Aaron Lennon,ENG,MF,31,1987,13.5,1,0,0,12,16,0,24,8,17,0,1,0,2018,misc,Burnley
ENG-Premier League,2018/19,Burnley,Ashley Barnes,ENG,FW,28,1989,26.5,8,0,0,53,65,23,6,3,18,1,0,1,2018,misc,Burnley
ENG-Premier League,2018/19,Burnley,Ashley Westwood,ENG,MF,28,1990,31.4,5,0,0,30,22,1,88,46,34,0,0,0,2018,misc,Burnley
ENG-Premier League,2018/19,Burnley,Ben Gibson,ENG,DF,25,1993,0.7,1,0,0,2,0,0,0,0,1,0,0,0,2018,misc,Burnley
ENG-Premier League,2018/19,Burnley,Ben Mee,ENG,DF,28,1989,38.0,9,0,0,28,20,0,4,44,26,0,2,2,2018,misc,Burnley
ENG-Premier League,2018/19,Burnley,Charlie Taylor,ENG,DF,24,1993,36.0,2,0,0,15,48,1,119,35,29,0,0,0,2018,misc,Burnley
ENG-Premier League,2018/19,Burnley,Chris Wood,NZL,FW,26,1991,28.8,2,0,0,28,24,53,13,3,9,0,0,0,2018,misc,Burnley
ENG-Premier League,2018/19,Burnley,Dwight McNeil,ENG,MF,18,1999,17.7,2,0,0,15,10,1,118,14,23,0,0,0,2018,misc,Burnley
ENG-Premier League,2018/19,Burnley,Jack Cork,ENG,MF,29,1989,36.8,6,0,0,32,37,4,14,29,28,0,0,0,2018,misc,Burnley
ENG-Premier League,2018/19,Burnley,James Tarkowski,ENG,DF,25,1992,34.3,8,0,0,35,32,4,6,40,38,0,0,0,2018,misc,Burnley
ENG-Premier League,2018/19,Burnley,Jeff Hendrick,IRL,MF,26,1992,22.9,4,0,0,18,13,9,24,13,14,0,1,0,2018,misc,Burnley
ENG-Premier League,2018/19,Burnley,Joe Hart,ENG,GK,31,1987,19.0,0,0,0,0,0,0,0,0,0,0,0,0,2018,misc,Burnley
ENG-Premier League,2018/19,Burnley,Jóhann Berg Guðmundsson,ISL,MF,27,1990,19.5,2,0,0,10,22,2,118,31,11,0,0,0,2018,misc,Burnley
ENG-Premier League,2018/19,Burnley,Kevin Long,IRL,DF,27,1990,5.7,0,0,0,3,5,0,0,6,10,0,0,0,2018,misc,Burnley
ENG-Premier League,2018/19,Burnley,Matthew Lowton,ENG,DF,29,1989,19.4,7,0,0,22,12,0,59,26,33,0,0,0,2018,misc,Burnley
ENG-Premier League,2018/19,Burnley,Matěj Vydra,CZE,MF,26,1992,3.5,1,0,0,7,1,2,1,1,2,0,0,0,2018,misc,Burnley
ENG-Premier League,2018/19,Burnley,Peter Crouch,ENG,FW,37,1981,1.0,1,0,0,3,0,0,0,0,1,0,0,0,2018,misc,Burnley
ENG-Premier League,2018/19,Burnley,Phil Bardsley,SCO,DF,33,1985,18.6,9,0,0,22,11,0,37,27,19,0,0,1,2018,misc,Burnley
ENG-Premier League,2018/19,Burnley,Robbie Brady,IRL,MF,26,1992,8.0,3,1,0,12,4,0,53,8,7,0,0,0,2018,misc,Burnley
ENG-Premier League,2018/19,Burnley,Sam Vokes,WAL,FW,28,1989,10.2,0,0,0,14,9,8,1,0,2,0,0,0,2018,misc,Burnley
ENG-Premier League,2018/19,Burnley,Stephen Ward,IRL,DF,32,1985,2.5,1,0,0,2,3,0,8,3,3,0,0,0,2018,misc,Burnley
ENG-Premier League,2018/19,Burnley,Steven Defour,BEL,MF,30,1988,5.0,0,0,0,1,2,0,4,7,4,0,0,0,2018,misc,Burnley
ENG-Premier League,2018/19,Burnley,Tom Heaton,ENG,GK,32,1986,19.0,3,0,0,1,2,0,0,0,1,0,1,0,2018,misc,Burnley
ENG-Premier League,2018/19,Cardiff City,Aron Gunnarsson,ISL,MF,29,1989,25.2,5,0,0,27,30,0,13,38,28,0,0,0,2018,misc,Cardiff City
ENG-Premier League,2018/19,Cardiff City,Bobby De Cordova-Reid,JAM,"MF,FW",25,1993,15.8,0,0,0,6,27,11,7,4,9,0,0,0,2018,misc,Cardiff City
ENG-Premier League,2018/19,Cardiff City,Bruno Ecuele Manga,GAB,DF,30,1988,37.5,0,0,0,15,11,1,20,79,37,0,2,0,2018,misc,Cardiff City
ENG-Premier League,2018/19,Cardiff City,Callum Paterson,SCO,"FW,MF",23,1994,22.2,4,0,0,42,30,12,24,8,15,0,0,0,2018,misc,Cardiff City
ENG-Premier League,2018/19,Cardiff City,Danny Ward,ENG,FW,26,1991,4.9,0,0,0,2,7,3,3,1,1,0,0,0,2018,misc,Cardiff City
ENG-Premier League,2018/19,Cardiff City,Gary Madine,ENG,FW,27,1990,0.4,0,0,0,2,1,0,0,0,1,0,0,0,2018,misc,Cardiff City
ENG-Premier League,2018/19,Cardiff City,Greg Cunningham,IRL,DF,27,1991,7.0,3,0,0,8,13,0,7,14,9,0,0,0,2018,misc,Cardiff City
ENG-Premier League,2018/19,Cardiff City,Harry Arter,IRL,MF,28,1989,22.2,10,0,0,25,14,2,17,21,37,0,0,0,2018,misc,Cardiff City
ENG-Premier League,2018/19,Cardiff City,Jazz Richards,WAL,"DF,MF",27,1991,1.5,0,0,0,0,0,0,0,2,0,0,0,0,2018,misc,Cardiff City
ENG-Premier League,2018/19,Cardiff City,Joe Bennett,ENG,DF,28,1990,29.3,5,0,0,21,35,1,43,57,31,0,1,0,2018,misc,Cardiff City
ENG-Premier League,2018/19,Cardiff City,Joe Ralls,ENG,MF,24,1993,21.8,4,1,0,29,11,1,79,27,24,0,0,0,2018,misc,Cardiff City
ENG-Premier League,2018/19,Cardiff City,Josh Murphy,ENG,"MF,FW",23,1995,20.2,2,0,0,14,54,11,74,12,15,0,0,0,2018,misc,Cardiff City
ENG-Premier League,2018/19,Cardiff City,Junior Hoilett,CAN,MF,28,1990,23.8,4,0,0,35,38,8,84,29,25,1,0,0,2018,misc,Cardiff City
ENG-Premier League,2018/19,Cardiff City,Kadeem Harris,ENG,MF,25,1993,4.2,1,0,0,4,5,1,15,3,6,0,0,0,2018,misc,Cardiff City
ENG-Premier League,2018/19,Cardiff City,Kenneth Zohore,DEN,FW,24,1994,8.4,1,0,0,14,20,4,8,2,3,0,0,0,2018,misc,Cardiff City
ENG-Premier League,2018/19,Cardiff City,Leandro Bacuna,CUW,MF,26,1991,6.2,2,0,0,13,3,0,7,13,9,0,0,0,2018,misc,Cardiff City
ENG-Premier League,2018/19,Cardiff City,Lee Peltier,ENG,DF,31,1986,17.2,4,0,0,15,6,0,6,17,25,0,0,0,2018,misc,Cardiff City
ENG-Premier League,2018/19,Cardiff City,Loïc Damour,FRA,MF,27,1991,0.3,0,0,0,0,0,0,0,0,0,0,0,0,2018,misc,Cardiff City
ENG-Premier League,2018/19,Cardiff City,Nathaniel Mendez-Laing,GUA,MF,26,1992,10.9,0,0,0,7,3,3,26,11,27,1,0,0,2018,misc,Cardiff City
ENG-Premier League,2018/19,Cardiff City,Neil Etheridge,PHI,GK,28,1990,38.0,2,0,0,0,5,0,0,6,2,0,0,0,2018,misc,Cardiff City
ENG-Premier League,2018/19,Cardiff City,Oumar Niasse,SEN,FW,28,1990,10.3,0,0,0,8,17,9,5,2,2,0,0,0,2018,misc,Cardiff City
ENG-Premier League,2018/19,Cardiff City,Rhys Healey,WAL,FW,23,1994,0.6,0,0,0,1,1,0,3,0,0,0,0,0,2018,misc,Cardiff City
ENG-Premier League,2018/19,Cardiff City,Sean Morrison,ENG,DF,27,1991,33.8,6,0,0,32,21,9,5,54,18,0,3,0,2018,misc,Cardiff City
ENG-Premier League,2018/19,Cardiff City,Sol Bamba,CIV,DF,33,1985,27.5,7,0,0,35,13,3,1,84,43,0,2,0,2018,misc,Cardiff City
ENG-Premier League,2018/19,Cardiff City,Víctor Camarasa,ESP,MF,24,1994,28.5,6,0,0,25,29,1,123,33,17,0,0,0,2018,misc,Cardiff City
ENG-Premier League,2018/19,Chelsea,Andreas Christensen,DEN,DF,22,1996,6.9,1,0,0,8,4,0,0,4,5,0,0,0,2018,misc,Chelsea
ENG-Premier League,2018/19,Chelsea,Antonio Rüdiger,GER,DF,25,1993,31.9,7,0,0,29,15,1,1,29,17,0,0,0,2018,misc,Chelsea
ENG-Premier League,2018/19,Chelsea,Callum Hudson-Odoi,ENG,FW,17,2000,4.4,0,0,0,1,6,3,22,3,6,0,0,0,2018,misc,Chelsea
ENG-Premier League,2018/19,Chelsea,Cesc Fàbregas,ESP,MF,31,1987,2.0,1,0,0,1,3,0,1,1,4,0,0,0,2018,misc,Chelsea
ENG-Premier League,2018/19,Chelsea,César Azpilicueta,ESP,DF,28,1989,37.8,4,0,0,40,15,2,119,44,65,1,1,0,2018,misc,Chelsea
ENG-Premier League,2018/19,Chelsea,David Luiz,BRA,DF,31,1987,36.0,3,0,0,34,29,0,6,36,32,0,0,0,2018,misc,Chelsea
ENG-Premier League,2018/19,Chelsea,Davide Zappacosta,ITA,DF,26,1992,1.4,0,0,0,2,1,0,1,3,1,0,0,0,2018,misc,Chelsea
ENG-Premier League,2018/19,Chelsea,Eden Hazard,BEL,FW,27,1991,32.5,2,0,0,12,104,11,145,10,9,1,0,0,2018,misc,Chelsea
ENG-Premier League,2018/19,Chelsea,Emerson Palmieri,ITA,DF,23,1994,7.4,0,0,0,8,6,0,28,6,10,0,0,0,2018,misc,Chelsea
ENG-Premier League,2018/19,Chelsea,Gary Cahill,ENG,DF,32,1985,0.3,0,0,0,0,0,0,0,0,0,0,0,0,2018,misc,Chelsea
ENG-Premier League,2018/19,Chelsea,Gonzalo Higuaín,ARG,FW,30,1987,12.1,0,0,0,6,2,11,2,1,7,0,0,0,2018,misc,Chelsea
ENG-Premier League,2018/19,Chelsea,Jorginho,ITA,MF,26,1991,35.1,8,0,0,33,22,0,2,67,42,0,0,0,2018,misc,Chelsea
ENG-Premier League,2018/19,Chelsea,Kepa Arrizabalaga,ESP,GK,23,1994,36.0,2,0,0,0,4,0,0,0,1,0,0,0,2018,misc,Chelsea
ENG-Premier League,2018/19,Chelsea,Marcos Alonso,ESP,DF,27,1990,30.7,6,0,0,28,37,2,98,38,46,2,1,0,2018,misc,Chelsea
ENG-Premier League,2018/19,Chelsea,Mateo Kovačić,CRO,MF,24,1994,19.3,3,0,0,19,33,0,8,9,27,0,0,0,2018,misc,Chelsea
ENG-Premier League,2018/19,Chelsea,N'Golo Kanté,FRA,MF,27,1991,34.4,3,0,0,35,15,6,19,45,42,0,0,0,2018,misc,Chelsea
ENG-Premier League,2018/19,Chelsea,Olivier Giroud,FRA,FW,31,1986,9.4,1,0,0,12,6,6,1,3,2,0,0,0,2018,misc,Chelsea
ENG-Premier League,2018/19,Chelsea,Pedro,ESP,FW,31,1987,19.8,2,0,0,17,26,8,61,17,15,0,0,0,2018,misc,Chelsea
ENG-Premier League,2018/19,Chelsea,Ross Barkley,ENG,MF,24,1993,13.8,1,0,0,14,27,0,6,9,11,0,0,0,2018,misc,Chelsea
ENG-Premier League,2018/19,Chelsea,Ruben Loftus-Cheek,ENG,MF,22,1996,11.1,0,0,0,10,23,2,2,13,13,0,0,0,2018,misc,Chelsea
ENG-Premier League,2018/19,Chelsea,Victor Moses,NGA,"FW,MF",27,1990,0.3,0,0,0,1,1,0,0,0,0,0,0,0,2018,misc,Chelsea
ENG-Premier League,2018/19,Chelsea,Willian,BRA,FW,29,1988,23.3,2,0,0,12,31,11,170,14,20,1,0,0,2018,misc,Chelsea
ENG-Premier League,2018/19,Chelsea,Willy Caballero,ARG,GK,36,1981,2.0,0,0,0,0,0,0,0,0,0,0,0,0,2018,misc,Chelsea
ENG-Premier League,2018/19,Chelsea,Álvaro Morata,ESP,FW,25,1992,10.5,3,0,0,19,16,20,3,0,5,0,0,0,2018,misc,Chelsea
ENG-Premier League,2018/19,Crystal Palace,Aaron Wan-Bissaka,COD,DF,20,1997,34.8,4,1,0,23,16,3,56,86,90,0,1,0,2018,misc,Crystal Palace
ENG-Premier League,2018/19,Crystal Palace,Alexander Sørloth,NOR,FW,22,1995,2.1,0,0,0,4,2,0,1,0,1,0,1,0,2018,misc,Crystal Palace
ENG-Premier League,2018/19,Crystal Palace,Andros Townsend,ENG,"FW,MF",27,1991,33.4,1,0,0,10,57,9,163,37,34,1,0,0,2018,misc,Crystal Palace
ENG-Premier League,2018/19,Crystal Palace,Bakary Sako,MLI,"FW,MF",30,1988,0.3,0,0,0,1,0,1,3,0,1,0,0,0,2018,misc,Crystal Palace
ENG-Premier League,2018/19,Crystal Palace,Cheikhou Kouyaté,SEN,MF,28,1989,21.1,3,0,0,35,17,4,8,17,32,1,0,0,2018,misc,Crystal Palace
ENG-Premier League,2018/19,Crystal Palace,Christian Benteke,BEL,FW,27,1990,9.0,1,0,0,18,9,10,1,0,1,0,0,0,2018,misc,Crystal Palace
ENG-Premier League,2018/19,Crystal Palace,Connor Wickham,ENG,"FW,MF",25,1993,0.7,0,0,0,3,0,0,1,0,0,0,0,0,2018,misc,Crystal Palace
ENG-Premier League,2018/19,Crystal Palace,James McArthur,SCO,MF,30,1987,34.0,7,0,0,61,39,2,16,43,50,0,1,0,2018,misc,Crystal Palace
ENG-Premier League,2018/19,Crystal Palace,James Tomkins,ENG,DF,29,1989,28.4,5,0,0,16,12,2,1,39,23,0,0,0,2018,misc,Crystal Palace
ENG-Premier League,2018/19,Crystal Palace,Jason Puncheon,ENG,MF,32,1986,0.1,0,0,0,3,0,0,0,0,1,0,0,0,2018,misc,Crystal Palace
ENG-Premier League,2018/19,Crystal Palace,Jeffrey Schlupp,GHA,MF,25,1992,18.6,1,0,0,25,14,0,18,22,22,1,0,0,2018,misc,Crystal Palace
ENG-Premier League,2018/19,Crystal Palace,Joel Ward,ENG,DF,28,1989,6.1,1,0,0,8,6,1,8,10,8,0,0,0,2018,misc,Crystal Palace
ENG-Premier League,2018/19,Crystal Palace,Jordan Ayew,GHA,FW,26,1991,13.1,3,0,0,32,25,9,15,7,24,0,0,0,2018,misc,Crystal Palace
ENG-Premier League,2018/19,Crystal Palace,Julián Speroni,ARG,GK,39,1979,1.0,0,0,0,0,0,0,0,0,0,0,0,0,2018,misc,Crystal Palace
ENG-Premier League,2018/19,Crystal Palace,Luka Milivojević,SRB,MF,27,1991,38.0,10,0,0,60,39,0,183,72,70,0,0,0,2018,misc,Crystal Palace
ENG-Premier League,2018/19,Crystal Palace,Luke Dreher,ENG,MF,19,1998,0.0,0,0,0,0,0,0,0,0,0,0,0,0,2018,misc,Crystal Palace
ENG-Premier League,2018/19,Crystal Palace,Mamadou Sakho,FRA,DF,28,1990,26.8,2,0,0,6,13,0,0,42,16,0,2,0,2018,misc,Crystal Palace
ENG-Premier League,2018/19,Crystal Palace,Martin Kelly,ENG,DF,28,1990,12.3,2,0,0,6,1,0,3,11,13,0,0,1,2018,misc,Crystal Palace
ENG-Premier League,2018/19,Crystal Palace,Max Meyer,GER,MF,22,1995,15.7,3,0,0,10,18,1,25,17,20,1,0,0,2018,misc,Crystal Palace
ENG-Premier League,2018/19,Crystal Palace,Michy Batshuayi,BEL,FW,24,1993,8.3,0,0,0,7,2,13,1,3,2,0,0,0,2018,misc,Crystal Palace
ENG-Premier League,2018/19,Crystal Palace,Pape Souaré,SEN,DF,28,1990,0.0,0,0,0,0,1,0,0,0,0,0,0,0,2018,misc,Crystal Palace
ENG-Premier League,2018/19,Crystal Palace,Patrick van Aanholt,NED,DF,27,1990,35.5,3,0,0,12,14,11,42,42,27,0,0,0,2018,misc,Crystal Palace
ENG-Premier League,2018/19,Crystal Palace,Scott Dann,ENG,DF,31,1987,7.4,1,0,0,4,0,0,0,5,2,0,0,0,2018,misc,Crystal Palace
ENG-Premier League,2018/19,Crystal Palace,Vicente Guaita,ESP,GK,31,1987,19.5,2,0,0,1,6,0,0,0,0,0,1,0,2018,misc,Crystal Palace
ENG-Premier League,2018/19,Crystal Palace,Wayne Hennessey,WAL,GK,31,1987,17.5,0,0,0,0,1,0,0,0,0,0,0,0,2018,misc,Crystal Palace
ENG-Premier League,2018/19,Crystal Palace,Wilfried Zaha,CIV,"FW,MF",25,1992,33.7,10,2,1,45,102,16,37,9,19,6,0,0,2018,misc,Crystal Palace
ENG-Premier League,2018/19,Everton,Ademola Lookman,NGA,MF,20,1997,6.9,0,0,0,8,22,2,16,8,8,0,0,0,2018,misc,Everton
ENG-Premier League,2018/19,Everton,André Gomes,POR,MF,25,1993,22.0,7,0,0,49,27,0,16,20,25,0,0,0,2018,misc,Everton
ENG-Premier League,2018/19,Everton,Bernard,BRA,MF,25,1992,23.5,5,0,0,17,27,2,51,27,29,0,0,0,2018,misc,Everton
ENG-Premier League,2018/19,Everton,Cenk Tosun,TUR,FW,27,1991,11.8,3,0,0,17,16,10,4,5,9,0,0,0,2018,misc,Everton
ENG-Premier League,2018/19,Everton,Dominic Calvert-Lewin,ENG,"FW,MF",21,1997,19.8,3,0,0,34,32,6,6,7,9,1,0,0,2018,misc,Everton
ENG-Premier League,2018/19,Everton,Gylfi Sigurðsson,ISL,MF,28,1989,34.6,3,0,0,33,39,3,196,29,34,0,0,0,2018,misc,Everton
ENG-Premier League,2018/19,Everton,Idrissa Gueye,SEN,MF,28,1989,31.4,6,0,0,54,38,0,14,74,85,0,1,0,2018,misc,Everton
ENG-Premier League,2018/19,Everton,James McCarthy,IRL,MF,27,1990,0.2,0,0,0,0,0,0,0,1,1,0,0,0,2018,misc,Everton
ENG-Premier League,2018/19,Everton,Jonjoe Kenny,ENG,DF,21,1997,8.8,1,0,0,10,1,0,17,16,15,0,0,0,2018,misc,Everton
ENG-Premier League,2018/19,Everton,Jordan Pickford,ENG,GK,24,1994,38.0,1,0,0,1,3,0,0,0,0,0,1,0,2018,misc,Everton
ENG-Premier League,2018/19,Everton,Kurt Zouma,FRA,DF,23,1994,29.0,5,2,1,21,16,2,2,50,20,0,0,0,2018,misc,Everton
ENG-Premier League,2018/19,Everton,Leighton Baines,ENG,DF,33,1984,4.2,0,0,0,2,1,1,18,4,6,0,2,0,2018,misc,Everton
ENG-Premier League,2018/19,Everton,Lucas Digne,FRA,DF,25,1993,32.9,5,1,0,39,33,2,282,58,47,0,0,1,2018,misc,Everton
ENG-Premier League,2018/19,Everton,Mason Holgate,JAM,DF,21,1996,4.5,1,0,0,2,7,1,0,3,4,0,0,0,2018,misc,Everton
ENG-Premier League,2018/19,Everton,Michael Keane,ENG,DF,25,1993,33.0,2,0,0,23,7,0,4,47,26,0,0,0,2018,misc,Everton
ENG-Premier League,2018/19,Everton,Morgan Schneiderlin,FRA,MF,28,1989,9.3,2,0,0,21,8,0,2,15,16,0,0,0,2018,misc,Everton
ENG-Premier League,2018/19,Everton,Oumar Niasse,SEN,"FW,MF",28,1990,0.7,0,0,0,3,1,1,1,0,0,0,0,0,2018,misc,Everton
ENG-Premier League,2018/19,Everton,Phil Jagielka,ENG,DF,35,1982,3.7,0,1,0,2,3,0,0,2,4,0,0,0,2018,misc,Everton
ENG-Premier League,2018/19,Everton,Richarlison,BRA,"MF,FW",21,1997,29.6,5,1,0,33,73,17,48,15,32,2,0,0,2018,misc,Everton
ENG-Premier League,2018/19,Everton,Séamus Coleman,IRL,DF,29,1988,28.4,1,0,0,22,20,3,81,27,24,0,1,1,2018,misc,Everton
ENG-Premier League,2018/19,Everton,Theo Walcott,ENG,MF,29,1989,23.5,1,0,0,11,26,19,53,23,18,0,0,0,2018,misc,Everton
ENG-Premier League,2018/19,Everton,Tom Davies,ENG,MF,20,1998,10.9,3,0,0,21,17,1,6,17,17,0,0,0,2018,misc,Everton
ENG-Premier League,2018/19,Everton,Yerry Mina,COL,DF,23,1994,9.9,3,0,0,13,5,1,0,7,8,1,0,0,2018,misc,Everton
ENG-Premier League,2018/19,Fulham,Aboubakar Kamara,MTN,"MF,FW",23,1995,7.7,2,0,0,24,4,7,18,1,5,1,0,0,2018,misc,Fulham
ENG-Premier League,2018/19,Fulham,Aleksandar Mitrović,SRB,FW,23,1994,36.4,7,0,0,61,59,34,7,8,11,1,1,0,2018,misc,Fulham
ENG-Premier League,2018/19,Fulham,Alfie Mawson,ENG,DF,24,1994,12.6,2,0,0,6,5,0,3,19,8,0,0,0,2018,misc,Fulham
ENG-Premier League,2018/19,Fulham,André Schürrle,GER,"FW,MF",27,1990,18.2,2,0,0,17,19,11,41,8,19,0,0,0,2018,misc,Fulham
ENG-Premier League,2018/19,Fulham,Calum Chambers,ENG,"MF,DF",23,1995,28.8,9,0,0,35,4,0,14,70,37,0,0,0,2018,misc,Fulham
ENG-Premier League,2018/19,Fulham,Cyrus Christie,IRL,"MF,DF",25,1992,21.6,7,0,0,29,13,2,91,29,24,0,1,0,2018,misc,Fulham
ENG-Premier League,2018/19,Fulham,Denis Odoi,GHA,DF,30,1988,28.8,4,0,0,37,31,0,13,38,32,0,1,1,2018,misc,Fulham
ENG-Premier League,2018/19,Fulham,Fabricio,ESP,GK,30,1987,2.0,0,0,0,0,1,0,0,0,1,0,0,0,2018,misc,Fulham
ENG-Premier League,2018/19,Fulham,Floyd Ayité,TOG,"MF,FW",29,1988,5.3,0,0,0,6,7,4,7,7,6,0,0,0,2018,misc,Fulham
ENG-Premier League,2018/19,Fulham,Frank Anguissa,CMR,MF,22,1995,16.9,2,1,1,24,18,2,2,30,29,0,0,0,2018,misc,Fulham
ENG-Premier League,2018/19,Fulham,Harvey Elliott,ENG,"FW,MF",15,2003,0.2,0,0,0,0,0,0,0,0,0,0,0,0,2018,misc,Fulham
ENG-Premier League,2018/19,Fulham,Håvard Nordtveit,NOR,DF,28,1990,4.0,0,0,0,5,2,0,0,6,4,0,0,0,2018,misc,Fulham
ENG-Premier League,2018/19,Fulham,Ibrahima Cissé,GUI,MF,24,1994,1.0,0,0,0,1,0,0,0,3,0,0,0,0,2018,misc,Fulham
ENG-Premier League,2018/19,Fulham,Jean Seri,CIV,MF,27,1991,24.9,6,0,0,33,23,1,108,33,32,0,0,0,2018,misc,Fulham
ENG-Premier League,2018/19,Fulham,Joe Bryan,ENG,"DF,MF",24,1993,26.1,5,0,0,25,28,2,117,30,41,0,0,0,2018,misc,Fulham
ENG-Premier League,2018/19,Fulham,Kevin McDonald,SCO,MF,29,1988,9.3,5,1,1,12,6,0,3,11,11,0,0,0,2018,misc,Fulham
ENG-Premier League,2018/19,Fulham,Lazar Marković,SRB,"FW,MF",24,1994,0.5,0,0,0,1,0,0,0,1,0,0,0,0,2018,misc,Fulham
ENG-Premier League,2018/19,Fulham,Luciano Vietto,ARG,"FW,MF",24,1993,11.0,1,0,0,13,19,0,19,6,13,0,1,0,2018,misc,Fulham
ENG-Premier League,2018/19,Fulham,Marcus Bettinelli,ENG,GK,26,1992,7.0,1,0,0,0,1,0,0,0,0,0,0,0,2018,misc,Fulham
ENG-Premier League,2018/19,Fulham,Maxime Le Marchand,FRA,DF,28,1989,25.0,5,0,0,28,7,3,17,55,38,0,1,0,2018,misc,Fulham
ENG-Premier League,2018/19,Fulham,Neeskens Kebano,COD,"FW,MF",26,1992,1.2,0,0,0,0,1,0,2,0,1,0,0,0,2018,misc,Fulham
ENG-Premier League,2018/19,Fulham,Ryan Babel,NED,"FW,MF",31,1986,13.9,3,0,0,15,16,9,38,5,7,0,0,0,2018,misc,Fulham
ENG-Premier League,2018/19,Fulham,Ryan Sessegnon,ENG,"MF,FW",18,2000,25.6,0,0,0,20,22,16,68,17,16,0,0,0,2018,misc,Fulham
ENG-Premier League,2018/19,Fulham,Sergio Rico,ESP,GK,24,1993,29.0,1,0,0,1,5,0,0,1,1,0,1,0,2018,misc,Fulham
ENG-Premier League,2018/19,Fulham,Stefan Johansen,NOR,MF,27,1991,4.6,4,0,0,6,2,0,10,3,4,0,0,0,2018,misc,Fulham
ENG-Premier League,2018/19,Fulham,Tim Ream,USA,DF,30,1987,22.7,1,0,0,11,9,0,1,23,14,0,0,0,2018,misc,Fulham
ENG-Premier League,2018/19,Fulham,Timothy Fosu-Mensah,NED,DF,20,1998,8.8,3,0,0,7,1,0,15,12,8,0,1,1,2018,misc,Fulham
ENG-Premier League,2018/19,Fulham,Tom Cairney,SCO,"MF,FW",27,1991,24.4,0,0,0,11,40,0,27,10,22,0,0,0,2018,misc,Fulham
ENG-Premier League,2018/19,Huddersfield,Aaron Mooy,AUS,MF,27,1990,25.9,4,0,0,26,15,1,139,16,44,0,0,0,2018,misc,Huddersfield Town
ENG-Premier League,2018/19,Huddersfield,Aaron Rowe,ENG,MF,17,2000,0.8,0,0,0,2,0,0,0,1,0,0,1,0,2018,misc,Huddersfield Town
ENG-Premier League,2018/19,Huddersfield,Abdelhamid Sabiri,MAR,FW,21,1996,0.5,0,0,0,0,1,0,0,1,1,0,0,0,2018,misc,Huddersfield Town
ENG-Premier League,2018/19,Huddersfield,Adama Diakhaby,FRA,"FW,MF",22,1996,6.1,1,0,0,7,9,2,14,1,3,0,0,0,2018,misc,Huddersfield Town
ENG-Premier League,2018/19,Huddersfield,Alex Pritchard,ENG,"FW,MF",25,1993,23.1,2,0,0,14,51,7,79,17,24,0,0,0,2018,misc,Huddersfield Town
ENG-Premier League,2018/19,Huddersfield,Ben Hamer,ENG,GK,30,1987,6.1,0,0,0,0,1,0,0,1,0,0,0,0,2018,misc,Huddersfield Town
ENG-Premier League,2018/19,Huddersfield,Chris Löwe,GER,"MF,DF",29,1989,22.9,2,0,0,14,13,2,140,19,19,0,1,0,2018,misc,Huddersfield Town
ENG-Premier League,2018/19,Huddersfield,Christopher Schindler,GER,DF,28,1990,36.2,6,2,1,26,20,0,0,67,39,0,1,0,2018,misc,Huddersfield Town
ENG-Premier League,2018/19,Huddersfield,Collin Quaner,GER,FW,27,1991,0.4,0,0,0,2,0,1,0,0,0,0,0,0,2018,misc,Huddersfield Town
ENG-Premier League,2018/19,Huddersfield,Danny Williams,USA,MF,29,1989,1.1,1,0,0,3,1,0,0,1,0,0,0,0,2018,misc,Huddersfield Town
ENG-Premier League,2018/19,Huddersfield,Demeaco Duhaney,ENG,DF,19,1998,0.5,0,0,0,0,2,0,2,0,0,0,0,0,2018,misc,Huddersfield Town
ENG-Premier League,2018/19,Huddersfield,Elias Kachunga,COD,"MF,FW",26,1992,13.1,2,0,0,24,21,9,15,4,9,0,1,0,2018,misc,Huddersfield Town
ENG-Premier League,2018/19,Huddersfield,Erik Durm,GER,"DF,MF",26,1992,22.8,0,0,0,13,22,1,67,38,21,0,0,0,2018,misc,Huddersfield Town
ENG-Premier League,2018/19,Huddersfield,Florent Hadergjonaj,KVX,"MF,DF",24,1994,20.5,1,0,0,12,19,2,91,22,18,0,1,0,2018,misc,Huddersfield Town
ENG-Premier League,2018/19,Huddersfield,Isaac Mbenza,BEL,"MF,FW",22,1996,11.0,1,0,0,9,6,6,34,6,8,0,0,0,2018,misc,Huddersfield Town
ENG-Premier League,2018/19,Huddersfield,Jason Puncheon,ENG,"MF,FW",32,1986,4.2,1,0,0,9,2,1,9,4,4,0,0,0,2018,misc,Huddersfield Town
ENG-Premier League,2018/19,Huddersfield,Joel Coleman,ENG,GK,22,1995,1.0,0,0,0,0,0,0,0,0,0,0,0,0,2018,misc,Huddersfield Town
ENG-Premier League,2018/19,Huddersfield,Jon Gorenc Stanković,SVN,"MF,DF",22,1996,7.9,2,0,0,9,12,0,0,11,19,0,0,0,2018,misc,Huddersfield Town
ENG-Premier League,2018/19,Huddersfield,Jonas Lössl,DEN,GK,29,1989,30.9,1,0,0,0,5,0,0,1,0,0,0,0,2018,misc,Huddersfield Town
ENG-Premier League,2018/19,Huddersfield,Jonathan Hogg,ENG,MF,29,1988,26.3,8,1,0,58,35,1,7,69,43,0,0,0,2018,misc,Huddersfield Town
ENG-Premier League,2018/19,Huddersfield,Juninho Bacuna,CUW,"MF,DF",20,1997,15.7,4,0,0,34,22,1,35,24,29,0,1,0,2018,misc,Huddersfield Town
ENG-Premier League,2018/19,Huddersfield,Karlan Grant,ENG,"FW,MF",20,1997,9.7,0,0,0,8,8,4,10,1,1,1,0,0,2018,misc,Huddersfield Town
ENG-Premier League,2018/19,Huddersfield,Laurent Depoitre,BEL,FW,29,1988,11.9,1,0,0,19,10,7,4,2,4,0,0,0,2018,misc,Huddersfield Town
ENG-Premier League,2018/19,Huddersfield,Mathias Jørgensen,DEN,DF,28,1990,23.9,6,0,0,33,14,0,4,64,32,0,1,0,2018,misc,Huddersfield Town
ENG-Premier League,2018/19,Huddersfield,Matty Daly,ENG,MF,17,2001,0.8,0,0,0,0,0,0,0,0,0,0,0,0,2018,misc,Huddersfield Town
ENG-Premier League,2018/19,Huddersfield,Philip Billing,DEN,MF,22,1996,24.3,7,0,0,38,30,2,56,58,47,0,1,0,2018,misc,Huddersfield Town
ENG-Premier League,2018/19,Huddersfield,Rajiv van La Parra,NED,"MF,FW",27,1991,4.5,0,0,0,4,14,0,6,4,6,0,0,0,2018,misc,Huddersfield Town
ENG-Premier League,2018/19,Huddersfield,Ramadan Sobhi,EGY,MF,21,1997,0.9,0,0,0,0,1,0,3,0,1,0,0,0,2018,misc,Huddersfield Town
ENG-Premier League,2018/19,Huddersfield,Steve Mounié,BEN,FW,23,1994,19.8,1,1,0,32,15,15,9,5,8,0,0,0,2018,misc,Huddersfield Town
ENG-Premier League,2018/19,Huddersfield,Terence Kongolo,NED,DF,24,1994,30.2,4,0,0,20,26,2,28,66,46,0,1,1,2018,misc,Huddersfield Town
ENG-Premier League,2018/19,Huddersfield,Tommy Smith,ENG,DF,26,1992,12.7,2,1,0,11,6,0,24,18,15,0,0,0,2018,misc,Huddersfield Town
ENG-Premier League,2018/19,Leicester City,Adrien Silva,POR,MF,29,1989,1.0,0,0,0,1,2,0,0,1,2,0,0,0,2018,misc,Leicester City
ENG-Premier League,2018/19,Leicester City,Ben Chilwell,ENG,DF,21,1996,36.0,4,0,0,32,44,2,133,38,29,0,0,0,2018,misc,Leicester City
ENG-Premier League,2018/19,Leicester City,Christian Fuchs,AUT,DF,32,1986,2.3,0,0,0,3,2,0,14,4,3,0,0,0,2018,misc,Leicester City
ENG-Premier League,2018/19,Leicester City,Daniel Amartey,GHA,DF,23,1994,7.1,2,0,0,6,1,1,3,15,12,0,1,0,2018,misc,Leicester City
ENG-Premier League,2018/19,Leicester City,Danny Simpson,ENG,DF,31,1987,3.2,0,0,0,2,0,0,1,6,4,0,0,0,2018,misc,Leicester City
ENG-Premier League,2018/19,Leicester City,Demarai Gray,JAM,"MF,FW",22,1996,22.1,2,0,0,15,16,3,53,9,10,0,0,0,2018,misc,Leicester City
ENG-Premier League,2018/19,Leicester City,Fousseni Diabaté,MLI,MF,22,1995,0.6,0,0,0,0,1,1,2,0,0,0,0,0,2018,misc,Leicester City
ENG-Premier League,2018/19,Leicester City,Hamza Choudhury,BAN,MF,20,1997,6.6,0,0,0,7,2,0,3,15,10,0,0,0,2018,misc,Leicester City
ENG-Premier League,2018/19,Leicester City,Harry Maguire,ENG,DF,25,1993,28.8,6,1,0,20,16,4,1,36,17,0,0,0,2018,misc,Leicester City
ENG-Premier League,2018/19,Leicester City,Harvey Barnes,ENG,"MF,FW",20,1997,11.2,0,0,0,7,7,2,23,3,5,0,0,0,2018,misc,Leicester City
ENG-Premier League,2018/19,Leicester City,James Maddison,ENG,"MF,FW",21,1996,31.5,5,2,1,26,78,2,206,13,34,2,0,0,2018,misc,Leicester City
ENG-Premier League,2018/19,Leicester City,Jamie Vardy,ENG,FW,31,1987,30.3,3,1,0,20,19,37,30,5,11,2,0,0,2018,misc,Leicester City
ENG-Premier League,2018/19,Leicester City,Jonny Evans,NIR,DF,30,1988,22.2,2,0,0,21,17,0,1,33,13,0,1,0,2018,misc,Leicester City
ENG-Premier League,2018/19,Leicester City,Kasper Schmeichel,DEN,GK,31,1986,38.0,3,0,0,0,4,0,1,3,1,0,0,0,2018,misc,Leicester City
ENG-Premier League,2018/19,Leicester City,Kelechi Iheanacho,NGA,"FW,MF",21,1996,10.5,2,0,0,14,7,8,6,2,6,1,0,0,2018,misc,Leicester City
ENG-Premier League,2018/19,Leicester City,Marc Albrighton,ENG,"MF,FW",28,1989,18.1,3,0,0,10,20,2,125,22,23,0,0,0,2018,misc,Leicester City
ENG-Premier League,2018/19,Leicester City,Nampalys Mendy,SEN,MF,26,1992,23.2,5,0,0,22,36,0,4,27,20,0,1,0,2018,misc,Leicester City
ENG-Premier League,2018/19,Leicester City,Rachid Ghezzal,ALG,"MF,FW",26,1992,8.3,3,0,0,13,8,0,45,7,5,0,0,0,2018,misc,Leicester City
ENG-Premier League,2018/19,Leicester City,Ricardo Pereira,POR,"DF,MF",24,1993,34.7,7,0,0,43,48,2,104,63,66,1,1,0,2018,misc,Leicester City
ENG-Premier League,2018/19,Leicester City,Shinji Okazaki,JPN,FW,32,1986,3.2,0,0,0,6,6,3,0,2,5,0,0,0,2018,misc,Leicester City
ENG-Premier League,2018/19,Leicester City,Vicente Iborra,ESP,MF,30,1988,2.5,0,0,0,6,1,0,1,5,1,0,0,0,2018,misc,Leicester City
ENG-Premier League,2018/19,Leicester City,Wes Morgan,JAM,DF,34,1984,21.4,3,2,2,18,6,3,0,29,16,0,0,0,2018,misc,Leicester City
ENG-Premier League,2018/19,Leicester City,Wilfred Ndidi,NGA,MF,21,1996,36.6,8,0,0,47,23,2,12,80,101,0,0,0,2018,misc,Leicester City
ENG-Premier League,2018/19,Leicester City,Youri Tielemans,BEL,MF,21,1997,12.1,2,0,0,11,15,0,16,4,10,0,0,0,2018,misc,Leicester City
ENG-Premier League,2018/19,Leicester City,Çağlar Söyüncü,TUR,DF,22,1996,4.1,1,0,0,9,2,0,2,6,2,0,1,0,2018,misc,Leicester City
ENG-Premier League,2018/19,Liverpool,Adam Lallana,ENG,"MF,FW",30,1988,5.2,1,0,0,4,11,0,8,3,10,0,0,0,2018,misc,Liverpool
ENG-Premier League,2018/19,Liverpool,Alberto Moreno,ESP,DF,26,1992,1.7,0,0,0,1,1,0,4,1,2,0,0,0,2018,misc,Liverpool
ENG-Premier League,2018/19,Liverpool,Alex Oxlade-Chamberlain,ENG,"FW,MF",24,1993,0.2,0,0,0,0,1,0,0,1,1,0,0,0,2018,misc,Liverpool
ENG-Premier League,2018/19,Liverpool,Alisson,BRA,GK,25,1992,38.0,1,0,0,0,1,0,0,1,1,0,0,0,2018,misc,Liverpool
ENG-Premier League,2018/19,Liverpool,Andy Robertson,SCO,DF,24,1994,35.7,4,0,0,20,16,1,133,31,49,0,0,0,2018,misc,Liverpool
ENG-Premier League,2018/19,Liverpool,Daniel Sturridge,ENG,FW,28,1989,5.7,1,0,0,5,10,4,3,2,2,0,0,0,2018,misc,Liverpool
ENG-Premier League,2018/19,Liverpool,Dejan Lovren,CRO,DF,29,1989,11.0,1,0,0,3,10,0,4,10,9,1,0,0,2018,misc,Liverpool
ENG-Premier League,2018/19,Liverpool,Divock Origi,BEL,FW,23,1995,4.1,0,0,0,2,5,3,5,1,1,0,0,0,2018,misc,Liverpool
ENG-Premier League,2018/19,Liverpool,Fabinho,BRA,MF,24,1993,22.4,6,0,0,30,30,0,10,31,31,0,0,0,2018,misc,Liverpool
ENG-Premier League,2018/19,Liverpool,Georginio Wijnaldum,NED,MF,27,1990,30.3,3,0,0,19,30,2,15,24,28,0,0,0,2018,misc,Liverpool
ENG-Premier League,2018/19,Liverpool,James Milner,ENG,"MF,DF",32,1986,19.9,7,2,1,28,27,0,133,16,25,0,0,0,2018,misc,Liverpool
ENG-Premier League,2018/19,Liverpool,Joe Gomez,ENG,DF,21,1997,11.8,2,0,0,12,9,0,7,15,11,0,0,0,2018,misc,Liverpool
ENG-Premier League,2018/19,Liverpool,Jordan Henderson,ENG,MF,28,1990,22.1,3,2,1,26,12,2,37,32,36,0,0,0,2018,misc,Liverpool
ENG-Premier League,2018/19,Liverpool,Joël Matip,CMR,DF,26,1991,17.1,3,0,0,12,17,0,0,31,27,0,0,0,2018,misc,Liverpool
ENG-Premier League,2018/19,Liverpool,Mohamed Salah,EGY,FW,26,1992,36.1,1,0,0,25,32,28,57,5,10,5,0,0,2018,misc,Liverpool
ENG-Premier League,2018/19,Liverpool,Naby Keïta,GUI,MF,23,1995,15.4,0,0,0,24,16,0,5,13,15,0,0,0,2018,misc,Liverpool
ENG-Premier League,2018/19,Liverpool,Nathaniel Clyne,ENG,DF,27,1991,1.2,0,0,0,0,2,0,3,2,3,0,0,0,2018,misc,Liverpool
ENG-Premier League,2018/19,Liverpool,Rafael Camacho,POR,"FW,MF",18,2000,0.0,0,0,0,0,0,0,0,0,0,0,0,0,2018,misc,Liverpool
ENG-Premier League,2018/19,Liverpool,Roberto Firmino,BRA,"FW,MF",26,1991,29.0,0,0,0,40,11,9,9,6,23,0,0,0,2018,misc,Liverpool
ENG-Premier League,2018/19,Liverpool,Sadio Mané,SEN,"FW,MF",26,1992,34.2,2,0,0,35,64,26,39,16,30,1,0,0,2018,misc,Liverpool
ENG-Premier League,2018/19,Liverpool,Trent Alexander-Arnold,ENG,DF,19,1998,27.4,3,0,0,14,8,4,201,35,42,0,0,0,2018,misc,Liverpool
ENG-Premier League,2018/19,Liverpool,Virgil van Dijk,NED,DF,27,1991,37.6,1,0,0,12,22,1,1,42,28,0,1,0,2018,misc,Liverpool
ENG-Premier League,2018/19,Liverpool,Xherdan Shaqiri,SUI,MF,26,1991,11.8,2,0,0,9,14,2,47,5,5,0,0,0,2018,misc,Liverpool
ENG-Premier League,2018/19,Manchester City,Aymeric Laporte,ESP,DF,24,1994,34.0,3,0,0,22,18,2,8,38,21,0,0,0,2018,misc,Manchester City
ENG-Premier League,2018/19,Manchester City,Benjamin Mendy,FRA,"DF,MF",24,1994,10.0,1,0,0,12,2,0,51,10,12,0,0,0,2018,misc,Manchester City
ENG-Premier League,2018/19,Manchester City,Bernardo Silva,POR,"MF,FW",23,1994,31.7,3,0,0,31,24,2,71,27,43,1,0,0,2018,misc,Manchester City
ENG-Premier League,2018/19,Manchester City,Danilo,BRA,DF,27,1991,9.0,1,0,0,10,8,0,12,16,16,0,0,0,2018,misc,Manchester City
ENG-Premier League,2018/19,Manchester City,David Silva,ESP,MF,32,1986,26.7,2,0,0,26,25,6,74,19,19,0,0,0,2018,misc,Manchester City
ENG-Premier League,2018/19,Manchester City,Ederson Moraes,BRA,GK,24,1993,38.0,2,0,0,2,3,0,0,1,3,0,2,0,2018,misc,Manchester City
ENG-Premier League,2018/19,Manchester City,Fabian Delph,ENG,DF,28,1989,8.1,1,1,0,6,7,0,8,13,13,0,0,0,2018,misc,Manchester City
ENG-Premier League,2018/19,Manchester City,Fernandinho,BRA,MF,33,1985,26.4,5,0,0,40,27,2,4,40,43,0,1,0,2018,misc,Manchester City
ENG-Premier League,2018/19,Manchester City,Gabriel Jesus,BRA,FW,21,1997,11.5,1,0,0,12,18,15,4,2,3,0,0,0,2018,misc,Manchester City
ENG-Premier League,2018/19,Manchester City,John Stones,ENG,DF,24,1994,19.6,1,0,0,6,7,1,2,15,12,0,0,0,2018,misc,Manchester City
ENG-Premier League,2018/19,Manchester City,Kevin De Bruyne,BEL,MF,27,1991,10.8,2,0,0,10,15,1,91,3,16,0,0,0,2018,misc,Manchester City
ENG-Premier League,2018/19,Manchester City,Kyle Walker,ENG,DF,28,1990,30.9,3,0,0,15,14,4,59,38,25,0,1,0,2018,misc,Manchester City
ENG-Premier League,2018/19,Manchester City,Leroy Sané,GER,FW,22,1996,20.7,1,0,0,10,14,19,99,9,15,1,0,0,2018,misc,Manchester City
ENG-Premier League,2018/19,Manchester City,Nicolás Otamendi,ARG,DF,30,1988,13.7,1,0,0,8,3,0,1,28,14,0,0,0,2018,misc,Manchester City
ENG-Premier League,2018/19,Manchester City,Oleksandr Zinchenko,UKR,DF,21,1996,12.8,1,0,0,15,5,1,39,22,20,0,0,0,2018,misc,Manchester City
ENG-Premier League,2018/19,Manchester City,Phil Foden,ENG,MF,18,2000,3.7,0,0,0,4,5,0,4,3,6,0,0,0,2018,misc,Manchester City
ENG-Premier League,2018/19,Manchester City,Raheem Sterling,ENG,"FW,MF",23,1994,30.8,3,0,0,41,44,13,75,16,17,2,0,0,2018,misc,Manchester City
ENG-Premier League,2018/19,Manchester City,Riyad Mahrez,ALG,"FW,MF",27,1991,14.9,0,0,0,10,15,9,74,9,7,0,0,0,2018,misc,Manchester City
ENG-Premier League,2018/19,Manchester City,Sergio Agüero,ARG,FW,30,1988,27.3,4,0,0,22,25,26,14,8,10,0,0,0,2018,misc,Manchester City
ENG-Premier League,2018/19,Manchester City,Vincent Kompany,BEL,DF,32,1986,13.6,6,0,0,17,0,1,0,15,10,0,0,0,2018,misc,Manchester City
ENG-Premier League,2018/19,Manchester City,İlkay Gündoğan,GER,MF,27,1990,23.7,3,0,0,14,23,0,99,29,13,0,0,0,2018,misc,Manchester City
ENG-Premier League,2018/19,Manchester Utd,Alexis Sánchez,CHI,"FW,MF",29,1988,9.8,3,0,0,15,18,8,23,9,11,0,0,0,2018,misc,Manchester United
ENG-Premier League,2018/19,Manchester Utd,Ander Herrera,ESP,MF,28,1989,15.6,4,0,0,21,20,0,5,39,30,0,1,0,2018,misc,Manchester United
ENG-Premier League,2018/19,Manchester Utd,Andreas Pereira,BRA,MF,22,1996,6.7,5,0,0,12,6,1,13,9,7,0,0,0,2018,misc,Manchester United
ENG-Premier League,2018/19,Manchester Utd,Angel Gomes,ENG,"FW,MF",17,2000,0.3,0,0,0,0,0,0,1,0,0,0,0,0,2018,misc,Manchester United
ENG-Premier League,2018/19,Manchester Utd,Anthony Martial,FRA,"FW,MF",22,1995,18.0,2,0,0,14,28,6,33,3,8,2,0,0,2018,misc,Manchester United
ENG-Premier League,2018/19,Manchester Utd,Antonio Valencia,ECU,"DF,MF",32,1985,5.2,2,0,0,7,4,0,9,5,6,0,0,0,2018,misc,Manchester United
ENG-Premier League,2018/19,Manchester Utd,Ashley Young,ENG,DF,33,1985,28.5,10,2,1,38,32,4,197,53,33,0,0,0,2018,misc,Manchester United
ENG-Premier League,2018/19,Manchester Utd,Chris Smalling,ENG,DF,28,1989,23.6,1,0,0,22,8,2,0,27,18,0,1,1,2018,misc,Manchester United
ENG-Premier League,2018/19,Manchester Utd,David de Gea,ESP,GK,27,1990,38.0,1,0,0,1,4,0,0,0,0,0,0,0,2018,misc,Manchester United
ENG-Premier League,2018/19,Manchester Utd,Diogo Dalot,POR,"DF,MF",19,1999,11.3,3,0,0,12,2,2,50,8,12,0,1,0,2018,misc,Manchester United
ENG-Premier League,2018/19,Manchester Utd,Eric Bailly,CIV,DF,24,1994,7.1,0,1,0,5,5,0,0,14,7,0,1,0,2018,misc,Manchester United
ENG-Premier League,2018/19,Manchester Utd,Fred,BRA,MF,25,1993,11.6,2,0,0,25,18,1,13,16,18,0,1,0,2018,misc,Manchester United
ENG-Premier League,2018/19,Manchester Utd,James Garner,ENG,MF,17,2001,0.0,0,0,0,0,0,0,0,0,0,0,0,0,2018,misc,Manchester United
ENG-Premier League,2018/19,Manchester Utd,Jesse Lingard,ENG,"FW,MF",25,1992,18.5,3,0,0,27,25,7,18,10,18,2,0,0,2018,misc,Manchester United
ENG-Premier League,2018/19,Manchester Utd,Juan Mata,ESP,"MF,FW",30,1988,14.3,3,0,0,10,9,8,67,6,4,2,0,0,2018,misc,Manchester United
ENG-Premier League,2018/19,Manchester Utd,Luke Shaw,ENG,DF,23,1995,28.8,11,0,0,42,18,1,51,22,29,0,0,0,2018,misc,Manchester United
ENG-Premier League,2018/19,Manchester Utd,Marcos Rojo,ARG,DF,28,1990,2.4,2,0,0,3,1,0,3,6,3,0,0,1,2018,misc,Manchester United
ENG-Premier League,2018/19,Manchester Utd,Marcus Rashford,ENG,"FW,MF",20,1997,25.9,3,1,0,26,52,15,54,4,14,2,1,0,2018,misc,Manchester United
ENG-Premier League,2018/19,Manchester Utd,Marouane Fellaini,BEL,MF,30,1987,8.4,1,0,0,15,9,2,6,3,13,1,0,0,2018,misc,Manchester United
ENG-Premier League,2018/19,Manchester Utd,Mason Greenwood,ENG,FW,16,2001,1.3,0,0,0,0,1,2,1,0,3,0,0,0,2018,misc,Manchester United
ENG-Premier League,2018/19,Manchester Utd,Matteo Darmian,ITA,"DF,MF",28,1989,4.9,0,0,0,3,4,1,3,7,9,0,0,0,2018,misc,Manchester United
ENG-Premier League,2018/19,Manchester Utd,Nemanja Matić,SRB,MF,29,1988,27.1,8,2,1,27,20,1,9,31,33,0,0,0,2018,misc,Manchester United
ENG-Premier League,2018/19,Manchester Utd,Paul Pogba,FRA,MF,25,1993,33.4,6,0,0,54,69,5,28,20,30,1,0,0,2018,misc,Manchester United
ENG-Premier League,2018/19,Manchester Utd,Phil Jones,ENG,DF,26,1992,14.0,1,0,0,8,10,0,1,22,16,0,0,0,2018,misc,Manchester United
ENG-Premier League,2018/19,Manchester Utd,Romelu Lukaku,BEL,FW,25,1993,23.7,4,0,0,18,3,23,44,2,7,1,0,0,2018,misc,Manchester United
ENG-Premier League,2018/19,Manchester Utd,Scott McTominay,SCO,"MF,DF",21,1996,9.6,1,0,0,11,16,1,3,14,9,0,0,0,2018,misc,Manchester United
ENG-Premier League,2018/19,Manchester Utd,Tahith Chong,CUW,"FW,MF",18,1999,0.4,0,0,0,0,2,0,0,0,0,0,0,0,2018,misc,Manchester United
ENG-Premier League,2018/19,Manchester Utd,Victor Lindelöf,SWE,DF,24,1994,28.9,1,0,0,20,16,0,0,24,26,0,0,1,2018,misc,Manchester United
ENG-Premier League,2018/19,Newcastle,Antonio Barreca,ITA,"DF,MF",23,1995,0.1,0,0,0,0,0,0,1,0,0,0,0,0,2018,misc,Newcastle United
ENG-Premier League,2018/19,Newcastle,Ayoze Pérez,ESP,"MF,FW",25,1993,32.4,2,0,0,46,42,9,22,42,25,0,0,0,2018,misc,Newcastle United
ENG-Premier League,2018/19,Newcastle,Christian Atsu,GHA,MF,26,1992,16.6,2,0,0,14,25,4,42,8,17,0,0,0,2018,misc,Newcastle United
ENG-Premier League,2018/19,Newcastle,Ciaran Clark,IRL,DF,28,1989,9.5,1,0,0,6,6,0,3,12,17,0,0,0,2018,misc,Newcastle United
ENG-Premier League,2018/19,Newcastle,DeAndre Yedlin,USA,"DF,MF",25,1993,27.5,6,1,0,41,14,4,76,29,31,0,2,1,2018,misc,Newcastle United
ENG-Premier League,2018/19,Newcastle,Fabian Schär,SUI,DF,26,1991,22.2,12,0,0,28,20,1,17,65,39,0,1,0,2018,misc,Newcastle United
ENG-Premier League,2018/19,Newcastle,Federico Fernández,ARG,DF,29,1989,16.5,2,0,0,12,7,1,5,25,14,0,1,0,2018,misc,Newcastle United
ENG-Premier League,2018/19,Newcastle,Florian Lejeune,FRA,DF,27,1991,11.7,0,0,0,11,6,0,7,20,17,0,1,0,2018,misc,Newcastle United
ENG-Premier League,2018/19,Newcastle,Isaac Hayden,JAM,MF,23,1995,20.7,3,1,0,32,14,0,12,38,46,0,0,0,2018,misc,Newcastle United
ENG-Premier League,2018/19,Newcastle,Jacob Murphy,ENG,MF,23,1995,3.4,0,0,0,4,0,1,16,2,2,0,0,0,2018,misc,Newcastle United
ENG-Premier League,2018/19,Newcastle,Jamaal Lascelles,ENG,DF,24,1993,30.5,4,0,0,16,9,1,2,39,22,0,0,0,2018,misc,Newcastle United
ENG-Premier League,2018/19,Newcastle,Javier Manquillo,ESP,DF,24,1994,12.2,2,0,0,13,8,1,29,16,21,0,0,0,2018,misc,Newcastle United
ENG-Premier League,2018/19,Newcastle,Jonjo Shelvey,ENG,MF,26,1992,10.5,1,0,0,16,5,0,50,8,12,0,0,0,2018,misc,Newcastle United
ENG-Premier League,2018/19,Newcastle,Joselu,ESP,FW,28,1990,6.6,1,0,0,5,7,4,3,3,8,0,0,0,2018,misc,Newcastle United
ENG-Premier League,2018/19,Newcastle,Kenedy,BRA,MF,22,1996,15.0,1,0,0,18,22,5,28,30,22,0,0,0,2018,misc,Newcastle United
ENG-Premier League,2018/19,Newcastle,Ki Sung-yueng,KOR,MF,29,1989,14.5,2,0,0,12,16,0,55,20,12,0,0,0,2018,misc,Newcastle United
ENG-Premier League,2018/19,Newcastle,Martin Dúbravka,SVK,GK,29,1989,38.0,1,0,0,1,5,0,0,0,1,0,1,0,2018,misc,Newcastle United
ENG-Premier League,2018/19,Newcastle,Matt Ritchie,SCO,"DF,MF",28,1989,32.5,9,0,0,55,39,1,260,57,44,0,0,0,2018,misc,Newcastle United
ENG-Premier League,2018/19,Newcastle,Miguel Almirón,PAR,"MF,FW",24,1994,8.4,0,0,0,6,17,4,21,9,12,0,0,0,2018,misc,Newcastle United
ENG-Premier League,2018/19,Newcastle,Mohamed Diamé,SEN,MF,31,1987,24.1,3,0,0,36,20,0,12,30,45,0,0,0,2018,misc,Newcastle United
ENG-Premier League,2018/19,Newcastle,Paul Dummett,WAL,DF,26,1991,22.1,1,0,0,11,10,1,33,36,21,0,1,0,2018,misc,Newcastle United
ENG-Premier League,2018/19,Newcastle,Salomón Rondón,VEN,FW,28,1989,28.9,1,0,0,22,26,20,15,6,8,1,0,0,2018,misc,Newcastle United
ENG-Premier League,2018/19,Newcastle,Sean Longstaff,ENG,MF,20,1997,7.6,2,0,0,7,8,0,3,8,13,1,0,0,2018,misc,Newcastle United
ENG-Premier League,2018/19,Newcastle,Yoshinori Mutō,JPN,"FW,MF",26,1992,5.8,1,0,0,13,10,2,4,5,4,0,0,0,2018,misc,Newcastle United
ENG-Premier League,2018/19,Southampton,Alex McCarthy,ENG,GK,28,1989,25.0,1,0,0,0,3,0,0,0,0,0,0,0,2018,misc,Southampton
ENG-Premier League,2018/19,Southampton,Angus Gunn,SCO,GK,22,1996,12.0,0,0,0,0,2,0,0,0,0,0,0,0,2018,misc,Southampton
ENG-Premier League,2018/19,Southampton,Callum Slattery,ENG,MF,19,1999,1.2,0,0,0,4,3,0,1,2,3,0,0,0,2018,misc,Southampton
ENG-Premier League,2018/19,Southampton,Charlie Austin,ENG,FW,29,1989,10.9,1,0,0,14,18,9,0,2,8,0,0,0,2018,misc,Southampton
ENG-Premier League,2018/19,Southampton,Cédric Soares,POR,"DF,MF",26,1991,16.6,4,0,0,9,7,1,64,21,17,0,0,0,2018,misc,Southampton
ENG-Premier League,2018/19,Southampton,Danny Ings,ENG,FW,26,1992,18.3,1,0,0,16,22,6,15,4,15,3,0,0,2018,misc,Southampton
ENG-Premier League,2018/19,Southampton,Fraser Forster,ENG,GK,30,1988,1.0,0,0,0,0,0,0,0,0,0,0,0,0,2018,misc,Southampton
ENG-Premier League,2018/19,Southampton,Jack Stephens,ENG,DF,24,1994,18.9,4,0,0,13,7,0,2,34,14,0,1,0,2018,misc,Southampton
ENG-Premier League,2018/19,Southampton,James Ward-Prowse,ENG,MF,23,1994,21.6,4,0,0,23,10,3,145,24,19,0,1,1,2018,misc,Southampton
ENG-Premier League,2018/19,Southampton,Jan Bednarek,POL,DF,22,1996,23.9,7,0,0,22,7,0,1,64,25,0,0,0,2018,misc,Southampton
ENG-Premier League,2018/19,Southampton,Jannik Vestergaard,DEN,DF,25,1992,22.5,2,0,0,16,14,1,1,34,35,0,0,0,2018,misc,Southampton
ENG-Premier League,2018/19,Southampton,Josh Sims,ENG,MF,21,1997,2.4,0,0,0,1,5,1,1,1,0,0,0,0,2018,misc,Southampton
ENG-Premier League,2018/19,Southampton,Kayne Ramsey,ENG,DF,17,2000,1.0,0,0,0,0,0,0,0,0,1,0,0,0,2018,misc,Southampton
ENG-Premier League,2018/19,Southampton,Manolo Gabbiadini,ITA,"MF,FW",26,1991,5.3,0,0,0,9,8,1,4,3,2,0,0,0,2018,misc,Southampton
ENG-Premier League,2018/19,Southampton,Mario Lemina,GAB,MF,24,1993,17.9,5,0,0,31,23,1,10,42,35,0,0,0,2018,misc,Southampton
ENG-Premier League,2018/19,Southampton,Matt Targett,ENG,"MF,DF",22,1995,13.2,2,0,0,8,10,1,77,26,20,0,0,0,2018,misc,Southampton
ENG-Premier League,2018/19,Southampton,Maya Yoshida,JPN,DF,29,1988,16.9,0,0,0,4,7,2,0,44,12,0,0,0,2018,misc,Southampton
ENG-Premier League,2018/19,Southampton,Michael Obafemi,IRL,FW,18,2000,1.5,1,0,0,2,3,1,1,1,1,0,0,0,2018,misc,Southampton
ENG-Premier League,2018/19,Southampton,Mohamed Elyounoussi,NOR,MF,23,1994,8.8,0,0,0,10,13,2,48,7,11,0,0,0,2018,misc,Southampton
ENG-Premier League,2018/19,Southampton,Nathan Redmond,ENG,"MF,FW",24,1994,36.3,3,0,0,29,28,15,77,22,23,0,0,0,2018,misc,Southampton
ENG-Premier League,2018/19,Southampton,Oriol Romeu,ESP,MF,26,1991,23.7,11,0,0,46,17,0,3,46,45,0,0,0,2018,misc,Southampton
ENG-Premier League,2018/19,Southampton,Pierre Højbjerg,DEN,MF,22,1995,30.7,9,3,1,50,47,0,29,64,50,0,0,0,2018,misc,Southampton
ENG-Premier League,2018/19,Southampton,Ryan Bertrand,ENG,"DF,MF",28,1989,24.0,8,0,0,27,22,0,93,30,26,0,0,0,2018,misc,Southampton
ENG-Premier League,2018/19,Southampton,Sam Gallagher,ENG,"FW,MF",22,1995,0.4,0,0,0,4,1,0,0,0,0,0,0,0,2018,misc,Southampton
ENG-Premier League,2018/19,Southampton,Shane Long,IRL,FW,31,1987,14.1,3,0,0,26,23,12,13,5,7,1,0,0,2018,misc,Southampton
ENG-Premier League,2018/19,Southampton,Steven Davis,NIR,MF,33,1985,1.1,0,0,0,2,0,1,1,2,1,0,0,0,2018,misc,Southampton
ENG-Premier League,2018/19,Southampton,Stuart Armstrong,SCO,"MF,FW",26,1992,15.9,2,0,0,19,21,3,26,12,20,0,1,0,2018,misc,Southampton
ENG-Premier League,2018/19,Southampton,Tyreke Johnson,ENG,"FW,MF",19,1998,0.0,0,0,0,0,0,0,0,0,0,0,0,0,2018,misc,Southampton
ENG-Premier League,2018/19,Southampton,Wesley Hoedt,NED,DF,24,1994,13.0,2,0,0,15,14,0,2,23,13,0,0,2,2018,misc,Southampton
ENG-Premier League,2018/19,Southampton,Yan Valery,TUN,"MF,DF",19,1999,19.0,4,1,1,28,6,2,54,20,35,0,0,0,2018,misc,Southampton
ENG-Premier League,2018/19,Tottenham,Ben Davies,WAL,"DF,MF",25,1993,20.5,2,0,0,18,14,0,44,23,32,0,0,0,2018,misc,Tottenham Hotspur
ENG-Premier League,2018/19,Tottenham,Christian Eriksen,DEN,"MF,FW",26,1992,30.8,3,0,0,17,16,2,117,14,26,0,0,0,2018,misc,Tottenham Hotspur
ENG-Premier League,2018/19,Tottenham,Danny Rose,ENG,"DF,MF",28,1990,20.0,5,0,0,26,47,1,87,23,28,1,0,0,2018,misc,Tottenham Hotspur
ENG-Premier League,2018/19,Tottenham,Davinson Sánchez,COL,DF,22,1996,21.6,2,0,0,20,10,0,0,27,20,0,1,0,2018,misc,Tottenham Hotspur
ENG-Premier League,2018/19,Tottenham,Dele Alli,ENG,"MF,FW",22,1996,20.3,4,0,0,23,20,3,11,18,20,0,0,0,2018,misc,Tottenham Hotspur
ENG-Premier League,2018/19,Tottenham,Eric Dier,ENG,MF,24,1994,16.7,4,0,0,24,9,0,6,21,16,0,0,0,2018,misc,Tottenham Hotspur
ENG-Premier League,2018/19,Tottenham,Fernando Llorente,ESP,FW,33,1985,7.7,2,0,0,12,6,5,1,2,2,0,0,1,2018,misc,Tottenham Hotspur
ENG-Premier League,2018/19,Tottenham,Georges-Kévin N'Koudou,CMR,"FW,MF",23,1995,0.1,0,0,0,0,1,0,2,0,0,0,0,0,2018,misc,Tottenham Hotspur
ENG-Premier League,2018/19,Tottenham,Harry Kane,ENG,FW,25,1993,26.9,5,0,0,31,52,10,13,1,5,1,0,0,2018,misc,Tottenham Hotspur
ENG-Premier League,2018/19,Tottenham,Harry Winks,ENG,MF,22,1996,17.7,4,0,0,17,15,2,8,21,14,0,0,0,2018,misc,Tottenham Hotspur
ENG-Premier League,2018/19,Tottenham,Hugo Lloris,FRA,GK,31,1986,33.0,0,0,0,0,2,0,0,3,0,0,0,0,2018,misc,Tottenham Hotspur
ENG-Premier League,2018/19,Tottenham,Jan Vertonghen,BEL,DF,31,1987,21.2,5,2,1,11,10,1,27,33,23,0,2,0,2018,misc,Tottenham Hotspur
ENG-Premier League,2018/19,Tottenham,Juan Foyth,ARG,DF,20,1998,9.9,3,1,0,16,9,0,2,11,19,0,2,0,2018,misc,Tottenham Hotspur
ENG-Premier League,2018/19,Tottenham,Kieran Trippier,ENG,"DF,MF",27,1990,25.3,2,0,0,20,24,6,183,23,37,0,0,1,2018,misc,Tottenham Hotspur
ENG-Premier League,2018/19,Tottenham,Kyle Walker-Peters,ENG,"DF,MF",21,1997,4.2,1,0,0,4,10,1,7,5,4,0,0,0,2018,misc,Tottenham Hotspur
ENG-Premier League,2018/19,Tottenham,Lucas Moura,BRA,"FW,MF",25,1992,23.6,3,0,0,25,48,14,17,24,18,0,0,0,2018,misc,Tottenham Hotspur
ENG-Premier League,2018/19,Tottenham,Luke Amos,ENG,MF,21,1997,0.0,0,0,0,0,0,0,0,0,1,0,0,0,2018,misc,Tottenham Hotspur
ENG-Premier League,2018/19,Tottenham,Michel Vorm,NED,GK,34,1983,2.0,0,0,0,0,0,0,0,0,0,0,0,0,2018,misc,Tottenham Hotspur
ENG-Premier League,2018/19,Tottenham,Mousa Dembélé,BEL,MF,31,1987,5.7,1,0,0,12,4,0,0,10,10,0,0,0,2018,misc,Tottenham Hotspur
ENG-Premier League,2018/19,Tottenham,Moussa Sissoko,FRA,MF,28,1989,25.9,2,0,0,25,19,3,28,16,25,0,0,0,2018,misc,Tottenham Hotspur
ENG-Premier League,2018/19,Tottenham,Oliver Skipp,ENG,MF,17,2000,2.4,0,0,0,4,3,0,0,1,3,0,0,0,2018,misc,Tottenham Hotspur
ENG-Premier League,2018/19,Tottenham,Paulo Gazzaniga,ARG,GK,26,1992,3.0,0,0,0,0,0,0,0,0,0,0,0,0,2018,misc,Tottenham Hotspur
ENG-Premier League,2018/19,Tottenham,Serge Aurier,CIV,"DF,MF",25,1992,6.3,1,0,0,17,2,1,23,8,13,0,0,0,2018,misc,Tottenham Hotspur
ENG-Premier League,2018/19,Tottenham,Son Heung-min,KOR,"FW,MF",26,1992,22.7,2,1,0,11,19,22,25,8,14,1,0,0,2018,misc,Tottenham Hotspur
ENG-Premier League,2018/19,Tottenham,Toby Alderweireld,BEL,DF,29,1989,32.5,3,0,0,10,2,1,6,25,25,0,0,1,2018,misc,Tottenham Hotspur
ENG-Premier League,2018/19,Tottenham,Victor Wanyama,KEN,MF,27,1991,5.7,2,0,0,10,6,0,3,7,12,0,0,0,2018,misc,Tottenham Hotspur
ENG-Premier League,2018/19,Tottenham,Vincent Janssen,NED,FW,24,1994,0.4,0,0,0,2,0,1,1,0,1,0,0,0,2018,misc,Tottenham Hotspur
ENG-Premier League,2018/19,Tottenham,Érik Lamela,ARG,"MF,FW",26,1992,10.8,2,0,0,23,18,1,28,8,13,0,0,0,2018,misc,Tottenham Hotspur
ENG-Premier League,2018/19,Watford,Abdoulaye Doucouré,MLI,MF,25,1993,34.0,7,0,0,37,14,2,12,32,39,0,0,1,2018,misc,Watford
ENG-Premier League,2018/19,Watford,Adam Masina,MAR,DF,24,1994,11.2,5,0,0,17,10,1,31,16,18,0,0,0,2018,misc,Watford
ENG-Premier League,2018/19,Watford,Adrian Mariappa,JAM,DF,31,1986,21.4,3,0,0,19,4,1,1,25,26,0,0,0,2018,misc,Watford
ENG-Premier League,2018/19,Watford,Andre Gray,JAM,FW,27,1991,15.2,2,0,0,12,9,16,8,2,1,0,0,0,2018,misc,Watford
ENG-Premier League,2018/19,Watford,Ben Foster,ENG,GK,35,1983,38.0,1,0,0,2,9,0,0,1,2,0,2,0,2018,misc,Watford
ENG-Premier League,2018/19,Watford,Ben Wilmot,ENG,DF,18,1999,0.3,0,0,0,0,0,0,0,0,0,0,0,0,2018,misc,Watford
ENG-Premier League,2018/19,Watford,Christian Kabasele,BEL,DF,27,1991,17.6,5,2,1,23,14,0,1,37,14,0,2,0,2018,misc,Watford
ENG-Premier League,2018/19,Watford,Craig Cathcart,NIR,DF,29,1989,34.4,2,0,0,18,8,1,3,36,33,0,0,2,2018,misc,Watford
ENG-Premier League,2018/19,Watford,Daryl Janmaat,NED,DF,29,1989,16.9,3,0,0,16,1,1,60,30,24,0,0,0,2018,misc,Watford
ENG-Premier League,2018/19,Watford,Domingos Quina,POR,MF,18,1999,3.8,0,0,0,7,6,0,2,4,7,0,0,0,2018,misc,Watford
ENG-Premier League,2018/19,Watford,Gerard Deulofeu,ESP,FW,24,1994,23.0,3,0,0,14,13,34,61,15,5,0,0,0,2018,misc,Watford
ENG-Premier League,2018/19,Watford,Isaac Success,NGA,"FW,MF",22,1996,11.7,4,0,0,24,48,12,13,2,13,0,0,0,2018,misc,Watford
ENG-Premier League,2018/19,Watford,José Holebas,GRE,DF,34,1984,26.6,12,1,0,34,15,2,212,19,41,0,0,0,2018,misc,Watford
ENG-Premier League,2018/19,Watford,Ken Sema,SWE,MF,24,1993,8.4,1,0,0,13,9,1,11,8,7,0,0,0,2018,misc,Watford
ENG-Premier League,2018/19,Watford,Kiko Femenía,ESP,DF,27,1991,22.8,1,0,0,12,14,3,64,38,31,0,1,0,2018,misc,Watford
ENG-Premier League,2018/19,Watford,Marc Navarro,ESP,DF,23,1995,0.9,0,0,0,1,0,0,5,0,2,0,0,0,2018,misc,Watford
ENG-Premier League,2018/19,Watford,Miguel Britos,URU,DF,33,1985,2.1,0,0,0,3,1,0,1,3,2,0,0,0,2018,misc,Watford
ENG-Premier League,2018/19,Watford,Nathaniel Chalobah,ENG,MF,23,1994,3.0,2,0,0,5,3,0,1,5,2,0,0,0,2018,misc,Watford
ENG-Premier League,2018/19,Watford,Roberto Pereyra,ARG,MF,27,1991,31.3,3,0,0,27,37,2,41,20,14,1,0,0,2018,misc,Watford
ENG-Premier League,2018/19,Watford,Sebastian Prödl,AUT,"DF,MF",31,1987,0.1,0,0,0,1,0,0,0,0,0,0,0,0,2018,misc,Watford
ENG-Premier League,2018/19,Watford,Stefano Okaka,ITA,FW,28,1989,0.3,1,0,0,1,1,0,0,0,0,0,0,0,2018,misc,Watford
ENG-Premier League,2018/19,Watford,Tom Cleverley,ENG,MF,28,1989,5.3,2,0,0,8,4,1,4,4,9,0,0,0,2018,misc,Watford
ENG-Premier League,2018/19,Watford,Troy Deeney,ENG,FW,30,1988,28.3,4,1,0,42,36,13,16,8,15,0,0,0,2018,misc,Watford
ENG-Premier League,2018/19,Watford,Will Hughes,ENG,MF,23,1995,26.9,5,0,0,54,71,0,21,25,43,0,0,0,2018,misc,Watford
ENG-Premier League,2018/19,Watford,Étienne Capoue,FRA,MF,30,1988,32.7,14,1,0,47,58,0,5,86,56,0,0,0,2018,misc,Watford
ENG-Premier League,2018/19,West Ham,Aaron Cresswell,ENG,DF,28,1989,17.7,1,0,0,2,12,1,75,20,15,0,0,0,2018,misc,West Ham United
ENG-Premier League,2018/19,West Ham,Andriy Yarmolenko,UKR,"MF,FW",28,1989,5.1,2,0,0,8,8,1,10,2,1,0,0,0,2018,misc,West Ham United
ENG-Premier League,2018/19,West Ham,Andy Carroll,ENG,FW,29,1989,5.1,2,0,0,11,8,3,2,1,2,0,0,0,2018,misc,West Ham United
ENG-Premier League,2018/19,West Ham,Angelo Ogbonna,ITA,DF,30,1988,20.8,2,0,0,15,8,0,0,34,16,0,0,0,2018,misc,West Ham United
ENG-Premier League,2018/19,West Ham,Arthur Masuaku,COD,DF,24,1993,19.5,2,0,0,16,5,0,36,36,26,0,0,0,2018,misc,West Ham United
ENG-Premier League,2018/19,West Ham,Ben Johnson,ENG,DF,18,2000,0.7,0,0,0,0,0,0,0,1,0,0,0,0,2018,misc,West Ham United
ENG-Premier League,2018/19,West Ham,Carlos Sánchez,COL,MF,32,1986,2.7,0,0,0,3,1,0,0,1,4,0,0,0,2018,misc,West Ham United
ENG-Premier League,2018/19,West Ham,Declan Rice,ENG,MF,19,1999,33.4,4,0,0,17,8,1,3,50,62,0,0,0,2018,misc,West Ham United
ENG-Premier League,2018/19,West Ham,Fabián Balbuena,PAR,DF,26,1991,22.4,2,0,0,19,5,0,1,55,22,0,1,0,2018,misc,West Ham United
ENG-Premier League,2018/19,West Ham,Felipe Anderson,BRA,MF,25,1993,33.8,3,0,0,27,53,5,122,45,46,0,1,0,2018,misc,West Ham United
ENG-Premier League,2018/19,West Ham,Grady Diangana,COD,MF,20,1998,6.8,0,0,0,4,10,1,14,2,9,0,0,0,2018,misc,West Ham United
ENG-Premier League,2018/19,West Ham,Issa Diop,MAR,DF,21,1997,33.0,4,0,0,19,17,3,0,60,42,0,0,1,2018,misc,West Ham United
ENG-Premier League,2018/19,West Ham,Jack Wilshere,ENG,MF,26,1992,4.4,2,0,0,7,12,0,2,7,3,0,0,0,2018,misc,West Ham United
ENG-Premier League,2018/19,West Ham,Javier Hernández,MEX,FW,30,1988,14.8,2,0,0,9,34,12,9,2,0,2,0,0,2018,misc,West Ham United
ENG-Premier League,2018/19,West Ham,Lucas Pérez,ESP,FW,29,1988,5.3,0,0,0,5,3,3,2,3,3,0,0,0,2018,misc,West Ham United
ENG-Premier League,2018/19,West Ham,Manuel Lanzini,ARG,MF,25,1993,7.6,2,0,0,5,7,0,16,7,6,1,0,0,2018,misc,West Ham United
ENG-Premier League,2018/19,West Ham,Mark Noble,ENG,MF,31,1987,25.5,6,1,0,24,39,1,23,21,28,0,0,0,2018,misc,West Ham United
ENG-Premier League,2018/19,West Ham,Marko Arnautović,AUT,FW,29,1989,22.1,3,0,0,31,12,21,19,3,6,0,1,0,2018,misc,West Ham United
ENG-Premier League,2018/19,West Ham,Michail Antonio,JAM,"MF,FW",28,1990,23.4,3,0,0,35,44,10,50,19,14,2,0,0,2018,misc,West Ham United
ENG-Premier League,2018/19,West Ham,Pablo Zabaleta,ARG,DF,33,1985,23.2,4,0,0,18,29,2,48,48,23,0,0,0,2018,misc,West Ham United
ENG-Premier League,2018/19,West Ham,Pedro Obiang,EQG,MF,26,1992,12.5,0,0,0,15,11,2,7,14,24,0,0,0,2018,misc,West Ham United
ENG-Premier League,2018/19,West Ham,Robert Snodgrass,SCO,MF,30,1987,24.7,10,0,0,36,49,3,169,11,30,0,1,0,2018,misc,West Ham United
ENG-Premier League,2018/19,West Ham,Ryan Fredericks,ENG,DF,25,1992,12.1,5,0,0,9,10,1,20,14,23,0,1,0,2018,misc,West Ham United
ENG-Premier League,2018/19,West Ham,Samir Nasri,FRA,MF,31,1987,2.7,0,0,0,3,2,3,3,1,0,0,0,0,2018,misc,West Ham United
ENG-Premier League,2018/19,West Ham,Xande Silva,POR,"FW,MF",21,1997,0.2,0,0,0,0,0,0,0,0,0,0,0,0,2018,misc,West Ham United
ENG-Premier League,2018/19,West Ham,Łukasz Fabiański,POL,GK,33,1985,38.0,0,0,0,0,6,0,0,1,1,0,0,0,2018,misc,West Ham United
ENG-Premier League,2018/19,Wolves,Adama Traoré,ESP,"MF,FW",22,1996,10.0,1,0,0,15,26,7,37,6,14,0,0,0,2018,misc,Wolverhampton Wanderers
ENG-Premier League,2018/19,Wolves,Conor Coady,ENG,DF,25,1993,38.0,5,0,0,11,11,0,0,31,19,0,0,3,2018,misc,Wolverhampton Wanderers
ENG-Premier League,2018/19,Wolves,Diogo Jota,POR,"FW,MF",21,1996,26.2,11,0,0,42,55,6,36,14,15,0,0,0,2018,misc,Wolverhampton Wanderers
ENG-Premier League,2018/19,Wolves,Hélder Costa,ANG,"MF,FW",24,1994,14.9,3,0,0,20,24,6,51,8,14,0,0,0,2018,misc,Wolverhampton Wanderers
ENG-Premier League,2018/19,Wolves,Ivan Cavaleiro,POR,"FW,MF",24,1993,7.7,1,0,0,13,5,6,54,4,4,0,1,0,2018,misc,Wolverhampton Wanderers
ENG-Premier League,2018/19,Wolves,John Ruddy,ENG,GK,31,1986,1.0,0,0,0,0,0,0,0,0,0,0,0,0,2018,misc,Wolverhampton Wanderers
ENG-Premier League,2018/19,Wolves,Jonny Castro,ESP,MF,24,1994,30.8,6,0,0,23,34,5,46,64,45,1,0,0,2018,misc,Wolverhampton Wanderers
ENG-Premier League,2018/19,Wolves,João Moutinho,POR,MF,31,1986,33.7,4,0,0,55,37,0,194,38,59,0,1,0,2018,misc,Wolverhampton Wanderers
ENG-Premier League,2018/19,Wolves,Leander Dendoncker,BEL,MF,23,1995,16.3,1,0,0,11,11,1,8,22,27,0,0,0,2018,misc,Wolverhampton Wanderers
ENG-Premier League,2018/19,Wolves,Léo Bonatini,BRA,FW,24,1994,1.5,0,0,0,0,0,0,4,0,1,0,0,0,2018,misc,Wolverhampton Wanderers
ENG-Premier League,2018/19,Wolves,Matt Doherty,IRL,MF,26,1992,34.9,5,0,0,30,21,3,66,60,44,2,0,1,2018,misc,Wolverhampton Wanderers
ENG-Premier League,2018/19,Wolves,Max Kilman,ENG,DF,21,1997,0.0,0,0,0,0,0,0,0,0,0,0,0,0,2018,misc,Wolverhampton Wanderers
ENG-Premier League,2018/19,Wolves,Morgan Gibbs-White,ENG,"MF,FW",18,2000,7.4,1,0,0,8,6,2,17,2,5,0,0,0,2018,misc,Wolverhampton Wanderers
ENG-Premier League,2018/19,Wolves,Raúl Jiménez,MEX,FW,27,1991,34.6,4,0,0,41,39,33,25,27,19,1,0,0,2018,misc,Wolverhampton Wanderers
ENG-Premier League,2018/19,Wolves,Romain Saïss,MAR,"MF,DF",28,1990,12.8,7,0,0,27,9,0,8,28,26,0,0,0,2018,misc,Wolverhampton Wanderers
ENG-Premier League,2018/19,Wolves,Rui Patrício,POR,GK,30,1988,37.0,1,0,0,0,1,0,0,0,1,0,0,0,2018,misc,Wolverhampton Wanderers
ENG-Premier League,2018/19,Wolves,Ryan Bennett,ENG,DF,28,1990,34.0,12,0,0,37,11,1,1,46,34,0,2,0,2018,misc,Wolverhampton Wanderers
ENG-Premier League,2018/19,Wolves,Rúben Neves,POR,MF,21,1997,33.4,8,0,0,37,19,0,28,73,35,0,0,0,2018,misc,Wolverhampton Wanderers
ENG-Premier League,2018/19,Wolves,Rúben Vinagre,POR,MF,19,1999,7.9,1,0,0,13,10,1,52,14,9,0,0,0,2018,misc,Wolverhampton Wanderers
ENG-Premier League,2018/19,Wolves,Will Norris,ENG,GK,24,1993,0.0,0,0,0,0,0,0,0,0,0,0,0,0,2018,misc,Wolverhampton Wanderers
ENG-Premier League,2018/19,Wolves,Willy Boly,CIV,DF,27,1991,35.2,2,1,0,29,14,3,0,68,53,0,0,0,2018,misc,Wolverhampton Wanderers
ENG-Premier League,2019/20,Arsenal,Ainsley Maitland-Niles,ENG,DF,21,1997,15.4,6,1,1,15,13,0,17,29,21,,,0,2019,misc,Arsenal
ENG-Premier League,2019/20,Arsenal,Alexandre Lacazette,FRA,FW,28,1991,20.8,8,0,0,43,45,13,15,7,16,,,0,2019,misc,Arsenal
ENG-Premier League,2019/20,Arsenal,Bernd Leno,GER,GK,27,1992,29.4,2,0,0,0,4,0,0,0,0,,,0,2019,misc,Arsenal
ENG-Premier League,2019/20,Arsenal,Bukayo Saka,ENG,"MF,DF",17,2001,19.5,6,0,0,22,28,10,67,12,21,,,0,2019,misc,Arsenal
ENG-Premier League,2019/20,Arsenal,Calum Chambers,ENG,DF,24,1995,12.2,5,0,0,18,4,0,34,15,10,,,0,2019,misc,Arsenal
ENG-Premier League,2019/20,Arsenal,Cédric Soares,POR,MF,27,1991,2.8,0,0,0,6,1,0,18,3,6,,,0,2019,misc,Arsenal
ENG-Premier League,2019/20,Arsenal,Dani Ceballos,ESP,MF,22,1996,18.8,1,0,0,19,35,0,72,30,25,,,0,2019,misc,Arsenal
ENG-Premier League,2019/20,Arsenal,David Luiz,BRA,DF,32,1987,31.2,5,2,0,30,14,1,5,30,16,,,0,2019,misc,Arsenal
ENG-Premier League,2019/20,Arsenal,Eddie Nketiah,ENG,FW,20,1999,7.0,0,1,0,16,10,3,1,1,5,,,0,2019,misc,Arsenal
ENG-Premier League,2019/20,Arsenal,Emile Smith Rowe,ENG,MF,19,2000,1.1,0,0,0,0,1,0,1,1,1,,,0,2019,misc,Arsenal
ENG-Premier League,2019/20,Arsenal,Emiliano Martínez,ARG,GK,26,1992,8.6,2,0,0,0,0,0,0,0,0,,,0,2019,misc,Arsenal
ENG-Premier League,2019/20,Arsenal,Gabriel Martinelli,BRA,MF,18,2001,7.4,1,0,0,9,10,2,22,3,16,,,0,2019,misc,Arsenal
ENG-Premier League,2019/20,Arsenal,Granit Xhaka,SUI,MF,26,1992,28.7,10,0,0,56,32,0,16,21,24,,,0,2019,misc,Arsenal
ENG-Premier League,2019/20,Arsenal,Henrikh Mkhitaryan,ARM,MF,30,1989,1.2,1,0,0,2,2,1,4,0,0,,,0,2019,misc,Arsenal
ENG-Premier League,2019/20,Arsenal,Héctor Bellerín,ESP,"DF,MF",24,1995,12.9,2,0,0,15,3,1,26,18,12,,,0,2019,misc,Arsenal
ENG-Premier League,2019/20,Arsenal,Joe Willock,ENG,MF,19,1999,9.5,2,0,0,10,13,0,7,3,15,,,0,2019,misc,Arsenal
ENG-Premier League,2019/20,Arsenal,Kieran Tierney,SCO,"DF,MF",22,1997,11.0,2,0,0,8,12,0,44,9,15,,,0,2019,misc,Arsenal
ENG-Premier League,2019/20,Arsenal,Lucas Torreira,URU,MF,23,1996,16.8,7,0,0,24,43,1,12,31,16,,,0,2019,misc,Arsenal
ENG-Premier League,2019/20,Arsenal,Mattéo Guendouzi,FRA,MF,20,1999,19.4,6,0,0,17,49,0,6,30,17,,,0,2019,misc,Arsenal
ENG-Premier League,2019/20,Arsenal,Mesut Özil,GER,MF,30,1988,16.0,1,0,0,14,18,6,71,5,8,,,0,2019,misc,Arsenal
ENG-Premier League,2019/20,Arsenal,Nacho Monreal,ESP,DF,33,1986,3.0,0,0,0,1,1,2,4,3,1,,,0,2019,misc,Arsenal
ENG-Premier League,2019/20,Arsenal,Nicolas Pépé,CIV,"MF,FW",24,1995,22.3,4,0,0,14,37,4,108,7,18,,,0,2019,misc,Arsenal
ENG-Premier League,2019/20,Arsenal,Pablo Marí,ESP,DF,25,1993,1.3,0,0,0,2,0,0,0,1,0,,,0,2019,misc,Arsenal
ENG-Premier League,2019/20,Arsenal,Pierre-Emerick Aubameyang,GAB,"FW,MF",30,1989,34.8,3,1,0,14,20,20,86,11,21,,,0,2019,misc,Arsenal
ENG-Premier League,2019/20,Arsenal,Reiss Nelson,ENG,"MF,FW",19,1999,7.0,1,0,0,8,8,4,26,3,8,,,0,2019,misc,Arsenal
ENG-Premier League,2019/20,Arsenal,Rob Holding,ENG,DF,23,1995,6.5,1,0,0,4,3,0,0,5,1,,,0,2019,misc,Arsenal
ENG-Premier League,2019/20,Arsenal,Sead Kolašinac,BIH,DF,26,1993,18.9,4,0,0,20,16,5,29,24,19,,,0,2019,misc,Arsenal
ENG-Premier League,2019/20,Arsenal,Shkodran Mustafi,GER,DF,27,1992,13.4,2,0,0,14,3,0,2,18,10,,,0,2019,misc,Arsenal
ENG-Premier League,2019/20,Arsenal,Sokratis Papastathopoulos,GRE,DF,31,1988,18.8,6,0,0,19,12,1,1,14,16,,,0,2019,misc,Arsenal
ENG-Premier League,2019/20,Aston Villa,Ahmed Elmohamady,EGY,DF,31,1987,11.5,1,0,0,13,5,2,58,13,9,,,0,2019,misc,Aston Villa
ENG-Premier League,2019/20,Aston Villa,Anwar El Ghazi,NED,"FW,MF",24,1995,22.8,3,0,0,20,18,12,106,12,11,,,0,2019,misc,Aston Villa
ENG-Premier League,2019/20,Aston Villa,Björn Engels,BEL,DF,24,1994,16.1,1,0,0,5,5,1,2,29,5,,,0,2019,misc,Aston Villa
ENG-Premier League,2019/20,Aston Villa,Borja Bastón,ESP,FW,26,1992,0.2,0,0,0,0,0,0,0,0,0,,,0,2019,misc,Aston Villa
ENG-Premier League,2019/20,Aston Villa,Conor Hourihane,IRL,MF,28,1991,17.0,4,0,0,14,21,4,112,12,9,,,0,2019,misc,Aston Villa
ENG-Premier League,2019/20,Aston Villa,Danny Drinkwater,ENG,MF,29,1990,2.9,1,0,0,7,1,0,1,5,2,,,0,2019,misc,Aston Villa
ENG-Premier League,2019/20,Aston Villa,Douglas Luiz,BRA,MF,21,1998,29.0,8,0,0,51,36,0,24,36,26,,,0,2019,misc,Aston Villa
ENG-Premier League,2019/20,Aston Villa,Ezri Konsa,ENG,DF,21,1997,22.7,3,0,0,17,32,1,13,21,10,,,0,2019,misc,Aston Villa
ENG-Premier League,2019/20,Aston Villa,Frederic Guilbert,FRA,"DF,MF",24,1994,22.7,7,0,0,36,21,2,91,48,45,,,0,2019,misc,Aston Villa
ENG-Premier League,2019/20,Aston Villa,Henri Lansbury,ENG,MF,28,1990,2.2,0,0,0,4,1,0,1,0,2,,,0,2019,misc,Aston Villa
ENG-Premier League,2019/20,Aston Villa,Indiana Vassilev,USA,"FW,MF",18,2001,0.6,0,0,0,0,1,2,0,0,0,,,0,2019,misc,Aston Villa
ENG-Premier League,2019/20,Aston Villa,Jack Grealish,ENG,"FW,MF",23,1995,35.9,8,0,0,36,167,4,140,25,17,,,0,2019,misc,Aston Villa
ENG-Premier League,2019/20,Aston Villa,Jed Steer,ENG,GK,26,1992,0.1,0,0,0,0,0,0,0,0,0,,,0,2019,misc,Aston Villa
ENG-Premier League,2019/20,Aston Villa,John McGinn,SCO,MF,24,1994,25.7,3,0,0,37,65,0,64,25,34,,,0,2019,misc,Aston Villa
ENG-Premier League,2019/20,Aston Villa,Jonathan Kodjia,CIV,FW,29,1989,1.3,1,0,0,1,2,0,0,0,0,,,0,2019,misc,Aston Villa
ENG-Premier League,2019/20,Aston Villa,Jota,ESP,"MF,FW",28,1991,3.7,0,0,0,6,2,0,2,3,1,,,0,2019,misc,Aston Villa
ENG-Premier League,2019/20,Aston Villa,Keinan Davis,ENG,FW,21,1998,6.1,0,0,0,12,11,3,1,0,1,,,0,2019,misc,Aston Villa
ENG-Premier League,2019/20,Aston Villa,Kortney Hause,ENG,DF,24,1995,17.2,3,0,0,24,9,1,0,20,10,,,0,2019,misc,Aston Villa
ENG-Premier League,2019/20,Aston Villa,Marvelous Nakamba,ZIM,MF,25,1994,20.4,5,0,0,26,24,0,3,38,29,,,0,2019,misc,Aston Villa
ENG-Premier League,2019/20,Aston Villa,Matt Targett,ENG,"DF,MF",23,1995,25.5,4,0,0,26,17,0,81,60,30,,,0,2019,misc,Aston Villa
ENG-Premier League,2019/20,Aston Villa,Mbwana Samatta,TAN,FW,26,1992,10.5,1,0,0,8,18,8,3,1,4,,,0,2019,misc,Aston Villa
ENG-Premier League,2019/20,Aston Villa,Neil Taylor,WAL,DF,30,1989,12.1,2,0,0,8,6,0,9,20,11,,,0,2019,misc,Aston Villa
ENG-Premier League,2019/20,Aston Villa,Pepe Reina,ESP,GK,36,1982,12.0,1,0,0,1,4,0,0,0,0,,,0,2019,misc,Aston Villa
ENG-Premier League,2019/20,Aston Villa,Tom Heaton,ENG,GK,33,1986,19.9,0,0,0,1,2,0,0,0,2,,,1,2019,misc,Aston Villa
ENG-Premier League,2019/20,Aston Villa,Trézéguet,EGY,"FW,MF",24,1994,21.7,4,1,1,35,32,5,65,26,17,,,0,2019,misc,Aston Villa
ENG-Premier League,2019/20,Aston Villa,Tyrone Mings,ENG,DF,26,1993,32.2,7,0,0,20,11,2,8,33,11,,,0,2019,misc,Aston Villa
ENG-Premier League,2019/20,Aston Villa,Wesley Moraes,BRA,FW,22,1996,19.8,3,0,0,43,14,14,7,4,7,,,0,2019,misc,Aston Villa
ENG-Premier League,2019/20,Aston Villa,Ørjan Nyland,NOR,GK,28,1990,6.0,0,0,0,0,0,0,0,0,0,,,0,2019,misc,Aston Villa
ENG-Premier League,2019/20,Bournemouth,Aaron Ramsdale,ENG,GK,21,1998,37.0,0,0,0,0,3,0,1,0,2,,,0,2019,misc,AFC Bournemouth
ENG-Premier League,2019/20,Bournemouth,Adam Smith,ENG,DF,28,1991,22.8,7,0,0,25,40,2,28,25,34,,,0,2019,misc,AFC Bournemouth
ENG-Premier League,2019/20,Bournemouth,Andrew Surman,ENG,MF,32,1986,2.6,1,0,0,1,1,0,3,1,2,,,0,2019,misc,AFC Bournemouth
ENG-Premier League,2019/20,Bournemouth,Arnaut Danjuma,NED,MF,22,1997,7.0,0,0,0,0,5,5,9,8,2,,,0,2019,misc,AFC Bournemouth
ENG-Premier League,2019/20,Bournemouth,Callum Wilson,ENG,FW,27,1992,32.3,10,0,0,55,40,34,21,3,9,,,0,2019,misc,AFC Bournemouth
ENG-Premier League,2019/20,Bournemouth,Charlie Daniels,ENG,DF,32,1986,1.4,0,0,0,0,0,0,5,1,1,,,0,2019,misc,AFC Bournemouth
ENG-Premier League,2019/20,Bournemouth,Chris Mepham,WAL,DF,21,1997,10.1,1,0,0,11,5,1,3,17,9,,,0,2019,misc,AFC Bournemouth
ENG-Premier League,2019/20,Bournemouth,Dan Gosling,ENG,MF,29,1990,14.0,3,0,0,21,17,2,3,20,11,,,0,2019,misc,AFC Bournemouth
ENG-Premier League,2019/20,Bournemouth,David Brooks,WAL,MF,22,1997,5.6,1,0,0,4,6,0,24,3,4,,,0,2019,misc,AFC Bournemouth
ENG-Premier League,2019/20,Bournemouth,Diego Rico,ESP,DF,26,1993,25.9,6,0,0,18,22,2,174,80,40,,,0,2019,misc,AFC Bournemouth
ENG-Premier League,2019/20,Bournemouth,Dominic Solanke,ENG,FW,21,1997,18.3,1,0,0,15,23,4,6,8,3,,,0,2019,misc,AFC Bournemouth
ENG-Premier League,2019/20,Bournemouth,Harry Wilson,WAL,"MF,FW",22,1997,18.3,2,0,0,12,41,1,35,12,14,,,0,2019,misc,AFC Bournemouth
ENG-Premier League,2019/20,Bournemouth,Jack Simpson,ENG,DF,22,1996,2.7,0,0,0,1,1,0,0,2,2,,,0,2019,misc,AFC Bournemouth
ENG-Premier League,2019/20,Bournemouth,Jack Stacey,ENG,DF,23,1996,17.2,2,0,0,10,10,1,34,21,11,,,0,2019,misc,AFC Bournemouth
ENG-Premier League,2019/20,Bournemouth,Jefferson Lerma,COL,MF,24,1994,30.0,13,1,1,42,37,1,6,54,33,,,0,2019,misc,AFC Bournemouth
ENG-Premier League,2019/20,Bournemouth,Jordon Ibe,ENG,"FW,MF",23,1995,0.6,0,0,0,0,2,0,3,0,2,,,0,2019,misc,AFC Bournemouth
ENG-Premier League,2019/20,Bournemouth,Joshua King,NOR,"FW,MF",27,1992,22.3,0,0,0,37,27,7,23,5,6,,,0,2019,misc,AFC Bournemouth
ENG-Premier League,2019/20,Bournemouth,Junior Stanislas,ENG,"MF,DF",29,1989,7.9,1,0,0,5,4,1,37,5,7,,,0,2019,misc,AFC Bournemouth
ENG-Premier League,2019/20,Bournemouth,Lewis Cook,ENG,MF,22,1997,15.0,5,0,0,23,11,0,9,21,14,,,0,2019,misc,AFC Bournemouth
ENG-Premier League,2019/20,Bournemouth,Lloyd Kelly,ENG,DF,20,1998,7.1,2,0,0,7,2,0,6,6,5,,,0,2019,misc,AFC Bournemouth
ENG-Premier League,2019/20,Bournemouth,Mark Travers,IRL,GK,20,1999,1.0,0,0,0,0,0,0,0,0,0,,,0,2019,misc,AFC Bournemouth
ENG-Premier League,2019/20,Bournemouth,Nathan Aké,NED,DF,24,1995,27.8,2,0,0,9,13,3,4,33,23,,,0,2019,misc,AFC Bournemouth
ENG-Premier League,2019/20,Bournemouth,Philip Billing,DEN,MF,23,1996,28.1,8,0,0,38,23,2,15,71,47,,,0,2019,misc,AFC Bournemouth
ENG-Premier League,2019/20,Bournemouth,Ryan Fraser,SCO,"MF,FW",25,1994,23.0,2,0,0,10,36,1,173,16,7,,,0,2019,misc,AFC Bournemouth
ENG-Premier League,2019/20,Bournemouth,Sam Surridge,ENG,FW,21,1998,0.3,0,0,0,1,1,0,1,1,0,,,0,2019,misc,AFC Bournemouth
ENG-Premier League,2019/20,Bournemouth,Simon Francis,ENG,DF,34,1985,10.8,5,1,1,7,1,0,16,20,9,,,0,2019,misc,AFC Bournemouth
ENG-Premier League,2019/20,Bournemouth,Steve Cook,ENG,DF,28,1991,27.0,6,1,0,17,15,1,2,45,11,,,0,2019,misc,AFC Bournemouth
ENG-Premier League,2019/20,Brighton,Aaron Connolly,IRL,FW,19,2000,14.0,0,0,0,16,38,14,9,0,7,,,0,2019,misc,Brighton & Hove Albion
ENG-Premier League,2019/20,Brighton,Aaron Mooy,AUS,"MF,FW",28,1990,23.2,3,1,1,13,11,0,107,23,25,,,0,2019,misc,Brighton & Hove Albion
ENG-Premier League,2019/20,Brighton,Adam Webster,ENG,DF,24,1995,29.6,4,0,0,13,19,0,6,43,18,,,1,2019,misc,Brighton & Hove Albion
ENG-Premier League,2019/20,Brighton,Alexis Mac Allister,ARG,"MF,FW",20,1998,3.9,0,0,0,4,4,1,23,1,5,,,0,2019,misc,Brighton & Hove Albion
ENG-Premier League,2019/20,Brighton,Alireza Jahanbakhsh,IRN,"MF,FW",25,1993,3.5,0,0,0,2,7,1,24,1,5,,,0,2019,misc,Brighton & Hove Albion
ENG-Premier League,2019/20,Brighton,Bernardo,BRA,"DF,MF",24,1995,7.5,1,0,0,3,2,4,17,7,17,,,0,2019,misc,Brighton & Hove Albion
ENG-Premier League,2019/20,Brighton,Dale Stephens,ENG,MF,30,1989,28.1,8,0,0,41,7,0,4,58,44,,,0,2019,misc,Brighton & Hove Albion
ENG-Premier League,2019/20,Brighton,Dan Burn,ENG,DF,27,1992,32.0,5,0,0,32,13,3,52,37,44,,,0,2019,misc,Brighton & Hove Albion
ENG-Premier League,2019/20,Brighton,Davy Pröpper,NED,MF,27,1991,31.4,4,0,0,31,18,0,37,30,32,,,0,2019,misc,Brighton & Hove Albion
ENG-Premier League,2019/20,Brighton,Ezequiel Schelotto,ITA,"DF,MF",30,1989,4.0,2,0,0,6,4,1,16,7,3,,,0,2019,misc,Brighton & Hove Albion
ENG-Premier League,2019/20,Brighton,Florin Andone,ROU,FW,26,1993,0.8,0,1,0,2,3,0,0,0,1,,,0,2019,misc,Brighton & Hove Albion
ENG-Premier League,2019/20,Brighton,Gaëtan Bong,CMR,DF,31,1988,0.7,0,0,0,0,1,0,5,0,0,,,0,2019,misc,Brighton & Hove Albion
ENG-Premier League,2019/20,Brighton,Glenn Murray,ENG,FW,35,1983,8.9,0,0,0,15,15,10,4,1,1,,,0,2019,misc,Brighton & Hove Albion
ENG-Premier League,2019/20,Brighton,Jürgen Locadia,CUW,MF,25,1993,1.0,0,0,0,0,2,0,1,0,0,,,0,2019,misc,Brighton & Hove Albion
ENG-Premier League,2019/20,Brighton,Leandro Trossard,BEL,"MF,FW",24,1994,22.3,0,0,0,13,11,4,76,8,17,,,0,2019,misc,Brighton & Hove Albion
ENG-Premier League,2019/20,Brighton,Lewis Dunk,ENG,DF,27,1991,35.9,9,0,0,19,19,1,1,54,25,,,0,2019,misc,Brighton & Hove Albion
ENG-Premier League,2019/20,Brighton,Martín Montoya,ESP,"DF,MF",28,1991,21.1,5,0,0,27,15,4,45,29,30,,,0,2019,misc,Brighton & Hove Albion
ENG-Premier League,2019/20,Brighton,Mathew Ryan,AUS,GK,27,1992,38.0,0,0,0,0,4,0,0,2,1,,,0,2019,misc,Brighton & Hove Albion
ENG-Premier League,2019/20,Brighton,Neal Maupay,FRA,FW,22,1996,30.7,3,0,0,37,46,15,12,5,11,,,0,2019,misc,Brighton & Hove Albion
ENG-Premier League,2019/20,Brighton,Pascal Groß,GER,"MF,FW",28,1991,20.0,4,0,0,25,12,8,146,9,14,,,1,2019,misc,Brighton & Hove Albion
ENG-Premier League,2019/20,Brighton,Shane Duffy,IRL,DF,27,1992,13.8,2,0,0,14,10,0,1,21,9,,,0,2019,misc,Brighton & Hove Albion
ENG-Premier League,2019/20,Brighton,Solly March,ENG,"MF,FW",25,1994,12.7,2,0,0,11,12,2,64,21,13,,,0,2019,misc,Brighton & Hove Albion
ENG-Premier League,2019/20,Brighton,Steven Alzate,COL,"MF,DF",20,1998,13.2,1,0,0,17,18,3,9,13,19,,,0,2019,misc,Brighton & Hove Albion
ENG-Premier League,2019/20,Brighton,Tariq Lamptey,GHA,"DF,MF",18,2000,6.5,2,0,0,13,17,0,22,18,6,,,0,2019,misc,Brighton & Hove Albion
ENG-Premier League,2019/20,Brighton,Yves Bissouma,MLI,MF,22,1996,14.0,4,0,0,31,15,0,6,22,37,,,0,2019,misc,Brighton & Hove Albion
ENG-Premier League,2019/20,Burnley,Aaron Lennon,ENG,MF,32,1987,5.5,4,0,0,11,7,0,8,7,9,,,0,2019,misc,Burnley
ENG-Premier League,2019/20,Burnley,Ashley Barnes,ENG,FW,29,1989,15.0,4,0,0,35,40,13,5,6,4,,,0,2019,misc,Burnley
ENG-Premier League,2019/20,Burnley,Ashley Westwood,ENG,MF,29,1990,35.0,9,0,0,33,33,1,146,32,34,,,0,2019,misc,Burnley
ENG-Premier League,2019/20,Burnley,Ben Mee,ENG,DF,29,1989,32.0,7,0,0,26,21,3,2,44,22,,,0,2019,misc,Burnley
ENG-Premier League,2019/20,Burnley,Charlie Taylor,ENG,DF,25,1993,21.6,3,0,0,17,28,2,88,29,24,,,0,2019,misc,Burnley
ENG-Premier League,2019/20,Burnley,Chris Wood,NZL,FW,27,1991,27.1,1,0,0,34,28,34,8,4,4,,,1,2019,misc,Burnley
ENG-Premier League,2019/20,Burnley,Danny Drinkwater,ENG,MF,29,1990,0.6,0,0,0,1,0,0,0,1,1,,,0,2019,misc,Burnley
ENG-Premier League,2019/20,Burnley,Dwight McNeil,ENG,MF,19,1999,37.1,5,0,0,29,41,0,256,28,34,,,0,2019,misc,Burnley
ENG-Premier League,2019/20,Burnley,Erik Pieters,NED,"DF,MF",30,1988,20.9,2,0,0,21,20,0,41,27,31,,,0,2019,misc,Burnley
ENG-Premier League,2019/20,Burnley,Jack Cork,ENG,MF,30,1989,29.0,1,0,0,32,25,1,6,29,24,,,0,2019,misc,Burnley
ENG-Premier League,2019/20,Burnley,James Tarkowski,ENG,DF,26,1992,38.0,10,0,0,48,31,3,4,61,43,,,0,2019,misc,Burnley
ENG-Premier League,2019/20,Burnley,Jay Rodriguez,ENG,FW,30,1989,22.4,1,0,0,26,15,22,14,5,17,,,0,2019,misc,Burnley
ENG-Premier League,2019/20,Burnley,Jeff Hendrick,IRL,MF,27,1992,21.5,8,0,0,17,16,4,31,19,10,,,0,2019,misc,Burnley
ENG-Premier League,2019/20,Burnley,Josh Brownhill,ENG,MF,23,1995,8.9,2,0,0,6,9,0,2,13,10,,,0,2019,misc,Burnley
ENG-Premier League,2019/20,Burnley,Jóhann Berg Guðmundsson,ISL,MF,28,1990,6.9,0,0,0,8,4,1,35,7,2,,,0,2019,misc,Burnley
ENG-Premier League,2019/20,Burnley,Kevin Long,IRL,DF,28,1990,6.3,0,0,0,9,6,0,0,4,5,,,0,2019,misc,Burnley
ENG-Premier League,2019/20,Burnley,Matthew Lowton,ENG,DF,30,1989,17.0,2,0,0,14,11,0,43,26,23,,,0,2019,misc,Burnley
ENG-Premier League,2019/20,Burnley,Matěj Vydra,CZE,FW,27,1992,9.1,0,0,0,1,12,3,3,1,3,,,0,2019,misc,Burnley
ENG-Premier League,2019/20,Burnley,Max Thompson,ENG,FW,17,2002,0.0,0,0,0,0,0,0,0,0,0,,,0,2019,misc,Burnley
ENG-Premier League,2019/20,Burnley,Nick Pope,ENG,GK,27,1992,38.0,1,0,0,0,6,0,0,2,1,,,0,2019,misc,Burnley
ENG-Premier League,2019/20,Burnley,Phil Bardsley,SCO,DF,34,1985,21.0,6,0,0,36,14,0,30,29,37,,,0,2019,misc,Burnley
ENG-Premier League,2019/20,Burnley,Robbie Brady,IRL,MF,27,1992,5.0,1,0,0,8,4,1,12,5,8,,,0,2019,misc,Burnley
ENG-Premier League,2019/20,Chelsea,Andreas Christensen,DEN,DF,23,1996,19.5,5,0,0,17,10,0,0,31,23,,,0,2019,misc,Chelsea
ENG-Premier League,2019/20,Chelsea,Antonio Rüdiger,GER,DF,26,1993,19.0,3,0,0,19,8,0,7,13,19,,,1,2019,misc,Chelsea
ENG-Premier League,2019/20,Chelsea,Armando Broja,ALB,FW,17,2001,0.1,0,0,0,0,1,0,0,0,0,,,0,2019,misc,Chelsea
ENG-Premier League,2019/20,Chelsea,Billy Gilmour,SCO,MF,18,2001,2.2,0,0,0,3,1,0,1,3,2,,,0,2019,misc,Chelsea
ENG-Premier League,2019/20,Chelsea,Callum Hudson-Odoi,ENG,"MF,FW",18,2000,9.6,1,0,0,11,13,3,63,2,6,,,0,2019,misc,Chelsea
ENG-Premier League,2019/20,Chelsea,Christian Pulisic,USA,"FW,MF",20,1998,19.1,0,0,0,13,30,3,34,7,13,,,0,2019,misc,Chelsea
ENG-Premier League,2019/20,Chelsea,César Azpilicueta,ESP,"DF,MF",29,1989,35.9,1,0,0,41,15,3,118,66,54,,,0,2019,misc,Chelsea
ENG-Premier League,2019/20,Chelsea,Emerson Palmieri,ITA,"DF,MF",24,1994,11.4,3,0,0,4,16,2,54,17,13,,,0,2019,misc,Chelsea
ENG-Premier League,2019/20,Chelsea,Faustino Anjorin,ENG,MF,17,2001,0.2,0,0,0,0,1,0,0,0,0,,,0,2019,misc,Chelsea
ENG-Premier League,2019/20,Chelsea,Fikayo Tomori,ENG,DF,21,1997,14.3,3,0,0,7,6,1,4,20,16,,,0,2019,misc,Chelsea
ENG-Premier League,2019/20,Chelsea,Jorginho,ITA,MF,27,1991,26.4,10,0,0,27,30,0,9,64,40,,,0,2019,misc,Chelsea
ENG-Premier League,2019/20,Chelsea,Kepa Arrizabalaga,ESP,GK,24,1994,33.0,0,0,0,0,5,0,0,1,1,,,0,2019,misc,Chelsea
ENG-Premier League,2019/20,Chelsea,Kurt Zouma,FRA,DF,24,1994,26.0,6,0,0,30,14,1,0,55,14,,,1,2019,misc,Chelsea
ENG-Premier League,2019/20,Chelsea,Marcos Alonso,ESP,"DF,MF",28,1990,15.9,4,0,0,16,15,2,67,20,15,,,0,2019,misc,Chelsea
ENG-Premier League,2019/20,Chelsea,Mason Mount,ENG,"MF,FW",20,1999,31.9,3,0,0,37,38,4,135,15,16,,,0,2019,misc,Chelsea
ENG-Premier League,2019/20,Chelsea,Mateo Kovačić,CRO,MF,25,1994,23.0,8,0,0,20,38,0,8,20,37,,,0,2019,misc,Chelsea
ENG-Premier League,2019/20,Chelsea,Michy Batshuayi,BEL,FW,25,1993,2.7,0,0,0,4,4,7,0,0,0,,,0,2019,misc,Chelsea
ENG-Premier League,2019/20,Chelsea,N'Golo Kanté,FRA,MF,28,1991,19.2,4,0,0,45,9,0,26,46,18,,,0,2019,misc,Chelsea
ENG-Premier League,2019/20,Chelsea,Olivier Giroud,FRA,FW,32,1986,11.0,1,0,0,17,9,9,2,2,2,,,0,2019,misc,Chelsea
ENG-Premier League,2019/20,Chelsea,Pedro,ESP,"MF,FW",32,1987,7.3,1,0,0,8,11,0,21,9,6,,,0,2019,misc,Chelsea
ENG-Premier League,2019/20,Chelsea,Reece James,ENG,"DF,MF",19,1999,16.8,1,0,0,22,21,1,110,23,24,,,0,2019,misc,Chelsea
ENG-Premier League,2019/20,Chelsea,Ross Barkley,ENG,MF,25,1993,12.3,0,0,0,9,15,0,12,8,9,,,0,2019,misc,Chelsea
ENG-Premier League,2019/20,Chelsea,Ruben Loftus-Cheek,ENG,"MF,FW",23,1996,2.3,0,0,0,2,3,0,1,1,0,,,0,2019,misc,Chelsea
ENG-Premier League,2019/20,Chelsea,Tammy Abraham,ENG,FW,21,1997,24.6,2,0,0,17,24,23,10,5,4,,,1,2019,misc,Chelsea
ENG-Premier League,2019/20,Chelsea,Tariq Lamptey,GHA,"DF,MF",18,2000,0.4,0,0,0,0,1,0,2,0,2,,,0,2019,misc,Chelsea
ENG-Premier League,2019/20,Chelsea,Willian,BRA,"FW,MF",30,1988,28.9,4,0,0,17,45,4,175,20,25,,,0,2019,misc,Chelsea
ENG-Premier League,2019/20,Chelsea,Willy Caballero,ARG,GK,37,1981,5.0,0,0,0,0,0,0,0,0,0,,,0,2019,misc,Chelsea
ENG-Premier League,2019/20,Crystal Palace,Andros Townsend,ENG,MF,28,1991,14.4,0,0,0,9,26,1,66,16,22,,,0,2019,misc,Crystal Palace
ENG-Premier League,2019/20,Crystal Palace,Brandon Pierrick,ENG,MF,17,2001,0.2,0,0,0,0,0,0,2,1,0,,,0,2019,misc,Crystal Palace
ENG-Premier League,2019/20,Crystal Palace,Cenk Tosun,TUR,FW,28,1991,2.0,0,0,0,4,4,1,2,0,2,,,0,2019,misc,Crystal Palace
ENG-Premier League,2019/20,Crystal Palace,Cheikhou Kouyaté,SEN,MF,29,1989,28.1,4,0,0,35,28,2,15,38,37,,,0,2019,misc,Crystal Palace
ENG-Premier League,2019/20,Crystal Palace,Christian Benteke,BEL,FW,28,1990,14.0,4,1,0,25,20,12,5,4,5,,,0,2019,misc,Crystal Palace
ENG-Premier League,2019/20,Crystal Palace,Connor Wickham,ENG,"FW,MF",26,1993,1.1,0,0,0,4,0,1,0,0,1,,,0,2019,misc,Crystal Palace
ENG-Premier League,2019/20,Crystal Palace,Gary Cahill,ENG,DF,33,1985,24.1,1,0,0,14,12,0,0,18,8,,,0,2019,misc,Crystal Palace
ENG-Premier League,2019/20,Crystal Palace,James McArthur,SCO,MF,31,1987,34.3,6,0,0,56,35,4,42,61,50,,,0,2019,misc,Crystal Palace
ENG-Premier League,2019/20,Crystal Palace,James McCarthy,IRL,MF,28,1990,18.7,9,0,0,31,18,0,35,27,44,,,0,2019,misc,Crystal Palace
ENG-Premier League,2019/20,Crystal Palace,James Tomkins,ENG,DF,30,1989,17.6,5,0,0,13,11,1,1,23,18,,,0,2019,misc,Crystal Palace
ENG-Premier League,2019/20,Crystal Palace,Jaïro Riedewald,NED,"DF,MF",22,1996,8.5,0,0,0,3,2,0,6,15,10,,,0,2019,misc,Crystal Palace
ENG-Premier League,2019/20,Crystal Palace,Jeffrey Schlupp,GHA,MF,26,1992,11.5,2,0,0,17,12,1,9,13,10,,,0,2019,misc,Crystal Palace
ENG-Premier League,2019/20,Crystal Palace,Joel Ward,ENG,DF,29,1989,26.5,4,0,0,24,29,0,37,52,43,,,0,2019,misc,Crystal Palace
ENG-Premier League,2019/20,Crystal Palace,Jordan Ayew,GHA,"FW,MF",27,1991,35.0,6,0,0,59,105,9,25,13,29,,,0,2019,misc,Crystal Palace
ENG-Premier League,2019/20,Crystal Palace,Luka Milivojević,SRB,MF,28,1991,27.9,12,0,0,49,27,1,146,39,32,,,0,2019,misc,Crystal Palace
ENG-Premier League,2019/20,Crystal Palace,Mamadou Sakho,FRA,DF,29,1990,10.3,1,1,0,3,2,0,0,22,5,,,0,2019,misc,Crystal Palace
ENG-Premier League,2019/20,Crystal Palace,Martin Kelly,ENG,DF,29,1990,17.2,0,0,0,9,0,0,20,15,17,,,0,2019,misc,Crystal Palace
ENG-Premier League,2019/20,Crystal Palace,Max Meyer,GER,"MF,FW",23,1995,7.3,1,0,0,6,16,2,9,9,13,,,0,2019,misc,Crystal Palace
ENG-Premier League,2019/20,Crystal Palace,Patrick van Aanholt,NED,DF,28,1990,27.9,0,0,0,9,8,2,88,46,24,,,1,2019,misc,Crystal Palace
ENG-Premier League,2019/20,Crystal Palace,Scott Dann,ENG,DF,32,1987,14.1,0,0,0,5,0,0,2,14,4,,,0,2019,misc,Crystal Palace
ENG-Premier League,2019/20,Crystal Palace,Tyrick Mitchell,ENG,DF,19,1999,2.2,1,0,0,1,1,0,4,3,2,,,0,2019,misc,Crystal Palace
ENG-Premier League,2019/20,Crystal Palace,Vicente Guaita,ESP,GK,32,1987,35.0,1,0,0,0,3,0,0,0,1,,,1,2019,misc,Crystal Palace
ENG-Premier League,2019/20,Crystal Palace,Víctor Camarasa,ESP,MF,25,1994,0.1,0,0,0,0,0,0,0,0,0,,,0,2019,misc,Crystal Palace
ENG-Premier League,2019/20,Crystal Palace,Wayne Hennessey,WAL,GK,32,1987,3.0,0,0,0,0,0,0,0,1,0,,,0,2019,misc,Crystal Palace
ENG-Premier League,2019/20,Crystal Palace,Wilfried Zaha,CIV,"MF,FW",26,1992,36.4,5,0,0,48,119,16,67,16,19,,,0,2019,misc,Crystal Palace
ENG-Premier League,2019/20,Everton,Alex Iwobi,NGA,MF,23,1996,17.7,0,0,0,12,4,0,48,13,18,,,0,2019,misc,Everton
ENG-Premier League,2019/20,Everton,André Gomes,POR,MF,26,1993,16.2,6,0,0,38,19,0,12,7,16,,,0,2019,misc,Everton
ENG-Premier League,2019/20,Everton,Anthony Gordon,ENG,MF,18,2001,4.9,0,0,0,9,12,1,8,8,8,,,0,2019,misc,Everton
ENG-Premier League,2019/20,Everton,Bernard,BRA,MF,26,1992,14.2,2,0,0,19,10,0,36,16,19,,,0,2019,misc,Everton
ENG-Premier League,2019/20,Everton,Cenk Tosun,TUR,FW,28,1991,3.2,0,0,0,4,4,1,2,0,0,,,0,2019,misc,Everton
ENG-Premier League,2019/20,Everton,Djibril Sidibé,FRA,"DF,MF",27,1992,20.3,3,0,0,24,19,2,70,41,46,,,0,2019,misc,Everton
ENG-Premier League,2019/20,Everton,Dominic Calvert-Lewin,ENG,FW,22,1997,29.2,9,0,0,57,44,13,19,6,4,,,0,2019,misc,Everton
ENG-Premier League,2019/20,Everton,Fabian Delph,ENG,MF,29,1989,13.2,5,1,1,18,7,0,8,16,12,,,0,2019,misc,Everton
ENG-Premier League,2019/20,Everton,Gylfi Sigurðsson,ISL,MF,29,1989,28.4,3,0,0,34,23,2,131,36,27,,,0,2019,misc,Everton
ENG-Premier League,2019/20,Everton,Jarrad Branthwaite,ENG,DF,17,2002,3.3,0,0,0,3,3,0,0,1,8,,,0,2019,misc,Everton
ENG-Premier League,2019/20,Everton,Jean-Philippe Gbamin,CIV,MF,23,1995,1.5,0,0,0,2,2,0,0,1,3,,,0,2019,misc,Everton
ENG-Premier League,2019/20,Everton,Jordan Pickford,ENG,GK,25,1994,38.0,2,0,0,1,8,0,0,1,0,,,0,2019,misc,Everton
ENG-Premier League,2019/20,Everton,Leighton Baines,ENG,"DF,MF",34,1984,4.5,0,0,0,1,4,0,27,5,7,,,0,2019,misc,Everton
ENG-Premier League,2019/20,Everton,Lucas Digne,FRA,DF,26,1993,33.7,6,0,0,45,28,3,270,46,52,,,1,2019,misc,Everton
ENG-Premier League,2019/20,Everton,Mason Holgate,JAM,DF,22,1996,22.8,5,0,0,17,25,1,2,32,26,,,0,2019,misc,Everton
ENG-Premier League,2019/20,Everton,Michael Keane,ENG,DF,26,1993,28.4,3,0,0,21,8,0,0,46,17,,,1,2019,misc,Everton
ENG-Premier League,2019/20,Everton,Moise Kean,ITA,FW,19,2000,9.5,1,0,0,27,11,4,12,6,6,,,0,2019,misc,Everton
ENG-Premier League,2019/20,Everton,Morgan Schneiderlin,FRA,MF,29,1989,11.1,6,1,1,18,2,0,8,21,22,,,0,2019,misc,Everton
ENG-Premier League,2019/20,Everton,Oumar Niasse,SEN,"FW,MF",29,1990,0.2,0,0,0,2,0,0,1,1,0,,,0,2019,misc,Everton
ENG-Premier League,2019/20,Everton,Richarlison,BRA,"FW,MF",22,1997,34.1,8,0,0,43,72,17,56,12,49,,,0,2019,misc,Everton
ENG-Premier League,2019/20,Everton,Séamus Coleman,IRL,DF,30,1988,20.4,5,1,1,19,19,1,42,24,31,,,0,2019,misc,Everton
ENG-Premier League,2019/20,Everton,Theo Walcott,ENG,MF,30,1989,14.3,1,0,0,9,17,10,41,8,8,,,0,2019,misc,Everton
ENG-Premier League,2019/20,Everton,Tom Davies,ENG,MF,21,1998,22.5,8,0,0,29,40,1,8,34,17,,,0,2019,misc,Everton
ENG-Premier League,2019/20,Everton,Yerry Mina,COL,DF,24,1994,25.4,3,0,0,20,13,2,4,29,21,,,1,2019,misc,Everton
ENG-Premier League,2019/20,Leicester City,Ayoze Pérez,ESP,"MF,FW",26,1993,22.3,0,0,0,30,30,7,29,13,25,,,0,2019,misc,Leicester City
ENG-Premier League,2019/20,Leicester City,Ben Chilwell,ENG,DF,22,1996,26.4,3,0,0,28,30,1,104,28,26,,,0,2019,misc,Leicester City
ENG-Premier League,2019/20,Leicester City,Christian Fuchs,AUT,"DF,MF",33,1986,8.6,0,0,0,3,0,1,16,16,9,,,0,2019,misc,Leicester City
ENG-Premier League,2019/20,Leicester City,Demarai Gray,JAM,MF,23,1996,6.9,1,0,0,2,10,3,31,5,6,,,0,2019,misc,Leicester City
ENG-Premier League,2019/20,Leicester City,Dennis Praet,BEL,MF,25,1994,12.6,2,0,0,17,13,1,21,15,19,,,0,2019,misc,Leicester City
ENG-Premier League,2019/20,Leicester City,George Hirst,SCO,FW,20,1999,0.1,0,0,0,0,2,0,0,0,0,,,0,2019,misc,Leicester City
ENG-Premier League,2019/20,Leicester City,Hamza Choudhury,BAN,MF,21,1997,9.9,4,1,1,12,7,0,4,27,8,,,0,2019,misc,Leicester City
ENG-Premier League,2019/20,Leicester City,Harvey Barnes,ENG,MF,21,1997,23.1,0,0,0,21,29,4,42,5,10,,,0,2019,misc,Leicester City
ENG-Premier League,2019/20,Leicester City,James Justin,ENG,"DF,MF",21,1998,11.2,1,0,0,8,20,1,38,9,18,,,1,2019,misc,Leicester City
ENG-Premier League,2019/20,Leicester City,James Maddison,ENG,"MF,FW",22,1996,29.2,4,0,0,36,88,4,220,10,32,,,0,2019,misc,Leicester City
ENG-Premier League,2019/20,Leicester City,Jamie Vardy,ENG,FW,32,1987,33.7,2,0,0,19,12,28,33,2,12,,,0,2019,misc,Leicester City
ENG-Premier League,2019/20,Leicester City,Jonny Evans,NIR,DF,31,1988,37.6,8,1,0,36,27,2,8,58,32,,,1,2019,misc,Leicester City
ENG-Premier League,2019/20,Leicester City,Kasper Schmeichel,DEN,GK,32,1986,38.0,2,0,0,0,7,0,0,0,1,,,0,2019,misc,Leicester City
ENG-Premier League,2019/20,Leicester City,Kelechi Iheanacho,NGA,FW,22,1996,10.7,1,0,0,24,13,9,2,4,1,,,0,2019,misc,Leicester City
ENG-Premier League,2019/20,Leicester City,Luke Thomas,ENG,MF,18,2001,3.0,0,0,0,1,3,0,16,4,0,,,0,2019,misc,Leicester City
ENG-Premier League,2019/20,Leicester City,Marc Albrighton,ENG,MF,29,1989,9.6,2,0,0,8,11,1,68,8,16,,,0,2019,misc,Leicester City
ENG-Premier League,2019/20,Leicester City,Matty James,ENG,MF,28,1991,0.1,0,0,0,0,0,0,0,0,0,,,0,2019,misc,Leicester City
ENG-Premier League,2019/20,Leicester City,Nampalys Mendy,SEN,MF,27,1992,3.2,0,0,0,4,8,0,2,6,5,,,0,2019,misc,Leicester City
ENG-Premier League,2019/20,Leicester City,Ricardo Pereira,POR,DF,25,1993,28.0,1,0,0,44,37,0,57,43,70,,,0,2019,misc,Leicester City
ENG-Premier League,2019/20,Leicester City,Ryan Bennett,ENG,DF,29,1990,3.7,0,0,0,3,0,0,2,7,4,,,0,2019,misc,Leicester City
ENG-Premier League,2019/20,Leicester City,Wes Morgan,JAM,DF,35,1984,4.8,0,0,0,4,1,0,0,7,1,,,0,2019,misc,Leicester City
ENG-Premier League,2019/20,Leicester City,Wilfred Ndidi,NGA,MF,22,1996,29.7,6,0,0,56,27,1,3,84,70,,,0,2019,misc,Leicester City
ENG-Premier League,2019/20,Leicester City,Youri Tielemans,BEL,MF,22,1997,31.4,2,0,0,33,49,1,82,29,29,,,0,2019,misc,Leicester City
ENG-Premier League,2019/20,Leicester City,Çağlar Söyüncü,TUR,DF,23,1996,33.7,4,1,0,29,20,1,4,43,42,,,0,2019,misc,Leicester City
ENG-Premier League,2019/20,Liverpool,Adam Lallana,ENG,MF,31,1988,4.2,1,0,0,7,8,1,3,4,9,,,0,2019,misc,Liverpool
ENG-Premier League,2019/20,Liverpool,Adrián,ESP,GK,32,1987,9.7,1,0,0,0,1,0,0,0,1,,,0,2019,misc,Liverpool
ENG-Premier League,2019/20,Liverpool,Alex Oxlade-Chamberlain,ENG,"MF,FW",25,1993,16.5,1,0,0,17,14,2,45,22,9,,,1,2019,misc,Liverpool
ENG-Premier League,2019/20,Liverpool,Alisson,BRA,GK,26,1992,28.3,0,1,0,1,1,0,0,1,0,,,0,2019,misc,Liverpool
ENG-Premier League,2019/20,Liverpool,Andy Robertson,SCO,DF,25,1994,34.6,2,0,0,18,13,2,204,38,30,,,0,2019,misc,Liverpool
ENG-Premier League,2019/20,Liverpool,Curtis Jones,ENG,MF,18,2001,1.4,0,0,0,3,0,0,0,2,4,,,0,2019,misc,Liverpool
ENG-Premier League,2019/20,Liverpool,Dejan Lovren,CRO,DF,30,1989,8.6,1,0,0,4,8,0,1,11,8,,,0,2019,misc,Liverpool
ENG-Premier League,2019/20,Liverpool,Divock Origi,BEL,FW,24,1995,8.0,1,0,0,12,16,0,18,4,9,,,0,2019,misc,Liverpool
ENG-Premier League,2019/20,Liverpool,Fabinho,BRA,MF,25,1993,23.1,6,0,0,32,20,0,9,35,39,,,0,2019,misc,Liverpool
ENG-Premier League,2019/20,Liverpool,Georginio Wijnaldum,NED,MF,28,1990,32.6,0,0,0,15,32,1,5,18,21,,,0,2019,misc,Liverpool
ENG-Premier League,2019/20,Liverpool,Harvey Elliott,ENG,"FW,MF",16,2003,0.1,0,0,0,0,0,0,3,0,0,,,0,2019,misc,Liverpool
ENG-Premier League,2019/20,Liverpool,James Milner,ENG,"MF,DF",33,1986,10.4,4,0,0,11,12,1,20,8,9,,,0,2019,misc,Liverpool
ENG-Premier League,2019/20,Liverpool,Joe Gomez,ENG,DF,22,1997,22.3,7,0,0,21,13,0,9,41,16,,,0,2019,misc,Liverpool
ENG-Premier League,2019/20,Liverpool,Jordan Henderson,ENG,MF,29,1990,24.9,2,0,0,31,12,0,58,29,39,,,0,2019,misc,Liverpool
ENG-Premier League,2019/20,Liverpool,Joël Matip,CMR,DF,27,1991,7.8,0,0,0,7,6,0,1,13,9,,,0,2019,misc,Liverpool
ENG-Premier League,2019/20,Liverpool,Mohamed Salah,EGY,FW,27,1992,32.0,1,0,0,17,18,20,45,8,6,,,0,2019,misc,Liverpool
ENG-Premier League,2019/20,Liverpool,Naby Keïta,GUI,MF,24,1995,9.1,1,0,0,9,10,1,7,11,10,,,0,2019,misc,Liverpool
ENG-Premier League,2019/20,Liverpool,Neco Williams,WAL,DF,18,2001,2.6,1,0,0,5,2,0,14,8,4,,,0,2019,misc,Liverpool
ENG-Premier League,2019/20,Liverpool,Roberto Firmino,BRA,FW,27,1991,33.2,0,0,0,29,16,6,8,8,19,,,0,2019,misc,Liverpool
ENG-Premier League,2019/20,Liverpool,Sadio Mané,SEN,FW,27,1992,30.5,3,0,0,46,51,14,49,14,33,,,0,2019,misc,Liverpool
ENG-Premier League,2019/20,Liverpool,Takumi Minamino,JPN,FW,24,1995,2.8,0,0,0,7,3,0,3,0,2,,,0,2019,misc,Liverpool
ENG-Premier League,2019/20,Liverpool,Trent Alexander-Arnold,ENG,DF,20,1998,35.3,5,0,0,22,9,3,377,46,33,,,0,2019,misc,Liverpool
ENG-Premier League,2019/20,Liverpool,Virgil van Dijk,NED,DF,28,1991,38.0,1,0,0,16,25,1,0,35,12,,,0,2019,misc,Liverpool
ENG-Premier League,2019/20,Liverpool,Xherdan Shaqiri,SUI,MF,27,1991,2.1,0,0,0,1,3,1,6,0,0,,,0,2019,misc,Liverpool
ENG-Premier League,2019/20,Manchester City,Angeliño,ESP,DF,22,1997,4.7,1,0,0,2,2,0,42,9,2,,,0,2019,misc,Manchester City
ENG-Premier League,2019/20,Manchester City,Aymeric Laporte,ESP,DF,25,1994,12.2,1,0,0,9,9,0,0,19,6,,,0,2019,misc,Manchester City
ENG-Premier League,2019/20,Manchester City,Benjamin Mendy,FRA,DF,25,1994,16.6,3,0,0,12,1,1,86,17,13,,,0,2019,misc,Manchester City
ENG-Premier League,2019/20,Manchester City,Bernardo Silva,POR,"FW,MF",24,1994,22.6,5,0,0,23,20,2,71,26,17,,,0,2019,misc,Manchester City
ENG-Premier League,2019/20,Manchester City,Claudio Bravo,CHI,GK,36,1983,3.9,0,0,0,0,0,0,0,0,0,,,0,2019,misc,Manchester City
ENG-Premier League,2019/20,Manchester City,David Silva,ESP,MF,33,1986,20.3,0,0,0,20,20,3,35,12,13,,,0,2019,misc,Manchester City
ENG-Premier League,2019/20,Manchester City,Ederson Moraes,BRA,GK,25,1993,34.1,3,1,0,2,2,0,0,2,1,,,0,2019,misc,Manchester City
ENG-Premier League,2019/20,Manchester City,Eric García,ESP,DF,18,2001,8.8,1,0,0,9,2,0,1,18,1,,,0,2019,misc,Manchester City
ENG-Premier League,2019/20,Manchester City,Fernandinho,BRA,DF,34,1985,26.6,9,2,1,26,17,1,5,25,32,,,1,2019,misc,Manchester City
ENG-Premier League,2019/20,Manchester City,Gabriel Jesus,BRA,FW,22,1997,22.6,3,0,0,26,29,18,6,14,13,,,0,2019,misc,Manchester City
ENG-Premier League,2019/20,Manchester City,John Stones,ENG,DF,25,1994,12.5,0,0,0,5,1,1,0,8,9,,,0,2019,misc,Manchester City
ENG-Premier League,2019/20,Manchester City,João Cancelo,POR,DF,25,1994,13.4,4,0,0,17,8,0,47,22,24,,,0,2019,misc,Manchester City
ENG-Premier League,2019/20,Manchester City,Kevin De Bruyne,BEL,MF,28,1991,31.0,3,0,0,26,28,3,304,19,24,,,0,2019,misc,Manchester City
ENG-Premier League,2019/20,Manchester City,Kyle Walker,ENG,DF,29,1990,26.6,5,0,0,27,15,3,55,29,20,,,0,2019,misc,Manchester City
ENG-Premier League,2019/20,Manchester City,Leroy Sané,GER,"FW,MF",23,1996,0.1,0,0,0,0,0,0,0,0,0,,,0,2019,misc,Manchester City
ENG-Premier League,2019/20,Manchester City,Nicolás Otamendi,ARG,DF,31,1988,19.1,3,0,0,21,1,0,0,19,14,,,0,2019,misc,Manchester City
ENG-Premier League,2019/20,Manchester City,Oleksandr Zinchenko,UKR,DF,22,1996,14.2,2,1,1,13,2,1,53,15,20,,,0,2019,misc,Manchester City
ENG-Premier League,2019/20,Manchester City,Phil Foden,ENG,"FW,MF",19,2000,10.0,0,0,0,12,13,1,28,7,9,,,0,2019,misc,Manchester City
ENG-Premier League,2019/20,Manchester City,Raheem Sterling,ENG,"FW,MF",24,1994,29.5,5,0,0,30,40,12,50,14,16,,,0,2019,misc,Manchester City
ENG-Premier League,2019/20,Manchester City,Riyad Mahrez,ALG,"FW,MF",28,1991,21.6,0,0,0,13,29,13,88,19,14,,,0,2019,misc,Manchester City
ENG-Premier League,2019/20,Manchester City,Rodri,ESP,MF,23,1996,27.6,8,0,0,43,32,0,8,28,32,,,0,2019,misc,Manchester City
ENG-Premier League,2019/20,Manchester City,Sergio Agüero,ARG,FW,31,1988,16.1,1,0,0,9,9,6,10,3,5,,,0,2019,misc,Manchester City
ENG-Premier League,2019/20,Manchester City,Tommy Doyle,ENG,MF,17,2001,0.2,0,0,0,0,1,0,0,0,0,,,0,2019,misc,Manchester City
ENG-Premier League,2019/20,Manchester City,İlkay Gündoğan,GER,MF,28,1990,22.4,7,0,0,16,14,2,30,30,17,,,0,2019,misc,Manchester City
ENG-Premier League,2019/20,Manchester Utd,Aaron Wan-Bissaka,COD,"DF,MF",21,1997,34.1,8,0,0,22,19,1,102,65,82,,,0,2019,misc,Manchester United
ENG-Premier League,2019/20,Manchester Utd,Andreas Pereira,BRA,MF,23,1996,16.5,3,0,0,26,16,3,62,6,14,,,0,2019,misc,Manchester United
ENG-Premier League,2019/20,Manchester Utd,Angel Gomes,ENG,"FW,MF",18,2000,0.2,0,0,0,1,0,0,0,0,0,,,0,2019,misc,Manchester United
ENG-Premier League,2019/20,Manchester Utd,Anthony Martial,FRA,FW,23,1995,29.2,1,0,0,28,41,12,11,4,11,,,0,2019,misc,Manchester United
ENG-Premier League,2019/20,Manchester Utd,Ashley Young,ENG,"DF,MF",34,1985,10.6,5,0,0,14,16,0,62,10,9,,,0,2019,misc,Manchester United
ENG-Premier League,2019/20,Manchester Utd,Axel Tuanzebe,COD,DF,21,1997,2.1,0,0,0,3,3,0,1,5,2,,,0,2019,misc,Manchester United
ENG-Premier League,2019/20,Manchester Utd,Brandon Williams,ENG,"DF,MF",18,2000,11.2,6,0,0,13,15,1,13,11,15,,,0,2019,misc,Manchester United
ENG-Premier League,2019/20,Manchester Utd,Bruno Fernandes,POR,MF,24,1994,13.2,2,0,0,9,14,2,75,9,11,,,0,2019,misc,Manchester United
ENG-Premier League,2019/20,Manchester Utd,Daniel James,WAL,"MF,FW",21,1997,25.4,4,0,0,14,55,2,96,8,9,,,0,2019,misc,Manchester United
ENG-Premier League,2019/20,Manchester Utd,David de Gea,ESP,GK,28,1990,38.0,2,0,0,0,6,0,0,0,0,,,0,2019,misc,Manchester United
ENG-Premier League,2019/20,Manchester Utd,Diogo Dalot,POR,DF,20,1999,0.7,0,0,0,1,0,0,3,2,2,,,0,2019,misc,Manchester United
ENG-Premier League,2019/20,Manchester Utd,Eric Bailly,CIV,DF,25,1994,1.7,0,0,0,2,0,0,0,3,0,,,0,2019,misc,Manchester United
ENG-Premier League,2019/20,Manchester Utd,Fred,BRA,MF,26,1993,24.0,8,0,0,42,36,1,63,38,32,,,0,2019,misc,Manchester United
ENG-Premier League,2019/20,Manchester Utd,Harry Maguire,ENG,DF,26,1993,38.0,6,0,0,33,22,6,2,75,23,,,0,2019,misc,Manchester United
ENG-Premier League,2019/20,Manchester Utd,James Garner,ENG,MF,18,2001,0.1,0,0,0,0,1,0,0,0,0,,,0,2019,misc,Manchester United
ENG-Premier League,2019/20,Manchester Utd,Jesse Lingard,ENG,MF,26,1992,10.4,3,0,0,28,11,0,7,2,8,,,0,2019,misc,Manchester United
ENG-Premier League,2019/20,Manchester Utd,Juan Mata,ESP,MF,31,1988,8.4,1,0,0,7,10,4,23,0,3,,,0,2019,misc,Manchester United
ENG-Premier League,2019/20,Manchester Utd,Luke Shaw,ENG,DF,24,1995,19.3,7,0,0,23,10,4,37,22,19,,,0,2019,misc,Manchester United
ENG-Premier League,2019/20,Manchester Utd,Marcos Rojo,ARG,DF,29,1990,1.4,1,0,0,2,1,0,3,0,1,,,0,2019,misc,Manchester United
ENG-Premier League,2019/20,Manchester Utd,Marcus Rashford,ENG,"MF,FW",21,1997,29.4,3,0,0,21,45,13,32,9,9,,,0,2019,misc,Manchester United
ENG-Premier League,2019/20,Manchester Utd,Mason Greenwood,ENG,"MF,FW",17,2001,14.7,0,0,0,12,8,3,10,8,11,,,0,2019,misc,Manchester United
ENG-Premier League,2019/20,Manchester Utd,Nemanja Matić,SRB,MF,30,1988,17.6,3,0,0,27,18,0,3,23,23,,,0,2019,misc,Manchester United
ENG-Premier League,2019/20,Manchester Utd,Odion Ighalo,NGA,FW,30,1989,1.1,0,0,0,1,1,1,0,0,2,,,0,2019,misc,Manchester United
ENG-Premier League,2019/20,Manchester Utd,Paul Pogba,FRA,MF,26,1993,13.4,1,0,0,26,19,2,6,5,8,,,0,2019,misc,Manchester United
ENG-Premier League,2019/20,Manchester Utd,Phil Jones,ENG,DF,27,1992,1.5,0,0,0,3,1,0,1,4,3,,,0,2019,misc,Manchester United
ENG-Premier League,2019/20,Manchester Utd,Scott McTominay,SCO,MF,22,1996,19.7,2,0,0,36,53,0,14,33,24,,,0,2019,misc,Manchester United
ENG-Premier League,2019/20,Manchester Utd,Tahith Chong,CUW,"FW,MF",19,1999,0.4,0,0,0,2,1,0,0,0,0,,,0,2019,misc,Manchester United
ENG-Premier League,2019/20,Manchester Utd,Timothy Fosu-Mensah,NED,DF,21,1998,1.5,1,0,0,5,0,1,2,5,1,,,0,2019,misc,Manchester United
ENG-Premier League,2019/20,Manchester Utd,Victor Lindelöf,SWE,DF,25,1994,34.4,6,0,0,22,6,0,2,26,15,,,1,2019,misc,Manchester United
ENG-Premier League,2019/20,Newcastle,Allan Saint-Maximin,FRA,MF,22,1997,20.7,0,0,0,18,48,3,44,9,8,,,0,2019,misc,Newcastle United
ENG-Premier League,2019/20,Newcastle,Andy Carroll,ENG,FW,30,1989,7.0,1,0,0,17,15,6,5,1,4,,,0,2019,misc,Newcastle United
ENG-Premier League,2019/20,Newcastle,Christian Atsu,GHA,MF,27,1992,8.3,2,0,0,11,10,4,17,2,8,,,0,2019,misc,Newcastle United
ENG-Premier League,2019/20,Newcastle,Ciaran Clark,IRL,DF,29,1989,13.2,3,0,0,9,7,0,0,13,12,,,0,2019,misc,Newcastle United
ENG-Premier League,2019/20,Newcastle,Danny Rose,ENG,DF,29,1990,9.6,2,0,0,11,22,0,8,9,12,,,0,2019,misc,Newcastle United
ENG-Premier League,2019/20,Newcastle,DeAndre Yedlin,USA,"DF,MF",26,1993,10.4,3,0,0,8,9,2,26,9,13,,,0,2019,misc,Newcastle United
ENG-Premier League,2019/20,Newcastle,Dwight Gayle,ENG,FW,28,1990,9.4,2,0,0,6,13,2,3,2,9,,,0,2019,misc,Newcastle United
ENG-Premier League,2019/20,Newcastle,Emil Krafth,SWE,DF,24,1994,11.3,0,0,0,4,7,0,20,9,11,,,0,2019,misc,Newcastle United
ENG-Premier League,2019/20,Newcastle,Fabian Schär,SUI,DF,27,1991,18.6,5,0,0,29,25,2,12,51,22,,,0,2019,misc,Newcastle United
ENG-Premier League,2019/20,Newcastle,Federico Fernández,ARG,DF,30,1989,29.1,8,0,0,17,20,2,27,22,24,,,1,2019,misc,Newcastle United
ENG-Premier League,2019/20,Newcastle,Florian Lejeune,FRA,DF,28,1991,4.9,0,0,0,6,4,0,2,11,4,,,0,2019,misc,Newcastle United
ENG-Premier League,2019/20,Newcastle,Isaac Hayden,JAM,MF,24,1995,24.7,4,1,0,26,21,2,38,36,28,,,0,2019,misc,Newcastle United
ENG-Premier League,2019/20,Newcastle,Jamaal Lascelles,ENG,DF,25,1993,23.1,5,0,0,22,18,2,0,29,3,,,0,2019,misc,Newcastle United
ENG-Premier League,2019/20,Newcastle,Javier Manquillo,ESP,"DF,MF",25,1994,17.8,5,0,0,19,11,1,45,20,25,,,0,2019,misc,Newcastle United
ENG-Premier League,2019/20,Newcastle,Jetro Willems,NED,"DF,MF",25,1994,16.6,0,0,0,10,17,1,32,16,19,,,0,2019,misc,Newcastle United
ENG-Premier League,2019/20,Newcastle,Joelinton,BRA,"FW,MF",22,1996,29.8,7,0,0,32,39,20,5,11,19,,,0,2019,misc,Newcastle United
ENG-Premier League,2019/20,Newcastle,Jonjo Shelvey,ENG,MF,27,1992,23.5,3,0,0,17,6,1,87,22,21,,,0,2019,misc,Newcastle United
ENG-Premier League,2019/20,Newcastle,Kelland Watts,ENG,DF,19,1999,0.2,0,0,0,0,0,0,0,0,0,,,0,2019,misc,Newcastle United
ENG-Premier League,2019/20,Newcastle,Ki Sung-yueng,KOR,MF,30,1989,1.5,0,0,0,1,3,0,4,2,1,,,0,2019,misc,Newcastle United
ENG-Premier League,2019/20,Newcastle,Martin Dúbravka,SVK,GK,30,1989,38.0,0,0,0,0,4,0,0,1,1,,,0,2019,misc,Newcastle United
ENG-Premier League,2019/20,Newcastle,Matt Ritchie,SCO,"MF,DF",29,1989,14.6,4,0,0,26,16,0,100,12,15,,,0,2019,misc,Newcastle United
ENG-Premier League,2019/20,Newcastle,Matthew Longstaff,ENG,MF,19,2000,6.4,1,0,0,6,6,0,2,6,2,,,0,2019,misc,Newcastle United
ENG-Premier League,2019/20,Newcastle,Miguel Almirón,PAR,"MF,FW",25,1994,33.6,5,0,0,30,58,24,42,30,41,,,0,2019,misc,Newcastle United
ENG-Premier League,2019/20,Newcastle,Nabil Bentaleb,ALG,MF,24,1994,8.3,2,0,0,19,5,0,0,19,12,,,0,2019,misc,Newcastle United
ENG-Premier League,2019/20,Newcastle,Paul Dummett,WAL,DF,27,1991,13.6,2,0,0,4,6,0,15,19,17,,,1,2019,misc,Newcastle United
ENG-Premier League,2019/20,Newcastle,Sean Longstaff,ENG,MF,21,1997,15.3,2,1,0,17,26,0,30,21,19,,,0,2019,misc,Newcastle United
ENG-Premier League,2019/20,Newcastle,Valentino Lazaro,AUT,"MF,DF",23,1996,5.3,0,1,0,3,2,0,13,3,8,,,0,2019,misc,Newcastle United
ENG-Premier League,2019/20,Newcastle,Yoshinori Mutō,JPN,MF,27,1992,2.4,0,0,0,2,3,3,1,0,2,,,0,2019,misc,Newcastle United
ENG-Premier League,2019/20,Norwich City,Adam Idah,IRL,FW,18,2001,2.5,0,0,0,2,4,1,0,0,2,,,0,2019,misc,Norwich City
ENG-Premier League,2019/20,Norwich City,Akin Famewo,ENG,DF,20,1998,0.0,0,0,0,0,0,0,0,0,0,,,0,2019,misc,Norwich City
ENG-Premier League,2019/20,Norwich City,Alexander Tettey,NOR,"MF,DF",33,1986,26.0,5,0,0,21,7,0,4,43,21,,,0,2019,misc,Norwich City
ENG-Premier League,2019/20,Norwich City,Ben Godfrey,ENG,DF,21,1998,29.4,3,1,0,14,9,0,3,26,15,,,1,2019,misc,Norwich City
ENG-Premier League,2019/20,Norwich City,Christoph Zimmermann,GER,DF,26,1993,15.9,3,0,0,9,9,0,0,18,20,,,0,2019,misc,Norwich City
ENG-Premier League,2019/20,Norwich City,Dennis Srbeny,GER,"FW,MF",25,1994,0.5,0,0,0,1,0,0,0,0,4,,,0,2019,misc,Norwich City
ENG-Premier League,2019/20,Norwich City,Emi Buendía,ARG,MF,22,1996,27.4,6,1,0,36,54,2,166,22,36,,,0,2019,misc,Norwich City
ENG-Premier League,2019/20,Norwich City,Grant Hanley,SCO,DF,27,1991,14.0,4,0,0,12,20,0,0,30,14,,,1,2019,misc,Norwich City
ENG-Premier League,2019/20,Norwich City,Ibrahim Amadou,FRA,"DF,MF",26,1993,8.4,1,0,0,8,2,0,1,17,11,,,0,2019,misc,Norwich City
ENG-Premier League,2019/20,Norwich City,Jamal Lewis,NIR,DF,21,1998,25.6,4,0,0,15,23,2,44,28,34,,,0,2019,misc,Norwich City
ENG-Premier League,2019/20,Norwich City,Jordan Thomas,ENG,DF,18,2001,0.0,0,0,0,0,0,0,0,0,0,,,0,2019,misc,Norwich City
ENG-Premier League,2019/20,Norwich City,Josh Martin,ENG,MF,17,2001,0.4,0,0,0,1,0,0,0,1,0,,,0,2019,misc,Norwich City
ENG-Premier League,2019/20,Norwich City,Josip Drmić,SUI,FW,26,1992,7.2,0,1,0,6,4,7,3,1,2,,,0,2019,misc,Norwich City
ENG-Premier League,2019/20,Norwich City,Kenny McLean,SCO,MF,27,1992,33.0,5,0,0,24,58,1,53,38,29,,,0,2019,misc,Norwich City
ENG-Premier League,2019/20,Norwich City,Lukas Rupp,GER,MF,28,1991,7.7,1,0,0,10,6,0,2,14,7,,,0,2019,misc,Norwich City
ENG-Premier League,2019/20,Norwich City,Marco Stiepermann,GER,MF,28,1991,13.1,6,0,0,22,15,0,6,5,7,,,0,2019,misc,Norwich City
ENG-Premier League,2019/20,Norwich City,Mario Vrančić,BIH,MF,30,1989,7.1,3,0,0,13,13,1,7,8,17,,,0,2019,misc,Norwich City
ENG-Premier League,2019/20,Norwich City,Max Aarons,ENG,DF,19,2000,36.0,7,0,0,29,49,3,72,35,28,,,0,2019,misc,Norwich City
ENG-Premier League,2019/20,Norwich City,Michael McGovern,NIR,GK,35,1984,1.8,0,0,0,0,0,0,0,0,0,,,0,2019,misc,Norwich City
ENG-Premier League,2019/20,Norwich City,Moritz Leitner,GER,MF,26,1992,7.6,1,0,0,9,11,0,5,8,9,,,0,2019,misc,Norwich City
ENG-Premier League,2019/20,Norwich City,Ondrej Duda,SVK,MF,24,1994,8.0,0,0,0,9,13,2,43,6,11,,,0,2019,misc,Norwich City
ENG-Premier League,2019/20,Norwich City,Onel Hernández,CUB,MF,26,1993,15.4,0,0,0,14,18,8,24,19,19,,,0,2019,misc,Norwich City
ENG-Premier League,2019/20,Norwich City,Patrick Roberts,ENG,"FW,MF",22,1997,0.3,0,0,0,1,2,0,0,0,0,,,0,2019,misc,Norwich City
ENG-Premier League,2019/20,Norwich City,Ralf Fährmann,GER,GK,30,1988,0.2,0,0,0,0,0,0,0,0,0,,,0,2019,misc,Norwich City
ENG-Premier League,2019/20,Norwich City,Sam Byram,ENG,DF,25,1993,14.4,4,0,0,16,8,1,7,24,21,,,0,2019,misc,Norwich City
ENG-Premier League,2019/20,Norwich City,Teemu Pukki,FIN,FW,29,1990,32.1,3,0,0,23,15,17,9,6,7,,,0,2019,misc,Norwich City
ENG-Premier League,2019/20,Norwich City,Tim Krul,NED,GK,31,1988,36.0,4,0,0,1,6,0,0,1,0,,,1,2019,misc,Norwich City
ENG-Premier League,2019/20,Norwich City,Timm Klose,SUI,DF,31,1988,6.5,0,0,0,8,7,0,0,8,1,,,0,2019,misc,Norwich City
ENG-Premier League,2019/20,Norwich City,Todd Cantwell,ENG,MF,21,1998,27.7,6,0,0,33,66,3,25,16,31,,,0,2019,misc,Norwich City
ENG-Premier League,2019/20,Norwich City,Tom Trybull,GER,MF,26,1993,12.6,2,0,0,26,11,2,0,16,28,,,0,2019,misc,Norwich City
ENG-Premier League,2019/20,Sheffield United,Ben Osborn,ENG,MF,24,1994,6.6,0,0,0,9,6,1,16,6,9,,,0,2019,misc,Sheffield United
ENG-Premier League,2019/20,Sheffield United,Billy Sharp,ENG,FW,33,1986,11.7,1,1,0,20,32,12,12,1,5,,,0,2019,misc,Sheffield United
ENG-Premier League,2019/20,Sheffield United,Callum Robinson,IRL,FW,24,1995,7.5,1,0,0,11,4,1,15,5,3,,,0,2019,misc,Sheffield United
ENG-Premier League,2019/20,Sheffield United,Chris Basham,ENG,DF,31,1988,36.0,4,0,0,26,31,5,50,73,49,,,0,2019,misc,Sheffield United
ENG-Premier League,2019/20,Sheffield United,David McGoldrick,IRL,FW,31,1987,20.2,2,0,0,29,18,12,8,3,27,,,0,2019,misc,Sheffield United
ENG-Premier League,2019/20,Sheffield United,Dean Henderson,ENG,GK,22,1997,36.0,2,0,0,0,2,0,0,0,0,,,0,2019,misc,Sheffield United
ENG-Premier League,2019/20,Sheffield United,Enda Stevens,IRL,MF,29,1990,37.2,7,0,0,39,19,2,121,36,48,,,0,2019,misc,Sheffield United
ENG-Premier League,2019/20,Sheffield United,George Baldock,GRE,MF,26,1993,38.0,7,0,0,47,44,11,128,37,43,,,0,2019,misc,Sheffield United
ENG-Premier League,2019/20,Sheffield United,Jack O'Connell,ENG,DF,25,1994,32.4,4,0,0,21,17,2,51,41,17,,,0,2019,misc,Sheffield United
ENG-Premier League,2019/20,Sheffield United,Jack Robinson,ENG,DF,25,1993,5.6,0,0,0,4,4,1,6,7,5,,,0,2019,misc,Sheffield United
ENG-Premier League,2019/20,Sheffield United,Jack Rodwell,ENG,"DF,MF",28,1991,0.2,0,0,0,0,0,0,0,0,0,,,0,2019,misc,Sheffield United
ENG-Premier League,2019/20,Sheffield United,John Egan,IRL,DF,26,1992,35.4,5,1,1,33,20,1,2,56,24,,,0,2019,misc,Sheffield United
ENG-Premier League,2019/20,Sheffield United,John Fleck,SCO,MF,27,1991,28.0,8,0,0,25,22,1,147,24,25,,,0,2019,misc,Sheffield United
ENG-Premier League,2019/20,Sheffield United,John Lundstram,ENG,MF,25,1994,27.3,5,0,0,28,12,7,55,33,31,,,0,2019,misc,Sheffield United
ENG-Premier League,2019/20,Sheffield United,Kieron Freeman,WAL,"DF,MF",27,1992,0.1,0,0,0,1,0,0,0,0,0,,,0,2019,misc,Sheffield United
ENG-Premier League,2019/20,Sheffield United,Leon Clarke,ENG,FW,34,1985,0.4,0,0,0,0,0,0,0,0,0,,,0,2019,misc,Sheffield United
ENG-Premier League,2019/20,Sheffield United,Luke Freeman,ENG,MF,27,1992,4.1,2,0,0,6,5,0,15,9,4,,,0,2019,misc,Sheffield United
ENG-Premier League,2019/20,Sheffield United,Lys Mousset,FRA,FW,23,1996,13.8,1,0,0,24,14,16,4,4,5,,,0,2019,misc,Sheffield United
ENG-Premier League,2019/20,Sheffield United,Muhamed Bešić,BIH,MF,26,1992,2.8,2,0,0,6,2,0,1,2,6,,,0,2019,misc,Sheffield United
ENG-Premier League,2019/20,Sheffield United,Oliver McBurnie,SCO,FW,23,1996,23.5,4,0,0,28,28,4,10,18,22,,,0,2019,misc,Sheffield United
ENG-Premier League,2019/20,Sheffield United,Oliver Norwood,NIR,MF,28,1991,34.3,8,0,0,32,16,1,198,51,35,,,0,2019,misc,Sheffield United
ENG-Premier League,2019/20,Sheffield United,Phil Jagielka,ENG,DF,36,1982,2.7,0,0,0,1,4,0,1,4,4,,,0,2019,misc,Sheffield United
ENG-Premier League,2019/20,Sheffield United,Ravel Morrison,JAM,MF,26,1993,0.1,0,0,0,1,0,0,0,0,0,,,0,2019,misc,Sheffield United
ENG-Premier League,2019/20,Sheffield United,Richairo Živković,CUW,FW,22,1996,1.2,0,0,0,1,1,0,1,0,2,,,0,2019,misc,Sheffield United
ENG-Premier League,2019/20,Sheffield United,Sander Berge,NOR,MF,21,1998,10.5,0,0,0,18,5,1,23,10,16,,,0,2019,misc,Sheffield United
ENG-Premier League,2019/20,Sheffield United,Simon Moore,ENG,GK,29,1990,2.0,0,0,0,0,0,0,0,0,0,,,0,2019,misc,Sheffield United
ENG-Premier League,2019/20,Southampton,Alex McCarthy,ENG,GK,29,1989,28.0,0,0,0,1,3,0,0,0,1,,,0,2019,misc,Southampton
ENG-Premier League,2019/20,Southampton,Angus Gunn,SCO,GK,23,1996,10.0,0,0,0,0,2,0,0,0,1,,,0,2019,misc,Southampton
ENG-Premier League,2019/20,Southampton,Ché Adams,SCO,FW,23,1996,12.3,0,0,0,17,16,10,14,2,5,,,0,2019,misc,Southampton
ENG-Premier League,2019/20,Southampton,Cédric Soares,POR,"DF,MF",27,1991,14.5,1,0,0,10,3,0,52,18,26,,,0,2019,misc,Southampton
ENG-Premier League,2019/20,Southampton,Danny Ings,ENG,FW,27,1992,31.2,3,0,0,37,25,12,29,12,27,,,0,2019,misc,Southampton
ENG-Premier League,2019/20,Southampton,Jack Stephens,ENG,DF,25,1994,27.2,4,1,0,13,13,0,5,30,26,,,0,2019,misc,Southampton
ENG-Premier League,2019/20,Southampton,Jake Vokins,ENG,DF,19,2000,1.0,0,0,0,0,1,0,1,0,2,,,0,2019,misc,Southampton
ENG-Premier League,2019/20,Southampton,James Ward-Prowse,ENG,MF,24,1994,38.0,9,0,0,56,43,0,265,54,46,,,0,2019,misc,Southampton
ENG-Premier League,2019/20,Southampton,Jan Bednarek,POL,DF,23,1996,34.0,4,0,0,33,12,0,1,74,39,,,1,2019,misc,Southampton
ENG-Premier League,2019/20,Southampton,Jannik Vestergaard,DEN,DF,26,1992,16.6,3,0,0,9,9,0,1,24,12,,,0,2019,misc,Southampton
ENG-Premier League,2019/20,Southampton,Kevin Danso,AUT,DF,20,1998,3.1,2,1,1,4,2,0,4,3,3,,,0,2019,misc,Southampton
ENG-Premier League,2019/20,Southampton,Kyle Walker-Peters,ENG,DF,22,1997,7.8,1,0,0,6,21,1,12,13,8,,,0,2019,misc,Southampton
ENG-Premier League,2019/20,Southampton,Maya Yoshida,JPN,DF,30,1988,6.2,1,0,0,3,5,0,0,3,5,,,0,2019,misc,Southampton
ENG-Premier League,2019/20,Southampton,Michael Obafemi,IRL,FW,19,2000,7.4,1,0,0,11,7,3,2,4,3,,,0,2019,misc,Southampton
ENG-Premier League,2019/20,Southampton,Moussa Djenepo,MLI,"MF,FW",21,1998,10.3,4,1,0,23,30,3,23,10,21,,,0,2019,misc,Southampton
ENG-Premier League,2019/20,Southampton,Nathan Redmond,ENG,"MF,FW",25,1994,30.7,2,0,0,23,31,5,42,15,28,,,0,2019,misc,Southampton
ENG-Premier League,2019/20,Southampton,Nathan Tella,NGA,"FW,MF",20,1999,0.0,0,0,0,0,1,0,0,0,0,,,0,2019,misc,Southampton
ENG-Premier League,2019/20,Southampton,Oriol Romeu,ESP,MF,27,1991,20.7,5,0,0,39,16,1,6,32,36,,,0,2019,misc,Southampton
ENG-Premier League,2019/20,Southampton,Pierre Højbjerg,DEN,MF,23,1995,30.6,5,0,0,46,38,1,28,45,50,,,0,2019,misc,Southampton
ENG-Premier League,2019/20,Southampton,Ryan Bertrand,ENG,"DF,MF",29,1989,30.5,3,1,0,27,32,1,117,31,30,,,0,2019,misc,Southampton
ENG-Premier League,2019/20,Southampton,Shane Long,IRL,FW,32,1987,15.5,0,0,0,32,25,12,20,3,9,,,0,2019,misc,Southampton
ENG-Premier League,2019/20,Southampton,Sofiane Boufal,MAR,MF,25,1993,8.5,2,0,0,25,20,2,27,3,7,,,0,2019,misc,Southampton
ENG-Premier League,2019/20,Southampton,Stuart Armstrong,SCO,MF,27,1992,19.1,4,0,0,26,20,4,23,10,20,,,0,2019,misc,Southampton
ENG-Premier League,2019/20,Southampton,William Smallbone,IRL,MF,19,2000,4.4,0,0,0,2,6,0,5,2,6,,,0,2019,misc,Southampton
ENG-Premier League,2019/20,Southampton,Yan Valery,TUN,"DF,MF",20,1999,8.7,1,0,0,7,8,3,12,12,8,,,0,2019,misc,Southampton
ENG-Premier League,2019/20,Tottenham,Ben Davies,WAL,DF,26,1993,15.9,6,0,0,27,8,1,30,24,16,,,0,2019,misc,Tottenham Hotspur
ENG-Premier League,2019/20,Tottenham,Christian Eriksen,DEN,"MF,FW",27,1992,12.2,5,0,0,9,6,2,72,11,9,,,0,2019,misc,Tottenham Hotspur
ENG-Premier League,2019/20,Tottenham,Danny Rose,ENG,"DF,MF",29,1990,9.9,5,0,0,14,17,0,39,7,12,,,0,2019,misc,Tottenham Hotspur
ENG-Premier League,2019/20,Tottenham,Davinson Sánchez,COL,DF,23,1996,27.0,6,0,0,27,12,1,2,34,26,,,0,2019,misc,Tottenham Hotspur
ENG-Premier League,2019/20,Tottenham,Dele Alli,ENG,"MF,FW",23,1996,20.5,2,0,0,12,33,6,7,14,14,,,0,2019,misc,Tottenham Hotspur
ENG-Premier League,2019/20,Tottenham,Eric Dier,ENG,"DF,MF",25,1994,14.9,5,0,0,19,4,1,3,19,12,,,0,2019,misc,Tottenham Hotspur
ENG-Premier League,2019/20,Tottenham,Gedson Fernandes,POR,MF,20,1999,0.8,0,0,0,0,2,0,6,1,0,,,0,2019,misc,Tottenham Hotspur
ENG-Premier League,2019/20,Tottenham,Georges-Kévin N'Koudou,CMR,"FW,MF",24,1995,0.0,0,0,0,0,0,0,0,0,0,,,0,2019,misc,Tottenham Hotspur
ENG-Premier League,2019/20,Tottenham,Giovani Lo Celso,ARG,MF,23,1996,16.6,6,0,0,28,45,0,56,12,29,,,0,2019,misc,Tottenham Hotspur
ENG-Premier League,2019/20,Tottenham,Harry Kane,ENG,FW,26,1993,28.7,4,0,0,37,44,20,21,5,14,,,0,2019,misc,Tottenham Hotspur
ENG-Premier League,2019/20,Tottenham,Harry Winks,ENG,MF,23,1996,24.7,9,0,0,24,23,0,27,37,22,,,0,2019,misc,Tottenham Hotspur
ENG-Premier League,2019/20,Tottenham,Hugo Lloris,FRA,GK,32,1986,20.1,0,0,0,0,1,0,0,1,0,,,0,2019,misc,Tottenham Hotspur
ENG-Premier League,2019/20,Tottenham,Jan Vertonghen,BEL,DF,32,1987,18.3,2,0,0,7,17,0,18,31,23,,,0,2019,misc,Tottenham Hotspur
ENG-Premier League,2019/20,Tottenham,Japhet Tanganga,ENG,"DF,MF",20,1999,5.8,1,0,0,8,4,0,2,11,8,,,0,2019,misc,Tottenham Hotspur
ENG-Premier League,2019/20,Tottenham,Juan Foyth,ARG,DF,21,1998,0.8,1,0,0,2,1,0,0,2,3,,,0,2019,misc,Tottenham Hotspur
ENG-Premier League,2019/20,Tottenham,Kyle Walker-Peters,ENG,DF,22,1997,2.7,0,0,0,1,5,1,8,2,5,,,0,2019,misc,Tottenham Hotspur
ENG-Premier League,2019/20,Tottenham,Lucas Moura,BRA,"MF,FW",26,1992,24.9,3,0,0,31,63,5,19,15,34,,,0,2019,misc,Tottenham Hotspur
ENG-Premier League,2019/20,Tottenham,Moussa Sissoko,FRA,MF,29,1989,27.2,8,0,0,44,16,2,23,31,24,,,0,2019,misc,Tottenham Hotspur
ENG-Premier League,2019/20,Tottenham,Oliver Skipp,ENG,MF,18,2000,0.9,0,0,0,1,0,0,0,0,2,,,0,2019,misc,Tottenham Hotspur
ENG-Premier League,2019/20,Tottenham,Paulo Gazzaniga,ARG,GK,27,1992,17.9,1,0,0,1,2,0,0,0,0,,,0,2019,misc,Tottenham Hotspur
ENG-Premier League,2019/20,Tottenham,Ryan Sessegnon,ENG,"MF,DF",19,2000,3.8,0,0,0,4,2,2,13,1,4,,,0,2019,misc,Tottenham Hotspur
ENG-Premier League,2019/20,Tottenham,Serge Aurier,CIV,"DF,MF",26,1992,30.0,4,1,1,40,22,6,134,43,71,,,1,2019,misc,Tottenham Hotspur
ENG-Premier League,2019/20,Tottenham,Son Heung-min,KOR,"MF,FW",27,1992,27.5,0,2,0,17,27,17,77,19,17,,,0,2019,misc,Tottenham Hotspur
ENG-Premier League,2019/20,Tottenham,Steven Bergwijn,NED,"MF,FW",21,1997,7.8,2,0,0,7,10,0,10,3,5,,,0,2019,misc,Tottenham Hotspur
ENG-Premier League,2019/20,Tottenham,Tanguy Ndombele,FRA,MF,22,1996,11.2,3,0,0,14,29,0,12,13,15,,,0,2019,misc,Tottenham Hotspur
ENG-Premier League,2019/20,Tottenham,Toby Alderweireld,BEL,DF,30,1989,32.9,7,0,0,18,4,1,8,26,29,,,1,2019,misc,Tottenham Hotspur
ENG-Premier League,2019/20,Tottenham,Troy Parrott,IRL,FW,17,2002,0.1,0,0,0,0,0,0,0,0,0,,,0,2019,misc,Tottenham Hotspur
ENG-Premier League,2019/20,Tottenham,Victor Wanyama,KEN,MF,28,1991,0.3,1,0,0,1,1,0,0,0,0,,,0,2019,misc,Tottenham Hotspur
ENG-Premier League,2019/20,Tottenham,Érik Lamela,ARG,"MF,FW",27,1992,13.5,3,0,0,30,26,1,49,7,21,,,0,2019,misc,Tottenham Hotspur
ENG-Premier League,2019/20,Watford,Abdoulaye Doucouré,MLI,MF,26,1993,35.1,9,0,0,51,15,6,26,32,33,,,1,2019,misc,Watford
ENG-Premier League,2019/20,Watford,Adam Masina,MAR,DF,25,1994,20.2,3,0,0,26,12,2,68,28,21,,,0,2019,misc,Watford
ENG-Premier League,2019/20,Watford,Adrian Mariappa,JAM,DF,32,1986,16.8,6,1,1,20,7,2,21,10,14,,,1,2019,misc,Watford
ENG-Premier League,2019/20,Watford,Andre Gray,JAM,FW,28,1991,8.4,1,0,0,10,1,6,5,1,3,,,0,2019,misc,Watford
ENG-Premier League,2019/20,Watford,Ben Foster,ENG,GK,36,1983,38.0,1,0,0,2,3,0,0,1,0,,,0,2019,misc,Watford
ENG-Premier League,2019/20,Watford,Christian Kabasele,BEL,DF,28,1991,25.0,3,2,1,22,14,0,0,37,22,,,0,2019,misc,Watford
ENG-Premier League,2019/20,Watford,Craig Cathcart,NIR,DF,30,1989,27.6,7,0,0,13,2,0,1,22,25,,,0,2019,misc,Watford
ENG-Premier League,2019/20,Watford,Craig Dawson,ENG,DF,29,1990,26.2,6,0,0,31,12,0,4,34,17,,,0,2019,misc,Watford
ENG-Premier League,2019/20,Watford,Danny Welbeck,ENG,"FW,MF",28,1990,9.1,0,0,0,8,10,2,1,5,6,,,0,2019,misc,Watford
ENG-Premier League,2019/20,Watford,Daryl Janmaat,NED,"DF,MF",30,1989,6.7,1,0,0,5,1,0,23,6,10,,,1,2019,misc,Watford
ENG-Premier League,2019/20,Watford,Dimitri Foulquier,FRA,MF,26,1993,0.7,0,0,0,0,0,0,1,2,0,,,0,2019,misc,Watford
ENG-Premier League,2019/20,Watford,Domingos Quina,POR,MF,19,1999,0.2,0,0,0,1,1,0,0,0,0,,,0,2019,misc,Watford
ENG-Premier League,2019/20,Watford,Gerard Deulofeu,ESP,"MF,FW",25,1994,23.3,3,0,0,27,22,18,91,24,15,,,0,2019,misc,Watford
ENG-Premier League,2019/20,Watford,Ignacio Pussetto,ARG,"FW,MF",23,1995,0.8,1,0,0,3,2,0,4,3,3,,,0,2019,misc,Watford
ENG-Premier League,2019/20,Watford,Isaac Success,NGA,"FW,MF",23,1996,0.8,1,0,0,2,2,0,2,1,0,,,0,2019,misc,Watford
ENG-Premier League,2019/20,Watford,Ismaila Sarr,SEN,MF,21,1998,22.5,1,0,0,22,47,12,97,15,7,,,0,2019,misc,Watford
ENG-Premier League,2019/20,Watford,José Holebas,GRE,DF,35,1984,11.4,5,0,0,18,6,0,70,2,17,,,0,2019,misc,Watford
ENG-Premier League,2019/20,Watford,João Pedro,BRA,"FW,MF",17,2001,0.3,0,0,0,1,0,0,3,0,0,,,0,2019,misc,Watford
ENG-Premier League,2019/20,Watford,Kiko Femenía,ESP,DF,28,1991,24.9,5,0,0,26,12,1,68,37,36,,,0,2019,misc,Watford
ENG-Premier League,2019/20,Watford,Nathaniel Chalobah,ENG,MF,24,1994,10.3,1,0,0,7,8,0,21,16,9,,,0,2019,misc,Watford
ENG-Premier League,2019/20,Watford,Roberto Pereyra,ARG,"MF,FW",28,1991,18.3,4,0,0,21,33,6,31,12,9,,,0,2019,misc,Watford
ENG-Premier League,2019/20,Watford,Sebastian Prödl,AUT,DF,32,1987,0.6,0,0,0,1,0,0,0,0,0,,,0,2019,misc,Watford
ENG-Premier League,2019/20,Watford,Tom Cleverley,ENG,MF,29,1989,10.8,2,0,0,16,10,0,28,9,16,,,0,2019,misc,Watford
ENG-Premier League,2019/20,Watford,Troy Deeney,ENG,FW,31,1988,24.7,3,0,0,37,37,12,10,11,12,,,0,2019,misc,Watford
ENG-Premier League,2019/20,Watford,Will Hughes,ENG,MF,24,1995,25.0,9,0,0,53,46,1,69,35,45,,,0,2019,misc,Watford
ENG-Premier League,2019/20,Watford,Étienne Capoue,FRA,MF,31,1988,29.2,8,0,0,58,39,0,23,62,41,,,0,2019,misc,Watford
ENG-Premier League,2019/20,West Ham,Aaron Cresswell,ENG,DF,29,1989,30.3,7,0,0,16,18,2,127,35,24,,,0,2019,misc,West Ham United
ENG-Premier League,2019/20,West Ham,Albian Ajeti,SUI,FW,22,1997,1.5,0,0,0,6,0,2,0,1,0,,,0,2019,misc,West Ham United
ENG-Premier League,2019/20,West Ham,Andriy Yarmolenko,UKR,MF,29,1989,11.0,2,0,0,16,10,8,19,6,8,,,0,2019,misc,West Ham United
ENG-Premier League,2019/20,West Ham,Angelo Ogbonna,ITA,DF,31,1988,31.0,4,0,0,22,14,0,1,32,24,,,1,2019,misc,West Ham United
ENG-Premier League,2019/20,West Ham,Arthur Masuaku,COD,"DF,MF",25,1993,10.4,6,1,1,10,9,0,25,13,23,,,0,2019,misc,West Ham United
ENG-Premier League,2019/20,West Ham,Ben Johnson,ENG,DF,19,2000,3.0,0,0,0,8,1,0,11,3,4,,,0,2019,misc,West Ham United
ENG-Premier League,2019/20,West Ham,Carlos Sánchez,COL,MF,33,1986,1.3,0,0,0,2,0,0,0,2,0,,,0,2019,misc,West Ham United
ENG-Premier League,2019/20,West Ham,Darren Randolph,IRL,GK,32,1987,2.0,0,0,0,0,0,0,0,0,0,,,0,2019,misc,West Ham United
ENG-Premier League,2019/20,West Ham,David Martin,ENG,GK,33,1986,4.8,1,0,0,0,0,0,0,0,0,,,0,2019,misc,West Ham United
ENG-Premier League,2019/20,West Ham,Declan Rice,ENG,MF,20,1999,38.0,6,0,0,41,7,2,26,78,59,,,0,2019,misc,West Ham United
ENG-Premier League,2019/20,West Ham,Fabián Balbuena,PAR,DF,27,1991,13.1,2,0,0,6,2,0,1,26,12,,,0,2019,misc,West Ham United
ENG-Premier League,2019/20,West Ham,Felipe Anderson,BRA,MF,26,1993,16.6,1,0,0,17,23,2,36,21,28,,,0,2019,misc,West Ham United
ENG-Premier League,2019/20,West Ham,Issa Diop,MAR,DF,22,1997,30.7,8,0,0,31,11,1,1,46,16,,,0,2019,misc,West Ham United
ENG-Premier League,2019/20,West Ham,Jack Wilshere,ENG,MF,27,1992,2.4,0,0,0,1,8,0,0,1,0,,,0,2019,misc,West Ham United
ENG-Premier League,2019/20,West Ham,Jarrod Bowen,ENG,MF,22,1996,10.2,0,0,0,4,20,1,59,13,16,,,0,2019,misc,West Ham United
ENG-Premier League,2019/20,West Ham,Javier Hernández,MEX,FW,31,1988,1.2,0,0,0,0,0,1,1,0,0,,,0,2019,misc,West Ham United
ENG-Premier League,2019/20,West Ham,Jeremy Ngakia,,DF,18,2000,4.9,0,0,0,4,1,1,12,7,8,,,0,2019,misc,West Ham United
ENG-Premier League,2019/20,West Ham,Manuel Lanzini,ARG,MF,26,1993,15.3,1,0,0,6,26,4,42,9,8,,,0,2019,misc,West Ham United
ENG-Premier League,2019/20,West Ham,Mark Noble,ENG,MF,32,1987,29.7,5,0,0,28,31,1,40,21,29,,,0,2019,misc,West Ham United
ENG-Premier League,2019/20,West Ham,Michail Antonio,JAM,"FW,MF",29,1990,19.6,3,0,0,40,35,12,49,9,7,,,0,2019,misc,West Ham United
ENG-Premier League,2019/20,West Ham,Nathan Holland,ENG,"FW,MF",21,1998,0.4,0,0,0,0,1,0,2,0,1,,,0,2019,misc,West Ham United
ENG-Premier League,2019/20,West Ham,Pablo Fornals,ESP,MF,23,1996,24.1,3,0,0,18,16,7,62,24,30,,,0,2019,misc,West Ham United
ENG-Premier League,2019/20,West Ham,Pablo Zabaleta,ARG,"DF,MF",34,1985,6.6,2,0,0,7,9,0,15,13,11,,,0,2019,misc,West Ham United
ENG-Premier League,2019/20,West Ham,Robert Snodgrass,SCO,MF,31,1987,16.8,4,0,0,20,32,4,135,5,16,,,0,2019,misc,West Ham United
ENG-Premier League,2019/20,West Ham,Roberto,ESP,GK,33,1986,7.6,0,0,0,0,1,0,0,0,0,,,1,2019,misc,West Ham United
ENG-Premier League,2019/20,West Ham,Ryan Fredericks,ENG,DF,26,1992,24.9,7,0,0,25,21,0,58,26,53,,,0,2019,misc,West Ham United
ENG-Premier League,2019/20,West Ham,Sébastien Haller,CIV,FW,25,1994,25.2,1,0,0,46,38,18,8,8,13,,,0,2019,misc,West Ham United
ENG-Premier League,2019/20,West Ham,Tomáš Souček,CZE,MF,24,1995,11.6,0,0,0,11,9,0,2,22,13,,,1,2019,misc,West Ham United
ENG-Premier League,2019/20,West Ham,Łukasz Fabiański,POL,GK,34,1985,23.5,1,0,0,1,2,0,0,1,2,,,0,2019,misc,West Ham United
ENG-Premier League,2019/20,Wolves,Adama Traoré,ESP,"FW,MF",23,1996,28.9,1,0,0,39,77,5,182,18,19,,,0,2019,misc,Wolverhampton Wanderers
ENG-Premier League,2019/20,Wolves,Bruno Jordão,POR,MF,20,1998,0.1,0,0,0,0,0,0,0,0,0,,,0,2019,misc,Wolverhampton Wanderers
ENG-Premier League,2019/20,Wolves,Conor Coady,ENG,DF,26,1993,38.0,5,0,0,16,7,0,0,27,23,,,0,2019,misc,Wolverhampton Wanderers
ENG-Premier League,2019/20,Wolves,Daniel Podence,POR,FW,23,1995,3.2,0,0,0,5,9,3,5,3,3,,,0,2019,misc,Wolverhampton Wanderers
ENG-Premier League,2019/20,Wolves,Diogo Jota,POR,FW,22,1996,25.4,4,0,0,41,60,3,33,8,16,,,0,2019,misc,Wolverhampton Wanderers
ENG-Premier League,2019/20,Wolves,Jesús Vallejo,ESP,DF,22,1997,1.8,1,0,0,2,1,0,0,1,1,,,0,2019,misc,Wolverhampton Wanderers
ENG-Premier League,2019/20,Wolves,Jonny Castro,ESP,MF,25,1994,32.1,4,0,0,34,29,2,52,52,53,,,0,2019,misc,Wolverhampton Wanderers
ENG-Premier League,2019/20,Wolves,João Moutinho,POR,MF,32,1986,34.5,7,0,0,41,25,3,216,48,50,,,0,2019,misc,Wolverhampton Wanderers
ENG-Premier League,2019/20,Wolves,Leander Dendoncker,BEL,"MF,DF",24,1995,31.1,5,0,0,30,9,0,8,38,29,,,1,2019,misc,Wolverhampton Wanderers
ENG-Premier League,2019/20,Wolves,Matt Doherty,IRL,MF,27,1992,31.5,1,0,0,28,19,3,44,38,28,,,0,2019,misc,Wolverhampton Wanderers
ENG-Premier League,2019/20,Wolves,Max Kilman,ENG,DF,22,1997,2.1,0,0,0,2,0,0,0,4,2,,,0,2019,misc,Wolverhampton Wanderers
ENG-Premier League,2019/20,Wolves,Morgan Gibbs-White,ENG,MF,19,2000,1.4,0,0,0,2,1,0,3,1,0,,,0,2019,misc,Wolverhampton Wanderers
ENG-Premier League,2019/20,Wolves,Patrick Cutrone,ITA,FW,21,1998,3.3,0,0,0,5,9,4,6,2,2,,,0,2019,misc,Wolverhampton Wanderers
ENG-Premier League,2019/20,Wolves,Pedro Neto,POR,"FW,MF",19,2000,10.4,3,0,0,14,16,4,47,7,4,,,0,2019,misc,Wolverhampton Wanderers
ENG-Premier League,2019/20,Wolves,Raúl Jiménez,MEX,FW,28,1991,36.0,3,0,0,40,35,19,23,14,12,,,0,2019,misc,Wolverhampton Wanderers
ENG-Premier League,2019/20,Wolves,Romain Saïss,MAR,DF,29,1990,30.1,12,1,1,43,24,2,9,51,40,,,0,2019,misc,Wolverhampton Wanderers
ENG-Premier League,2019/20,Wolves,Rui Patrício,POR,GK,31,1988,38.0,0,0,0,0,7,0,0,2,0,,,0,2019,misc,Wolverhampton Wanderers
ENG-Premier League,2019/20,Wolves,Ryan Bennett,ENG,DF,29,1990,6.7,2,0,0,4,1,0,4,9,2,,,0,2019,misc,Wolverhampton Wanderers
ENG-Premier League,2019/20,Wolves,Rúben Neves,POR,MF,22,1997,34.0,9,0,0,29,16,0,31,55,33,,,0,2019,misc,Wolverhampton Wanderers
ENG-Premier League,2019/20,Wolves,Rúben Vinagre,POR,MF,20,1999,7.2,1,0,0,7,8,0,30,8,12,,,0,2019,misc,Wolverhampton Wanderers
ENG-Premier League,2019/20,Wolves,Willy Boly,CIV,DF,28,1991,22.0,3,1,1,24,8,1,2,39,36,,,0,2019,misc,Wolverhampton Wanderers
ENG-Premier League,2020/21,Arsenal,Ainsley Maitland-Niles,ENG,"MF,DF",22,1997,5.4,0,0,0,6,3,2,8,14,8,,,0,2020,misc,Arsenal
ENG-Premier League,2020/21,Arsenal,Alexandre Lacazette,FRA,FW,29,1991,21.4,3,0,0,37,54,10,3,10,9,,,0,2020,misc,Arsenal
ENG-Premier League,2020/21,Arsenal,Bernd Leno,GER,GK,28,1992,34.8,0,1,0,2,4,0,0,0,1,,,1,2020,misc,Arsenal
ENG-Premier League,2020/21,Arsenal,Bukayo Saka,ENG,MF,18,2001,28.4,1,0,0,28,64,15,147,26,16,,,1,2020,misc,Arsenal
ENG-Premier League,2020/21,Arsenal,Calum Chambers,ENG,DF,25,1995,8.4,0,0,0,8,2,0,33,10,3,,,0,2020,misc,Arsenal
ENG-Premier League,2020/21,Arsenal,Cédric Soares,POR,DF,28,1991,8.3,1,0,0,6,5,0,35,9,8,,,0,2020,misc,Arsenal
ENG-Premier League,2020/21,Arsenal,Dani Ceballos,ESP,MF,23,1996,17.9,4,0,0,22,24,0,30,30,24,,,0,2020,misc,Arsenal
ENG-Premier League,2020/21,Arsenal,David Luiz,BRA,DF,33,1987,15.5,1,1,0,15,6,1,8,16,8,,,0,2020,misc,Arsenal
ENG-Premier League,2020/21,Arsenal,Eddie Nketiah,ENG,FW,21,1999,4.7,0,0,0,11,11,0,2,1,1,,,0,2020,misc,Arsenal
ENG-Premier League,2020/21,Arsenal,Emile Smith Rowe,ENG,MF,20,2000,16.0,0,0,0,5,20,4,17,9,7,,,0,2020,misc,Arsenal
ENG-Premier League,2020/21,Arsenal,Gabriel Magalhães,BRA,DF,22,1997,22.2,4,1,1,24,26,0,2,27,15,,,0,2020,misc,Arsenal
ENG-Premier League,2020/21,Arsenal,Gabriel Martinelli,BRA,"MF,FW",19,2001,6.5,0,0,0,9,4,1,12,8,1,,,0,2020,misc,Arsenal
ENG-Premier League,2020/21,Arsenal,Granit Xhaka,SUI,"MF,DF",27,1992,28.0,7,1,0,39,38,1,11,22,30,,,0,2020,misc,Arsenal
ENG-Premier League,2020/21,Arsenal,Héctor Bellerín,ESP,"DF,MF",25,1995,23.2,8,0,0,21,7,1,54,30,19,,,0,2020,misc,Arsenal
ENG-Premier League,2020/21,Arsenal,Joe Willock,ENG,MF,20,1999,2.6,1,0,0,6,4,1,5,3,4,,,0,2020,misc,Arsenal
ENG-Premier League,2020/21,Arsenal,Kieran Tierney,SCO,DF,23,1997,25.5,4,0,0,14,18,0,123,16,15,,,0,2020,misc,Arsenal
ENG-Premier League,2020/21,Arsenal,Martin Ødegaard,NOR,MF,21,1998,9.6,0,0,0,1,9,1,36,2,3,,,0,2020,misc,Arsenal
ENG-Premier League,2020/21,Arsenal,Mathew Ryan,AUS,GK,28,1992,3.0,0,0,0,0,0,0,0,0,0,,,0,2020,misc,Arsenal
ENG-Premier League,2020/21,Arsenal,Mohamed Elneny,EGY,MF,28,1992,17.2,3,0,0,10,10,0,2,24,7,,,0,2020,misc,Arsenal
ENG-Premier League,2020/21,Arsenal,Nicolas Pépé,CIV,"MF,FW",25,1995,18.0,1,1,0,10,26,4,59,10,14,,,0,2020,misc,Arsenal
ENG-Premier League,2020/21,Arsenal,Pablo Marí,ESP,DF,26,1993,10.0,2,0,0,8,4,0,0,7,10,,,0,2020,misc,Arsenal
ENG-Premier League,2020/21,Arsenal,Pierre-Emerick Aubameyang,GAB,"FW,MF",31,1989,25.9,2,0,0,13,18,18,39,7,9,,,1,2020,misc,Arsenal
ENG-Premier League,2020/21,Arsenal,Reiss Nelson,ENG,"FW,MF",20,1999,0.8,0,0,0,2,1,0,11,1,0,,,0,2020,misc,Arsenal
ENG-Premier League,2020/21,Arsenal,Rob Holding,ENG,DF,24,1995,28.4,2,0,0,24,5,2,2,24,20,,,1,2020,misc,Arsenal
ENG-Premier League,2020/21,Arsenal,Rúnar Alex Rúnarsson,ISL,GK,25,1995,0.2,0,0,0,0,0,0,0,0,0,,,0,2020,misc,Arsenal
ENG-Premier League,2020/21,Arsenal,Sead Kolašinac,BIH,DF,27,1993,1.0,0,0,0,1,1,0,1,1,0,,,0,2020,misc,Arsenal
ENG-Premier League,2020/21,Arsenal,Shkodran Mustafi,GER,DF,28,1992,0.5,0,0,0,1,0,0,0,0,1,,,0,2020,misc,Arsenal
ENG-Premier League,2020/21,Arsenal,Thomas Partey,GHA,MF,27,1993,17.0,5,0,0,18,17,0,6,23,23,,,0,2020,misc,Arsenal
ENG-Premier League,2020/21,Arsenal,Willian,BRA,"MF,FW",31,1988,15.6,0,0,0,5,21,4,104,9,7,,,0,2020,misc,Arsenal
ENG-Premier League,2020/21,Aston Villa,Ahmed Elmohamady,EGY,DF,32,1987,9.3,2,0,0,6,3,0,38,19,13,,,0,2020,misc,Aston Villa
ENG-Premier League,2020/21,Aston Villa,Anwar El Ghazi,NED,"MF,FW",25,1995,17.9,2,0,0,19,28,5,89,6,12,,,0,2020,misc,Aston Villa
ENG-Premier League,2020/21,Aston Villa,Bertrand Traoré,BFA,"MF,FW",24,1995,25.7,1,0,0,31,40,7,100,16,10,,,0,2020,misc,Aston Villa
ENG-Premier League,2020/21,Aston Villa,Carney Chukwuemeka,AUT,MF,16,2003,0.2,0,0,0,2,0,0,0,0,2,,,0,2020,misc,Aston Villa
ENG-Premier League,2020/21,Aston Villa,Conor Hourihane,IRL,MF,29,1991,2.5,0,0,0,1,0,0,27,0,0,,,0,2020,misc,Aston Villa
ENG-Premier League,2020/21,Aston Villa,Douglas Luiz,BRA,MF,22,1998,30.9,10,1,1,59,49,0,21,40,22,,,0,2020,misc,Aston Villa
ENG-Premier League,2020/21,Aston Villa,Emiliano Martínez,ARG,GK,27,1992,38.0,1,0,0,1,9,0,0,1,2,,,0,2020,misc,Aston Villa
ENG-Premier League,2020/21,Aston Villa,Ezri Konsa,ENG,DF,22,1997,35.5,3,0,0,19,54,1,4,32,14,,,0,2020,misc,Aston Villa
ENG-Premier League,2020/21,Aston Villa,Jack Grealish,ENG,"MF,FW",24,1995,24.3,6,0,0,41,109,7,73,11,16,,,0,2020,misc,Aston Villa
ENG-Premier League,2020/21,Aston Villa,Jacob Ramsey,ENG,MF,19,2001,7.0,0,0,0,13,11,2,7,5,3,,,0,2020,misc,Aston Villa
ENG-Premier League,2020/21,Aston Villa,Jaden Philogene Bidace,ENG,"FW,MF",18,2002,0.0,0,0,0,0,0,1,0,0,0,,,0,2020,misc,Aston Villa
ENG-Premier League,2020/21,Aston Villa,John McGinn,SCO,MF,25,1994,37.0,12,0,0,45,77,2,51,42,37,,,0,2020,misc,Aston Villa
ENG-Premier League,2020/21,Aston Villa,Keinan Davis,ENG,FW,22,1998,3.1,0,0,0,4,5,0,4,0,0,,,0,2020,misc,Aston Villa
ENG-Premier League,2020/21,Aston Villa,Kortney Hause,ENG,DF,25,1995,7.0,2,0,0,5,3,0,0,8,2,,,0,2020,misc,Aston Villa
ENG-Premier League,2020/21,Aston Villa,Marvelous Nakamba,ZIM,MF,26,1994,8.3,3,0,0,7,10,0,1,17,13,,,0,2020,misc,Aston Villa
ENG-Premier League,2020/21,Aston Villa,Matt Targett,ENG,DF,24,1995,37.8,7,0,0,28,23,0,140,54,44,,,0,2020,misc,Aston Villa
ENG-Premier League,2020/21,Aston Villa,Matty Cash,POL,DF,22,1997,26.4,8,1,1,35,22,2,75,54,43,,,0,2020,misc,Aston Villa
ENG-Premier League,2020/21,Aston Villa,Morgan Sanson,FRA,MF,25,1994,3.3,3,0,0,6,7,2,16,3,4,,,0,2020,misc,Aston Villa
ENG-Premier League,2020/21,Aston Villa,Neil Taylor,WAL,"DF,MF",31,1989,0.2,1,0,0,1,0,0,0,0,1,,,0,2020,misc,Aston Villa
ENG-Premier League,2020/21,Aston Villa,Ollie Watkins,ENG,FW,24,1995,37.0,4,1,1,49,49,30,22,7,18,,,0,2020,misc,Aston Villa
ENG-Premier League,2020/21,Aston Villa,Ross Barkley,ENG,MF,26,1993,17.0,0,0,0,12,17,5,62,5,2,,,0,2020,misc,Aston Villa
ENG-Premier League,2020/21,Aston Villa,Trézéguet,EGY,"MF,FW",25,1994,13.0,0,0,0,39,20,4,25,19,18,,,0,2020,misc,Aston Villa
ENG-Premier League,2020/21,Aston Villa,Tyrone Mings,ENG,DF,27,1993,35.5,6,1,1,20,19,3,5,41,15,,,1,2020,misc,Aston Villa
ENG-Premier League,2020/21,Aston Villa,Wesley Moraes,BRA,FW,23,1996,0.2,0,0,0,0,1,0,0,0,1,,,0,2020,misc,Aston Villa
ENG-Premier League,2020/21,Brighton,Aaron Connolly,IRL,"FW,MF",20,2000,8.8,0,0,0,5,16,8,2,0,3,,,0,2020,misc,Brighton & Hove Albion
ENG-Premier League,2020/21,Brighton,Adam Lallana,ENG,"MF,FW",32,1988,17.7,0,0,0,18,20,3,12,16,14,,,0,2020,misc,Brighton & Hove Albion
ENG-Premier League,2020/21,Brighton,Adam Webster,ENG,DF,25,1995,28.8,4,0,0,24,16,1,1,49,17,,,0,2020,misc,Brighton & Hove Albion
ENG-Premier League,2020/21,Brighton,Alexis Mac Allister,ARG,"MF,FW",21,1998,12.4,1,0,0,19,15,0,11,10,11,,,0,2020,misc,Brighton & Hove Albion
ENG-Premier League,2020/21,Brighton,Alireza Jahanbakhsh,IRN,"MF,FW",26,1993,5.9,3,0,0,8,4,0,29,7,8,,,0,2020,misc,Brighton & Hove Albion
ENG-Premier League,2020/21,Brighton,Andi Zeqiri,SUI,FW,21,1999,1.9,0,0,0,2,2,0,6,0,2,,,0,2020,misc,Brighton & Hove Albion
ENG-Premier League,2020/21,Brighton,Ben White,ENG,"DF,MF",22,1997,35.5,5,1,1,30,9,1,22,62,25,,,0,2020,misc,Brighton & Hove Albion
ENG-Premier League,2020/21,Brighton,Bernardo,BRA,MF,25,1995,2.3,0,0,0,1,1,0,5,2,8,,,0,2020,misc,Brighton & Hove Albion
ENG-Premier League,2020/21,Brighton,Dan Burn,ENG,"DF,MF",28,1992,22.9,5,0,0,35,6,4,37,32,25,,,1,2020,misc,Brighton & Hove Albion
ENG-Premier League,2020/21,Brighton,Danny Welbeck,ENG,FW,29,1990,17.2,0,0,0,19,17,5,3,6,7,,,0,2020,misc,Brighton & Hove Albion
ENG-Premier League,2020/21,Brighton,Davy Pröpper,NED,MF,28,1991,2.4,0,0,0,1,0,0,3,1,5,,,0,2020,misc,Brighton & Hove Albion
ENG-Premier League,2020/21,Brighton,Jakub Moder,POL,MF,21,1999,7.2,0,0,0,12,3,2,12,3,6,,,0,2020,misc,Brighton & Hove Albion
ENG-Premier League,2020/21,Brighton,Jayson Molumby,IRL,MF,20,1999,0.0,0,0,0,0,0,0,0,0,0,,,0,2020,misc,Brighton & Hove Albion
ENG-Premier League,2020/21,Brighton,José Izquierdo,COL,"FW,MF",28,1992,0.1,0,0,0,0,0,0,0,0,0,,,0,2020,misc,Brighton & Hove Albion
ENG-Premier League,2020/21,Brighton,Joël Veltman,NED,"DF,MF",28,1992,25.3,3,0,0,35,39,0,62,32,36,,,0,2020,misc,Brighton & Hove Albion
ENG-Premier League,2020/21,Brighton,Leandro Trossard,BEL,"MF,FW",25,1994,29.0,2,0,0,28,32,6,84,26,14,,,0,2020,misc,Brighton & Hove Albion
ENG-Premier League,2020/21,Brighton,Lewis Dunk,ENG,DF,28,1991,32.6,5,2,0,21,20,2,1,32,17,,,1,2020,misc,Brighton & Hove Albion
ENG-Premier League,2020/21,Brighton,Mathew Ryan,AUS,GK,28,1992,11.0,1,0,0,1,0,0,0,0,0,,,0,2020,misc,Brighton & Hove Albion
ENG-Premier League,2020/21,Brighton,Neal Maupay,FRA,"FW,MF",23,1996,27.9,1,1,0,29,44,12,11,13,12,,,0,2020,misc,Brighton & Hove Albion
ENG-Premier League,2020/21,Brighton,Pascal Groß,GER,MF,29,1991,27.6,3,0,0,19,17,5,221,20,25,,,0,2020,misc,Brighton & Hove Albion
ENG-Premier League,2020/21,Brighton,Percy Tau,RSA,MF,26,1994,1.1,0,0,0,0,1,0,2,1,1,,,0,2020,misc,Brighton & Hove Albion
ENG-Premier League,2020/21,Brighton,Reda Khadra,GER,"FW,MF",19,2001,0.1,0,0,0,0,0,0,0,0,0,,,0,2020,misc,Brighton & Hove Albion
ENG-Premier League,2020/21,Brighton,Robert Sánchez,ESP,GK,22,1997,27.0,2,0,0,2,4,0,0,1,0,,,0,2020,misc,Brighton & Hove Albion
ENG-Premier League,2020/21,Brighton,Solly March,ENG,MF,26,1994,18.6,0,0,0,26,26,2,121,22,23,,,0,2020,misc,Brighton & Hove Albion
ENG-Premier League,2020/21,Brighton,Steven Alzate,COL,MF,21,1998,10.0,2,0,0,20,7,1,3,8,9,,,0,2020,misc,Brighton & Hove Albion
ENG-Premier League,2020/21,Brighton,Tariq Lamptey,GHA,MF,19,2000,9.8,4,1,1,21,28,1,35,18,8,,,0,2020,misc,Brighton & Hove Albion
ENG-Premier League,2020/21,Brighton,Yves Bissouma,MLI,MF,23,1996,34.6,8,1,0,54,32,0,7,64,72,,,0,2020,misc,Brighton & Hove Albion
ENG-Premier League,2020/21,Burnley,Ashley Barnes,ENG,FW,30,1989,14.8,4,0,0,45,49,17,8,8,5,,,0,2020,misc,Burnley
ENG-Premier League,2020/21,Burnley,Ashley Westwood,ENG,MF,30,1990,37.9,7,0,0,35,43,0,179,45,13,,,0,2020,misc,Burnley
ENG-Premier League,2020/21,Burnley,Bailey Peacock-Farrell,NIR,GK,23,1996,4.0,0,0,0,0,1,0,0,0,0,,,0,2020,misc,Burnley
ENG-Premier League,2020/21,Burnley,Ben Mee,ENG,DF,30,1989,29.9,3,0,0,15,20,1,0,44,15,,,0,2020,misc,Burnley
ENG-Premier League,2020/21,Burnley,Charlie Taylor,ENG,DF,26,1993,27.0,1,0,0,9,34,0,105,28,30,,,0,2020,misc,Burnley
ENG-Premier League,2020/21,Burnley,Chris Wood,NZL,FW,28,1991,30.5,0,0,0,37,23,25,7,2,7,,,0,2020,misc,Burnley
ENG-Premier League,2020/21,Burnley,Dale Stephens,ENG,MF,31,1989,2.9,1,0,0,8,2,0,0,8,5,,,0,2020,misc,Burnley
ENG-Premier League,2020/21,Burnley,Dwight McNeil,ENG,MF,20,1999,34.1,1,0,0,12,39,2,243,31,23,,,0,2020,misc,Burnley
ENG-Premier League,2020/21,Burnley,Erik Pieters,NED,"DF,MF",31,1988,14.1,1,0,0,26,20,1,19,12,22,,,1,2020,misc,Burnley
ENG-Premier League,2020/21,Burnley,Jack Cork,ENG,MF,31,1989,15.0,2,0,0,21,12,0,3,16,13,,,0,2020,misc,Burnley
ENG-Premier League,2020/21,Burnley,James Tarkowski,ENG,DF,27,1992,36.0,6,0,0,27,29,3,6,48,40,,,0,2020,misc,Burnley
ENG-Premier League,2020/21,Burnley,Jay Rodriguez,ENG,"FW,MF",31,1989,14.1,3,0,0,31,18,15,4,2,15,,,0,2020,misc,Burnley
ENG-Premier League,2020/21,Burnley,Jimmy Dunne,IRL,DF,22,1997,3.0,1,0,0,2,3,0,0,6,3,,,0,2020,misc,Burnley
ENG-Premier League,2020/21,Burnley,Joel Mumbongo,SWE,FW,21,1999,0.4,1,0,0,1,2,1,0,1,0,,,0,2020,misc,Burnley
ENG-Premier League,2020/21,Burnley,Josh Benson,ENG,MF,20,1999,2.9,0,0,0,4,1,0,5,3,4,,,0,2020,misc,Burnley
ENG-Premier League,2020/21,Burnley,Josh Brownhill,ENG,MF,24,1995,31.3,2,0,0,37,32,2,17,71,25,,,0,2020,misc,Burnley
ENG-Premier League,2020/21,Burnley,Jóhann Berg Guðmundsson,ISL,MF,29,1990,15.1,2,0,0,11,16,2,32,15,10,,,0,2020,misc,Burnley
ENG-Premier League,2020/21,Burnley,Kevin Long,IRL,DF,29,1990,7.1,2,0,0,8,4,0,1,6,7,,,0,2020,misc,Burnley
ENG-Premier League,2020/21,Burnley,Lewis Richardson,ENG,"FW,MF",17,2003,0.0,0,0,0,0,0,0,0,0,0,,,0,2020,misc,Burnley
ENG-Premier League,2020/21,Burnley,Matthew Lowton,ENG,DF,31,1989,34.0,5,0,0,19,13,0,82,61,33,,,0,2020,misc,Burnley
ENG-Premier League,2020/21,Burnley,Matěj Vydra,CZE,FW,28,1992,15.2,0,0,0,6,13,12,3,4,6,,,0,2020,misc,Burnley
ENG-Premier League,2020/21,Burnley,Nick Pope,ENG,GK,28,1992,32.0,1,0,0,2,3,0,0,2,2,,,0,2020,misc,Burnley
ENG-Premier League,2020/21,Burnley,Phil Bardsley,SCO,DF,35,1985,3.0,2,0,0,8,4,0,10,5,5,,,0,2020,misc,Burnley
ENG-Premier League,2020/21,Burnley,Robbie Brady,IRL,MF,28,1992,11.7,3,0,0,21,9,2,44,9,16,,,0,2020,misc,Burnley
ENG-Premier League,2020/21,Burnley,Will Norris,ENG,GK,26,1993,2.0,0,0,0,0,0,0,0,0,0,,,0,2020,misc,Burnley
ENG-Premier League,2020/21,Chelsea,Andreas Christensen,DEN,DF,24,1996,15.2,2,1,0,9,7,0,0,20,6,,,0,2020,misc,Chelsea
ENG-Premier League,2020/21,Chelsea,Antonio Rüdiger,GER,DF,27,1993,19.0,0,0,0,16,11,1,3,18,23,,,1,2020,misc,Chelsea
ENG-Premier League,2020/21,Chelsea,Ben Chilwell,ENG,"DF,MF",23,1996,25.4,3,0,0,23,42,8,136,25,19,,,0,2020,misc,Chelsea
ENG-Premier League,2020/21,Chelsea,Billy Gilmour,SCO,MF,19,2001,2.9,0,0,0,2,2,0,2,2,2,,,0,2020,misc,Chelsea
ENG-Premier League,2020/21,Chelsea,Callum Hudson-Odoi,ENG,"MF,FW",19,2000,11.8,0,0,0,10,8,5,59,6,15,,,0,2020,misc,Chelsea
ENG-Premier League,2020/21,Chelsea,Christian Pulisic,USA,"MF,FW",21,1998,19.3,2,0,0,14,33,5,36,11,14,,,0,2020,misc,Chelsea
ENG-Premier League,2020/21,Chelsea,César Azpilicueta,ESP,"DF,MF",30,1989,24.3,5,1,0,32,14,5,39,24,30,,,0,2020,misc,Chelsea
ENG-Premier League,2020/21,Chelsea,Emerson Palmieri,ITA,"DF,MF",25,1994,1.0,0,0,0,3,0,0,2,2,2,,,0,2020,misc,Chelsea
ENG-Premier League,2020/21,Chelsea,Fikayo Tomori,ENG,DF,22,1997,0.5,0,0,0,1,0,0,0,2,1,,,0,2020,misc,Chelsea
ENG-Premier League,2020/21,Chelsea,Hakim Ziyech,MAR,"FW,MF",27,1993,13.0,3,0,0,19,15,4,61,7,8,,,0,2020,misc,Chelsea
ENG-Premier League,2020/21,Chelsea,Jorginho,ITA,MF,28,1991,22.3,2,0,0,32,29,0,4,35,30,,,0,2020,misc,Chelsea
ENG-Premier League,2020/21,Chelsea,Kai Havertz,GER,"MF,FW",21,1999,16.9,2,0,0,27,15,7,12,4,8,,,0,2020,misc,Chelsea
ENG-Premier League,2020/21,Chelsea,Kepa Arrizabalaga,ESP,GK,25,1994,6.5,1,0,0,1,0,0,0,0,0,,,0,2020,misc,Chelsea
ENG-Premier League,2020/21,Chelsea,Kurt Zouma,FRA,DF,25,1994,22.5,3,0,0,17,6,0,0,25,9,,,0,2020,misc,Chelsea
ENG-Premier League,2020/21,Chelsea,Marcos Alonso,ESP,"MF,DF",29,1990,10.7,2,0,0,13,12,2,25,13,4,,,0,2020,misc,Chelsea
ENG-Premier League,2020/21,Chelsea,Mason Mount,ENG,MF,21,1999,32.1,2,0,0,51,44,4,171,32,34,,,0,2020,misc,Chelsea
ENG-Premier League,2020/21,Chelsea,Mateo Kovačić,CRO,MF,26,1994,20.2,4,0,0,17,30,0,6,15,27,,,0,2020,misc,Chelsea
ENG-Premier League,2020/21,Chelsea,N'Golo Kanté,FRA,MF,29,1991,23.8,7,0,0,37,7,0,8,56,45,,,0,2020,misc,Chelsea
ENG-Premier League,2020/21,Chelsea,Olivier Giroud,FRA,FW,33,1986,8.3,1,0,0,16,6,6,3,2,4,,,0,2020,misc,Chelsea
ENG-Premier League,2020/21,Chelsea,Reece James,ENG,"DF,MF",20,1999,26.4,3,0,0,31,17,1,144,17,36,,,0,2020,misc,Chelsea
ENG-Premier League,2020/21,Chelsea,Ross Barkley,ENG,MF,26,1993,0.5,0,0,0,2,2,1,0,0,0,,,0,2020,misc,Chelsea
ENG-Premier League,2020/21,Chelsea,Ruben Loftus-Cheek,ENG,FW,24,1996,0.7,0,0,0,1,2,0,0,0,0,,,0,2020,misc,Chelsea
ENG-Premier League,2020/21,Chelsea,Tammy Abraham,ENG,FW,22,1997,11.6,0,0,0,22,12,5,6,4,6,,,0,2020,misc,Chelsea
ENG-Premier League,2020/21,Chelsea,Thiago Silva,BRA,DF,35,1984,21.5,5,1,1,14,16,0,3,33,12,,,0,2020,misc,Chelsea
ENG-Premier League,2020/21,Chelsea,Timo Werner,GER,"FW,MF",24,1996,28.9,2,0,0,27,31,26,35,6,9,,,0,2020,misc,Chelsea
ENG-Premier League,2020/21,Chelsea,Willy Caballero,ARG,GK,38,1981,1.0,0,0,0,0,0,0,0,0,0,,,0,2020,misc,Chelsea
ENG-Premier League,2020/21,Chelsea,Édouard Mendy,SEN,GK,28,1992,30.5,2,0,0,1,2,0,0,2,0,,,0,2020,misc,Chelsea
ENG-Premier League,2020/21,Crystal Palace,Andros Townsend,ENG,"MF,FW",29,1991,25.1,0,0,0,28,54,2,156,40,42,,,0,2020,misc,Crystal Palace
ENG-Premier League,2020/21,Crystal Palace,Cheikhou Kouyaté,SEN,DF,30,1989,34.7,4,0,0,36,15,0,3,36,37,,,0,2020,misc,Crystal Palace
ENG-Premier League,2020/21,Crystal Palace,Christian Benteke,BEL,FW,29,1990,20.2,3,1,1,35,20,15,3,4,7,,,0,2020,misc,Crystal Palace
ENG-Premier League,2020/21,Crystal Palace,Eberechi Eze,ENG,MF,22,1998,28.4,3,0,0,18,71,1,85,20,15,,,0,2020,misc,Crystal Palace
ENG-Premier League,2020/21,Crystal Palace,Gary Cahill,ENG,DF,34,1985,20.0,3,0,0,12,3,3,0,15,9,,,0,2020,misc,Crystal Palace
ENG-Premier League,2020/21,Crystal Palace,Jack Butland,ENG,GK,27,1993,1.0,0,0,0,0,0,0,0,0,0,,,0,2020,misc,Crystal Palace
ENG-Premier League,2020/21,Crystal Palace,James McArthur,SCO,MF,32,1987,16.3,3,0,0,32,14,0,10,25,32,,,0,2020,misc,Crystal Palace
ENG-Premier League,2020/21,Crystal Palace,James McCarthy,IRL,MF,29,1990,9.1,1,0,0,6,4,0,11,8,11,,,0,2020,misc,Crystal Palace
ENG-Premier League,2020/21,Crystal Palace,James Tomkins,ENG,DF,31,1989,6.1,1,0,0,3,1,0,0,4,2,,,0,2020,misc,Crystal Palace
ENG-Premier League,2020/21,Crystal Palace,Jaïro Riedewald,NED,MF,23,1996,20.2,4,0,0,22,5,0,2,27,16,,,0,2020,misc,Crystal Palace
ENG-Premier League,2020/21,Crystal Palace,Jean-Philippe Mateta,FRA,FW,23,1997,2.5,0,0,0,3,1,5,1,1,2,,,0,2020,misc,Crystal Palace
ENG-Premier League,2020/21,Crystal Palace,Jeffrey Schlupp,GHA,MF,27,1992,15.9,3,0,0,25,17,0,31,21,18,,,0,2020,misc,Crystal Palace
ENG-Premier League,2020/21,Crystal Palace,Joel Ward,ENG,DF,30,1989,25.1,5,0,0,32,12,1,27,43,26,,,0,2020,misc,Crystal Palace
ENG-Premier League,2020/21,Crystal Palace,Jordan Ayew,GHA,"FW,MF",28,1991,23.3,4,0,0,45,63,5,32,17,26,,,0,2020,misc,Crystal Palace
ENG-Premier League,2020/21,Crystal Palace,Luka Milivojević,SRB,MF,29,1991,26.2,8,1,0,37,33,0,37,34,34,,,0,2020,misc,Crystal Palace
ENG-Premier League,2020/21,Crystal Palace,Mamadou Sakho,FRA,DF,30,1990,3.1,0,0,0,2,1,0,0,3,2,,,0,2020,misc,Crystal Palace
ENG-Premier League,2020/21,Crystal Palace,Martin Kelly,ENG,"DF,MF",30,1990,0.0,0,0,0,0,0,0,0,0,0,,,0,2020,misc,Crystal Palace
ENG-Premier League,2020/21,Crystal Palace,Michy Batshuayi,BEL,FW,26,1993,8.1,0,0,0,11,5,11,5,4,3,,,0,2020,misc,Crystal Palace
ENG-Premier League,2020/21,Crystal Palace,Nathaniel Clyne,ENG,DF,29,1991,12.7,2,0,0,4,2,0,23,19,10,,,0,2020,misc,Crystal Palace
ENG-Premier League,2020/21,Crystal Palace,Patrick van Aanholt,NED,DF,29,1990,19.7,2,0,0,11,4,3,39,29,22,,,0,2020,misc,Crystal Palace
ENG-Premier League,2020/21,Crystal Palace,Scott Dann,ENG,DF,33,1987,15.0,1,0,0,7,6,0,0,17,4,,,0,2020,misc,Crystal Palace
ENG-Premier League,2020/21,Crystal Palace,Tyrick Mitchell,ENG,DF,20,1999,19.0,1,0,0,8,11,0,27,28,34,,,0,2020,misc,Crystal Palace
ENG-Premier League,2020/21,Crystal Palace,Vicente Guaita,ESP,GK,33,1987,37.0,2,0,0,0,5,0,0,1,1,,,0,2020,misc,Crystal Palace
ENG-Premier League,2020/21,Crystal Palace,Wilfried Zaha,CIV,FW,27,1992,29.0,6,0,0,33,88,22,41,11,19,,,0,2020,misc,Crystal Palace
ENG-Premier League,2020/21,Everton,Abdoulaye Doucouré,MLI,MF,27,1993,27.1,6,0,0,23,12,0,9,38,33,,,0,2020,misc,Everton
ENG-Premier League,2020/21,Everton,Alex Iwobi,NGA,"MF,FW",24,1996,17.1,0,0,0,13,13,0,70,14,13,,,0,2020,misc,Everton
ENG-Premier League,2020/21,Everton,Allan,BRA,MF,29,1991,22.8,6,0,0,37,30,0,4,19,46,,,0,2020,misc,Everton
ENG-Premier League,2020/21,Everton,André Gomes,POR,MF,27,1993,17.4,3,0,0,34,14,2,23,10,23,,,0,2020,misc,Everton
ENG-Premier League,2020/21,Everton,Anthony Gordon,ENG,MF,19,2001,1.0,0,0,0,0,2,1,1,1,2,,,0,2020,misc,Everton
ENG-Premier League,2020/21,Everton,Ben Godfrey,ENG,DF,22,1998,29.8,4,0,0,15,17,3,6,33,32,,,1,2020,misc,Everton
ENG-Premier League,2020/21,Everton,Bernard,BRA,"MF,FW",27,1992,5.1,2,0,0,6,7,0,13,8,3,,,0,2020,misc,Everton
ENG-Premier League,2020/21,Everton,Cenk Tosun,TUR,"FW,MF",29,1991,0.5,1,0,0,1,0,0,0,0,0,,,0,2020,misc,Everton
ENG-Premier League,2020/21,Everton,Dominic Calvert-Lewin,ENG,FW,23,1997,31.9,3,0,0,37,40,19,10,7,9,,,0,2020,misc,Everton
ENG-Premier League,2020/21,Everton,Fabian Delph,ENG,MF,30,1989,3.0,1,0,0,3,7,0,6,3,3,,,0,2020,misc,Everton
ENG-Premier League,2020/21,Everton,Gylfi Sigurðsson,ISL,"MF,FW",30,1989,25.0,2,0,0,22,18,0,100,34,21,,,0,2020,misc,Everton
ENG-Premier League,2020/21,Everton,James Rodríguez,COL,"FW,MF",29,1991,19.6,4,0,0,17,40,6,90,15,18,,,0,2020,misc,Everton
ENG-Premier League,2020/21,Everton,Jean-Philippe Gbamin,CIV,"DF,MF",24,1995,0.1,0,0,0,0,0,0,0,0,0,,,0,2020,misc,Everton
ENG-Premier League,2020/21,Everton,Jonjoe Kenny,ENG,DF,23,1997,0.9,0,0,0,0,0,1,6,1,1,,,0,2020,misc,Everton
ENG-Premier League,2020/21,Everton,Jordan Pickford,ENG,GK,26,1994,30.5,1,0,0,1,3,0,0,3,0,,,0,2020,misc,Everton
ENG-Premier League,2020/21,Everton,Joshua King,NOR,"FW,MF",28,1992,1.6,0,0,0,4,1,3,1,1,1,,,0,2020,misc,Everton
ENG-Premier League,2020/21,Everton,João Virgínia,POR,GK,20,1999,0.5,0,0,0,0,0,0,0,0,0,,,0,2020,misc,Everton
ENG-Premier League,2020/21,Everton,Lucas Digne,FRA,"DF,MF",27,1993,29.8,2,1,0,35,22,4,215,34,38,,,0,2020,misc,Everton
ENG-Premier League,2020/21,Everton,Mason Holgate,JAM,DF,23,1996,25.4,9,0,0,28,29,1,26,33,36,,,0,2020,misc,Everton
ENG-Premier League,2020/21,Everton,Michael Keane,ENG,DF,27,1993,33.2,4,0,0,15,9,0,1,51,15,,,0,2020,misc,Everton
ENG-Premier League,2020/21,Everton,Moise Kean,ITA,FW,20,2000,0.2,0,0,0,1,0,0,2,0,0,,,0,2020,misc,Everton
ENG-Premier League,2020/21,Everton,Nathan Broadhead,WAL,"FW,MF",22,1998,0.0,0,0,0,0,0,0,0,0,1,,,0,2020,misc,Everton
ENG-Premier League,2020/21,Everton,Niels Nkounkou,FRA,DF,19,2000,0.9,1,0,0,1,0,0,4,0,3,,,0,2020,misc,Everton
ENG-Premier League,2020/21,Everton,Richarlison,BRA,"FW,MF",23,1997,31.8,4,1,0,34,73,25,37,16,31,,,0,2020,misc,Everton
ENG-Premier League,2020/21,Everton,Robin Olsen,SWE,GK,30,1990,7.0,1,0,0,0,1,0,0,0,0,,,0,2020,misc,Everton
ENG-Premier League,2020/21,Everton,Séamus Coleman,IRL,"DF,MF",31,1988,17.9,0,0,0,12,17,0,37,13,25,,,0,2020,misc,Everton
ENG-Premier League,2020/21,Everton,Theo Walcott,ENG,"FW,MF",31,1989,0.1,0,0,0,0,0,0,0,0,0,,,0,2020,misc,Everton
ENG-Premier League,2020/21,Everton,Tom Davies,ENG,MF,22,1998,15.8,3,0,0,28,26,0,5,30,15,,,0,2020,misc,Everton
ENG-Premier League,2020/21,Everton,Yerry Mina,COL,DF,25,1994,21.5,2,0,0,22,11,0,0,24,15,,,0,2020,misc,Everton
ENG-Premier League,2020/21,Fulham,Aboubakar Kamara,MTN,"MF,FW",25,1995,3.5,1,1,0,9,3,0,13,2,2,,,0,2020,misc,Fulham
ENG-Premier League,2020/21,Fulham,Ademola Lookman,NGA,"MF,FW",22,1997,30.5,5,0,0,46,59,12,133,22,12,,,0,2020,misc,Fulham
ENG-Premier League,2020/21,Fulham,Aleksandar Mitrović,SRB,FW,25,1994,15.6,3,0,0,23,23,3,4,3,5,,,0,2020,misc,Fulham
ENG-Premier League,2020/21,Fulham,Alphonse Areola,FRA,GK,27,1993,36.0,2,0,0,0,5,0,0,0,0,,,0,2020,misc,Fulham
ENG-Premier League,2020/21,Fulham,Antonee Robinson,USA,"DF,MF",22,1997,24.0,4,1,0,20,8,1,101,39,23,,,0,2020,misc,Fulham
ENG-Premier League,2020/21,Fulham,Bobby De Cordova-Reid,JAM,"MF,FW",27,1993,26.4,7,0,0,37,22,4,39,22,14,,,0,2020,misc,Fulham
ENG-Premier League,2020/21,Fulham,Denis Odoi,GHA,DF,32,1988,3.0,1,0,0,7,4,1,5,5,3,,,0,2020,misc,Fulham
ENG-Premier League,2020/21,Fulham,Fabio Carvalho,POR,"FW,MF",17,2002,2.8,0,0,0,4,2,0,3,1,3,,,0,2020,misc,Fulham
ENG-Premier League,2020/21,Fulham,Frank Anguissa,CMR,MF,24,1995,28.7,6,0,0,44,28,0,13,51,39,,,0,2020,misc,Fulham
ENG-Premier League,2020/21,Fulham,Harrison Reed,ENG,MF,25,1995,25.0,5,0,0,40,25,1,27,51,40,,,0,2020,misc,Fulham
ENG-Premier League,2020/21,Fulham,Ivan Cavaleiro,POR,"FW,MF",26,1993,27.5,2,0,0,30,28,9,120,21,15,,,0,2020,misc,Fulham
ENG-Premier League,2020/21,Fulham,Joachim Andersen,DEN,DF,24,1996,30.3,7,1,0,39,15,1,12,46,20,,,0,2020,misc,Fulham
ENG-Premier League,2020/21,Fulham,Joe Bryan,ENG,"MF,DF",26,1993,7.4,2,0,0,10,7,0,49,11,10,,,0,2020,misc,Fulham
ENG-Premier League,2020/21,Fulham,Josh Maja,NGA,FW,21,1998,9.0,0,0,0,8,7,2,1,4,5,,,0,2020,misc,Fulham
ENG-Premier League,2020/21,Fulham,Josh Onomah,ENG,MF,23,1997,4.2,1,0,0,12,0,0,2,2,7,,,0,2020,misc,Fulham
ENG-Premier League,2020/21,Fulham,Kenny Tete,NED,"DF,MF",24,1995,16.5,3,0,0,29,18,2,72,30,31,,,0,2020,misc,Fulham
ENG-Premier League,2020/21,Fulham,Marek Rodák,SVK,GK,23,1996,2.0,0,0,0,0,0,0,0,0,0,,,0,2020,misc,Fulham
ENG-Premier League,2020/21,Fulham,Mario Lemina,GAB,MF,26,1993,18.9,5,0,0,32,15,0,5,31,36,,,0,2020,misc,Fulham
ENG-Premier League,2020/21,Fulham,Maxime Le Marchand,FRA,DF,30,1989,1.4,2,0,0,3,1,0,0,0,2,,,0,2020,misc,Fulham
ENG-Premier League,2020/21,Fulham,Michael Hector,JAM,DF,28,1992,2.9,2,0,0,5,3,0,0,0,2,,,0,2020,misc,Fulham
ENG-Premier League,2020/21,Fulham,Neeskens Kebano,COD,MF,28,1992,1.3,0,0,0,3,1,1,7,0,0,,,0,2020,misc,Fulham
ENG-Premier League,2020/21,Fulham,Ola Aina,NGA,DF,23,1996,29.6,3,0,0,31,26,2,52,46,21,,,0,2020,misc,Fulham
ENG-Premier League,2020/21,Fulham,Ruben Loftus-Cheek,ENG,"MF,FW",24,1996,21.2,3,0,0,29,51,3,9,6,15,,,0,2020,misc,Fulham
ENG-Premier League,2020/21,Fulham,Terence Kongolo,NED,DF,26,1994,1.0,0,0,0,1,1,0,1,2,2,,,0,2020,misc,Fulham
ENG-Premier League,2020/21,Fulham,Tim Ream,USA,DF,32,1987,7.0,0,0,0,3,0,0,0,6,6,,,0,2020,misc,Fulham
ENG-Premier League,2020/21,Fulham,Tom Cairney,SCO,MF,29,1991,8.4,2,0,0,4,18,1,37,0,3,,,0,2020,misc,Fulham
ENG-Premier League,2020/21,Fulham,Tosin Adarabioyo,ENG,DF,22,1997,32.8,1,0,0,16,6,2,2,40,17,,,1,2020,misc,Fulham
ENG-Premier League,2020/21,Fulham,Tyrese Francois,AUS,MF,20,2000,0.2,0,0,0,0,0,0,0,0,0,,,0,2020,misc,Fulham
ENG-Premier League,2020/21,Leeds United,Diego Llorente,ESP,DF,26,1993,13.4,1,0,0,15,9,0,2,25,21,,,0,2020,misc,Leeds United
ENG-Premier League,2020/21,Leeds United,Ezgjan Alioski,MKD,"DF,MF",28,1992,27.3,7,0,0,39,42,6,63,21,34,,,0,2020,misc,Leeds United
ENG-Premier League,2020/21,Leeds United,Gaetano Berardi,SUI,DF,31,1988,1.3,0,0,0,1,0,0,1,1,2,,,0,2020,misc,Leeds United
ENG-Premier League,2020/21,Leeds United,Hélder Costa,ANG,MF,26,1994,12.8,0,0,0,20,18,3,21,4,12,,,1,2020,misc,Leeds United
ENG-Premier League,2020/21,Leeds United,Ian Poveda,ENG,"FW,MF",20,2000,3.9,0,0,0,5,6,2,9,1,5,,,0,2020,misc,Leeds United
ENG-Premier League,2020/21,Leeds United,Illan Meslier,FRA,GK,20,2000,35.0,0,0,0,1,8,0,0,0,1,,,1,2020,misc,Leeds United
ENG-Premier League,2020/21,Leeds United,Jack Harrison,ENG,MF,23,1996,31.6,2,0,0,28,23,12,169,21,35,,,0,2020,misc,Leeds United
ENG-Premier League,2020/21,Leeds United,Jamie Shackleton,ENG,"MF,DF",20,1999,5.1,0,0,0,3,2,1,2,9,6,,,0,2020,misc,Leeds United
ENG-Premier League,2020/21,Leeds United,Kalvin Phillips,ENG,MF,24,1995,27.0,10,0,0,47,32,0,76,45,38,,,0,2020,misc,Leeds United
ENG-Premier League,2020/21,Leeds United,Kiko Casilla,ESP,GK,33,1986,3.0,0,0,0,0,0,0,0,0,0,,,0,2020,misc,Leeds United
ENG-Premier League,2020/21,Leeds United,Leif Davis,ENG,"DF,MF",20,1999,0.4,0,0,0,1,0,0,0,1,0,,,0,2020,misc,Leeds United
ENG-Premier League,2020/21,Leeds United,Liam Cooper,SCO,DF,28,1991,24.3,4,1,0,23,28,1,0,60,47,,,0,2020,misc,Leeds United
ENG-Premier League,2020/21,Leeds United,Luke Ayling,ENG,DF,28,1991,37.8,7,0,0,29,53,2,84,41,62,,,0,2020,misc,Leeds United
ENG-Premier League,2020/21,Leeds United,Mateusz Klich,POL,MF,30,1990,26.6,6,0,0,45,19,5,62,13,20,,,0,2020,misc,Leeds United
ENG-Premier League,2020/21,Leeds United,Niall Huggins,WAL,DF,19,2000,0.4,0,0,0,0,0,0,1,0,0,,,0,2020,misc,Leeds United
ENG-Premier League,2020/21,Leeds United,Pablo Hernández,ESP,MF,35,1985,4.7,1,0,0,1,6,0,13,0,3,,,0,2020,misc,Leeds United
ENG-Premier League,2020/21,Leeds United,Pascal Struijk,NED,"DF,MF",20,1999,23.1,3,0,0,26,7,0,1,46,33,,,0,2020,misc,Leeds United
ENG-Premier League,2020/21,Leeds United,Patrick Bamford,ENG,FW,26,1993,33.9,3,0,0,36,23,18,3,10,9,,,0,2020,misc,Leeds United
ENG-Premier League,2020/21,Leeds United,Raphinha,BRA,MF,23,1996,26.2,3,0,0,13,31,15,165,29,18,,,0,2020,misc,Leeds United
ENG-Premier League,2020/21,Leeds United,Robin Koch,GER,"DF,MF",24,1996,12.6,1,0,0,17,8,0,1,26,16,,,0,2020,misc,Leeds United
ENG-Premier League,2020/21,Leeds United,Rodrigo,ESP,MF,29,1991,14.3,3,0,0,20,9,3,22,5,9,,,0,2020,misc,Leeds United
ENG-Premier League,2020/21,Leeds United,Stuart Dallas,NIR,"MF,DF",29,1991,37.9,7,0,0,41,51,0,80,46,47,,,0,2020,misc,Leeds United
ENG-Premier League,2020/21,Leeds United,Tyler Roberts,WAL,MF,21,1999,14.9,3,0,0,23,33,9,12,11,13,,,0,2020,misc,Leeds United
ENG-Premier League,2020/21,Leicester City,Ayoze Pérez,ESP,"MF,FW",27,1993,14.8,2,0,0,31,23,7,21,10,15,,,0,2020,misc,Leicester City
ENG-Premier League,2020/21,Leicester City,Cengiz Ünder,TUR,MF,23,1997,3.1,0,0,0,1,3,2,16,2,1,,,0,2020,misc,Leicester City
ENG-Premier League,2020/21,Leicester City,Christian Fuchs,AUT,DF,34,1986,7.8,4,0,0,14,5,0,10,14,8,,,0,2020,misc,Leicester City
ENG-Premier League,2020/21,Leicester City,Daniel Amartey,GHA,DF,25,1994,8.0,3,0,0,3,1,0,1,12,6,,,0,2020,misc,Leicester City
ENG-Premier League,2020/21,Leicester City,Demarai Gray,JAM,"FW,MF",24,1996,0.2,0,0,0,0,0,0,2,0,1,,,0,2020,misc,Leicester City
ENG-Premier League,2020/21,Leicester City,Dennis Praet,BEL,MF,26,1994,8.0,0,0,0,12,2,0,19,8,8,,,0,2020,misc,Leicester City
ENG-Premier League,2020/21,Leicester City,Hamza Choudhury,BAN,MF,22,1997,3.5,1,0,0,6,2,0,1,6,7,,,0,2020,misc,Leicester City
ENG-Premier League,2020/21,Leicester City,Harvey Barnes,ENG,MF,22,1997,21.6,0,0,0,16,33,1,27,11,10,,,0,2020,misc,Leicester City
ENG-Premier League,2020/21,Leicester City,Islam Slimani,ALG,FW,32,1988,0.2,0,0,0,0,0,0,0,0,0,,,0,2020,misc,Leicester City
ENG-Premier League,2020/21,Leicester City,James Justin,ENG,"DF,MF",22,1998,23.0,4,0,0,16,39,3,60,29,37,,,0,2020,misc,Leicester City
ENG-Premier League,2020/21,Leicester City,James Maddison,ENG,MF,23,1996,23.3,4,0,0,19,57,5,106,10,16,,,0,2020,misc,Leicester City
ENG-Premier League,2020/21,Leicester City,Jamie Vardy,ENG,FW,33,1987,31.6,1,0,0,26,25,36,20,4,12,,,0,2020,misc,Leicester City
ENG-Premier League,2020/21,Leicester City,Jonny Evans,NIR,DF,32,1988,27.5,7,0,0,18,12,1,0,45,12,,,1,2020,misc,Leicester City
ENG-Premier League,2020/21,Leicester City,Kasper Schmeichel,DEN,GK,33,1986,38.0,0,0,0,0,4,0,0,0,0,,,1,2020,misc,Leicester City
ENG-Premier League,2020/21,Leicester City,Kelechi Iheanacho,NGA,FW,23,1996,16.2,1,0,0,26,13,9,13,1,5,,,0,2020,misc,Leicester City
ENG-Premier League,2020/21,Leicester City,Khanya Leshabela,RSA,MF,20,1999,0.1,0,0,0,0,0,0,1,0,0,,,0,2020,misc,Leicester City
ENG-Premier League,2020/21,Leicester City,Luke Thomas,ENG,"MF,DF",19,2001,10.8,2,0,0,10,16,0,17,14,15,,,0,2020,misc,Leicester City
ENG-Premier League,2020/21,Leicester City,Marc Albrighton,ENG,MF,30,1989,19.4,2,0,0,9,20,4,120,16,19,,,0,2020,misc,Leicester City
ENG-Premier League,2020/21,Leicester City,Nampalys Mendy,SEN,MF,28,1992,16.2,5,0,0,21,29,0,1,13,18,,,0,2020,misc,Leicester City
ENG-Premier League,2020/21,Leicester City,Ricardo Pereira,POR,"MF,DF",26,1993,10.7,3,0,0,18,8,1,15,14,22,,,0,2020,misc,Leicester City
ENG-Premier League,2020/21,Leicester City,Sidnei Tavares,,MF,18,2001,0.9,0,0,0,1,3,0,0,0,1,,,0,2020,misc,Leicester City
ENG-Premier League,2020/21,Leicester City,Timothy Castagne,BEL,"DF,MF",24,1995,26.1,1,0,0,20,13,2,46,30,31,,,0,2020,misc,Leicester City
ENG-Premier League,2020/21,Leicester City,Wes Morgan,JAM,DF,36,1984,0.2,0,0,0,0,0,0,0,0,0,,,0,2020,misc,Leicester City
ENG-Premier League,2020/21,Leicester City,Wesley Fofana,FRA,DF,19,2000,25.1,7,0,0,37,29,2,2,61,37,,,0,2020,misc,Leicester City
ENG-Premier League,2020/21,Leicester City,Wilfred Ndidi,NGA,"MF,DF",23,1996,24.2,6,0,0,53,16,0,5,60,62,,,0,2020,misc,Leicester City
ENG-Premier League,2020/21,Leicester City,Youri Tielemans,BEL,MF,23,1997,37.3,6,0,0,37,55,0,137,49,44,,,0,2020,misc,Leicester City
ENG-Premier League,2020/21,Leicester City,Çağlar Söyüncü,TUR,DF,24,1996,20.2,2,0,0,18,15,0,10,24,17,,,0,2020,misc,Leicester City
ENG-Premier League,2020/21,Liverpool,Adrián,ESP,GK,33,1987,3.0,0,0,0,0,0,0,0,0,0,,,0,2020,misc,Liverpool
ENG-Premier League,2020/21,Liverpool,Alex Oxlade-Chamberlain,ENG,"MF,FW",26,1993,2.8,0,0,0,3,1,0,8,2,0,,,0,2020,misc,Liverpool
ENG-Premier League,2020/21,Liverpool,Alisson,BRA,GK,27,1992,33.0,1,0,0,1,5,0,0,2,2,,,0,2020,misc,Liverpool
ENG-Premier League,2020/21,Liverpool,Andy Robertson,SCO,DF,26,1994,37.6,2,0,0,23,10,8,291,20,32,,,0,2020,misc,Liverpool
ENG-Premier League,2020/21,Liverpool,Caoimhín Kelleher,IRL,GK,21,1998,2.0,0,0,0,0,0,0,0,0,0,,,0,2020,misc,Liverpool
ENG-Premier League,2020/21,Liverpool,Curtis Jones,ENG,MF,19,2001,13.1,2,0,0,18,13,1,7,18,7,,,0,2020,misc,Liverpool
ENG-Premier League,2020/21,Liverpool,Diogo Jota,POR,"FW,MF",23,1996,12.4,2,0,0,25,20,1,16,5,7,,,0,2020,misc,Liverpool
ENG-Premier League,2020/21,Liverpool,Divock Origi,BEL,FW,25,1995,2.1,0,0,0,0,1,0,3,2,3,,,0,2020,misc,Liverpool
ENG-Premier League,2020/21,Liverpool,Fabinho,BRA,"DF,MF",26,1993,28.5,6,0,0,29,27,0,2,41,35,,,0,2020,misc,Liverpool
ENG-Premier League,2020/21,Liverpool,Georginio Wijnaldum,NED,MF,29,1990,32.7,1,0,0,17,25,0,7,25,8,,,0,2020,misc,Liverpool
ENG-Premier League,2020/21,Liverpool,James Milner,ENG,MF,34,1986,11.9,3,0,0,19,11,0,34,13,19,,,0,2020,misc,Liverpool
ENG-Premier League,2020/21,Liverpool,Joe Gomez,ENG,DF,23,1997,6.6,0,0,0,6,6,0,0,4,2,,,0,2020,misc,Liverpool
ENG-Premier League,2020/21,Liverpool,Jordan Henderson,ENG,"MF,DF",30,1990,18.9,0,0,0,8,12,0,29,35,15,,,0,2020,misc,Liverpool
ENG-Premier League,2020/21,Liverpool,Joël Matip,CMR,DF,28,1991,7.7,2,0,0,10,4,0,0,7,7,,,0,2020,misc,Liverpool
ENG-Premier League,2020/21,Liverpool,Kostas Tsimikas,GRE,DF,24,1996,0.1,0,0,0,1,0,0,2,0,0,,,0,2020,misc,Liverpool
ENG-Premier League,2020/21,Liverpool,Mohamed Salah,EGY,FW,28,1992,34.2,0,0,0,22,22,13,28,1,8,,,0,2020,misc,Liverpool
ENG-Premier League,2020/21,Liverpool,Naby Keïta,GUI,MF,25,1995,5.8,1,0,0,13,2,0,3,9,4,,,0,2020,misc,Liverpool
ENG-Premier League,2020/21,Liverpool,Nathaniel Phillips,ENG,DF,23,1997,16.2,2,0,0,20,9,0,1,19,15,,,0,2020,misc,Liverpool
ENG-Premier League,2020/21,Liverpool,Neco Williams,WAL,DF,19,2001,2.8,1,0,0,3,6,0,24,6,5,,,0,2020,misc,Liverpool
ENG-Premier League,2020/21,Liverpool,Ozan Kabak,TUR,DF,20,2000,8.9,3,0,0,12,3,0,0,14,11,,,0,2020,misc,Liverpool
ENG-Premier League,2020/21,Liverpool,Rhys Williams,ENG,DF,19,2001,7.3,0,0,0,4,2,0,0,5,5,,,0,2020,misc,Liverpool
ENG-Premier League,2020/21,Liverpool,Roberto Firmino,BRA,FW,28,1991,31.5,2,0,0,22,17,4,14,12,17,,,0,2020,misc,Liverpool
ENG-Premier League,2020/21,Liverpool,Sadio Mané,SEN,FW,28,1992,31.2,3,0,0,54,78,31,60,13,29,,,0,2020,misc,Liverpool
ENG-Premier League,2020/21,Liverpool,Takumi Minamino,JPN,"MF,FW",25,1995,3.3,0,0,0,4,2,1,3,2,2,,,0,2020,misc,Liverpool
ENG-Premier League,2020/21,Liverpool,Thiago Alcántara,ESP,MF,29,1991,20.6,4,0,0,49,25,0,7,29,38,,,0,2020,misc,Liverpool
ENG-Premier League,2020/21,Liverpool,Trent Alexander-Arnold,ENG,DF,21,1998,33.7,2,0,0,21,9,5,301,46,34,,,0,2020,misc,Liverpool
ENG-Premier League,2020/21,Liverpool,Virgil van Dijk,NED,DF,29,1991,4.1,1,0,0,4,2,1,0,6,3,,,0,2020,misc,Liverpool
ENG-Premier League,2020/21,Liverpool,Xherdan Shaqiri,SUI,"MF,FW",28,1991,6.2,2,0,0,11,6,0,22,2,4,,,0,2020,misc,Liverpool
ENG-Premier League,2020/21,Manchester City,Aymeric Laporte,ESP,DF,26,1994,14.9,1,0,0,9,10,2,1,11,7,,,0,2020,misc,Manchester City
ENG-Premier League,2020/21,Manchester City,Benjamin Mendy,FRA,"DF,MF",26,1994,10.6,2,0,0,14,0,1,31,4,9,,,0,2020,misc,Manchester City
ENG-Premier League,2020/21,Manchester City,Bernardo Silva,POR,"MF,FW",25,1994,22.9,5,0,0,17,18,3,32,16,15,,,0,2020,misc,Manchester City
ENG-Premier League,2020/21,Manchester City,Ederson Moraes,BRA,GK,26,1993,36.0,3,0,0,1,4,0,0,0,1,,,0,2020,misc,Manchester City
ENG-Premier League,2020/21,Manchester City,Eric García,ESP,DF,19,2001,4.3,0,0,0,4,2,0,0,4,6,,,0,2020,misc,Manchester City
ENG-Premier League,2020/21,Manchester City,Fernandinho,BRA,MF,35,1985,13.2,6,0,0,22,10,0,6,23,16,,,0,2020,misc,Manchester City
ENG-Premier League,2020/21,Manchester City,Ferran Torres,ESP,"FW,MF",20,2000,14.5,1,0,0,16,17,5,33,4,5,,,0,2020,misc,Manchester City
ENG-Premier League,2020/21,Manchester City,Gabriel Jesus,BRA,FW,23,1997,22.9,2,0,0,29,46,17,10,14,5,,,0,2020,misc,Manchester City
ENG-Premier League,2020/21,Manchester City,John Stones,ENG,DF,26,1994,21.5,0,1,0,7,10,1,1,17,12,,,0,2020,misc,Manchester City
ENG-Premier League,2020/21,Manchester City,João Cancelo,POR,"DF,MF",26,1994,25.5,5,1,0,36,19,2,74,43,38,,,0,2020,misc,Manchester City
ENG-Premier League,2020/21,Manchester City,Kevin De Bruyne,BEL,MF,29,1991,22.2,1,0,0,27,32,1,145,10,25,,,0,2020,misc,Manchester City
ENG-Premier League,2020/21,Manchester City,Kyle Walker,ENG,DF,30,1990,21.6,1,0,0,26,11,1,38,15,19,,,0,2020,misc,Manchester City
ENG-Premier League,2020/21,Manchester City,Liam Delap,ENG,FW,17,2003,0.4,0,0,0,1,0,0,0,0,0,,,0,2020,misc,Manchester City
ENG-Premier League,2020/21,Manchester City,Nathan Aké,NED,DF,25,1995,8.9,4,0,0,8,5,0,1,8,5,,,0,2020,misc,Manchester City
ENG-Premier League,2020/21,Manchester City,Oleksandr Zinchenko,UKR,DF,23,1996,16.4,0,0,0,9,4,1,41,27,15,,,0,2020,misc,Manchester City
ENG-Premier League,2020/21,Manchester City,Phil Foden,ENG,"FW,MF",20,2000,18.0,0,0,0,13,34,3,74,11,11,,,0,2020,misc,Manchester City
ENG-Premier League,2020/21,Manchester City,Raheem Sterling,ENG,"FW,MF",25,1994,28.2,4,0,0,36,41,9,20,14,12,,,0,2020,misc,Manchester City
ENG-Premier League,2020/21,Manchester City,Riyad Mahrez,ALG,"FW,MF",29,1991,21.7,0,0,0,13,30,7,81,7,4,,,0,2020,misc,Manchester City
ENG-Premier League,2020/21,Manchester City,Rodri,ESP,MF,24,1996,30.5,6,0,0,44,30,3,14,34,39,,,0,2020,misc,Manchester City
ENG-Premier League,2020/21,Manchester City,Rúben Dias,POR,DF,23,1997,31.6,4,0,0,21,20,1,2,36,13,,,1,2020,misc,Manchester City
ENG-Premier League,2020/21,Manchester City,Scott Carson,ENG,GK,34,1985,1.0,0,0,0,0,0,0,0,0,0,,,0,2020,misc,Manchester City
ENG-Premier League,2020/21,Manchester City,Sergio Agüero,ARG,"FW,MF",32,1988,6.2,0,0,0,2,7,1,1,2,1,,,0,2020,misc,Manchester City
ENG-Premier League,2020/21,Manchester City,Zack Steffen,USA,GK,25,1995,1.0,0,0,0,1,0,0,0,0,0,,,0,2020,misc,Manchester City
ENG-Premier League,2020/21,Manchester City,İlkay Gündoğan,GER,MF,29,1990,22.5,1,0,0,9,26,1,30,19,15,,,0,2020,misc,Manchester City
ENG-Premier League,2020/21,Manchester Utd,Aaron Wan-Bissaka,COD,DF,22,1997,34.0,3,0,0,31,14,1,62,61,52,,,0,2020,misc,Manchester United
ENG-Premier League,2020/21,Manchester Utd,Alex Telles,BRA,DF,27,1992,7.7,0,0,0,4,4,1,56,16,8,,,0,2020,misc,Manchester United
ENG-Premier League,2020/21,Manchester Utd,Amad Diallo,CIV,MF,18,2002,1.8,0,0,0,2,4,0,0,0,3,,,0,2020,misc,Manchester United
ENG-Premier League,2020/21,Manchester Utd,Anthony Elanga,SWE,"MF,FW",18,2002,1.7,0,0,0,2,4,1,2,1,2,,,0,2020,misc,Manchester United
ENG-Premier League,2020/21,Manchester Utd,Anthony Martial,FRA,"FW,MF",24,1995,16.4,0,1,0,15,27,15,9,2,2,,,0,2020,misc,Manchester United
ENG-Premier League,2020/21,Manchester Utd,Axel Tuanzebe,COD,DF,22,1997,4.5,2,0,0,6,3,0,0,3,8,,,1,2020,misc,Manchester United
ENG-Premier League,2020/21,Manchester Utd,Brandon Williams,ENG,DF,19,2000,2.1,0,0,0,2,3,0,1,1,0,,,0,2020,misc,Manchester United
ENG-Premier League,2020/21,Manchester Utd,Bruno Fernandes,POR,MF,25,1994,34.4,6,0,0,43,53,3,168,27,31,,,0,2020,misc,Manchester United
ENG-Premier League,2020/21,Manchester Utd,Daniel James,WAL,MF,22,1997,10.1,3,0,0,14,14,4,19,1,8,,,0,2020,misc,Manchester United
ENG-Premier League,2020/21,Manchester Utd,David de Gea,ESP,GK,29,1990,25.5,0,0,0,0,3,0,0,0,0,,,0,2020,misc,Manchester United
ENG-Premier League,2020/21,Manchester Utd,Dean Henderson,ENG,GK,23,1997,12.5,3,0,0,0,0,0,0,0,1,,,0,2020,misc,Manchester United
ENG-Premier League,2020/21,Manchester Utd,Donny van de Beek,NED,MF,23,1997,5.8,1,0,0,5,6,0,0,5,10,,,0,2020,misc,Manchester United
ENG-Premier League,2020/21,Manchester Utd,Edinson Cavani,URU,FW,33,1987,15.3,4,0,0,21,13,6,5,6,8,,,0,2020,misc,Manchester United
ENG-Premier League,2020/21,Manchester Utd,Eric Bailly,CIV,DF,26,1994,10.2,3,0,0,11,4,0,0,13,5,,,0,2020,misc,Manchester United
ENG-Premier League,2020/21,Manchester Utd,Fred,BRA,MF,27,1993,26.6,5,0,0,46,30,1,9,46,42,,,0,2020,misc,Manchester United
ENG-Premier League,2020/21,Manchester Utd,Hannibal Mejbri,TUN,MF,17,2003,0.1,0,0,0,0,1,0,0,0,0,,,0,2020,misc,Manchester United
ENG-Premier League,2020/21,Manchester Utd,Harry Maguire,ENG,DF,27,1993,33.9,11,0,0,40,30,1,3,59,17,,,0,2020,misc,Manchester United
ENG-Premier League,2020/21,Manchester Utd,Juan Mata,ESP,MF,32,1988,5.7,0,0,0,1,4,2,11,3,0,,,0,2020,misc,Manchester United
ENG-Premier League,2020/21,Manchester Utd,Luke Shaw,ENG,DF,25,1995,29.5,8,0,0,42,29,3,190,21,28,,,1,2020,misc,Manchester United
ENG-Premier League,2020/21,Manchester Utd,Marcus Rashford,ENG,"MF,FW",22,1997,32.4,4,0,0,25,42,27,37,8,9,,,0,2020,misc,Manchester United
ENG-Premier League,2020/21,Manchester Utd,Mason Greenwood,ENG,"MF,FW",18,2001,20.2,2,0,0,17,20,4,31,4,10,,,0,2020,misc,Manchester United
ENG-Premier League,2020/21,Manchester Utd,Nemanja Matić,SRB,MF,31,1988,12.3,2,0,0,14,7,0,4,22,13,,,0,2020,misc,Manchester United
ENG-Premier League,2020/21,Manchester Utd,Odion Ighalo,NGA,FW,31,1989,0.1,0,0,0,0,0,0,0,0,0,,,0,2020,misc,Manchester United
ENG-Premier League,2020/21,Manchester Utd,Paul Pogba,FRA,MF,27,1993,21.1,3,0,0,41,37,4,22,26,24,,,0,2020,misc,Manchester United
ENG-Premier League,2020/21,Manchester Utd,Scott McTominay,SCO,MF,23,1996,23.7,3,0,0,47,41,1,13,31,27,,,0,2020,misc,Manchester United
ENG-Premier League,2020/21,Manchester Utd,Shola Shoretire,ENG,"FW,MF",16,2004,0.1,0,0,0,0,0,0,0,0,0,,,0,2020,misc,Manchester United
ENG-Premier League,2020/21,Manchester Utd,Timothy Fosu-Mensah,NED,DF,22,1998,0.9,1,0,0,1,0,1,5,3,0,,,0,2020,misc,Manchester United
ENG-Premier League,2020/21,Manchester Utd,Victor Lindelöf,SWE,DF,26,1994,28.7,0,0,0,24,8,1,2,33,11,,,0,2020,misc,Manchester United
ENG-Premier League,2020/21,Manchester Utd,Will Fish,ENG,DF,17,2003,0.0,0,0,0,0,0,0,0,0,0,,,0,2020,misc,Manchester United
ENG-Premier League,2020/21,Newcastle,Allan Saint-Maximin,FRA,"FW,MF",23,1997,17.3,0,0,0,11,45,5,21,4,9,,,0,2020,misc,Newcastle United
ENG-Premier League,2020/21,Newcastle,Andy Carroll,ENG,FW,31,1989,4.4,1,0,0,12,10,4,0,0,1,,,0,2020,misc,Newcastle United
ENG-Premier League,2020/21,Newcastle,Callum Wilson,ENG,FW,28,1992,23.2,2,0,0,40,41,23,13,6,8,,,0,2020,misc,Newcastle United
ENG-Premier League,2020/21,Newcastle,Ciaran Clark,IRL,DF,30,1989,21.0,3,0,0,16,11,1,0,30,14,,,1,2020,misc,Newcastle United
ENG-Premier League,2020/21,Newcastle,DeAndre Yedlin,USA,DF,27,1993,4.8,0,0,0,4,4,1,13,7,6,,,0,2020,misc,Newcastle United
ENG-Premier League,2020/21,Newcastle,Dwight Gayle,ENG,FW,29,1990,5.7,0,0,0,6,6,3,5,1,1,,,0,2020,misc,Newcastle United
ENG-Premier League,2020/21,Newcastle,Elliot Anderson,ENG,MF,17,2002,0.0,0,0,0,0,0,0,0,0,0,,,0,2020,misc,Newcastle United
ENG-Premier League,2020/21,Newcastle,Emil Krafth,SWE,DF,25,1994,14.3,4,0,0,12,9,1,19,18,10,,,0,2020,misc,Newcastle United
ENG-Premier League,2020/21,Newcastle,Fabian Schär,SUI,DF,28,1991,13.8,4,1,0,22,15,1,6,28,5,,,0,2020,misc,Newcastle United
ENG-Premier League,2020/21,Newcastle,Federico Fernández,ARG,DF,31,1989,23.1,4,0,0,15,14,0,12,17,22,,,1,2020,misc,Newcastle United
ENG-Premier League,2020/21,Newcastle,Isaac Hayden,JAM,"MF,DF",25,1995,21.6,8,0,0,38,16,1,18,41,27,,,0,2020,misc,Newcastle United
ENG-Premier League,2020/21,Newcastle,Jacob Murphy,ENG,"DF,MF",25,1995,18.1,3,0,0,23,23,2,59,15,22,,,0,2020,misc,Newcastle United
ENG-Premier League,2020/21,Newcastle,Jamaal Lascelles,ENG,DF,26,1993,18.1,4,0,0,17,9,0,3,14,9,,,0,2020,misc,Newcastle United
ENG-Premier League,2020/21,Newcastle,Jamal Lewis,NIR,DF,22,1998,20.4,4,0,0,18,18,1,45,14,22,,,0,2020,misc,Newcastle United
ENG-Premier League,2020/21,Newcastle,Javier Manquillo,ESP,DF,26,1994,9.2,1,0,0,7,8,0,30,8,16,,,0,2020,misc,Newcastle United
ENG-Premier League,2020/21,Newcastle,Jeff Hendrick,IRL,MF,28,1992,15.8,3,1,1,15,12,3,6,21,7,,,0,2020,misc,Newcastle United
ENG-Premier League,2020/21,Newcastle,Joe Willock,ENG,MF,20,1999,10.9,0,0,0,9,16,0,13,18,12,,,0,2020,misc,Newcastle United
ENG-Premier League,2020/21,Newcastle,Joelinton,BRA,"FW,MF",23,1996,22.0,3,0,0,23,36,6,13,10,19,,,0,2020,misc,Newcastle United
ENG-Premier League,2020/21,Newcastle,Jonjo Shelvey,ENG,MF,28,1992,29.1,7,0,0,31,10,0,93,39,17,,,0,2020,misc,Newcastle United
ENG-Premier League,2020/21,Newcastle,Karl Darlow,WAL,GK,29,1990,25.0,3,0,0,0,3,0,0,0,1,,,0,2020,misc,Newcastle United
ENG-Premier League,2020/21,Newcastle,Martin Dúbravka,SVK,GK,31,1989,13.0,0,0,0,0,5,0,0,0,0,,,0,2020,misc,Newcastle United
ENG-Premier League,2020/21,Newcastle,Matt Ritchie,SCO,"DF,MF",30,1989,15.0,2,0,0,12,19,1,106,11,4,,,1,2020,misc,Newcastle United
ENG-Premier League,2020/21,Newcastle,Matthew Longstaff,ENG,MF,20,2000,4.2,0,0,0,3,5,0,4,7,3,,,0,2020,misc,Newcastle United
ENG-Premier League,2020/21,Newcastle,Miguel Almirón,PAR,"MF,FW",26,1994,27.0,3,0,0,18,39,6,39,26,27,,,0,2020,misc,Newcastle United
ENG-Premier League,2020/21,Newcastle,Paul Dummett,WAL,DF,28,1991,13.9,2,0,0,9,4,0,9,15,8,,,0,2020,misc,Newcastle United
ENG-Premier League,2020/21,Newcastle,Ryan Fraser,SCO,"FW,MF",26,1994,10.3,2,1,1,5,20,0,103,7,2,,,0,2020,misc,Newcastle United
ENG-Premier League,2020/21,Newcastle,Sean Longstaff,ENG,MF,22,1997,15.7,2,0,0,23,21,0,25,18,15,,,0,2020,misc,Newcastle United
ENG-Premier League,2020/21,Sheffield United,Aaron Ramsdale,ENG,GK,22,1998,38.0,1,0,0,1,5,0,0,2,1,,,0,2020,misc,Sheffield United
ENG-Premier League,2020/21,Sheffield United,Antwoine Hackford,ENG,FW,16,2004,0.1,0,0,0,0,0,0,0,0,0,,,0,2020,misc,Sheffield United
ENG-Premier League,2020/21,Sheffield United,Ben Osborn,ENG,"MF,FW",25,1994,17.8,1,0,0,10,15,4,68,12,18,,,0,2020,misc,Sheffield United
ENG-Premier League,2020/21,Sheffield United,Billy Sharp,ENG,FW,34,1986,8.2,1,0,0,15,14,11,9,0,1,,,0,2020,misc,Sheffield United
ENG-Premier League,2020/21,Sheffield United,Chris Basham,ENG,DF,32,1988,28.6,5,0,0,25,28,6,24,47,38,,,0,2020,misc,Sheffield United
ENG-Premier League,2020/21,Sheffield United,Daniel Jebbison,CAN,FW,16,2003,3.2,0,0,0,6,4,1,1,2,2,,,0,2020,misc,Sheffield United
ENG-Premier League,2020/21,Sheffield United,David McGoldrick,IRL,FW,32,1987,26.6,7,0,0,44,32,17,22,2,24,,,0,2020,misc,Sheffield United
ENG-Premier League,2020/21,Sheffield United,Enda Stevens,IRL,"MF,DF",30,1990,30.0,6,0,0,33,10,3,63,22,26,,,0,2020,misc,Sheffield United
ENG-Premier League,2020/21,Sheffield United,Ethan Ampadu,WAL,"DF,MF",19,2000,23.2,3,0,0,25,25,1,21,49,36,,,1,2020,misc,Sheffield United
ENG-Premier League,2020/21,Sheffield United,Femi Seriki,ENG,DF,18,2002,0.0,0,0,0,0,0,0,0,0,0,,,0,2020,misc,Sheffield United
ENG-Premier League,2020/21,Sheffield United,George Baldock,GRE,"MF,DF",27,1993,31.0,7,0,0,46,22,10,61,27,35,,,0,2020,misc,Sheffield United
ENG-Premier League,2020/21,Sheffield United,Iliman Ndiaye,SEN,"FW,MF",20,2000,0.1,0,0,0,0,0,0,0,0,1,,,0,2020,misc,Sheffield United
ENG-Premier League,2020/21,Sheffield United,Jack O'Connell,ENG,DF,26,1994,2.0,0,0,0,0,0,1,1,2,0,,,0,2020,misc,Sheffield United
ENG-Premier League,2020/21,Sheffield United,Jack Robinson,ENG,DF,26,1993,9.7,3,0,0,10,6,0,6,8,6,,,0,2020,misc,Sheffield United
ENG-Premier League,2020/21,Sheffield United,Jayden Bogle,ENG,MF,20,2000,12.3,2,0,0,15,9,1,12,13,23,,,0,2020,misc,Sheffield United
ENG-Premier League,2020/21,Sheffield United,John Egan,IRL,DF,27,1992,29.2,7,1,0,29,11,0,4,37,23,,,0,2020,misc,Sheffield United
ENG-Premier League,2020/21,Sheffield United,John Fleck,SCO,MF,28,1991,28.6,4,0,0,33,28,1,97,27,33,,,0,2020,misc,Sheffield United
ENG-Premier League,2020/21,Sheffield United,John Lundstram,ENG,MF,26,1994,22.6,8,1,0,24,20,1,71,15,15,,,0,2020,misc,Sheffield United
ENG-Premier League,2020/21,Sheffield United,Kean Bryan,ENG,DF,23,1996,11.2,1,0,0,13,2,0,17,12,9,,,1,2020,misc,Sheffield United
ENG-Premier League,2020/21,Sheffield United,Lys Mousset,FRA,FW,24,1996,3.3,0,0,0,7,2,5,1,0,0,,,0,2020,misc,Sheffield United
ENG-Premier League,2020/21,Sheffield United,Max Lowe,ENG,"MF,DF",23,1997,6.1,1,0,0,10,3,0,21,5,12,,,0,2020,misc,Sheffield United
ENG-Premier League,2020/21,Sheffield United,Oliver Burke,SCO,FW,23,1997,14.1,2,0,0,23,6,3,10,4,10,,,0,2020,misc,Sheffield United
ENG-Premier League,2020/21,Sheffield United,Oliver McBurnie,SCO,FW,24,1996,14.7,2,0,0,24,26,4,3,6,7,,,0,2020,misc,Sheffield United
ENG-Premier League,2020/21,Sheffield United,Oliver Norwood,NIR,MF,29,1991,24.7,6,0,0,26,10,0,114,39,25,,,0,2020,misc,Sheffield United
ENG-Premier League,2020/21,Sheffield United,Phil Jagielka,ENG,DF,37,1982,5.8,1,1,0,8,1,0,1,10,4,,,1,2020,misc,Sheffield United
ENG-Premier League,2020/21,Sheffield United,Rhian Brewster,ENG,FW,20,2000,12.5,1,0,0,18,13,4,16,6,5,,,0,2020,misc,Sheffield United
ENG-Premier League,2020/21,Sheffield United,Sander Berge,NOR,MF,22,1998,12.4,4,0,0,14,4,2,24,4,7,,,0,2020,misc,Sheffield United
ENG-Premier League,2020/21,Southampton,Alex McCarthy,ENG,GK,30,1989,30.0,2,0,0,0,2,0,0,0,0,,,0,2020,misc,Southampton
ENG-Premier League,2020/21,Southampton,Alexandre Jankewitz,SUI,MF,18,2001,0.0,0,1,0,1,1,0,0,0,1,,,0,2020,misc,Southampton
ENG-Premier League,2020/21,Southampton,Allan Tchaptchet,FRA,DF,18,2001,0.1,0,0,0,0,0,0,0,0,0,,,0,2020,misc,Southampton
ENG-Premier League,2020/21,Southampton,Caleb Watts,AUS,MF,18,2002,0.4,1,0,0,0,1,0,1,0,1,,,0,2020,misc,Southampton
ENG-Premier League,2020/21,Southampton,Ché Adams,SCO,FW,24,1996,29.6,1,0,0,29,55,19,6,4,17,,,0,2020,misc,Southampton
ENG-Premier League,2020/21,Southampton,Dan Nlundulu,ENG,FW,21,1999,1.2,0,0,0,6,0,1,0,0,0,,,0,2020,misc,Southampton
ENG-Premier League,2020/21,Southampton,Danny Ings,ENG,FW,28,1992,24.1,1,0,0,19,18,20,20,3,13,,,0,2020,misc,Southampton
ENG-Premier League,2020/21,Southampton,Fraser Forster,ENG,GK,32,1988,8.0,0,0,0,1,3,0,0,0,0,,,0,2020,misc,Southampton
ENG-Premier League,2020/21,Southampton,Ibrahima Diallo,FRA,MF,21,1999,11.3,3,0,0,22,11,0,8,11,15,,,0,2020,misc,Southampton
ENG-Premier League,2020/21,Southampton,Jack Stephens,ENG,DF,26,1994,17.1,2,0,0,8,9,0,2,27,21,,,0,2020,misc,Southampton
ENG-Premier League,2020/21,Southampton,Jake Vokins,ENG,DF,20,2000,0.7,0,0,0,2,0,1,3,0,0,,,0,2020,misc,Southampton
ENG-Premier League,2020/21,Southampton,James Ward-Prowse,ENG,MF,25,1994,38.0,5,0,0,45,27,0,251,45,47,,,0,2020,misc,Southampton
ENG-Premier League,2020/21,Southampton,Jan Bednarek,POL,DF,24,1996,34.4,5,1,0,30,13,0,0,89,21,,,1,2020,misc,Southampton
ENG-Premier League,2020/21,Southampton,Jannik Vestergaard,DEN,DF,27,1992,28.6,3,1,0,19,11,0,5,42,31,,,0,2020,misc,Southampton
ENG-Premier League,2020/21,Southampton,Kayne Ramsey,ENG,DF,19,2000,1.0,1,0,0,1,0,0,0,0,2,,,0,2020,misc,Southampton
ENG-Premier League,2020/21,Southampton,Kyle Walker-Peters,ENG,DF,23,1997,29.4,4,0,0,33,42,7,33,37,54,,,0,2020,misc,Southampton
ENG-Premier League,2020/21,Southampton,Michael Obafemi,IRL,FW,20,2000,0.7,0,0,0,1,3,0,1,0,1,,,0,2020,misc,Southampton
ENG-Premier League,2020/21,Southampton,Mohammed Salisu,GHA,DF,21,1999,9.4,1,0,0,10,4,0,1,17,20,,,0,2020,misc,Southampton
ENG-Premier League,2020/21,Southampton,Moussa Djenepo,MLI,MF,22,1998,13.8,5,0,0,29,39,3,9,12,27,,,0,2020,misc,Southampton
ENG-Premier League,2020/21,Southampton,Nathan Redmond,ENG,"MF,FW",26,1994,19.3,1,0,0,30,15,4,29,12,18,,,0,2020,misc,Southampton
ENG-Premier League,2020/21,Southampton,Nathan Tella,NGA,"FW,MF",21,1999,8.3,2,0,0,16,24,5,7,3,5,,,0,2020,misc,Southampton
ENG-Premier League,2020/21,Southampton,Oriol Romeu,ESP,MF,28,1991,19.6,6,0,0,30,23,0,9,29,34,,,0,2020,misc,Southampton
ENG-Premier League,2020/21,Southampton,Ryan Bertrand,ENG,DF,30,1989,28.9,5,0,0,29,35,3,82,36,35,,,0,2020,misc,Southampton
ENG-Premier League,2020/21,Southampton,Shane Long,IRL,FW,33,1987,2.3,0,0,0,7,6,3,0,3,1,,,0,2020,misc,Southampton
ENG-Premier League,2020/21,Southampton,Stuart Armstrong,SCO,MF,28,1992,30.7,3,0,0,35,35,4,40,23,42,,,0,2020,misc,Southampton
ENG-Premier League,2020/21,Southampton,Takumi Minamino,JPN,"MF,FW",25,1995,7.9,1,0,0,7,11,1,9,4,3,,,0,2020,misc,Southampton
ENG-Premier League,2020/21,Southampton,Theo Walcott,ENG,"MF,FW",31,1989,18.0,0,0,0,12,30,8,26,13,12,,,0,2020,misc,Southampton
ENG-Premier League,2020/21,Southampton,William Smallbone,IRL,MF,20,2000,1.9,0,0,0,3,2,0,5,2,3,,,0,2020,misc,Southampton
ENG-Premier League,2020/21,Southampton,Yan Valery,TUN,DF,21,1999,1.1,0,0,0,1,1,0,4,2,3,,,0,2020,misc,Southampton
ENG-Premier League,2020/21,Tottenham,Ben Davies,WAL,DF,27,1993,15.0,1,0,0,19,14,1,33,19,17,,,0,2020,misc,Tottenham Hotspur
ENG-Premier League,2020/21,Tottenham,Carlos Vinícius,BRA,FW,25,1995,3.4,2,0,0,11,3,2,2,1,1,,,0,2020,misc,Tottenham Hotspur
ENG-Premier League,2020/21,Tottenham,Dane Scarlett,ENG,FW,16,2004,0.0,0,0,0,0,0,0,0,0,0,,,0,2020,misc,Tottenham Hotspur
ENG-Premier League,2020/21,Tottenham,Davinson Sánchez,COL,DF,24,1996,16.5,1,0,0,22,9,0,0,13,23,,,1,2020,misc,Tottenham Hotspur
ENG-Premier League,2020/21,Tottenham,Dele Alli,ENG,MF,24,1996,6.9,0,0,0,10,12,1,10,6,12,,,0,2020,misc,Tottenham Hotspur
ENG-Premier League,2020/21,Tottenham,Eric Dier,ENG,DF,26,1994,28.0,3,0,0,16,13,0,5,24,16,,,0,2020,misc,Tottenham Hotspur
ENG-Premier League,2020/21,Tottenham,Gareth Bale,WAL,MF,31,1989,10.2,1,0,0,9,10,5,41,10,10,,,0,2020,misc,Tottenham Hotspur
ENG-Premier League,2020/21,Tottenham,Giovani Lo Celso,ARG,MF,24,1996,10.5,5,0,0,19,20,0,31,8,22,,,0,2020,misc,Tottenham Hotspur
ENG-Premier League,2020/21,Tottenham,Harry Kane,ENG,FW,27,1993,34.2,1,0,0,26,60,12,37,12,11,,,0,2020,misc,Tottenham Hotspur
ENG-Premier League,2020/21,Tottenham,Harry Winks,ENG,MF,24,1996,9.6,5,0,0,11,12,0,2,12,11,,,0,2020,misc,Tottenham Hotspur
ENG-Premier League,2020/21,Tottenham,Hugo Lloris,FRA,GK,33,1986,38.0,0,0,0,0,3,0,0,2,0,,,0,2020,misc,Tottenham Hotspur
ENG-Premier League,2020/21,Tottenham,Japhet Tanganga,ENG,DF,21,1999,5.4,2,0,0,11,7,0,4,3,3,,,0,2020,misc,Tottenham Hotspur
ENG-Premier League,2020/21,Tottenham,Joe Rodon,WAL,DF,22,1997,8.1,0,0,0,2,8,1,0,19,8,,,0,2020,misc,Tottenham Hotspur
ENG-Premier League,2020/21,Tottenham,Lucas Moura,BRA,"MF,FW",27,1992,15.7,1,0,0,23,47,3,26,17,18,,,0,2020,misc,Tottenham Hotspur
ENG-Premier League,2020/21,Tottenham,Matt Doherty,IRL,"DF,MF",28,1992,13.8,4,1,1,20,12,0,31,21,16,,,0,2020,misc,Tottenham Hotspur
ENG-Premier League,2020/21,Tottenham,Moussa Sissoko,FRA,MF,30,1989,17.6,3,0,0,21,9,0,9,24,16,,,0,2020,misc,Tottenham Hotspur
ENG-Premier League,2020/21,Tottenham,Pierre Højbjerg,DEN,MF,24,1995,38.0,9,0,0,69,54,0,7,50,53,,,0,2020,misc,Tottenham Hotspur
ENG-Premier League,2020/21,Tottenham,Serge Aurier,CIV,"DF,MF",27,1992,17.8,0,0,0,23,15,1,35,17,36,,,0,2020,misc,Tottenham Hotspur
ENG-Premier League,2020/21,Tottenham,Sergio Reguilón,ESP,"DF,MF",23,1996,24.9,5,0,0,26,20,1,61,29,23,,,1,2020,misc,Tottenham Hotspur
ENG-Premier League,2020/21,Tottenham,Son Heung-min,KOR,"MF,FW",28,1992,34.6,0,0,0,14,54,16,149,17,19,,,0,2020,misc,Tottenham Hotspur
ENG-Premier League,2020/21,Tottenham,Steven Bergwijn,NED,"MF,FW",22,1997,13.4,3,0,0,20,16,1,12,3,8,,,0,2020,misc,Tottenham Hotspur
ENG-Premier League,2020/21,Tottenham,Tanguy Ndombele,FRA,MF,23,1996,23.2,3,0,0,27,60,0,8,21,21,,,0,2020,misc,Tottenham Hotspur
ENG-Premier League,2020/21,Tottenham,Toby Alderweireld,BEL,DF,31,1989,24.9,2,0,0,17,3,0,1,12,21,,,1,2020,misc,Tottenham Hotspur
ENG-Premier League,2020/21,Tottenham,Érik Lamela,ARG,"MF,FW",28,1992,8.0,6,1,1,24,10,0,23,5,9,,,0,2020,misc,Tottenham Hotspur
ENG-Premier League,2020/21,West Brom,Ahmed Hegazi,EGY,DF,29,1991,1.0,0,0,0,0,1,0,0,1,0,,,0,2020,misc,West Bromwich Albion
ENG-Premier League,2020/21,West Brom,Ainsley Maitland-Niles,ENG,MF,22,1997,13.7,2,0,0,10,14,0,11,17,10,,,0,2020,misc,West Bromwich Albion
ENG-Premier League,2020/21,West Brom,Branislav Ivanović,SRB,DF,36,1984,8.5,2,0,0,11,4,1,1,8,5,,,0,2020,misc,West Bromwich Albion
ENG-Premier League,2020/21,West Brom,Callum Robinson,IRL,"FW,MF",25,1995,17.3,0,0,0,3,19,8,40,6,7,,,0,2020,misc,West Bromwich Albion
ENG-Premier League,2020/21,West Brom,Charlie Austin,ENG,FW,31,1989,1.5,0,0,0,0,2,1,0,3,2,,,0,2020,misc,West Bromwich Albion
ENG-Premier League,2020/21,West Brom,Conor Gallagher,ENG,MF,20,2000,28.1,11,0,0,43,63,0,67,27,38,,,0,2020,misc,West Bromwich Albion
ENG-Premier League,2020/21,West Brom,Conor Townsend,ENG,DF,27,1993,24.8,0,0,0,15,25,2,61,34,28,,,0,2020,misc,West Bromwich Albion
ENG-Premier League,2020/21,West Brom,Dara O'Shea,IRL,DF,21,1999,23.4,3,0,0,13,17,0,10,48,26,,,0,2020,misc,West Bromwich Albion
ENG-Premier League,2020/21,West Brom,Darnell Furlong,ENG,"DF,MF",24,1995,32.6,5,0,0,33,33,3,98,49,28,,,1,2020,misc,West Bromwich Albion
ENG-Premier League,2020/21,West Brom,David Button,ENG,GK,31,1989,1.0,0,0,0,0,0,0,0,0,0,,,0,2020,misc,West Bromwich Albion
ENG-Premier League,2020/21,West Brom,Filip Krovinović,CRO,MF,24,1995,6.1,0,0,0,6,12,0,11,5,10,,,0,2020,misc,West Bromwich Albion
ENG-Premier League,2020/21,West Brom,Grady Diangana,COD,MF,22,1998,13.7,0,0,0,11,35,4,20,16,21,,,0,2020,misc,West Bromwich Albion
ENG-Premier League,2020/21,West Brom,Hal Robson-Kanu,WAL,FW,31,1989,6.2,2,0,0,15,10,4,1,2,1,,,0,2020,misc,West Bromwich Albion
ENG-Premier League,2020/21,West Brom,Jake Livermore,ENG,MF,30,1989,13.8,2,1,0,30,6,0,5,15,20,,,1,2020,misc,West Bromwich Albion
ENG-Premier League,2020/21,West Brom,Kamil Grosicki,POL,MF,32,1988,1.6,0,0,0,1,0,0,5,2,1,,,0,2020,misc,West Bromwich Albion
ENG-Premier League,2020/21,West Brom,Karlan Grant,ENG,"FW,MF",22,1997,12.5,1,0,0,9,13,7,14,4,2,,,0,2020,misc,West Bromwich Albion
ENG-Premier League,2020/21,West Brom,Kieran Gibbs,ENG,"DF,MF",30,1989,9.0,1,1,0,7,2,0,12,16,12,,,0,2020,misc,West Bromwich Albion
ENG-Premier League,2020/21,West Brom,Kyle Bartley,ENG,DF,29,1991,28.7,4,0,0,29,8,5,0,39,14,,,0,2020,misc,West Bromwich Albion
ENG-Premier League,2020/21,West Brom,Kyle Edwards,ENG,MF,22,1998,1.3,0,0,0,1,1,0,1,1,3,,,0,2020,misc,West Bromwich Albion
ENG-Premier League,2020/21,West Brom,Lee Peltier,ENG,DF,33,1986,2.5,1,0,0,4,0,0,3,1,3,,,0,2020,misc,West Bromwich Albion
ENG-Premier League,2020/21,West Brom,Matheus Pereira,BRA,MF,24,1996,28.6,2,1,0,35,52,14,143,30,15,,,0,2020,misc,West Bromwich Albion
ENG-Premier League,2020/21,West Brom,Matt Phillips,SCO,MF,29,1991,20.3,1,0,0,30,7,8,72,12,8,,,0,2020,misc,West Bromwich Albion
ENG-Premier League,2020/21,West Brom,Mbaye Diagne,SEN,FW,28,1991,13.2,2,0,0,17,23,17,4,1,3,,,0,2020,misc,West Bromwich Albion
ENG-Premier League,2020/21,West Brom,Okay Yokuşlu,TUR,MF,26,1994,14.6,4,0,0,25,28,0,2,32,27,,,0,2020,misc,West Bromwich Albion
ENG-Premier League,2020/21,West Brom,Rekeem Harper,ENG,MF,20,2000,0.4,0,0,0,1,0,0,0,1,1,,,0,2020,misc,West Bromwich Albion
ENG-Premier League,2020/21,West Brom,Robert Snodgrass,SCO,MF,32,1987,5.8,2,0,0,8,13,1,8,2,12,,,0,2020,misc,West Bromwich Albion
ENG-Premier League,2020/21,West Brom,Romaine Sawyers,SKN,MF,28,1991,16.5,2,0,0,18,14,0,4,19,16,,,1,2020,misc,West Bromwich Albion
ENG-Premier League,2020/21,West Brom,Sam Field,ENG,MF,22,1998,0.7,0,0,0,2,1,0,0,2,4,,,0,2020,misc,West Bromwich Albion
ENG-Premier League,2020/21,West Brom,Sam Johnstone,ENG,GK,27,1993,37.0,1,0,0,1,4,0,0,2,1,,,0,2020,misc,West Bromwich Albion
ENG-Premier League,2020/21,West Brom,Semi Ajayi,NGA,DF,26,1993,30.9,3,1,0,28,4,1,8,43,17,,,0,2020,misc,West Bromwich Albion
ENG-Premier League,2020/21,West Ham,Aaron Cresswell,ENG,DF,30,1989,35.2,3,0,0,13,18,0,208,33,15,,,0,2020,misc,West Ham United
ENG-Premier League,2020/21,West Ham,Andriy Yarmolenko,UKR,MF,30,1989,4.2,3,0,0,8,6,5,17,1,3,,,0,2020,misc,West Ham United
ENG-Premier League,2020/21,West Ham,Angelo Ogbonna,ITA,DF,32,1988,27.7,5,0,0,28,9,1,3,32,14,,,0,2020,misc,West Ham United
ENG-Premier League,2020/21,West Ham,Arthur Masuaku,COD,"MF,DF",26,1993,11.2,2,0,0,10,8,1,41,6,13,,,0,2020,misc,West Ham United
ENG-Premier League,2020/21,West Ham,Ben Johnson,ENG,MF,20,2000,5.8,1,0,0,6,3,0,19,11,5,,,0,2020,misc,West Ham United
ENG-Premier League,2020/21,West Ham,Craig Dawson,ENG,DF,30,1990,21.4,5,1,1,14,12,2,0,29,8,,,2,2020,misc,West Ham United
ENG-Premier League,2020/21,West Ham,Darren Randolph,IRL,GK,33,1987,3.0,0,0,0,0,1,0,0,0,0,,,0,2020,misc,West Ham United
ENG-Premier League,2020/21,West Ham,Declan Rice,ENG,MF,21,1999,32.0,2,0,0,22,14,1,31,57,36,,,0,2020,misc,West Ham United
ENG-Premier League,2020/21,West Ham,Fabián Balbuena,PAR,DF,28,1991,13.3,1,1,0,12,3,0,1,24,12,,,0,2020,misc,West Ham United
ENG-Premier League,2020/21,West Ham,Felipe Anderson,BRA,"FW,MF",27,1993,0.0,0,0,0,0,0,0,0,0,1,,,0,2020,misc,West Ham United
ENG-Premier League,2020/21,West Ham,Issa Diop,MAR,DF,23,1997,15.3,3,0,0,8,8,1,0,20,13,,,1,2020,misc,West Ham United
ENG-Premier League,2020/21,West Ham,Jarrod Bowen,ENG,"MF,FW",23,1996,28.5,0,0,0,15,54,14,122,23,14,,,0,2020,misc,West Ham United
ENG-Premier League,2020/21,West Ham,Jesse Lingard,ENG,"MF,FW",27,1992,15.8,3,0,0,22,24,6,39,4,6,,,0,2020,misc,West Ham United
ENG-Premier League,2020/21,West Ham,Manuel Lanzini,ARG,MF,27,1993,6.3,1,0,0,7,10,2,3,8,3,,,0,2020,misc,West Ham United
ENG-Premier League,2020/21,West Ham,Mark Noble,ENG,MF,33,1987,7.9,1,0,0,9,8,1,8,14,5,,,0,2020,misc,West Ham United
ENG-Premier League,2020/21,West Ham,Michail Antonio,JAM,FW,30,1990,21.9,3,0,0,28,40,16,31,8,5,,,0,2020,misc,West Ham United
ENG-Premier League,2020/21,West Ham,Pablo Fornals,ESP,MF,24,1996,28.6,3,0,0,29,17,7,47,35,30,,,0,2020,misc,West Ham United
ENG-Premier League,2020/21,West Ham,Robert Snodgrass,SCO,"FW,MF",32,1987,0.1,0,0,0,0,1,0,0,0,0,,,0,2020,misc,West Ham United
ENG-Premier League,2020/21,West Ham,Ryan Fredericks,ENG,"DF,MF",27,1992,6.3,2,0,0,11,10,1,22,10,5,,,0,2020,misc,West Ham United
ENG-Premier League,2020/21,West Ham,Saïd Benrahma,ALG,MF,24,1995,15.5,0,0,0,14,15,2,45,6,13,,,0,2020,misc,West Ham United
ENG-Premier League,2020/21,West Ham,Sébastien Haller,CIV,FW,26,1994,10.4,0,0,0,24,15,11,2,5,8,,,0,2020,misc,West Ham United
ENG-Premier League,2020/21,West Ham,Tomáš Souček,CZE,MF,25,1995,38.0,7,1,0,69,43,3,9,58,43,,,1,2020,misc,West Ham United
ENG-Premier League,2020/21,West Ham,Vladimír Coufal,CZE,"DF,MF",27,1992,33.9,3,0,0,29,34,0,130,41,41,,,0,2020,misc,West Ham United
ENG-Premier League,2020/21,West Ham,Łukasz Fabiański,POL,GK,35,1985,35.0,2,0,0,1,2,0,0,0,1,,,0,2020,misc,West Ham United
ENG-Premier League,2020/21,Wolves,Adama Traoré,ESP,"FW,MF",24,1996,29.4,4,0,0,47,86,7,150,7,16,,,0,2020,misc,Wolverhampton Wanderers
ENG-Premier League,2020/21,Wolves,Conor Coady,ENG,DF,27,1993,36.7,5,0,0,22,10,0,0,29,21,,,0,2020,misc,Wolverhampton Wanderers
ENG-Premier League,2020/21,Wolves,Daniel Podence,POR,"MF,FW",24,1995,18.5,3,0,0,15,27,5,34,11,8,,,0,2020,misc,Wolverhampton Wanderers
ENG-Premier League,2020/21,Wolves,Fernando Marçal,BRA,"DF,MF",31,1989,6.9,2,0,0,12,3,0,13,10,8,,,0,2020,misc,Wolverhampton Wanderers
ENG-Premier League,2020/21,Wolves,Fábio Silva,POR,FW,18,2002,15.2,2,0,0,20,21,5,5,3,4,,,0,2020,misc,Wolverhampton Wanderers
ENG-Premier League,2020/21,Wolves,John Ruddy,ENG,GK,33,1986,1.0,0,0,0,0,0,0,0,0,0,,,0,2020,misc,Wolverhampton Wanderers
ENG-Premier League,2020/21,Wolves,Jonny Castro,ESP,MF,26,1994,5.5,0,0,0,7,11,0,9,8,6,,,0,2020,misc,Wolverhampton Wanderers
ENG-Premier League,2020/21,Wolves,João Moutinho,POR,MF,33,1986,28.1,5,1,1,44,24,0,116,43,40,,,0,2020,misc,Wolverhampton Wanderers
ENG-Premier League,2020/21,Wolves,Ki-Jana Hoever,NED,"MF,DF",18,2002,6.4,1,0,0,4,4,1,21,9,7,,,0,2020,misc,Wolverhampton Wanderers
ENG-Premier League,2020/21,Wolves,Leander Dendoncker,BEL,"MF,DF",25,1995,27.8,4,0,0,30,12,4,8,29,27,,,1,2020,misc,Wolverhampton Wanderers
ENG-Premier League,2020/21,Wolves,Max Kilman,ENG,DF,23,1997,14.6,4,0,0,20,4,1,0,20,14,,,0,2020,misc,Wolverhampton Wanderers
ENG-Premier League,2020/21,Wolves,Morgan Gibbs-White,ENG,"MF,FW",20,2000,4.6,1,0,0,5,10,1,12,3,7,,,0,2020,misc,Wolverhampton Wanderers
ENG-Premier League,2020/21,Wolves,Nélson Semedo,POR,"MF,DF",26,1993,33.1,5,0,0,42,34,2,75,41,49,,,1,2020,misc,Wolverhampton Wanderers
ENG-Premier League,2020/21,Wolves,Oskar Buur,DEN,"DF,MF",22,1998,0.2,0,0,0,0,0,0,0,0,0,,,0,2020,misc,Wolverhampton Wanderers
ENG-Premier League,2020/21,Wolves,Owen Otasowie,USA,MF,19,2001,2.1,1,0,0,3,6,0,0,4,4,,,0,2020,misc,Wolverhampton Wanderers
ENG-Premier League,2020/21,Wolves,Patrick Cutrone,ITA,FW,22,1998,0.3,0,0,0,0,1,0,0,0,0,,,0,2020,misc,Wolverhampton Wanderers
ENG-Premier League,2020/21,Wolves,Pedro Neto,POR,"MF,FW",20,2000,28.3,4,0,0,24,42,4,206,28,10,,,0,2020,misc,Wolverhampton Wanderers
ENG-Premier League,2020/21,Wolves,Rayan Aït-Nouri,ALG,"MF,DF",19,2001,15.6,1,0,0,16,19,1,59,14,17,,,0,2020,misc,Wolverhampton Wanderers
ENG-Premier League,2020/21,Wolves,Raúl Jiménez,MEX,FW,29,1991,9.1,0,0,0,9,17,4,4,8,2,,,1,2020,misc,Wolverhampton Wanderers
ENG-Premier League,2020/21,Wolves,Romain Saïss,MAR,"DF,MF",30,1990,26.7,2,0,0,29,11,1,17,51,24,,,0,2020,misc,Wolverhampton Wanderers
ENG-Premier League,2020/21,Wolves,Rui Patrício,POR,GK,32,1988,37.0,1,0,0,0,1,0,0,1,0,,,0,2020,misc,Wolverhampton Wanderers
ENG-Premier League,2020/21,Wolves,Rúben Neves,POR,MF,23,1997,29.7,8,0,0,45,18,0,27,64,47,,,0,2020,misc,Wolverhampton Wanderers
ENG-Premier League,2020/21,Wolves,Rúben Vinagre,POR,MF,21,1999,1.9,0,0,0,2,0,0,4,2,5,,,0,2020,misc,Wolverhampton Wanderers
ENG-Premier League,2020/21,Wolves,Theo Corbeanu,CAN,"FW,MF",18,2002,0.1,0,0,0,0,0,0,1,1,0,,,0,2020,misc,Wolverhampton Wanderers
ENG-Premier League,2020/21,Wolves,Vitinha,POR,MF,20,2000,5.8,0,0,0,8,5,1,14,3,4,,,0,2020,misc,Wolverhampton Wanderers
ENG-Premier League,2020/21,Wolves,Willian José,BRA,FW,28,1991,12.3,0,0,0,8,10,2,6,1,1,,,0,2020,misc,Wolverhampton Wanderers
ENG-Premier League,2020/21,Wolves,Willy Boly,CIV,DF,29,1991,20.9,2,0,0,15,8,0,1,33,22,,,0,2020,misc,Wolverhampton Wanderers
ENG-Premier League,2021/22,Arsenal,Aaron Ramsdale,ENG,GK,23,1998,34.0,1,0,0,0,5,0,0,0,1,,,0,2021,misc,Arsenal
ENG-Premier League,2021/22,Arsenal,Ainsley Maitland-Niles,ENG,MF,23,1997,3.0,0,0,0,4,3,0,2,4,4,,,0,2021,misc,Arsenal
ENG-Premier League,2021/22,Arsenal,Albert Sambi Lokonga,BEL,MF,21,1999,12.6,5,0,0,12,15,0,2,13,16,,,0,2021,misc,Arsenal
ENG-Premier League,2021/22,Arsenal,Alexandre Lacazette,FRA,"FW,MF",30,1991,19.8,0,0,0,32,29,6,7,4,10,,,0,2021,misc,Arsenal
ENG-Premier League,2021/22,Arsenal,Ben White,ENG,DF,23,1997,32.0,3,0,0,19,27,0,0,44,21,,,1,2021,misc,Arsenal
ENG-Premier League,2021/22,Arsenal,Bernd Leno,GER,GK,29,1992,4.0,0,0,0,0,0,0,0,0,1,,,0,2021,misc,Arsenal
ENG-Premier League,2021/22,Arsenal,Bukayo Saka,ENG,"MF,FW",19,2001,33.1,6,0,0,38,59,17,111,22,23,,,0,2021,misc,Arsenal
ENG-Premier League,2021/22,Arsenal,Calum Chambers,ENG,DF,26,1995,1.9,0,0,0,2,1,0,3,0,3,,,0,2021,misc,Arsenal
ENG-Premier League,2021/22,Arsenal,Cédric Soares,POR,DF,29,1991,16.5,3,0,0,15,6,3,100,15,28,,,0,2021,misc,Arsenal
ENG-Premier League,2021/22,Arsenal,Eddie Nketiah,ENG,FW,22,1999,9.3,3,0,0,17,14,5,5,5,5,,,0,2021,misc,Arsenal
ENG-Premier League,2021/22,Arsenal,Emile Smith Rowe,ENG,MF,21,2000,21.3,1,0,0,5,21,2,45,13,7,,,0,2021,misc,Arsenal
ENG-Premier League,2021/22,Arsenal,Folarin Balogun,USA,FW,20,2001,0.8,0,0,0,0,1,1,0,0,1,,,0,2021,misc,Arsenal
ENG-Premier League,2021/22,Arsenal,Gabriel Magalhães,BRA,DF,23,1997,34.0,8,1,1,23,38,1,1,14,31,,,0,2021,misc,Arsenal
ENG-Premier League,2021/22,Arsenal,Gabriel Martinelli,BRA,"MF,FW",20,2001,20.7,3,1,1,23,20,10,74,19,20,,,0,2021,misc,Arsenal
ENG-Premier League,2021/22,Arsenal,Granit Xhaka,SUI,MF,28,1992,25.9,10,1,0,29,19,2,25,21,18,,,0,2021,misc,Arsenal
ENG-Premier League,2021/22,Arsenal,Kieran Tierney,SCO,DF,24,1997,21.3,0,0,0,5,16,1,80,16,14,,,0,2021,misc,Arsenal
ENG-Premier League,2021/22,Arsenal,Martin Ødegaard,NOR,MF,22,1998,30.9,4,0,0,27,20,3,59,10,19,,,0,2021,misc,Arsenal
ENG-Premier League,2021/22,Arsenal,Mohamed Elneny,EGY,MF,29,1992,9.0,1,0,0,5,5,0,0,15,8,,,0,2021,misc,Arsenal
ENG-Premier League,2021/22,Arsenal,Nicolas Pépé,CIV,MF,26,1995,7.7,0,0,0,8,3,4,37,7,5,,,0,2021,misc,Arsenal
ENG-Premier League,2021/22,Arsenal,Nuno Tavares,POR,DF,21,2000,13.1,2,0,0,23,13,1,41,10,13,,,0,2021,misc,Arsenal
ENG-Premier League,2021/22,Arsenal,Pablo Marí,ESP,DF,27,1993,2.0,1,0,0,1,1,0,0,3,3,,,0,2021,misc,Arsenal
ENG-Premier League,2021/22,Arsenal,Pierre-Emerick Aubameyang,GAB,FW,32,1989,11.5,3,0,0,15,8,10,11,0,5,,,0,2021,misc,Arsenal
ENG-Premier League,2021/22,Arsenal,Reiss Nelson,ENG,"FW,MF",21,1999,0.2,0,0,0,0,0,0,0,0,0,,,0,2021,misc,Arsenal
ENG-Premier League,2021/22,Arsenal,Rob Holding,ENG,DF,25,1995,9.4,4,1,1,9,3,0,0,11,9,,,0,2021,misc,Arsenal
ENG-Premier League,2021/22,Arsenal,Sead Kolašinac,BIH,DF,28,1993,1.0,1,0,0,2,0,0,0,4,0,,,0,2021,misc,Arsenal
ENG-Premier League,2021/22,Arsenal,Takehiro Tomiyasu,JPN,DF,22,1998,18.7,2,0,0,16,14,0,31,23,16,,,0,2021,misc,Arsenal
ENG-Premier League,2021/22,Arsenal,Thomas Partey,GHA,MF,28,1993,22.5,6,0,0,33,17,0,4,25,28,,,0,2021,misc,Arsenal
ENG-Premier League,2021/22,Aston Villa,Anwar El Ghazi,NED,"MF,FW",26,1995,4.3,2,0,0,8,5,2,14,1,4,,,0,2021,misc,Aston Villa
ENG-Premier League,2021/22,Aston Villa,Ashley Young,ENG,"DF,FW",36,1985,13.9,2,0,0,16,33,1,44,13,6,,,1,2021,misc,Aston Villa
ENG-Premier League,2021/22,Aston Villa,Axel Tuanzebe,COD,DF,23,1997,5.6,1,0,0,3,3,0,1,5,3,,,0,2021,misc,Aston Villa
ENG-Premier League,2021/22,Aston Villa,Bertrand Traoré,BFA,FW,25,1995,2.4,0,0,0,0,4,2,5,0,3,,,0,2021,misc,Aston Villa
ENG-Premier League,2021/22,Aston Villa,Calum Chambers,ENG,"DF,MF",26,1995,9.2,1,0,0,12,2,0,2,5,8,,,0,2021,misc,Aston Villa
ENG-Premier League,2021/22,Aston Villa,Cameron Archer,ENG,"FW,MF",20,2001,0.3,0,0,0,3,0,0,0,0,0,,,0,2021,misc,Aston Villa
ENG-Premier League,2021/22,Aston Villa,Carney Chukwuemeka,AUT,MF,17,2003,3.3,0,0,0,3,9,0,0,2,0,,,0,2021,misc,Aston Villa
ENG-Premier League,2021/22,Aston Villa,Danny Ings,ENG,FW,29,1992,21.1,4,0,0,16,12,11,14,5,18,,,0,2021,misc,Aston Villa
ENG-Premier League,2021/22,Aston Villa,Douglas Luiz,BRA,MF,23,1998,30.2,7,0,0,38,42,0,83,34,36,,,0,2021,misc,Aston Villa
ENG-Premier League,2021/22,Aston Villa,Emi Buendía,ARG,"FW,MF",24,1996,21.1,1,0,0,17,44,3,34,11,18,,,0,2021,misc,Aston Villa
ENG-Premier League,2021/22,Aston Villa,Emiliano Martínez,ARG,GK,28,1992,36.0,4,0,0,0,3,0,0,0,0,,,0,2021,misc,Aston Villa
ENG-Premier League,2021/22,Aston Villa,Ezri Konsa,ENG,DF,23,1997,27.5,6,2,1,18,36,1,1,16,15,,,0,2021,misc,Aston Villa
ENG-Premier League,2021/22,Aston Villa,Jacob Ramsey,ENG,MF,20,2001,27.4,6,0,0,32,44,1,26,20,44,,,0,2021,misc,Aston Villa
ENG-Premier League,2021/22,Aston Villa,Jaden Philogene Bidace,ENG,"FW,MF",19,2002,0.1,0,0,0,0,1,0,0,0,0,,,0,2021,misc,Aston Villa
ENG-Premier League,2021/22,Aston Villa,Jed Steer,ENG,GK,28,1992,1.0,0,0,0,0,0,0,0,0,0,,,0,2021,misc,Aston Villa
ENG-Premier League,2021/22,Aston Villa,John McGinn,SCO,MF,26,1994,34.3,8,0,0,57,80,0,110,32,63,,,0,2021,misc,Aston Villa
ENG-Premier League,2021/22,Aston Villa,Keinan Davis,ENG,FW,23,1998,0.1,0,0,0,0,1,0,0,0,0,,,0,2021,misc,Aston Villa
ENG-Premier League,2021/22,Aston Villa,Kortney Hause,ENG,DF,26,1995,4.4,0,0,0,6,2,1,0,6,3,,,0,2021,misc,Aston Villa
ENG-Premier League,2021/22,Aston Villa,Leon Bailey,JAM,"FW,MF",23,1997,8.5,3,0,0,12,11,3,34,2,11,,,0,2021,misc,Aston Villa
ENG-Premier League,2021/22,Aston Villa,Lucas Digne,FRA,DF,28,1993,14.1,2,0,0,18,16,3,102,22,9,,,0,2021,misc,Aston Villa
ENG-Premier League,2021/22,Aston Villa,Marvelous Nakamba,ZIM,MF,27,1994,10.0,5,0,0,16,9,0,1,11,19,,,0,2021,misc,Aston Villa
ENG-Premier League,2021/22,Aston Villa,Matt Targett,ENG,"DF,MF",25,1995,15.9,2,0,0,15,11,0,56,23,18,,,1,2021,misc,Aston Villa
ENG-Premier League,2021/22,Aston Villa,Matty Cash,POL,"DF,MF",23,1997,37.5,8,0,0,38,37,2,99,44,50,,,0,2021,misc,Aston Villa
ENG-Premier League,2021/22,Aston Villa,Morgan Sanson,FRA,MF,26,1994,4.0,0,0,0,3,13,0,8,10,8,,,0,2021,misc,Aston Villa
ENG-Premier League,2021/22,Aston Villa,Ollie Watkins,ENG,FW,25,1995,32.8,7,0,0,32,39,17,15,12,13,,,0,2021,misc,Aston Villa
ENG-Premier League,2021/22,Aston Villa,Philippe Coutinho,BRA,"MF,FW",29,1992,14.8,0,0,0,8,20,4,19,6,11,,,0,2021,misc,Aston Villa
ENG-Premier League,2021/22,Aston Villa,Robin Olsen,SWE,GK,31,1990,1.0,0,0,0,0,0,0,0,0,0,,,0,2021,misc,Aston Villa
ENG-Premier League,2021/22,Aston Villa,Tim Iroegbunam,ENG,MF,18,2003,1.0,1,0,0,2,0,0,0,1,4,,,0,2021,misc,Aston Villa
ENG-Premier League,2021/22,Aston Villa,Trézéguet,EGY,"FW,MF",26,1994,0.1,0,0,0,0,0,0,0,0,0,,,0,2021,misc,Aston Villa
ENG-Premier League,2021/22,Aston Villa,Tyrone Mings,ENG,DF,28,1993,35.4,11,0,0,27,24,1,4,45,12,,,0,2021,misc,Aston Villa
ENG-Premier League,2021/22,Aston Villa,Wesley Moraes,BRA,FW,24,1996,0.0,0,0,0,1,0,0,0,0,0,,,0,2021,misc,Aston Villa
ENG-Premier League,2021/22,Brentford,Bryan Mbeumo,CMR,FW,21,1999,32.3,4,0,0,20,38,13,74,12,16,,,0,2021,misc,Brentford
ENG-Premier League,2021/22,Brentford,Charlie Goode,ENG,DF,25,1995,5.0,3,0,0,5,7,0,6,2,5,,,0,2021,misc,Brentford
ENG-Premier League,2021/22,Brentford,Christian Eriksen,DEN,MF,29,1992,10.4,1,0,0,5,3,0,88,8,6,,,0,2021,misc,Brentford
ENG-Premier League,2021/22,Brentford,Christian Nørgaard,DEN,MF,27,1994,33.9,8,0,0,56,33,0,13,63,58,,,0,2021,misc,Brentford
ENG-Premier League,2021/22,Brentford,David Raya,ESP,GK,25,1995,24.0,1,0,0,1,2,0,0,0,0,,,0,2021,misc,Brentford
ENG-Premier League,2021/22,Brentford,Dominic Thompson,ENG,MF,21,2000,1.6,0,0,0,1,0,0,2,2,0,,,0,2021,misc,Brentford
ENG-Premier League,2021/22,Brentford,Ethan Pinnock,JAM,DF,28,1993,29.9,1,0,0,9,14,1,21,42,34,,,0,2021,misc,Brentford
ENG-Premier League,2021/22,Brentford,Finley Stevens,WAL,DF,18,2003,0.2,0,0,0,0,0,0,1,0,1,,,0,2021,misc,Brentford
ENG-Premier League,2021/22,Brentford,Frank Onyeka,NGA,MF,23,1998,11.6,4,0,0,33,24,0,13,14,18,,,0,2021,misc,Brentford
ENG-Premier League,2021/22,Brentford,Ivan Toney,ENG,FW,25,1996,32.3,8,0,0,50,80,25,28,15,21,,,0,2021,misc,Brentford
ENG-Premier League,2021/22,Brentford,Jonas Lössl,DEN,GK,32,1989,2.0,0,0,0,0,0,0,0,0,0,,,0,2021,misc,Brentford
ENG-Premier League,2021/22,Brentford,Josh Dasilva,ENG,"MF,FW",22,1998,2.9,0,1,0,4,3,0,4,1,1,,,0,2021,misc,Brentford
ENG-Premier League,2021/22,Brentford,Kristoffer Ajer,NOR,DF,23,1998,22.2,5,0,0,12,16,0,17,25,18,,,0,2021,misc,Brentford
ENG-Premier League,2021/22,Brentford,Mads Bech Sørensen,DEN,DF,22,1999,9.3,3,0,0,8,4,0,10,5,6,,,0,2021,misc,Brentford
ENG-Premier League,2021/22,Brentford,Mads Bidstrup,DEN,MF,20,2001,0.5,0,0,0,1,0,0,0,1,0,,,0,2021,misc,Brentford
ENG-Premier League,2021/22,Brentford,Mads Roerslev,DEN,"MF,DF",22,1999,13.8,1,0,0,18,8,2,35,16,12,,,0,2021,misc,Brentford
ENG-Premier League,2021/22,Brentford,Marcus Forss,FIN,FW,22,1999,2.3,0,0,0,3,1,0,1,1,3,,,0,2021,misc,Brentford
ENG-Premier League,2021/22,Brentford,Mathias Jensen,DEN,MF,25,1996,17.8,0,0,0,19,7,3,81,22,18,,,0,2021,misc,Brentford
ENG-Premier League,2021/22,Brentford,Mathias Jørgensen,DEN,DF,31,1990,5.8,2,0,0,10,1,0,7,11,3,,,0,2021,misc,Brentford
ENG-Premier League,2021/22,Brentford,Nathan Young-Coombes,ENG,FW,18,2003,0.0,0,0,0,1,0,0,0,0,0,,,0,2021,misc,Brentford
ENG-Premier League,2021/22,Brentford,Pontus Jansson,SWE,DF,30,1991,36.9,7,0,0,15,8,5,2,52,21,,,0,2021,misc,Brentford
ENG-Premier League,2021/22,Brentford,Rico Henry,JAM,"MF,DF",24,1997,30.8,2,0,0,20,27,1,75,27,19,,,0,2021,misc,Brentford
ENG-Premier League,2021/22,Brentford,Saman Ghoddos,IRN,"FW,MF",27,1993,6.0,2,0,0,12,10,0,22,3,9,,,0,2021,misc,Brentford
ENG-Premier League,2021/22,Brentford,Sergi Canós,ESP,MF,24,1997,23.1,8,1,1,28,15,5,87,21,27,,,1,2021,misc,Brentford
ENG-Premier League,2021/22,Brentford,Shandon Baptiste,GRN,MF,23,1998,10.1,2,1,1,6,11,1,8,10,3,,,0,2021,misc,Brentford
ENG-Premier League,2021/22,Brentford,Tariqe Fosu,GHA,"FW,MF",25,1995,0.2,0,0,0,0,1,0,1,0,0,,,0,2021,misc,Brentford
ENG-Premier League,2021/22,Brentford,Vitaly Janelt,GER,MF,23,1998,25.5,3,0,0,26,25,3,40,24,32,,,0,2021,misc,Brentford
ENG-Premier League,2021/22,Brentford,Yoane Wissa,COD,FW,24,1996,14.3,0,0,0,8,22,7,11,8,6,,,0,2021,misc,Brentford
ENG-Premier League,2021/22,Brentford,Álvaro Fernández,ESP,GK,23,1998,12.0,0,0,0,0,3,0,0,0,0,,,1,2021,misc,Brentford
ENG-Premier League,2021/22,Brighton,Aaron Connolly,IRL,FW,21,2000,1.7,0,0,0,0,6,0,0,0,0,,,0,2021,misc,Brighton & Hove Albion
ENG-Premier League,2021/22,Brighton,Adam Lallana,ENG,MF,33,1988,17.3,4,0,0,11,17,0,4,15,18,,,0,2021,misc,Brighton & Hove Albion
ENG-Premier League,2021/22,Brighton,Adam Webster,ENG,DF,26,1995,15.9,5,0,0,15,4,0,6,16,8,,,0,2021,misc,Brighton & Hove Albion
ENG-Premier League,2021/22,Brighton,Alexis Mac Allister,ARG,"MF,FW",22,1998,23.6,4,0,0,30,39,4,67,12,41,,,0,2021,misc,Brighton & Hove Albion
ENG-Premier League,2021/22,Brighton,Dan Burn,ENG,DF,29,1992,11.4,4,0,0,15,0,0,1,23,12,,,0,2021,misc,Brighton & Hove Albion
ENG-Premier League,2021/22,Brighton,Danny Welbeck,ENG,"FW,MF",30,1990,16.4,0,0,0,17,13,4,1,4,6,,,0,2021,misc,Brighton & Hove Albion
ENG-Premier League,2021/22,Brighton,Enock Mwepu,ZAM,MF,23,1998,11.1,2,0,0,18,15,2,7,13,12,,,0,2021,misc,Brighton & Hove Albion
ENG-Premier League,2021/22,Brighton,Evan Ferguson,IRL,FW,16,2004,0.3,0,0,0,0,0,0,1,0,0,,,0,2021,misc,Brighton & Hove Albion
ENG-Premier League,2021/22,Brighton,Jakub Moder,POL,"MF,FW",22,1999,18.9,1,0,0,19,11,0,45,10,26,,,0,2021,misc,Brighton & Hove Albion
ENG-Premier League,2021/22,Brighton,Jason Steele,ENG,GK,30,1990,1.0,0,0,0,0,0,0,0,0,0,,,0,2021,misc,Brighton & Hove Albion
ENG-Premier League,2021/22,Brighton,Jeremy Sarmiento,ECU,MF,19,2002,0.5,0,0,0,0,2,0,0,0,1,,,0,2021,misc,Brighton & Hove Albion
ENG-Premier League,2021/22,Brighton,Joël Veltman,NED,"DF,MF",29,1992,31.9,6,0,0,39,37,0,41,41,49,,,0,2021,misc,Brighton & Hove Albion
ENG-Premier League,2021/22,Brighton,Jürgen Locadia,CUW,FW,27,1993,0.3,0,0,0,1,1,0,0,0,0,,,0,2021,misc,Brighton & Hove Albion
ENG-Premier League,2021/22,Brighton,Leandro Trossard,BEL,"FW,MF",26,1994,31.2,2,0,0,24,26,13,52,16,20,,,0,2021,misc,Brighton & Hove Albion
ENG-Premier League,2021/22,Brighton,Lewis Dunk,ENG,DF,29,1991,28.6,3,1,0,10,4,0,3,28,8,,,0,2021,misc,Brighton & Hove Albion
ENG-Premier League,2021/22,Brighton,Marc Cucurella,ESP,"DF,MF",23,1998,34.3,6,0,0,28,30,3,116,30,61,,,0,2021,misc,Brighton & Hove Albion
ENG-Premier League,2021/22,Brighton,Moisés Caicedo,ECU,MF,19,2001,7.3,2,0,0,7,11,1,0,11,10,,,0,2021,misc,Brighton & Hove Albion
ENG-Premier League,2021/22,Brighton,Neal Maupay,FRA,FW,24,1996,25.3,7,0,0,33,31,6,8,2,10,,,0,2021,misc,Brighton & Hove Albion
ENG-Premier League,2021/22,Brighton,Pascal Groß,GER,MF,30,1991,22.6,1,0,0,15,6,4,189,16,13,,,0,2021,misc,Brighton & Hove Albion
ENG-Premier League,2021/22,Brighton,Robert Sánchez,ESP,GK,23,1997,37.0,3,1,0,1,2,0,0,0,1,,,0,2021,misc,Brighton & Hove Albion
ENG-Premier League,2021/22,Brighton,Shane Duffy,IRL,DF,29,1992,16.0,7,0,0,15,5,1,1,14,11,,,0,2021,misc,Brighton & Hove Albion
ENG-Premier League,2021/22,Brighton,Solly March,ENG,MF,27,1994,19.4,1,0,0,31,20,12,95,18,16,,,0,2021,misc,Brighton & Hove Albion
ENG-Premier League,2021/22,Brighton,Steven Alzate,COL,MF,22,1998,4.5,0,0,0,6,4,0,0,11,5,,,0,2021,misc,Brighton & Hove Albion
ENG-Premier League,2021/22,Brighton,Tariq Lamptey,GHA,"MF,DF",20,2000,17.3,4,0,0,27,50,3,93,21,24,,,0,2021,misc,Brighton & Hove Albion
ENG-Premier League,2021/22,Brighton,Taylor Richards,ENG,MF,20,2000,0.3,0,0,0,1,1,0,0,0,0,,,0,2021,misc,Brighton & Hove Albion
ENG-Premier League,2021/22,Brighton,Yves Bissouma,MLI,MF,24,1996,23.5,10,0,0,30,19,0,2,47,48,,,0,2021,misc,Brighton & Hove Albion
ENG-Premier League,2021/22,Burnley,Aaron Lennon,ENG,"MF,FW",34,1987,17.2,2,0,0,19,20,4,39,9,16,,,0,2021,misc,Burnley
ENG-Premier League,2021/22,Burnley,Ashley Barnes,ENG,FW,31,1989,9.0,4,0,0,21,12,9,2,2,2,,,0,2021,misc,Burnley
ENG-Premier League,2021/22,Burnley,Ashley Westwood,ENG,MF,31,1990,25.4,7,0,0,29,22,0,124,31,11,,,0,2021,misc,Burnley
ENG-Premier League,2021/22,Burnley,Ben Mee,ENG,DF,31,1989,20.4,3,0,0,9,8,2,4,25,11,,,1,2021,misc,Burnley
ENG-Premier League,2021/22,Burnley,Charlie Taylor,ENG,DF,27,1993,30.3,3,0,0,17,42,0,105,58,27,,,0,2021,misc,Burnley
ENG-Premier League,2021/22,Burnley,Chris Wood,NZL,FW,29,1991,15.2,1,0,0,14,7,16,5,0,4,,,0,2021,misc,Burnley
ENG-Premier League,2021/22,Burnley,Connor Roberts,WAL,DF,25,1995,18.8,2,0,0,7,29,1,28,20,14,,,0,2021,misc,Burnley
ENG-Premier League,2021/22,Burnley,Dale Stephens,ENG,MF,32,1989,1.4,1,0,0,5,0,0,0,1,1,,,0,2021,misc,Burnley
ENG-Premier League,2021/22,Burnley,Dwight McNeil,ENG,MF,21,1999,34.5,1,0,0,16,36,1,200,33,53,,,0,2021,misc,Burnley
ENG-Premier League,2021/22,Burnley,Erik Pieters,NED,DF,32,1988,8.1,1,0,0,14,5,0,14,10,14,,,0,2021,misc,Burnley
ENG-Premier League,2021/22,Burnley,Jack Cork,ENG,MF,32,1989,18.6,4,0,0,32,10,1,8,17,8,,,0,2021,misc,Burnley
ENG-Premier League,2021/22,Burnley,James Tarkowski,ENG,DF,28,1992,34.5,11,0,0,30,19,2,1,49,44,,,1,2021,misc,Burnley
ENG-Premier League,2021/22,Burnley,Jay Rodriguez,ENG,FW,32,1989,15.4,3,0,0,32,16,17,8,4,12,,,0,2021,misc,Burnley
ENG-Premier League,2021/22,Burnley,Josh Brownhill,ENG,MF,25,1995,32.8,10,0,0,39,20,0,52,67,36,,,0,2021,misc,Burnley
ENG-Premier League,2021/22,Burnley,Jóhann Berg Guðmundsson,ISL,MF,30,1990,12.2,2,0,0,15,14,3,45,11,6,,,0,2021,misc,Burnley
ENG-Premier League,2021/22,Burnley,Kevin Long,IRL,DF,30,1990,4.6,1,0,0,4,3,1,0,1,2,,,0,2021,misc,Burnley
ENG-Premier League,2021/22,Burnley,Matthew Lowton,ENG,DF,32,1989,19.7,3,1,0,13,6,0,54,24,24,,,0,2021,misc,Burnley
ENG-Premier League,2021/22,Burnley,Matěj Vydra,CZE,FW,29,1992,7.5,1,0,0,9,8,5,2,0,6,,,0,2021,misc,Burnley
ENG-Premier League,2021/22,Burnley,Maxwel Cornet,CIV,"FW,MF",24,1996,19.6,2,0,0,20,20,26,55,10,9,,,0,2021,misc,Burnley
ENG-Premier League,2021/22,Burnley,Nathan Collins,IRL,DF,20,2001,18.6,2,1,0,20,12,4,3,24,15,,,0,2021,misc,Burnley
ENG-Premier League,2021/22,Burnley,Nick Pope,ENG,GK,29,1992,36.0,1,0,0,0,2,0,0,2,0,,,0,2021,misc,Burnley
ENG-Premier League,2021/22,Burnley,Wayne Hennessey,WAL,GK,34,1987,2.0,0,0,0,0,1,0,0,1,0,,,0,2021,misc,Burnley
ENG-Premier League,2021/22,Burnley,Wout Weghorst,NED,FW,28,1992,16.1,3,0,0,29,18,9,4,6,8,,,0,2021,misc,Burnley
ENG-Premier League,2021/22,Chelsea,Andreas Christensen,DEN,DF,25,1996,16.6,2,0,0,11,7,0,1,32,9,,,0,2021,misc,Chelsea
ENG-Premier League,2021/22,Chelsea,Antonio Rüdiger,GER,DF,28,1993,33.7,9,0,0,35,13,0,15,26,27,,,0,2021,misc,Chelsea
ENG-Premier League,2021/22,Chelsea,Ben Chilwell,ENG,MF,24,1996,6.0,0,0,0,10,15,2,32,4,3,,,0,2021,misc,Chelsea
ENG-Premier League,2021/22,Chelsea,Callum Hudson-Odoi,ENG,MF,20,2000,10.7,1,0,0,10,17,4,32,2,10,,,0,2021,misc,Chelsea
ENG-Premier League,2021/22,Chelsea,Christian Pulisic,USA,"MF,FW",22,1998,14.3,2,0,0,15,31,4,14,5,7,,,0,2021,misc,Chelsea
ENG-Premier League,2021/22,Chelsea,César Azpilicueta,ESP,"DF,MF",31,1989,23.0,3,0,0,25,5,2,47,22,30,,,0,2021,misc,Chelsea
ENG-Premier League,2021/22,Chelsea,Emerson Palmieri,ITA,"DF,MF",26,1994,0.1,0,0,0,0,0,0,0,0,0,,,0,2021,misc,Chelsea
ENG-Premier League,2021/22,Chelsea,Hakim Ziyech,MAR,"MF,FW",28,1993,14.7,3,0,0,23,28,5,99,12,13,,,0,2021,misc,Chelsea
ENG-Premier League,2021/22,Chelsea,Jorginho,ITA,MF,29,1991,25.3,5,0,0,30,38,0,3,35,36,,,0,2021,misc,Chelsea
ENG-Premier League,2021/22,Chelsea,Kai Havertz,GER,"FW,MF",22,1999,20.1,3,0,0,40,25,12,8,5,9,,,0,2021,misc,Chelsea
ENG-Premier League,2021/22,Chelsea,Kenedy,BRA,MF,25,1996,0.6,0,0,0,0,0,0,1,0,2,,,0,2021,misc,Chelsea
ENG-Premier League,2021/22,Chelsea,Kepa Arrizabalaga,ESP,GK,26,1994,4.0,0,0,0,0,1,0,0,0,0,,,0,2021,misc,Chelsea
ENG-Premier League,2021/22,Chelsea,Malang Sarr,FRA,DF,22,1999,6.1,2,0,0,8,1,0,4,11,7,,,0,2021,misc,Chelsea
ENG-Premier League,2021/22,Chelsea,Marcos Alonso,ESP,MF,30,1990,24.1,8,0,0,25,28,3,147,37,28,,,0,2021,misc,Chelsea
ENG-Premier League,2021/22,Chelsea,Mason Mount,ENG,MF,22,1999,26.3,4,0,0,30,23,5,153,12,18,,,0,2021,misc,Chelsea
ENG-Premier League,2021/22,Chelsea,Mateo Kovačić,CRO,MF,27,1994,17.3,4,0,0,24,19,0,6,6,30,,,0,2021,misc,Chelsea
ENG-Premier League,2021/22,Chelsea,N'Golo Kanté,FRA,MF,30,1991,19.7,2,0,0,22,11,0,12,30,33,,,0,2021,misc,Chelsea
ENG-Premier League,2021/22,Chelsea,Reece James,ENG,MF,21,1999,20.7,4,1,0,20,31,4,107,15,24,,,1,2021,misc,Chelsea
ENG-Premier League,2021/22,Chelsea,Romelu Lukaku,BEL,FW,28,1993,17.7,1,0,0,8,12,14,7,0,1,,,0,2021,misc,Chelsea
ENG-Premier League,2021/22,Chelsea,Ross Barkley,ENG,MF,27,1993,2.0,0,0,0,2,4,0,7,1,0,,,0,2021,misc,Chelsea
ENG-Premier League,2021/22,Chelsea,Ruben Loftus-Cheek,ENG,MF,25,1996,15.5,1,0,0,18,41,2,7,10,10,,,0,2021,misc,Chelsea
ENG-Premier League,2021/22,Chelsea,Saúl Ñíguez,ESP,MF,26,1994,5.3,1,0,0,9,0,0,10,7,9,,,0,2021,misc,Chelsea
ENG-Premier League,2021/22,Chelsea,Thiago Silva,BRA,DF,36,1984,29.4,2,0,0,12,12,1,2,43,21,,,0,2021,misc,Chelsea
ENG-Premier League,2021/22,Chelsea,Timo Werner,GER,"FW,MF",25,1996,14.3,1,0,0,11,12,11,23,1,4,,,0,2021,misc,Chelsea
ENG-Premier League,2021/22,Chelsea,Trevoh Chalobah,ENG,DF,22,1999,16.1,2,0,0,19,14,0,4,19,28,,,0,2021,misc,Chelsea
ENG-Premier League,2021/22,Chelsea,Édouard Mendy,SEN,GK,29,1992,34.0,3,0,0,1,3,0,0,0,0,,,0,2021,misc,Chelsea
ENG-Premier League,2021/22,Crystal Palace,Cheikhou Kouyaté,SEN,MF,31,1989,21.9,3,0,0,29,21,0,4,39,37,,,0,2021,misc,Crystal Palace
ENG-Premier League,2021/22,Crystal Palace,Christian Benteke,BEL,FW,30,1990,12.7,3,0,0,16,16,10,0,2,2,,,0,2021,misc,Crystal Palace
ENG-Premier League,2021/22,Crystal Palace,Conor Gallagher,ENG,MF,21,2000,31.6,10,0,0,65,66,2,127,26,35,,,0,2021,misc,Crystal Palace
ENG-Premier League,2021/22,Crystal Palace,Eberechi Eze,ENG,"MF,FW",23,1998,6.7,1,0,0,5,12,0,27,5,6,,,0,2021,misc,Crystal Palace
ENG-Premier League,2021/22,Crystal Palace,Jack Butland,ENG,GK,28,1993,8.5,0,0,0,0,2,0,0,0,0,,,0,2021,misc,Crystal Palace
ENG-Premier League,2021/22,Crystal Palace,James McArthur,SCO,MF,33,1987,16.0,4,0,0,24,20,3,18,27,25,,,0,2021,misc,Crystal Palace
ENG-Premier League,2021/22,Crystal Palace,James Tomkins,ENG,DF,32,1989,6.1,2,0,0,7,2,0,0,4,3,,,0,2021,misc,Crystal Palace
ENG-Premier League,2021/22,Crystal Palace,Jaïro Riedewald,NED,MF,24,1996,1.3,0,0,0,1,0,0,2,1,1,,,0,2021,misc,Crystal Palace
ENG-Premier League,2021/22,Crystal Palace,Jean-Philippe Mateta,FRA,FW,24,1997,12.7,2,0,0,15,7,14,6,4,3,,,0,2021,misc,Crystal Palace
ENG-Premier League,2021/22,Crystal Palace,Jeffrey Schlupp,GHA,"MF,FW",28,1992,20.6,1,0,0,26,22,0,20,18,25,,,0,2021,misc,Crystal Palace
ENG-Premier League,2021/22,Crystal Palace,Jesurun Rak Sakyi,GHA,MF,18,2002,0.9,0,0,0,1,3,0,2,1,0,,,0,2021,misc,Crystal Palace
ENG-Premier League,2021/22,Crystal Palace,Joachim Andersen,DEN,DF,25,1996,32.4,4,0,0,19,8,1,9,41,22,,,1,2021,misc,Crystal Palace
ENG-Premier League,2021/22,Crystal Palace,Joel Ward,ENG,DF,31,1989,27.6,8,0,0,22,21,1,43,30,27,,,0,2021,misc,Crystal Palace
ENG-Premier League,2021/22,Crystal Palace,Jordan Ayew,GHA,"FW,MF",29,1991,22.4,2,0,0,38,66,1,73,16,30,,,0,2021,misc,Crystal Palace
ENG-Premier League,2021/22,Crystal Palace,Luka Milivojević,SRB,MF,30,1991,8.6,1,0,0,16,10,0,43,10,9,,,1,2021,misc,Crystal Palace
ENG-Premier League,2021/22,Crystal Palace,Marc Guéhi,ENG,DF,21,2000,35.8,4,0,0,14,35,0,3,30,20,,,0,2021,misc,Crystal Palace
ENG-Premier League,2021/22,Crystal Palace,Michael Olise,FRA,"FW,MF",19,2001,12.7,4,0,0,16,27,1,97,7,19,,,0,2021,misc,Crystal Palace
ENG-Premier League,2021/22,Crystal Palace,Nathan Ferguson,ENG,DF,20,2000,0.1,0,0,0,0,0,0,0,0,0,,,0,2021,misc,Crystal Palace
ENG-Premier League,2021/22,Crystal Palace,Nathaniel Clyne,ENG,DF,30,1991,15.0,1,0,0,3,5,0,17,16,10,,,0,2021,misc,Crystal Palace
ENG-Premier League,2021/22,Crystal Palace,Odsonne Édouard,FRA,"FW,MF",23,1998,17.4,4,0,0,25,6,4,7,1,12,,,0,2021,misc,Crystal Palace
ENG-Premier League,2021/22,Crystal Palace,Tyrick Mitchell,ENG,DF,21,1999,34.5,1,0,0,16,14,2,62,40,54,,,0,2021,misc,Crystal Palace
ENG-Premier League,2021/22,Crystal Palace,Vicente Guaita,ESP,GK,34,1987,29.5,2,0,0,1,2,0,0,2,0,,,0,2021,misc,Crystal Palace
ENG-Premier League,2021/22,Crystal Palace,Wilfried Zaha,CIV,"FW,MF",28,1992,30.7,6,1,1,38,100,25,47,5,21,,,0,2021,misc,Crystal Palace
ENG-Premier League,2021/22,Crystal Palace,Will Hughes,ENG,MF,26,1995,11.7,6,0,0,18,17,0,35,9,14,,,0,2021,misc,Crystal Palace
ENG-Premier League,2021/22,Everton,Abdoulaye Doucouré,MLI,MF,28,1993,28.2,6,0,0,39,16,1,11,27,43,,,0,2021,misc,Everton
ENG-Premier League,2021/22,Everton,Alex Iwobi,NGA,"MF,DF",25,1996,22.6,1,0,0,16,7,3,32,20,21,,,0,2021,misc,Everton
ENG-Premier League,2021/22,Everton,Allan,BRA,MF,30,1991,24.3,7,1,0,30,22,0,11,23,46,,,0,2021,misc,Everton
ENG-Premier League,2021/22,Everton,Andros Townsend,ENG,MF,30,1991,16.2,3,0,0,10,39,1,95,14,15,,,0,2021,misc,Everton
ENG-Premier League,2021/22,Everton,André Gomes,POR,MF,28,1993,6.9,3,0,0,24,8,0,6,1,4,,,0,2021,misc,Everton
ENG-Premier League,2021/22,Everton,Anthony Gordon,ENG,"MF,FW",20,2001,25.4,4,0,0,25,64,8,121,20,30,,,0,2021,misc,Everton
ENG-Premier League,2021/22,Everton,Anwar El Ghazi,NED,"FW,MF",26,1995,0.1,0,0,0,0,0,0,0,0,1,,,0,2021,misc,Everton
ENG-Premier League,2021/22,Everton,Asmir Begović,BIH,GK,34,1987,3.0,0,0,0,0,0,0,0,0,0,,,0,2021,misc,Everton
ENG-Premier League,2021/22,Everton,Ben Godfrey,ENG,DF,23,1998,22.5,6,0,0,17,12,0,12,14,32,,,0,2021,misc,Everton
ENG-Premier League,2021/22,Everton,Cenk Tosun,TUR,"FW,MF",30,1991,0.1,0,0,0,0,0,0,0,0,0,,,0,2021,misc,Everton
ENG-Premier League,2021/22,Everton,Dele Alli,ENG,MF,25,1996,3.8,3,0,0,9,7,2,1,6,2,,,0,2021,misc,Everton
ENG-Premier League,2021/22,Everton,Demarai Gray,JAM,"MF,FW",25,1996,26.0,3,0,0,12,32,3,130,15,20,,,0,2021,misc,Everton
ENG-Premier League,2021/22,Everton,Dominic Calvert-Lewin,ENG,FW,24,1997,14.3,2,0,0,17,16,4,2,3,8,,,0,2021,misc,Everton
ENG-Premier League,2021/22,Everton,Donny van de Beek,NED,MF,24,1997,5.4,1,0,0,7,1,0,6,6,7,,,0,2021,misc,Everton
ENG-Premier League,2021/22,Everton,Ellis Simms,ENG,FW,20,2001,0.7,0,0,0,0,0,0,0,0,0,,,0,2021,misc,Everton
ENG-Premier League,2021/22,Everton,Fabian Delph,ENG,MF,31,1989,7.4,2,0,0,8,6,0,1,16,16,,,0,2021,misc,Everton
ENG-Premier League,2021/22,Everton,Isaac Price,NIR,MF,17,2003,0.2,0,0,0,0,0,0,0,0,0,,,0,2021,misc,Everton
ENG-Premier League,2021/22,Everton,Jarrad Branthwaite,ENG,DF,19,2002,4.3,0,1,0,3,4,0,0,1,2,,,0,2021,misc,Everton
ENG-Premier League,2021/22,Everton,Jean-Philippe Gbamin,CIV,MF,25,1995,0.7,0,0,0,0,1,0,0,1,1,,,0,2021,misc,Everton
ENG-Premier League,2021/22,Everton,Jonjoe Kenny,ENG,DF,24,1997,11.3,3,1,1,9,6,1,23,20,8,,,0,2021,misc,Everton
ENG-Premier League,2021/22,Everton,Jordan Pickford,ENG,GK,27,1994,35.0,2,0,0,0,6,0,0,0,1,,,0,2021,misc,Everton
ENG-Premier League,2021/22,Everton,Lewis Dobbin,ENG,"FW,MF",18,2003,0.4,1,0,0,1,1,0,0,0,1,,,0,2021,misc,Everton
ENG-Premier League,2021/22,Everton,Lucas Digne,FRA,DF,28,1993,13.0,4,0,0,14,9,0,71,14,19,,,1,2021,misc,Everton
ENG-Premier League,2021/22,Everton,Mason Holgate,JAM,DF,24,1996,23.7,7,1,0,26,15,0,4,27,19,,,1,2021,misc,Everton
ENG-Premier League,2021/22,Everton,Michael Keane,ENG,DF,28,1993,31.0,4,1,1,16,7,1,2,61,24,,,2,2021,misc,Everton
ENG-Premier League,2021/22,Everton,Moise Kean,ITA,FW,21,2000,0.0,0,0,0,0,0,0,0,0,0,,,0,2021,misc,Everton
ENG-Premier League,2021/22,Everton,Richarlison,BRA,"FW,MF",24,1997,28.0,9,0,0,36,68,20,39,12,23,,,0,2021,misc,Everton
ENG-Premier League,2021/22,Everton,Salomón Rondón,VEN,FW,31,1989,8.8,3,1,0,12,4,5,6,0,1,,,0,2021,misc,Everton
ENG-Premier League,2021/22,Everton,Séamus Coleman,IRL,"DF,MF",32,1988,29.5,4,0,0,15,17,2,41,32,36,,,1,2021,misc,Everton
ENG-Premier League,2021/22,Everton,Tom Davies,ENG,MF,23,1998,2.6,1,0,0,4,3,0,0,2,1,,,0,2021,misc,Everton
ENG-Premier League,2021/22,Everton,Tyler Onyango,ENG,MF,18,2003,0.3,0,0,0,0,0,0,0,0,0,,,0,2021,misc,Everton
ENG-Premier League,2021/22,Everton,Vitaliy Mykolenko,UKR,"DF,MF",22,1999,11.7,0,0,0,13,9,0,41,16,14,,,0,2021,misc,Everton
ENG-Premier League,2021/22,Everton,Yerry Mina,COL,DF,26,1994,9.4,3,0,0,5,9,1,3,9,9,,,0,2021,misc,Everton
ENG-Premier League,2021/22,Leeds United,Adam Forshaw,ENG,MF,29,1991,17.0,5,0,0,26,15,2,5,18,21,,,0,2021,misc,Leeds United
ENG-Premier League,2021/22,Leeds United,Charlie Cresswell,ENG,DF,18,2002,1.6,1,0,0,3,0,1,1,2,2,,,0,2021,misc,Leeds United
ENG-Premier League,2021/22,Leeds United,Cody Drameh,ENG,DF,19,2001,1.4,1,0,0,2,0,0,2,1,3,,,0,2021,misc,Leeds United
ENG-Premier League,2021/22,Leeds United,Crysencio Summerville,NED,"FW,MF",19,2001,1.4,0,0,0,1,1,0,3,2,3,,,0,2021,misc,Leeds United
ENG-Premier League,2021/22,Leeds United,Daniel James,WAL,"FW,MF",23,1997,26.3,7,1,0,30,38,13,59,8,14,,,0,2021,misc,Leeds United
ENG-Premier League,2021/22,Leeds United,Diego Llorente,ESP,DF,27,1993,26.0,7,0,0,23,21,0,1,39,32,,,0,2021,misc,Leeds United
ENG-Premier League,2021/22,Leeds United,Hélder Costa,ANG,"FW,MF",27,1994,0.2,0,0,0,1,2,0,0,0,0,,,0,2021,misc,Leeds United
ENG-Premier League,2021/22,Leeds United,Illan Meslier,FRA,GK,21,2000,37.6,2,0,0,0,5,0,0,0,1,,,0,2021,misc,Leeds United
ENG-Premier League,2021/22,Leeds United,Jack Harrison,ENG,MF,24,1996,29.3,3,0,0,29,23,4,142,21,38,,,0,2021,misc,Leeds United
ENG-Premier League,2021/22,Leeds United,Jamie Shackleton,ENG,"DF,MF",21,1999,7.9,4,0,0,13,6,0,4,7,17,,,0,2021,misc,Leeds United
ENG-Premier League,2021/22,Leeds United,Joe Gelhardt,ENG,FW,19,2002,8.3,4,0,0,17,24,5,3,0,3,,,0,2021,misc,Leeds United
ENG-Premier League,2021/22,Leeds United,Junior Firpo,DOM,"DF,MF",24,1996,19.0,11,0,0,40,15,1,26,22,27,,,1,2021,misc,Leeds United
ENG-Premier League,2021/22,Leeds United,Kalvin Phillips,ENG,MF,25,1995,17.7,4,0,0,33,20,0,17,23,24,,,0,2021,misc,Leeds United
ENG-Premier League,2021/22,Leeds United,Kristoffer Klaesson,NOR,GK,20,2000,0.4,0,0,0,0,0,0,0,0,0,,,0,2021,misc,Leeds United
ENG-Premier League,2021/22,Leeds United,Leo Fuhr Hjelde,NOR,DF,17,2003,1.7,0,0,0,1,0,0,3,4,4,,,0,2021,misc,Leeds United
ENG-Premier League,2021/22,Leeds United,Lewis Bate,ENG,MF,18,2002,1.6,0,0,0,3,1,0,0,1,0,,,0,2021,misc,Leeds United
ENG-Premier League,2021/22,Leeds United,Liam Cooper,SCO,DF,29,1991,20.2,5,0,0,19,9,2,1,41,25,,,0,2021,misc,Leeds United
ENG-Premier League,2021/22,Leeds United,Liam McCarron,SCO,DF,20,2001,0.1,0,0,0,0,0,0,0,0,0,,,0,2021,misc,Leeds United
ENG-Premier League,2021/22,Leeds United,Luke Ayling,ENG,DF,29,1991,25.2,4,1,0,22,19,2,30,26,45,,,0,2021,misc,Leeds United
ENG-Premier League,2021/22,Leeds United,Mateusz Klich,POL,MF,31,1990,23.0,5,0,0,40,15,2,30,11,26,,,0,2021,misc,Leeds United
ENG-Premier League,2021/22,Leeds United,Pascal Struijk,NED,DF,21,1999,22.8,6,1,0,25,7,1,0,37,38,,,0,2021,misc,Leeds United
ENG-Premier League,2021/22,Leeds United,Patrick Bamford,ENG,FW,27,1993,6.2,2,0,0,5,5,5,3,1,0,,,0,2021,misc,Leeds United
ENG-Premier League,2021/22,Leeds United,Raphinha,BRA,"MF,FW",24,1996,32.4,7,0,0,39,47,14,160,28,28,,,0,2021,misc,Leeds United
ENG-Premier League,2021/22,Leeds United,Robin Koch,GER,"MF,DF",25,1996,17.5,3,0,0,22,10,0,4,18,13,,,0,2021,misc,Leeds United
ENG-Premier League,2021/22,Leeds United,Rodrigo,ESP,"MF,FW",30,1991,25.2,9,0,0,21,30,4,29,10,9,,,0,2021,misc,Leeds United
ENG-Premier League,2021/22,Leeds United,Sam Greenwood,ENG,MF,19,2002,2.6,0,0,0,7,2,1,6,2,5,,,0,2021,misc,Leeds United
ENG-Premier League,2021/22,Leeds United,Stuart Dallas,NIR,"DF,MF",30,1991,32.4,5,0,0,33,30,2,101,55,61,,,0,2021,misc,Leeds United
ENG-Premier League,2021/22,Leeds United,Stuart McKinstry,SCO,MF,18,2002,0.0,0,0,0,0,0,0,0,0,0,,,0,2021,misc,Leeds United
ENG-Premier League,2021/22,Leeds United,Tyler Roberts,WAL,"MF,FW",22,1999,11.0,5,0,0,14,19,3,15,5,8,,,0,2021,misc,Leeds United
ENG-Premier League,2021/22,Leicester City,Ademola Lookman,NGA,"MF,FW",23,1997,16.1,2,0,0,27,33,6,17,9,14,,,0,2021,misc,Leicester City
ENG-Premier League,2021/22,Leicester City,Ayoze Pérez,ESP,MF,28,1993,4.9,0,1,0,6,7,0,3,2,2,,,0,2021,misc,Leicester City
ENG-Premier League,2021/22,Leicester City,Boubakary Soumaré,FRA,MF,22,1999,12.2,0,0,0,16,17,0,4,11,13,,,0,2021,misc,Leicester City
ENG-Premier League,2021/22,Leicester City,Daniel Amartey,GHA,DF,26,1994,23.6,4,0,0,14,8,1,0,22,14,,,0,2021,misc,Leicester City
ENG-Premier League,2021/22,Leicester City,Danny Ward,WAL,GK,28,1993,1.0,0,0,0,0,0,0,0,0,0,,,0,2021,misc,Leicester City
ENG-Premier League,2021/22,Leicester City,Hamza Choudhury,BAN,"MF,DF",23,1997,3.2,1,0,0,4,5,0,0,12,2,,,0,2021,misc,Leicester City
ENG-Premier League,2021/22,Leicester City,Harvey Barnes,ENG,"MF,FW",23,1997,23.3,2,0,0,19,20,10,45,4,15,,,0,2021,misc,Leicester City
ENG-Premier League,2021/22,Leicester City,James Justin,ENG,DF,23,1998,11.1,0,0,0,7,12,1,15,17,14,,,0,2021,misc,Leicester City
ENG-Premier League,2021/22,Leicester City,James Maddison,ENG,"MF,FW",24,1996,27.3,3,0,0,22,64,4,127,9,21,,,0,2021,misc,Leicester City
ENG-Premier League,2021/22,Leicester City,Jamie Vardy,ENG,FW,34,1987,20.1,2,0,0,13,12,19,12,1,5,,,1,2021,misc,Leicester City
ENG-Premier League,2021/22,Leicester City,Jannik Vestergaard,DEN,DF,28,1992,6.3,2,0,0,4,1,0,0,8,9,,,0,2021,misc,Leicester City
ENG-Premier League,2021/22,Leicester City,Jonny Evans,NIR,DF,33,1988,15.0,3,0,0,15,11,0,3,20,13,,,0,2021,misc,Leicester City
ENG-Premier League,2021/22,Leicester City,Kasey McAteer,IRL,MF,19,2001,0.0,0,0,0,0,0,0,0,0,0,,,0,2021,misc,Leicester City
ENG-Premier League,2021/22,Leicester City,Kasper Schmeichel,DEN,GK,34,1986,37.0,2,0,0,0,2,0,0,1,0,,,0,2021,misc,Leicester City
ENG-Premier League,2021/22,Leicester City,Kelechi Iheanacho,NGA,FW,24,1996,14.0,1,0,0,17,11,7,6,5,6,,,0,2021,misc,Leicester City
ENG-Premier League,2021/22,Leicester City,Kiernan Dewsbury-Hall,ENG,MF,22,1998,23.4,4,0,0,20,29,0,86,20,23,,,0,2021,misc,Leicester City
ENG-Premier League,2021/22,Leicester City,Lewis Brunt,ENG,"DF,MF",20,2000,0.3,0,0,0,0,0,0,0,0,0,,,0,2021,misc,Leicester City
ENG-Premier League,2021/22,Leicester City,Luke Thomas,ENG,"DF,MF",20,2001,21.2,2,0,0,15,15,0,33,42,31,,,0,2021,misc,Leicester City
ENG-Premier League,2021/22,Leicester City,Marc Albrighton,ENG,"MF,FW",31,1989,12.6,3,0,0,6,13,2,77,14,21,,,0,2021,misc,Leicester City
ENG-Premier League,2021/22,Leicester City,Nampalys Mendy,SEN,MF,29,1992,11.5,3,0,0,17,18,0,0,10,8,,,0,2021,misc,Leicester City
ENG-Premier League,2021/22,Leicester City,Patson Daka,ZAM,FW,22,1998,12.9,2,0,0,17,14,7,1,2,10,,,0,2021,misc,Leicester City
ENG-Premier League,2021/22,Leicester City,Ricardo Pereira,POR,"DF,MF",27,1993,11.0,3,0,0,6,15,0,13,16,21,,,0,2021,misc,Leicester City
ENG-Premier League,2021/22,Leicester City,Ryan Bertrand,ENG,DF,31,1989,3.7,1,0,0,3,1,0,12,1,5,,,0,2021,misc,Leicester City
ENG-Premier League,2021/22,Leicester City,Timothy Castagne,BEL,"DF,MF",25,1995,23.6,1,0,0,15,7,1,42,28,33,,,0,2021,misc,Leicester City
ENG-Premier League,2021/22,Leicester City,Wesley Fofana,FRA,DF,20,2000,7.0,2,0,0,7,7,0,0,7,8,,,0,2021,misc,Leicester City
ENG-Premier League,2021/22,Leicester City,Wilfred Ndidi,NGA,"MF,DF",24,1996,18.0,4,0,0,30,22,1,1,43,29,,,0,2021,misc,Leicester City
ENG-Premier League,2021/22,Leicester City,Youri Tielemans,BEL,MF,24,1997,29.2,3,0,0,32,36,0,56,21,39,,,0,2021,misc,Leicester City
ENG-Premier League,2021/22,Leicester City,Çağlar Söyüncü,TUR,DF,25,1996,27.7,5,0,0,24,14,1,5,33,31,,,0,2021,misc,Leicester City
ENG-Premier League,2021/22,Liverpool,Alex Oxlade-Chamberlain,ENG,"MF,FW",27,1993,8.7,0,0,0,10,3,2,27,5,11,,,0,2021,misc,Liverpool
ENG-Premier League,2021/22,Liverpool,Alisson,BRA,GK,28,1992,36.0,0,0,0,0,2,0,0,0,1,,,1,2021,misc,Liverpool
ENG-Premier League,2021/22,Liverpool,Andy Robertson,SCO,DF,27,1994,28.2,5,1,0,20,9,4,194,26,21,,,0,2021,misc,Liverpool
ENG-Premier League,2021/22,Liverpool,Caoimhín Kelleher,IRL,GK,22,1998,2.0,0,0,0,0,1,0,0,0,1,,,0,2021,misc,Liverpool
ENG-Premier League,2021/22,Liverpool,Curtis Jones,ENG,MF,20,2001,9.5,0,0,0,10,19,1,5,8,10,,,0,2021,misc,Liverpool
ENG-Premier League,2021/22,Liverpool,Diogo Jota,POR,FW,24,1996,26.3,3,0,0,40,40,5,21,6,18,,,0,2021,misc,Liverpool
ENG-Premier League,2021/22,Liverpool,Divock Origi,BEL,"FW,MF",26,1995,1.5,0,0,0,2,1,0,0,1,0,,,0,2021,misc,Liverpool
ENG-Premier League,2021/22,Liverpool,Fabinho,BRA,MF,27,1993,25.7,7,0,0,41,28,0,8,38,29,,,0,2021,misc,Liverpool
ENG-Premier League,2021/22,Liverpool,Harvey Elliott,ENG,MF,18,2003,3.8,0,0,0,2,6,0,10,4,0,,,0,2021,misc,Liverpool
ENG-Premier League,2021/22,Liverpool,Ibrahima Konaté,FRA,DF,22,1999,11.0,2,0,0,10,3,0,0,17,11,,,0,2021,misc,Liverpool
ENG-Premier League,2021/22,Liverpool,James Milner,ENG,"MF,DF",35,1986,9.5,2,0,0,17,14,0,44,15,17,,,0,2021,misc,Liverpool
ENG-Premier League,2021/22,Liverpool,Joe Gomez,ENG,DF,24,1997,3.7,2,0,0,5,2,0,19,6,6,,,0,2021,misc,Liverpool
ENG-Premier League,2021/22,Liverpool,Jordan Henderson,ENG,MF,31,1990,28.9,3,0,0,24,7,3,57,25,20,,,0,2021,misc,Liverpool
ENG-Premier League,2021/22,Liverpool,Joël Matip,CMR,DF,29,1991,31.0,2,0,0,13,11,0,1,45,35,,,0,2021,misc,Liverpool
ENG-Premier League,2021/22,Liverpool,Kaide Gordon,ENG,FW,16,2004,0.1,0,0,0,1,0,0,0,0,0,,,0,2021,misc,Liverpool
ENG-Premier League,2021/22,Liverpool,Kostas Tsimikas,GRE,DF,25,1996,9.7,3,0,0,20,6,0,115,9,12,,,0,2021,misc,Liverpool
ENG-Premier League,2021/22,Liverpool,Luis Díaz,COL,FW,24,1997,10.6,0,0,0,14,14,3,14,4,7,,,0,2021,misc,Liverpool
ENG-Premier League,2021/22,Liverpool,Mohamed Salah,EGY,FW,29,1992,30.7,1,0,0,12,23,12,40,5,8,,,0,2021,misc,Liverpool
ENG-Premier League,2021/22,Liverpool,Naby Keïta,GUI,MF,26,1995,13.0,3,0,0,22,9,0,10,13,22,,,0,2021,misc,Liverpool
ENG-Premier League,2021/22,Liverpool,Neco Williams,WAL,"DF,MF",20,2001,0.1,0,0,0,0,0,0,0,0,0,,,0,2021,misc,Liverpool
ENG-Premier League,2021/22,Liverpool,Roberto Firmino,BRA,FW,29,1991,11.0,3,0,0,6,6,3,8,4,16,,,0,2021,misc,Liverpool
ENG-Premier League,2021/22,Liverpool,Sadio Mané,SEN,FW,29,1992,31.3,5,0,0,49,50,19,51,7,19,,,0,2021,misc,Liverpool
ENG-Premier League,2021/22,Liverpool,Takumi Minamino,JPN,FW,26,1995,2.1,1,0,0,4,4,0,0,1,2,,,0,2021,misc,Liverpool
ENG-Premier League,2021/22,Liverpool,Thiago Alcántara,ESP,MF,30,1991,17.0,2,0,0,19,13,0,4,27,26,,,0,2021,misc,Liverpool
ENG-Premier League,2021/22,Liverpool,Trent Alexander-Arnold,ENG,DF,22,1998,31.7,2,0,0,12,7,11,277,44,24,,,0,2021,misc,Liverpool
ENG-Premier League,2021/22,Liverpool,Tyler Morton,ENG,MF,18,2002,0.7,1,0,0,1,0,0,0,3,0,,,0,2021,misc,Liverpool
ENG-Premier League,2021/22,Liverpool,Virgil van Dijk,NED,DF,30,1991,34.0,3,0,0,9,8,0,0,31,11,,,0,2021,misc,Liverpool
ENG-Premier League,2021/22,Manchester City,Aymeric Laporte,ESP,DF,27,1994,31.4,5,1,0,14,10,2,5,19,15,,,0,2021,misc,Manchester City
ENG-Premier League,2021/22,Manchester City,Benjamin Mendy,FRA,DF,27,1994,0.9,0,0,0,2,0,0,8,0,2,,,0,2021,misc,Manchester City
ENG-Premier League,2021/22,Manchester City,Bernardo Silva,POR,"MF,FW",26,1994,31.7,6,0,0,30,33,9,57,18,31,,,0,2021,misc,Manchester City
ENG-Premier League,2021/22,Manchester City,CJ Egan-Riley,ENG,DF,18,2003,0.0,0,0,0,0,0,0,0,0,1,,,0,2021,misc,Manchester City
ENG-Premier League,2021/22,Manchester City,Cole Palmer,ENG,FW,19,2002,1.4,0,0,0,1,1,0,3,1,2,,,0,2021,misc,Manchester City
ENG-Premier League,2021/22,Manchester City,Ederson Moraes,BRA,GK,27,1993,37.0,3,0,0,1,4,0,0,0,1,,,0,2021,misc,Manchester City
ENG-Premier League,2021/22,Manchester City,Fernandinho,BRA,"MF,DF",36,1985,10.7,1,0,0,14,10,0,2,8,10,,,0,2021,misc,Manchester City
ENG-Premier League,2021/22,Manchester City,Ferran Torres,ESP,FW,21,2000,3.4,0,0,0,1,1,1,3,0,2,,,0,2021,misc,Manchester City
ENG-Premier League,2021/22,Manchester City,Gabriel Jesus,BRA,FW,24,1997,20.9,1,0,0,26,26,10,24,13,13,,,0,2021,misc,Manchester City
ENG-Premier League,2021/22,Manchester City,Jack Grealish,ENG,"FW,MF",25,1995,21.3,3,0,0,17,54,5,32,7,16,,,0,2021,misc,Manchester City
ENG-Premier League,2021/22,Manchester City,James Mcatee,ENG,MF,18,2002,0.2,0,0,0,1,0,0,0,0,0,,,0,2021,misc,Manchester City
ENG-Premier League,2021/22,Manchester City,John Stones,ENG,DF,27,1994,12.4,0,0,0,3,6,0,3,13,3,,,0,2021,misc,Manchester City
ENG-Premier League,2021/22,Manchester City,João Cancelo,POR,DF,27,1994,35.9,7,0,0,34,27,2,126,56,53,,,0,2021,misc,Manchester City
ENG-Premier League,2021/22,Manchester City,Kayky Chagas,BRA,MF,18,2003,0.1,0,0,0,1,0,0,0,0,0,,,0,2021,misc,Manchester City
ENG-Premier League,2021/22,Manchester City,Kevin De Bruyne,BEL,MF,30,1991,24.5,2,0,0,21,27,5,179,7,16,,,0,2021,misc,Manchester City
ENG-Premier League,2021/22,Manchester City,Kyle Walker,ENG,DF,31,1990,19.5,1,0,0,7,12,1,33,13,6,,,0,2021,misc,Manchester City
ENG-Premier League,2021/22,Manchester City,Liam Delap,ENG,FW,18,2003,0.1,0,0,0,1,1,0,0,0,0,,,0,2021,misc,Manchester City
ENG-Premier League,2021/22,Manchester City,Nathan Aké,NED,DF,26,1995,10.3,0,0,0,9,2,0,1,7,9,,,0,2021,misc,Manchester City
ENG-Premier League,2021/22,Manchester City,Oleksandr Zinchenko,UKR,DF,24,1996,11.6,0,0,0,11,2,1,31,15,13,,,0,2021,misc,Manchester City
ENG-Premier League,2021/22,Manchester City,Phil Foden,ENG,FW,21,2000,23.6,1,0,0,14,23,13,134,12,9,,,0,2021,misc,Manchester City
ENG-Premier League,2021/22,Manchester City,Raheem Sterling,ENG,"FW,MF",26,1994,23.6,1,0,0,19,37,9,46,10,10,,,0,2021,misc,Manchester City
ENG-Premier League,2021/22,Manchester City,Riyad Mahrez,ALG,FW,30,1991,16.6,0,0,0,10,15,3,95,5,5,,,0,2021,misc,Manchester City
ENG-Premier League,2021/22,Manchester City,Rodri,ESP,MF,25,1996,32.0,5,0,0,43,20,0,9,29,46,,,0,2021,misc,Manchester City
ENG-Premier League,2021/22,Manchester City,Rúben Dias,POR,DF,24,1997,26.7,5,0,0,27,10,2,3,24,20,,,0,2021,misc,Manchester City
ENG-Premier League,2021/22,Manchester City,Zack Steffen,USA,GK,26,1995,1.0,0,0,0,0,0,0,0,0,0,,,0,2021,misc,Manchester City
ENG-Premier League,2021/22,Manchester City,İlkay Gündoğan,GER,MF,30,1990,20.6,1,0,0,13,10,2,68,14,11,,,0,2021,misc,Manchester City
ENG-Premier League,2021/22,Manchester Utd,Aaron Wan-Bissaka,COD,"DF,MF",23,1997,19.9,2,0,0,15,13,1,35,34,36,,,0,2021,misc,Manchester United
ENG-Premier League,2021/22,Manchester Utd,Alejandro Garnacho,ARG,MF,17,2004,0.1,0,0,0,1,0,0,0,0,0,,,0,2021,misc,Manchester United
ENG-Premier League,2021/22,Manchester Utd,Alex Telles,BRA,DF,28,1992,18.4,1,0,0,22,9,1,127,26,27,,,0,2021,misc,Manchester United
ENG-Premier League,2021/22,Manchester Utd,Anthony Elanga,SWE,MF,19,2002,13.5,0,0,0,8,22,3,21,8,18,,,0,2021,misc,Manchester United
ENG-Premier League,2021/22,Manchester Utd,Anthony Martial,FRA,"MF,FW",25,1995,2.4,0,0,0,0,4,2,4,0,0,,,0,2021,misc,Manchester United
ENG-Premier League,2021/22,Manchester Utd,Bruno Fernandes,POR,MF,26,1994,34.6,10,0,0,34,47,3,149,16,27,,,0,2021,misc,Manchester United
ENG-Premier League,2021/22,Manchester Utd,Cristiano Ronaldo,POR,FW,36,1985,27.3,8,0,0,16,18,34,15,1,7,,,0,2021,misc,Manchester United
ENG-Premier League,2021/22,Manchester Utd,Daniel James,WAL,MF,23,1997,1.4,0,0,0,1,0,2,5,0,1,,,0,2021,misc,Manchester United
ENG-Premier League,2021/22,Manchester Utd,David de Gea,ESP,GK,30,1990,38.0,0,0,0,0,1,0,0,0,0,,,0,2021,misc,Manchester United
ENG-Premier League,2021/22,Manchester Utd,Diogo Dalot,POR,DF,22,1999,20.0,4,0,0,18,4,1,59,28,39,,,0,2021,misc,Manchester United
ENG-Premier League,2021/22,Manchester Utd,Donny van de Beek,NED,MF,24,1997,0.8,0,0,0,2,2,0,0,2,5,,,0,2021,misc,Manchester United
ENG-Premier League,2021/22,Manchester Utd,Edinson Cavani,URU,FW,34,1987,8.5,0,0,0,7,5,6,2,2,1,,,0,2021,misc,Manchester United
ENG-Premier League,2021/22,Manchester Utd,Eric Bailly,CIV,DF,27,1994,2.4,1,0,0,2,0,0,0,3,4,,,1,2021,misc,Manchester United
ENG-Premier League,2021/22,Manchester Utd,Fred,BRA,MF,28,1993,22.5,5,0,0,31,30,0,3,31,27,,,1,2021,misc,Manchester United
ENG-Premier League,2021/22,Manchester Utd,Hannibal Mejbri,TUN,MF,18,2003,0.8,2,0,0,3,0,1,0,0,1,,,0,2021,misc,Manchester United
ENG-Premier League,2021/22,Manchester Utd,Harry Maguire,ENG,DF,28,1993,27.9,9,1,1,21,19,1,2,33,21,,,1,2021,misc,Manchester United
ENG-Premier League,2021/22,Manchester Utd,Jadon Sancho,ENG,"MF,FW",21,2000,21.1,0,0,0,4,7,7,28,13,8,,,0,2021,misc,Manchester United
ENG-Premier League,2021/22,Manchester Utd,Jesse Lingard,ENG,MF,28,1992,4.1,1,0,0,5,4,1,8,0,7,,,0,2021,misc,Manchester United
ENG-Premier League,2021/22,Manchester Utd,Juan Mata,ESP,MF,33,1988,2.6,0,0,0,2,4,2,6,1,4,,,0,2021,misc,Manchester United
ENG-Premier League,2021/22,Manchester Utd,Luke Shaw,ENG,"DF,MF",26,1995,17.8,8,0,0,32,16,2,109,9,12,,,0,2021,misc,Manchester United
ENG-Premier League,2021/22,Manchester Utd,Marcus Rashford,ENG,"MF,FW",23,1997,13.7,2,0,0,13,18,14,22,5,5,,,0,2021,misc,Manchester United
ENG-Premier League,2021/22,Manchester Utd,Mason Greenwood,ENG,"MF,FW",19,2001,14.1,1,0,0,15,16,3,34,1,8,,,0,2021,misc,Manchester United
ENG-Premier League,2021/22,Manchester Utd,Nemanja Matić,SRB,MF,32,1988,15.4,3,0,0,26,3,0,6,30,17,,,0,2021,misc,Manchester United
ENG-Premier League,2021/22,Manchester Utd,Paul Pogba,FRA,MF,28,1993,15.0,7,1,0,39,29,0,12,13,9,,,0,2021,misc,Manchester United
ENG-Premier League,2021/22,Manchester Utd,Phil Jones,ENG,DF,29,1992,1.8,0,0,0,0,2,0,0,3,5,,,0,2021,misc,Manchester United
ENG-Premier League,2021/22,Manchester Utd,Raphaël Varane,FRA,DF,28,1993,20.3,0,0,0,5,7,0,1,17,20,,,0,2021,misc,Manchester United
ENG-Premier League,2021/22,Manchester Utd,Scott McTominay,SCO,MF,24,1996,26.5,9,0,0,55,33,1,13,32,34,,,0,2021,misc,Manchester United
ENG-Premier League,2021/22,Manchester Utd,Shola Shoretire,ENG,"FW,MF",17,2004,0.2,0,0,0,0,1,0,0,0,0,,,0,2021,misc,Manchester United
ENG-Premier League,2021/22,Manchester Utd,Victor Lindelöf,SWE,DF,27,1994,26.2,4,0,0,19,6,2,0,25,11,,,0,2021,misc,Manchester United
ENG-Premier League,2021/22,Newcastle,Allan Saint-Maximin,FRA,"FW,MF",24,1997,31.2,6,0,0,22,47,13,61,11,7,,,0,2021,misc,Newcastle United
ENG-Premier League,2021/22,Newcastle,Bruno Guimarães,BRA,MF,23,1997,11.5,4,0,0,13,36,4,12,11,27,,,0,2021,misc,Newcastle United
ENG-Premier League,2021/22,Newcastle,Callum Wilson,ENG,FW,29,1992,15.4,4,0,0,27,22,17,3,1,8,,,0,2021,misc,Newcastle United
ENG-Premier League,2021/22,Newcastle,Chris Wood,NZL,FW,29,1991,14.7,0,0,0,19,10,10,2,2,0,,,0,2021,misc,Newcastle United
ENG-Premier League,2021/22,Newcastle,Ciaran Clark,IRL,DF,31,1989,11.3,2,1,0,6,5,1,1,15,9,,,0,2021,misc,Newcastle United
ENG-Premier League,2021/22,Newcastle,Dan Burn,ENG,DF,29,1992,16.0,4,0,0,10,6,5,0,18,11,,,0,2021,misc,Newcastle United
ENG-Premier League,2021/22,Newcastle,Dwight Gayle,ENG,FW,30,1990,0.4,1,0,0,2,2,0,0,1,0,,,0,2021,misc,Newcastle United
ENG-Premier League,2021/22,Newcastle,Emil Krafth,SWE,DF,26,1994,18.2,5,0,0,22,11,0,21,25,16,,,0,2021,misc,Newcastle United
ENG-Premier League,2021/22,Newcastle,Fabian Schär,SUI,DF,29,1991,24.0,4,0,0,24,11,3,8,36,11,,,0,2021,misc,Newcastle United
ENG-Premier League,2021/22,Newcastle,Federico Fernández,ARG,DF,32,1989,5.8,0,0,0,1,2,0,1,5,0,,,0,2021,misc,Newcastle United
ENG-Premier League,2021/22,Newcastle,Freddie Woodman,ENG,GK,24,1997,4.0,0,0,0,0,0,0,0,0,0,,,0,2021,misc,Newcastle United
ENG-Premier League,2021/22,Newcastle,Isaac Hayden,JAM,"MF,DF",26,1995,11.1,5,0,0,14,8,0,8,13,14,,,0,2021,misc,Newcastle United
ENG-Premier League,2021/22,Newcastle,Jacob Murphy,ENG,"FW,MF",26,1995,16.4,4,0,0,16,15,2,54,23,26,,,0,2021,misc,Newcastle United
ENG-Premier League,2021/22,Newcastle,Jamaal Lascelles,ENG,DF,27,1993,22.9,5,0,0,17,4,0,0,24,7,,,2,2021,misc,Newcastle United
ENG-Premier League,2021/22,Newcastle,Jamal Lewis,NIR,DF,23,1998,2.9,1,0,0,2,2,0,3,3,6,,,0,2021,misc,Newcastle United
ENG-Premier League,2021/22,Newcastle,Javier Manquillo,ESP,DF,27,1994,14.0,5,0,0,9,17,1,9,9,30,,,0,2021,misc,Newcastle United
ENG-Premier League,2021/22,Newcastle,Jeff Hendrick,IRL,MF,29,1992,0.8,0,0,0,1,0,0,0,0,0,,,0,2021,misc,Newcastle United
ENG-Premier League,2021/22,Newcastle,Joe Willock,ENG,MF,21,1999,22.6,0,0,0,34,26,0,16,19,37,,,0,2021,misc,Newcastle United
ENG-Premier League,2021/22,Newcastle,Joelinton,BRA,"MF,FW",24,1996,28.4,8,0,0,64,33,3,22,35,36,,,0,2021,misc,Newcastle United
ENG-Premier League,2021/22,Newcastle,Jonjo Shelvey,ENG,MF,29,1992,22.0,7,1,1,18,8,0,44,25,20,,,0,2021,misc,Newcastle United
ENG-Premier League,2021/22,Newcastle,Karl Darlow,WAL,GK,30,1990,8.0,1,0,0,1,1,0,0,1,0,,,0,2021,misc,Newcastle United
ENG-Premier League,2021/22,Newcastle,Kieran Trippier,ENG,DF,30,1990,4.8,0,0,0,3,3,0,29,10,9,,,0,2021,misc,Newcastle United
ENG-Premier League,2021/22,Newcastle,Martin Dúbravka,SVK,GK,32,1989,26.0,1,0,0,0,5,0,0,1,1,,,0,2021,misc,Newcastle United
ENG-Premier League,2021/22,Newcastle,Matt Ritchie,SCO,"DF,MF",31,1989,14.9,5,0,0,13,10,0,103,13,15,,,0,2021,misc,Newcastle United
ENG-Premier League,2021/22,Newcastle,Matt Targett,ENG,DF,25,1995,16.0,1,0,0,9,12,1,73,23,29,,,0,2021,misc,Newcastle United
ENG-Premier League,2021/22,Newcastle,Miguel Almirón,PAR,"MF,FW",27,1994,19.1,2,0,0,17,25,9,23,20,29,,,0,2021,misc,Newcastle United
ENG-Premier League,2021/22,Newcastle,Paul Dummett,WAL,DF,29,1991,2.2,2,0,0,3,3,0,3,3,3,,,0,2021,misc,Newcastle United
ENG-Premier League,2021/22,Newcastle,Ryan Fraser,SCO,"FW,MF",27,1994,16.3,3,0,0,9,24,2,87,11,4,,,0,2021,misc,Newcastle United
ENG-Premier League,2021/22,Newcastle,Sean Longstaff,ENG,MF,23,1997,16.3,1,0,0,14,17,0,11,9,32,,,0,2021,misc,Newcastle United
ENG-Premier League,2021/22,Norwich City,Adam Idah,IRL,"FW,MF",20,2001,6.9,0,0,0,7,10,10,13,2,7,,,0,2021,misc,Norwich City
ENG-Premier League,2021/22,Norwich City,Andrew Omobamidele,IRL,DF,19,2002,4.2,1,0,0,3,5,0,0,5,5,,,0,2021,misc,Norwich City
ENG-Premier League,2021/22,Norwich City,Angus Gunn,SCO,GK,25,1996,9.0,0,0,0,0,0,0,0,0,0,,,0,2021,misc,Norwich City
ENG-Premier League,2021/22,Norwich City,Bali Mumba,ENG,"DF,MF",19,2001,0.5,0,0,0,0,0,0,0,0,1,,,0,2021,misc,Norwich City
ENG-Premier League,2021/22,Norwich City,Ben Gibson,ENG,DF,28,1993,27.7,5,1,1,12,9,0,2,28,17,,,0,2021,misc,Norwich City
ENG-Premier League,2021/22,Norwich City,Billy Gilmour,SCO,MF,20,2001,20.6,2,0,0,28,23,1,98,16,21,,,0,2021,misc,Norwich City
ENG-Premier League,2021/22,Norwich City,Brandon Williams,ENG,DF,20,2000,23.6,8,0,0,22,44,0,14,40,36,,,0,2021,misc,Norwich City
ENG-Premier League,2021/22,Norwich City,Christoph Zimmermann,GER,DF,28,1993,1.7,0,0,0,1,2,0,0,1,3,,,0,2021,misc,Norwich City
ENG-Premier League,2021/22,Norwich City,Christos Tzolis,GRE,"MF,FW",19,2002,3.7,0,0,0,2,4,2,8,1,3,,,0,2021,misc,Norwich City
ENG-Premier League,2021/22,Norwich City,Dimitris Giannoulis,GRE,"DF,MF",25,1995,13.0,2,0,0,16,22,0,44,19,21,,,0,2021,misc,Norwich City
ENG-Premier League,2021/22,Norwich City,Grant Hanley,SCO,DF,29,1991,32.2,2,0,0,22,22,2,0,56,26,,,0,2021,misc,Norwich City
ENG-Premier League,2021/22,Norwich City,Jakob Sørensen,DEN,"MF,DF",23,1998,6.7,0,0,0,7,1,0,2,10,11,,,0,2021,misc,Norwich City
ENG-Premier League,2021/22,Norwich City,Jonathan Rowe,ENG,"FW,MF",18,2003,2.5,0,0,0,4,7,1,4,2,2,,,0,2021,misc,Norwich City
ENG-Premier League,2021/22,Norwich City,Josh Sargent,USA,"FW,MF",21,2000,17.5,1,0,0,9,23,4,11,10,17,,,0,2021,misc,Norwich City
ENG-Premier League,2021/22,Norwich City,Kenny McLean,SCO,MF,29,1992,30.1,3,0,0,16,38,3,37,32,21,,,0,2021,misc,Norwich City
ENG-Premier League,2021/22,Norwich City,Kieran Dowell,ENG,MF,23,1997,10.1,0,0,0,19,3,0,37,7,7,,,0,2021,misc,Norwich City
ENG-Premier League,2021/22,Norwich City,Lukas Rupp,GER,MF,30,1991,8.5,0,0,0,7,7,0,3,10,5,,,0,2021,misc,Norwich City
ENG-Premier League,2021/22,Norwich City,Mathias Normann,NOR,MF,25,1996,18.3,6,0,0,37,28,1,33,19,22,,,0,2021,misc,Norwich City
ENG-Premier League,2021/22,Norwich City,Max Aarons,ENG,DF,21,2000,32.0,8,0,0,26,52,1,50,26,45,,,1,2021,misc,Norwich City
ENG-Premier League,2021/22,Norwich City,Milot Rashica,KVX,"MF,FW",25,1996,24.8,0,0,0,23,47,13,128,14,20,,,0,2021,misc,Norwich City
ENG-Premier League,2021/22,Norwich City,Ozan Kabak,TUR,DF,21,2000,10.2,2,0,0,10,9,0,1,16,5,,,0,2021,misc,Norwich City
ENG-Premier League,2021/22,Norwich City,Pierre Lees-Melou,FRA,MF,28,1993,25.2,5,0,0,35,23,2,34,23,36,,,0,2021,misc,Norwich City
ENG-Premier League,2021/22,Norwich City,Przemysław Płacheta,POL,"MF,FW",23,1998,5.6,1,0,0,1,6,0,23,2,3,,,0,2021,misc,Norwich City
ENG-Premier League,2021/22,Norwich City,Sam Byram,ENG,DF,27,1993,11.4,3,0,0,12,4,0,9,21,15,,,0,2021,misc,Norwich City
ENG-Premier League,2021/22,Norwich City,Teemu Pukki,FIN,FW,31,1990,36.1,4,0,0,31,25,12,13,4,11,,,0,2021,misc,Norwich City
ENG-Premier League,2021/22,Norwich City,Tim Krul,NED,GK,33,1988,29.0,1,0,0,0,0,0,0,0,1,,,1,2021,misc,Norwich City
ENG-Premier League,2021/22,Norwich City,Todd Cantwell,ENG,"FW,MF",23,1998,4.9,2,0,0,4,12,2,3,3,13,,,0,2021,misc,Norwich City
ENG-Premier League,2021/22,Norwich City,Tony Springett,IRL,MF,18,2002,1.6,1,0,0,1,4,0,2,0,1,,,0,2021,misc,Norwich City
ENG-Premier League,2021/22,Southampton,Adam Armstrong,ENG,FW,24,1997,15.7,1,0,0,13,6,2,20,3,3,,,0,2021,misc,Southampton
ENG-Premier League,2021/22,Southampton,Alex McCarthy,ENG,GK,31,1989,17.0,1,0,0,0,0,0,0,0,0,,,0,2021,misc,Southampton
ENG-Premier League,2021/22,Southampton,Armando Broja,ALB,FW,19,2001,21.9,2,0,0,28,26,13,8,3,7,,,0,2021,misc,Southampton
ENG-Premier League,2021/22,Southampton,Ché Adams,SCO,FW,25,1996,22.7,0,0,0,29,40,7,8,8,6,,,0,2021,misc,Southampton
ENG-Premier League,2021/22,Southampton,Fraser Forster,ENG,GK,33,1988,19.0,1,0,0,0,3,0,0,0,0,,,0,2021,misc,Southampton
ENG-Premier League,2021/22,Southampton,Ibrahima Diallo,FRA,MF,22,1999,11.4,1,0,0,8,15,0,8,7,11,,,0,2021,misc,Southampton
ENG-Premier League,2021/22,Southampton,Jack Stephens,ENG,DF,27,1994,9.0,3,0,0,8,2,0,0,19,12,,,0,2021,misc,Southampton
ENG-Premier League,2021/22,Southampton,James Ward-Prowse,ENG,MF,26,1994,35.7,3,1,0,23,15,0,299,39,25,,,0,2021,misc,Southampton
ENG-Premier League,2021/22,Southampton,Jan Bednarek,POL,DF,25,1996,29.2,10,0,0,30,15,1,1,73,16,,,1,2021,misc,Southampton
ENG-Premier League,2021/22,Southampton,Kyle Walker-Peters,ENG,DF,24,1997,29.3,5,0,0,27,47,3,50,37,39,,,0,2021,misc,Southampton
ENG-Premier League,2021/22,Southampton,Lyanco,BRA,DF,24,1997,10.1,2,0,0,13,7,0,4,14,15,,,0,2021,misc,Southampton
ENG-Premier League,2021/22,Southampton,Mohamed Elyounoussi,NOR,MF,26,1994,22.7,4,0,0,28,18,1,29,12,17,,,0,2021,misc,Southampton
ENG-Premier League,2021/22,Southampton,Mohammed Salisu,GHA,DF,22,1999,33.0,10,1,1,38,7,2,13,76,46,,,1,2021,misc,Southampton
ENG-Premier League,2021/22,Southampton,Moussa Djenepo,MLI,MF,23,1998,5.1,3,0,0,9,10,0,6,2,4,,,0,2021,misc,Southampton
ENG-Premier League,2021/22,Southampton,Nathan Redmond,ENG,"MF,FW",27,1994,20.4,0,0,0,16,15,3,62,7,11,,,0,2021,misc,Southampton
ENG-Premier League,2021/22,Southampton,Nathan Tella,NGA,"MF,FW",22,1999,8.9,2,0,0,17,22,3,12,7,9,,,0,2021,misc,Southampton
ENG-Premier League,2021/22,Southampton,Oriol Romeu,ESP,MF,29,1991,32.1,9,0,0,46,24,0,13,50,43,,,0,2021,misc,Southampton
ENG-Premier League,2021/22,Southampton,Romain Perraud,FRA,"DF,MF",23,1997,18.0,3,0,0,31,16,0,68,17,21,,,0,2021,misc,Southampton
ENG-Premier League,2021/22,Southampton,Shane Long,IRL,FW,34,1987,3.4,1,0,0,9,8,3,1,0,4,,,0,2021,misc,Southampton
ENG-Premier League,2021/22,Southampton,Stuart Armstrong,SCO,"MF,FW",29,1992,16.4,1,0,0,11,20,1,35,8,18,,,0,2021,misc,Southampton
ENG-Premier League,2021/22,Southampton,Theo Walcott,ENG,MF,32,1989,4.2,0,0,0,1,6,2,5,6,2,,,0,2021,misc,Southampton
ENG-Premier League,2021/22,Southampton,Tino Livramento,ENG,DF,18,2002,24.5,2,0,0,12,36,1,62,47,30,,,0,2021,misc,Southampton
ENG-Premier League,2021/22,Southampton,William Smallbone,IRL,"MF,FW",21,2000,1.5,0,0,0,2,1,0,4,2,4,,,0,2021,misc,Southampton
ENG-Premier League,2021/22,Southampton,Willy Caballero,ARG,GK,39,1981,2.0,1,0,0,0,0,0,0,0,0,,,0,2021,misc,Southampton
ENG-Premier League,2021/22,Southampton,Yan Valery,TUN,DF,22,1999,4.1,0,0,0,3,3,0,4,7,6,,,0,2021,misc,Southampton
ENG-Premier League,2021/22,Tottenham,Ben Davies,WAL,DF,28,1993,28.2,6,0,0,31,18,5,18,30,21,,,0,2021,misc,Tottenham Hotspur
ENG-Premier League,2021/22,Tottenham,Bryan Gil,ESP,"FW,MF",20,2001,1.0,0,0,0,1,4,0,6,0,0,,,0,2021,misc,Tottenham Hotspur
ENG-Premier League,2021/22,Tottenham,Cristian Romero,ARG,DF,23,1998,20.5,8,0,0,28,15,2,0,32,41,,,0,2021,misc,Tottenham Hotspur
ENG-Premier League,2021/22,Tottenham,Dane Scarlett,ENG,FW,17,2004,0.0,0,0,0,0,0,0,0,0,0,,,0,2021,misc,Tottenham Hotspur
ENG-Premier League,2021/22,Tottenham,Davinson Sánchez,COL,DF,25,1996,18.1,4,0,0,16,12,1,2,29,22,,,0,2021,misc,Tottenham Hotspur
ENG-Premier League,2021/22,Tottenham,Dejan Kulusevski,SWE,"MF,FW",21,2000,14.0,3,0,0,20,15,4,25,13,12,,,0,2021,misc,Tottenham Hotspur
ENG-Premier League,2021/22,Tottenham,Dele Alli,ENG,MF,25,1996,7.3,1,0,0,12,11,2,5,6,8,,,0,2021,misc,Tottenham Hotspur
ENG-Premier League,2021/22,Tottenham,Emerson,BRA,"MF,DF",22,1999,25.4,5,0,0,28,45,2,74,24,44,,,0,2021,misc,Tottenham Hotspur
ENG-Premier League,2021/22,Tottenham,Eric Dier,ENG,DF,27,1994,34.1,1,0,0,12,9,0,2,26,8,,,1,2021,misc,Tottenham Hotspur
ENG-Premier League,2021/22,Tottenham,Giovani Lo Celso,ARG,MF,25,1996,2.6,0,0,0,2,6,1,10,0,4,,,0,2021,misc,Tottenham Hotspur
ENG-Premier League,2021/22,Tottenham,Harry Kane,ENG,FW,28,1993,35.9,5,0,0,42,54,17,37,2,5,,,0,2021,misc,Tottenham Hotspur
ENG-Premier League,2021/22,Tottenham,Harry Winks,ENG,MF,25,1996,10.1,2,0,0,11,13,0,26,13,10,,,0,2021,misc,Tottenham Hotspur
ENG-Premier League,2021/22,Tottenham,Hugo Lloris,FRA,GK,34,1986,38.0,2,0,0,0,2,0,0,1,1,,,0,2021,misc,Tottenham Hotspur
ENG-Premier League,2021/22,Tottenham,Japhet Tanganga,ENG,"DF,MF",22,1999,8.2,4,1,1,19,8,1,10,9,9,,,0,2021,misc,Tottenham Hotspur
ENG-Premier League,2021/22,Tottenham,Joe Rodon,WAL,DF,23,1997,1.0,0,0,0,0,1,0,0,0,0,,,0,2021,misc,Tottenham Hotspur
ENG-Premier League,2021/22,Tottenham,Lucas Moura,BRA,"MF,FW",28,1992,19.7,4,0,0,20,37,3,33,16,10,,,0,2021,misc,Tottenham Hotspur
ENG-Premier League,2021/22,Tottenham,Matt Doherty,IRL,MF,29,1992,9.7,0,0,0,11,5,0,20,13,11,,,0,2021,misc,Tottenham Hotspur
ENG-Premier League,2021/22,Tottenham,Oliver Skipp,ENG,MF,20,2000,15.0,6,0,0,16,16,1,7,13,21,,,0,2021,misc,Tottenham Hotspur
ENG-Premier League,2021/22,Tottenham,Pierre Højbjerg,DEN,MF,25,1995,35.5,3,0,0,28,38,0,18,46,42,,,0,2021,misc,Tottenham Hotspur
ENG-Premier League,2021/22,Tottenham,Rodrigo Bentancur,URU,MF,24,1997,15.1,5,0,0,22,13,0,9,21,19,,,0,2021,misc,Tottenham Hotspur
ENG-Premier League,2021/22,Tottenham,Ryan Sessegnon,ENG,MF,21,2000,11.6,2,0,0,19,7,5,38,7,21,,,0,2021,misc,Tottenham Hotspur
ENG-Premier League,2021/22,Tottenham,Sergio Reguilón,ESP,"MF,DF",24,1996,21.3,4,0,0,21,24,1,85,28,25,,,0,2021,misc,Tottenham Hotspur
ENG-Premier League,2021/22,Tottenham,Son Heung-min,KOR,"MF,FW",29,1992,33.4,2,0,0,14,36,16,193,12,7,,,0,2021,misc,Tottenham Hotspur
ENG-Premier League,2021/22,Tottenham,Steven Bergwijn,NED,"MF,FW",23,1997,6.3,1,0,0,10,9,1,8,1,3,,,0,2021,misc,Tottenham Hotspur
ENG-Premier League,2021/22,Tottenham,Tanguy Ndombele,FRA,MF,24,1996,5.4,1,0,0,3,9,0,3,1,7,,,0,2021,misc,Tottenham Hotspur
ENG-Premier League,2021/22,Watford,Adam Masina,MAR,DF,27,1994,12.0,0,0,0,14,4,0,31,19,12,,,0,2021,misc,Watford
ENG-Premier League,2021/22,Watford,Ashley Fletcher,ENG,FW,25,1995,0.3,0,0,0,1,0,0,1,0,1,,,0,2021,misc,Watford
ENG-Premier League,2021/22,Watford,Ben Foster,ENG,GK,38,1983,26.0,0,0,0,1,3,0,0,0,0,,,0,2021,misc,Watford
ENG-Premier League,2021/22,Watford,Christian Kabasele,BEL,DF,30,1991,13.3,0,0,0,5,3,0,1,14,5,,,0,2021,misc,Watford
ENG-Premier League,2021/22,Watford,Craig Cathcart,NIR,DF,32,1989,26.6,3,0,0,12,4,0,4,25,15,,,0,2021,misc,Watford
ENG-Premier League,2021/22,Watford,Cucho,COL,"MF,FW",22,1999,12.7,3,0,0,12,12,1,54,7,5,,,1,2021,misc,Watford
ENG-Premier League,2021/22,Watford,Dan Gosling,ENG,MF,31,1990,1.8,0,0,0,2,5,0,1,1,1,,,0,2021,misc,Watford
ENG-Premier League,2021/22,Watford,Daniel Bachmann,AUT,GK,27,1994,12.0,0,0,0,1,1,0,0,1,0,,,0,2021,misc,Watford
ENG-Premier League,2021/22,Watford,Danny Rose,ENG,DF,31,1990,7.7,4,0,0,10,14,0,26,14,14,,,0,2021,misc,Watford
ENG-Premier League,2021/22,Watford,Edo Kayembe,COD,MF,23,1998,8.9,0,0,0,3,5,1,8,9,14,,,0,2021,misc,Watford
ENG-Premier League,2021/22,Watford,Emmanuel Dennis,NGA,"FW,MF",23,1997,28.7,9,1,1,58,40,12,40,15,34,,,0,2021,misc,Watford
ENG-Premier League,2021/22,Watford,Francisco Sierralta,CHI,DF,24,1997,4.7,0,0,0,4,3,0,0,6,3,,,1,2021,misc,Watford
ENG-Premier League,2021/22,Watford,Hassane Kamara,CIV,DF,27,1994,18.0,5,1,1,24,14,0,23,69,34,,,0,2021,misc,Watford
ENG-Premier League,2021/22,Watford,Imran Louza,MAR,MF,22,1999,15.7,6,0,0,24,14,0,54,42,22,,,0,2021,misc,Watford
ENG-Premier League,2021/22,Watford,Ismaila Sarr,SEN,"MF,FW",23,1998,20.7,2,0,0,17,47,12,60,9,7,,,0,2021,misc,Watford
ENG-Premier League,2021/22,Watford,Jeremy Ngakia,,DF,20,2000,10.0,0,0,0,10,6,0,25,16,19,,,0,2021,misc,Watford
ENG-Premier League,2021/22,Watford,Joshua King,NOR,"FW,MF",29,1992,25.0,5,0,0,42,21,8,13,8,14,,,0,2021,misc,Watford
ENG-Premier League,2021/22,Watford,João Pedro,BRA,"FW,MF",19,2001,18.3,1,0,0,15,30,6,24,12,15,,,0,2021,misc,Watford
ENG-Premier League,2021/22,Watford,Juraj Kucka,SVK,MF,34,1987,21.3,5,1,1,46,49,2,15,30,40,,,1,2021,misc,Watford
ENG-Premier League,2021/22,Watford,Ken Sema,SWE,"MF,FW",27,1993,9.5,1,0,0,15,7,0,31,6,6,,,0,2021,misc,Watford
ENG-Premier League,2021/22,Watford,Kiko Femenía,ESP,DF,30,1991,23.8,2,0,0,12,13,2,105,37,23,,,0,2021,misc,Watford
ENG-Premier League,2021/22,Watford,Moussa Sissoko,FRA,MF,31,1989,35.8,5,0,0,36,12,2,26,34,27,,,0,2021,misc,Watford
ENG-Premier League,2021/22,Watford,Nicolas Nkoulou,CMR,DF,31,1990,1.9,0,0,0,1,0,0,0,2,0,,,0,2021,misc,Watford
ENG-Premier League,2021/22,Watford,Oghenekaro Etebo,NGA,MF,25,1995,4.5,3,0,0,8,3,0,2,5,6,,,0,2021,misc,Watford
ENG-Premier League,2021/22,Watford,Ozan Tufan,TUR,MF,26,1995,3.7,0,0,0,9,0,1,7,2,2,,,0,2021,misc,Watford
ENG-Premier League,2021/22,Watford,Samir Santos,BRA,DF,26,1994,18.6,4,0,0,17,16,0,0,40,10,,,0,2021,misc,Watford
ENG-Premier League,2021/22,Watford,Samuel Kalu,NGA,FW,23,1997,2.5,0,0,0,0,4,3,8,3,2,,,0,2021,misc,Watford
ENG-Premier League,2021/22,Watford,Tom Cleverley,ENG,MF,31,1989,18.0,2,0,0,28,19,2,53,18,22,,,0,2021,misc,Watford
ENG-Premier League,2021/22,Watford,Troy Deeney,ENG,FW,33,1988,0.3,0,0,0,0,0,0,0,0,0,,,0,2021,misc,Watford
ENG-Premier League,2021/22,Watford,William Troost-Ekong,NGA,DF,27,1993,15.4,3,0,0,13,2,1,0,9,8,,,0,2021,misc,Watford
ENG-Premier League,2021/22,West Ham,Aaron Cresswell,ENG,DF,31,1989,30.3,3,0,0,14,10,2,144,32,19,,,0,2021,misc,West Ham United
ENG-Premier League,2021/22,West Ham,Alex Král,CZE,MF,23,1998,0.0,0,0,0,0,0,0,0,0,0,,,0,2021,misc,West Ham United
ENG-Premier League,2021/22,West Ham,Alphonse Areola,FRA,GK,28,1993,1.0,0,0,0,0,0,0,0,0,0,,,0,2021,misc,West Ham United
ENG-Premier League,2021/22,West Ham,Andriy Yarmolenko,UKR,MF,31,1989,3.5,1,0,0,1,4,3,8,0,2,,,0,2021,misc,West Ham United
ENG-Premier League,2021/22,West Ham,Angelo Ogbonna,ITA,DF,33,1988,10.2,1,0,0,5,3,0,0,9,4,,,0,2021,misc,West Ham United
ENG-Premier League,2021/22,West Ham,Arthur Masuaku,COD,"MF,DF",27,1993,7.2,1,0,0,8,4,0,23,11,24,,,0,2021,misc,West Ham United
ENG-Premier League,2021/22,West Ham,Ben Johnson,ENG,"DF,MF",21,2000,15.5,1,0,0,10,4,0,55,21,15,,,0,2021,misc,West Ham United
ENG-Premier League,2021/22,West Ham,Craig Dawson,ENG,DF,31,1990,30.6,5,1,0,39,12,1,1,30,16,,,0,2021,misc,West Ham United
ENG-Premier League,2021/22,West Ham,Daniel Chesters,ENG,MF,19,2002,0.0,0,0,0,0,0,0,0,0,0,,,0,2021,misc,West Ham United
ENG-Premier League,2021/22,West Ham,Declan Rice,ENG,MF,22,1999,35.3,8,0,0,28,10,0,30,60,41,,,0,2021,misc,West Ham United
ENG-Premier League,2021/22,West Ham,Harrison Ashby,SCO,"DF,MF",19,2001,0.1,0,0,0,0,0,0,0,1,0,,,0,2021,misc,West Ham United
ENG-Premier League,2021/22,West Ham,Issa Diop,MAR,DF,24,1997,10.7,0,0,0,5,5,1,0,6,8,,,0,2021,misc,West Ham United
ENG-Premier League,2021/22,West Ham,Jarrod Bowen,ENG,MF,24,1996,33.1,6,0,0,25,43,13,141,20,20,,,0,2021,misc,West Ham United
ENG-Premier League,2021/22,West Ham,Kurt Zouma,FRA,DF,26,1994,23.1,1,0,0,11,6,0,1,30,6,,,1,2021,misc,West Ham United
ENG-Premier League,2021/22,West Ham,Manuel Lanzini,ARG,MF,28,1993,19.8,2,0,0,11,18,1,28,20,15,,,0,2021,misc,West Ham United
ENG-Premier League,2021/22,West Ham,Mark Noble,ENG,MF,34,1987,3.7,0,0,0,3,4,0,2,4,2,,,0,2021,misc,West Ham United
ENG-Premier League,2021/22,West Ham,Michail Antonio,JAM,FW,31,1990,33.0,8,1,1,52,52,13,64,4,17,,,0,2021,misc,West Ham United
ENG-Premier League,2021/22,West Ham,Nikola Vlašić,CRO,MF,23,1997,6.2,0,0,0,8,16,3,15,2,5,,,0,2021,misc,West Ham United
ENG-Premier League,2021/22,West Ham,Pablo Fornals,ESP,MF,25,1996,31.1,4,0,0,24,28,6,86,23,26,,,0,2021,misc,West Ham United
ENG-Premier League,2021/22,West Ham,Ryan Fredericks,ENG,DF,28,1992,3.4,1,0,0,3,1,0,9,4,2,,,0,2021,misc,West Ham United
ENG-Premier League,2021/22,West Ham,Saïd Benrahma,ALG,MF,25,1995,24.1,0,0,0,10,15,9,75,8,17,,,0,2021,misc,West Ham United
ENG-Premier League,2021/22,West Ham,Sonny Perkins,ENG,"FW,MF",17,2004,0.0,0,0,0,0,0,0,0,0,0,,,0,2021,misc,West Ham United
ENG-Premier League,2021/22,West Ham,Tomáš Souček,CZE,MF,26,1995,34.0,3,0,0,38,18,4,14,51,31,,,0,2021,misc,West Ham United
ENG-Premier League,2021/22,West Ham,Vladimír Coufal,CZE,DF,28,1992,24.5,5,1,1,29,15,2,107,21,25,,,1,2021,misc,West Ham United
ENG-Premier League,2021/22,West Ham,Łukasz Fabiański,POL,GK,36,1985,37.0,2,0,0,1,5,0,0,1,0,,,0,2021,misc,West Ham United
ENG-Premier League,2021/22,Wolves,Adama Traoré,ESP,"FW,MF",25,1996,11.9,0,0,0,10,26,9,39,2,5,,,0,2021,misc,Wolverhampton Wanderers
ENG-Premier League,2021/22,Wolves,Chem Campbell,WAL,"FW,MF",18,2002,0.1,0,0,0,0,0,0,0,0,1,,,0,2021,misc,Wolverhampton Wanderers
ENG-Premier League,2021/22,Wolves,Chiquinho,POR,MF,21,2000,2.3,0,0,0,9,7,0,25,1,6,,,0,2021,misc,Wolverhampton Wanderers
ENG-Premier League,2021/22,Wolves,Conor Coady,ENG,DF,28,1993,37.3,4,0,0,20,2,2,2,29,14,,,0,2021,misc,Wolverhampton Wanderers
ENG-Premier League,2021/22,Wolves,Daniel Podence,POR,"FW,MF",25,1995,16.5,2,0,0,8,25,3,50,9,10,,,0,2021,misc,Wolverhampton Wanderers
ENG-Premier League,2021/22,Wolves,Fernando Marçal,BRA,MF,32,1989,16.1,3,0,0,28,9,1,61,27,22,,,0,2021,misc,Wolverhampton Wanderers
ENG-Premier League,2021/22,Wolves,Francisco Trincão,POR,"FW,MF",21,1999,14.8,0,0,0,13,22,1,33,10,14,,,0,2021,misc,Wolverhampton Wanderers
ENG-Premier League,2021/22,Wolves,Fábio Silva,POR,FW,19,2002,6.4,0,0,0,13,8,4,2,1,2,,,0,2021,misc,Wolverhampton Wanderers
ENG-Premier League,2021/22,Wolves,Hwang Hee-chan,KOR,"FW,MF",25,1996,20.2,2,0,0,29,41,3,7,13,12,,,0,2021,misc,Wolverhampton Wanderers
ENG-Premier League,2021/22,Wolves,John Ruddy,ENG,GK,34,1986,1.5,0,0,0,0,0,0,0,0,0,,,0,2021,misc,Wolverhampton Wanderers
ENG-Premier League,2021/22,Wolves,Jonny Castro,ESP,"MF,DF",27,1994,11.4,1,0,0,10,16,0,14,11,14,,,0,2021,misc,Wolverhampton Wanderers
ENG-Premier League,2021/22,Wolves,José Sá,POR,GK,28,1993,36.5,3,0,0,3,11,0,0,2,1,,,1,2021,misc,Wolverhampton Wanderers
ENG-Premier League,2021/22,Wolves,João Moutinho,POR,MF,34,1986,33.0,4,0,0,37,15,0,109,28,40,,,0,2021,misc,Wolverhampton Wanderers
ENG-Premier League,2021/22,Wolves,Ki-Jana Hoever,NED,MF,19,2002,3.4,1,0,0,5,4,1,8,5,8,,,0,2021,misc,Wolverhampton Wanderers
ENG-Premier League,2021/22,Wolves,Leander Dendoncker,BEL,MF,26,1995,21.7,4,0,0,13,6,0,6,10,17,,,0,2021,misc,Wolverhampton Wanderers
ENG-Premier League,2021/22,Wolves,Luke Cundle,ENG,MF,19,2002,2.0,0,0,0,3,1,0,2,1,3,,,0,2021,misc,Wolverhampton Wanderers
ENG-Premier League,2021/22,Wolves,Max Kilman,ENG,DF,24,1997,29.9,3,0,0,17,10,0,2,43,26,,,0,2021,misc,Wolverhampton Wanderers
ENG-Premier League,2021/22,Wolves,Morgan Gibbs-White,ENG,"FW,MF",21,2000,0.1,1,0,0,2,0,0,1,0,0,,,0,2021,misc,Wolverhampton Wanderers
ENG-Premier League,2021/22,Wolves,Nélson Semedo,POR,MF,27,1993,23.7,1,0,0,22,23,4,32,20,40,,,0,2021,misc,Wolverhampton Wanderers
ENG-Premier League,2021/22,Wolves,Pedro Neto,POR,"FW,MF",21,2000,5.2,3,0,0,2,6,1,37,5,5,,,0,2021,misc,Wolverhampton Wanderers
ENG-Premier League,2021/22,Wolves,Rayan Aït-Nouri,ALG,MF,20,2001,20.3,4,0,0,14,20,3,96,19,37,,,0,2021,misc,Wolverhampton Wanderers
ENG-Premier League,2021/22,Wolves,Raúl Jiménez,MEX,FW,30,1991,29.2,9,2,2,43,48,23,10,10,14,,,0,2021,misc,Wolverhampton Wanderers
ENG-Premier League,2021/22,Wolves,Romain Saïss,MAR,DF,31,1990,30.1,6,0,0,30,15,3,9,56,29,,,0,2021,misc,Wolverhampton Wanderers
ENG-Premier League,2021/22,Wolves,Rúben Neves,POR,MF,24,1997,29.6,9,0,0,25,12,1,44,37,37,,,0,2021,misc,Wolverhampton Wanderers
ENG-Premier League,2021/22,Wolves,Toti Gomes,POR,DF,22,1999,4.0,1,0,0,2,3,1,1,7,7,,,0,2021,misc,Wolverhampton Wanderers
ENG-Premier League,2021/22,Wolves,Willy Boly,CIV,DF,30,1991,10.0,1,0,0,7,2,1,0,15,18,,,0,2021,misc,Wolverhampton Wanderers
ENG-Premier League,2022/23,Arsenal,Aaron Ramsdale,ENG,GK,24,1998,38.0,1,0,0,0,4,0,0,0,1,,,0,2022,misc,Arsenal
ENG-Premier League,2022/23,Arsenal,Albert Sambi Lokonga,BEL,MF,22,1999,2.2,0,0,0,1,5,0,0,4,1,,,0,2022,misc,Arsenal
ENG-Premier League,2022/23,Arsenal,Ben White,ENG,DF,24,1997,33.9,5,0,0,28,30,1,57,21,33,,,0,2022,misc,Arsenal
ENG-Premier League,2022/23,Arsenal,Bukayo Saka,ENG,"FW,MF",20,2001,35.3,6,0,0,43,65,9,175,11,33,,,0,2022,misc,Arsenal
ENG-Premier League,2022/23,Arsenal,Cédric Soares,POR,"DF,MF",30,1991,0.3,0,0,0,1,0,0,2,0,0,,,0,2022,misc,Arsenal
ENG-Premier League,2022/23,Arsenal,Eddie Nketiah,ENG,FW,23,1999,12.1,3,0,0,30,25,8,5,1,9,,,0,2022,misc,Arsenal
ENG-Premier League,2022/23,Arsenal,Emile Smith Rowe,ENG,MF,22,2000,1.9,0,0,0,1,0,1,5,0,1,,,0,2022,misc,Arsenal
ENG-Premier League,2022/23,Arsenal,Ethan Nwaneri,ENG,MF,15,2007,0.0,0,0,0,0,0,0,0,0,0,,,0,2022,misc,Arsenal
ENG-Premier League,2022/23,Arsenal,Fabio Vieira,POR,MF,22,2000,5.7,0,0,0,3,5,0,21,4,4,,,0,2022,misc,Arsenal
ENG-Premier League,2022/23,Arsenal,Gabriel Jesus,BRA,FW,25,1997,22.9,6,0,0,43,56,16,11,11,24,,,0,2022,misc,Arsenal
ENG-Premier League,2022/23,Arsenal,Gabriel Magalhães,BRA,DF,24,1997,37.9,5,0,0,26,41,1,5,32,28,,,0,2022,misc,Arsenal
ENG-Premier League,2022/23,Arsenal,Gabriel Martinelli,BRA,"FW,MF",21,2001,31.0,3,0,0,39,37,8,113,9,22,,,0,2022,misc,Arsenal
ENG-Premier League,2022/23,Arsenal,Granit Xhaka,SUI,MF,29,1992,33.3,4,0,0,25,39,5,39,15,26,,,0,2022,misc,Arsenal
ENG-Premier League,2022/23,Arsenal,Jakub Kiwior,POL,DF,22,2000,4.7,0,0,0,1,1,0,1,6,6,,,0,2022,misc,Arsenal
ENG-Premier League,2022/23,Arsenal,Jorginho,ITA,MF,30,1991,9.5,0,0,0,6,18,0,2,7,12,,,0,2022,misc,Arsenal
ENG-Premier League,2022/23,Arsenal,Kieran Tierney,SCO,DF,25,1997,8.8,0,0,0,5,9,1,25,10,10,,,0,2022,misc,Arsenal
ENG-Premier League,2022/23,Arsenal,Leandro Trossard,BEL,FW,27,1994,10.3,0,0,0,9,17,4,56,5,6,,,0,2022,misc,Arsenal
ENG-Premier League,2022/23,Arsenal,Marquinhos,BRA,MF,19,2003,0.0,0,0,0,0,0,0,0,0,0,,,0,2022,misc,Arsenal
ENG-Premier League,2022/23,Arsenal,Martin Ødegaard,NOR,MF,23,1998,34.7,4,0,0,30,26,1,93,5,24,,,0,2022,misc,Arsenal
ENG-Premier League,2022/23,Arsenal,Mohamed Elneny,EGY,MF,30,1992,1.3,0,0,0,1,1,0,0,0,1,,,0,2022,misc,Arsenal
ENG-Premier League,2022/23,Arsenal,Oleksandr Zinchenko,UKR,DF,25,1996,23.5,3,0,0,6,11,1,38,22,18,,,0,2022,misc,Arsenal
ENG-Premier League,2022/23,Arsenal,Reiss Nelson,ENG,"FW,MF",22,1999,2.4,0,0,0,8,4,0,12,0,1,,,0,2022,misc,Arsenal
ENG-Premier League,2022/23,Arsenal,Rob Holding,ENG,DF,26,1995,6.3,0,0,0,5,2,0,0,3,5,,,0,2022,misc,Arsenal
ENG-Premier League,2022/23,Arsenal,Takehiro Tomiyasu,JPN,DF,23,1998,7.4,2,0,0,6,3,0,12,12,19,,,0,2022,misc,Arsenal
ENG-Premier League,2022/23,Arsenal,Thomas Partey,GHA,MF,29,1993,27.6,5,0,0,37,23,0,9,26,40,,,0,2022,misc,Arsenal
ENG-Premier League,2022/23,Arsenal,William Saliba,FRA,DF,21,2001,26.8,4,0,0,19,13,0,1,18,19,,,1,2022,misc,Arsenal
ENG-Premier League,2022/23,Aston Villa,Ashley Young,ENG,DF,37,1985,22.6,7,0,0,24,28,1,42,22,27,,,0,2022,misc,Aston Villa
ENG-Premier League,2022/23,Aston Villa,Bertrand Traoré,BFA,MF,26,1995,2.6,1,0,0,2,8,3,5,2,1,,,0,2022,misc,Aston Villa
ENG-Premier League,2022/23,Aston Villa,Boubacar Kamara,FRA,MF,22,1999,19.7,4,0,0,34,31,0,2,19,27,,,0,2022,misc,Aston Villa
ENG-Premier League,2022/23,Aston Villa,Calum Chambers,ENG,DF,27,1995,3.9,2,0,0,7,3,0,3,7,7,,,0,2022,misc,Aston Villa
ENG-Premier League,2022/23,Aston Villa,Cameron Archer,ENG,"FW,MF",21,2001,0.5,0,0,0,2,1,1,1,0,0,,,0,2022,misc,Aston Villa
ENG-Premier League,2022/23,Aston Villa,Danny Ings,ENG,FW,30,1992,9.2,3,0,0,8,5,9,4,1,5,,,0,2022,misc,Aston Villa
ENG-Premier League,2022/23,Aston Villa,Diego Carlos,BRA,DF,29,1993,2.3,0,0,0,2,0,0,1,1,0,,,0,2022,misc,Aston Villa
ENG-Premier League,2022/23,Aston Villa,Douglas Luiz,BRA,MF,24,1998,32.5,6,1,0,48,42,2,107,42,40,,,0,2022,misc,Aston Villa
ENG-Premier League,2022/23,Aston Villa,Emi Buendía,ARG,"MF,FW",25,1996,26.8,0,0,0,43,44,2,17,19,24,,,0,2022,misc,Aston Villa
ENG-Premier League,2022/23,Aston Villa,Emiliano Martínez,ARG,GK,29,1992,34.9,7,0,0,1,6,0,0,1,0,,,1,2022,misc,Aston Villa
ENG-Premier League,2022/23,Aston Villa,Ezri Konsa,ENG,DF,24,1997,36.9,6,0,0,12,64,0,4,27,20,,,0,2022,misc,Aston Villa
ENG-Premier League,2022/23,Aston Villa,Jacob Ramsey,ENG,MF,21,2001,29.3,5,0,0,35,45,2,18,22,40,,,1,2022,misc,Aston Villa
ENG-Premier League,2022/23,Aston Villa,Jan Bednarek,POL,DF,26,1996,1.1,0,0,0,1,1,0,0,2,3,,,0,2022,misc,Aston Villa
ENG-Premier League,2022/23,Aston Villa,John McGinn,SCO,MF,27,1994,29.9,7,0,0,41,64,0,51,23,36,,,0,2022,misc,Aston Villa
ENG-Premier League,2022/23,Aston Villa,Jáder Durán,COL,FW,18,2003,1.5,1,0,0,9,3,3,2,1,1,,,0,2022,misc,Aston Villa
ENG-Premier League,2022/23,Aston Villa,Leander Dendoncker,BEL,MF,27,1995,7.7,0,0,0,1,2,0,2,8,10,,,0,2022,misc,Aston Villa
ENG-Premier League,2022/23,Aston Villa,Leon Bailey,JAM,"FW,MF",24,1997,21.9,4,0,0,29,22,8,98,3,6,,,0,2022,misc,Aston Villa
ENG-Premier League,2022/23,Aston Villa,Lucas Digne,FRA,DF,29,1993,16.7,5,0,0,19,22,2,77,18,13,,,1,2022,misc,Aston Villa
ENG-Premier League,2022/23,Aston Villa,Ludwig Augustinsson,SWE,DF,28,1994,0.9,1,0,0,1,3,0,5,0,0,,,0,2022,misc,Aston Villa
ENG-Premier League,2022/23,Aston Villa,Matty Cash,POL,DF,24,1997,20.2,4,0,0,21,16,2,47,26,33,,,0,2022,misc,Aston Villa
ENG-Premier League,2022/23,Aston Villa,Morgan Sanson,FRA,MF,27,1994,0.1,0,0,0,0,2,0,0,0,1,,,0,2022,misc,Aston Villa
ENG-Premier League,2022/23,Aston Villa,Ollie Watkins,ENG,FW,26,1995,34.7,4,0,0,26,39,18,9,10,11,,,0,2022,misc,Aston Villa
ENG-Premier League,2022/23,Aston Villa,Philippe Coutinho,BRA,"FW,MF",30,1992,8.8,3,0,0,16,14,2,19,4,14,,,0,2022,misc,Aston Villa
ENG-Premier League,2022/23,Aston Villa,Robin Olsen,SWE,GK,32,1990,3.1,0,0,0,0,0,0,0,0,0,,,0,2022,misc,Aston Villa
ENG-Premier League,2022/23,Aston Villa,Tyrone Mings,ENG,DF,29,1993,35.0,7,0,0,18,22,3,3,52,7,,,1,2022,misc,Aston Villa
ENG-Premier League,2022/23,Aston Villa,Álex Moreno,ESP,DF,29,1993,14.8,3,0,0,17,11,0,48,7,15,,,0,2022,misc,Aston Villa
ENG-Premier League,2022/23,Bournemouth,Adam Smith,ENG,DF,31,1991,32.7,11,0,0,29,27,0,49,26,28,,,0,2022,misc,AFC Bournemouth
ENG-Premier League,2022/23,Bournemouth,Antoine Semenyo,GHA,"MF,FW",22,2000,2.9,0,0,0,6,5,1,1,2,0,,,0,2022,misc,AFC Bournemouth
ENG-Premier League,2022/23,Bournemouth,Ben Pearson,ENG,MF,27,1995,3.2,1,0,0,9,2,0,0,2,4,,,0,2022,misc,AFC Bournemouth
ENG-Premier League,2022/23,Bournemouth,Chris Mepham,WAL,DF,24,1997,24.4,7,0,0,16,7,0,0,29,23,,,2,2022,misc,AFC Bournemouth
ENG-Premier League,2022/23,Bournemouth,Dango Ouattara,BFA,MF,20,2002,13.8,1,0,0,5,15,8,30,10,15,,,0,2022,misc,AFC Bournemouth
ENG-Premier League,2022/23,Bournemouth,David Brooks,WAL,MF,25,1997,1.9,1,0,0,3,1,0,6,2,0,,,0,2022,misc,AFC Bournemouth
ENG-Premier League,2022/23,Bournemouth,Dominic Solanke,ENG,FW,24,1997,31.8,2,0,0,41,53,11,13,6,9,,,0,2022,misc,AFC Bournemouth
ENG-Premier League,2022/23,Bournemouth,Emiliano Marcondes,DEN,"FW,MF",27,1995,0.1,0,0,0,0,1,0,0,0,0,,,0,2022,misc,AFC Bournemouth
ENG-Premier League,2022/23,Bournemouth,Hamed Junior Traorè,CIV,MF,22,2000,4.7,0,0,0,4,4,1,41,3,12,,,0,2022,misc,AFC Bournemouth
ENG-Premier League,2022/23,Bournemouth,Illia Zabarnyi,UKR,DF,19,2002,3.3,0,0,0,1,2,0,0,3,2,,,0,2022,misc,AFC Bournemouth
ENG-Premier League,2022/23,Bournemouth,Jack Stacey,ENG,"DF,MF",26,1996,3.3,2,0,0,4,0,1,10,5,4,,,0,2022,misc,AFC Bournemouth
ENG-Premier League,2022/23,Bournemouth,Jack Stephens,ENG,DF,28,1994,13.0,3,0,0,8,2,0,2,16,11,,,0,2022,misc,AFC Bournemouth
ENG-Premier League,2022/23,Bournemouth,Jaidon Anthony,ENG,MF,22,1999,14.0,2,0,0,9,12,5,45,10,17,,,0,2022,misc,AFC Bournemouth
ENG-Premier League,2022/23,Bournemouth,Jamal Lowe,JAM,"FW,MF",28,1994,0.1,0,0,0,0,0,0,0,0,0,,,0,2022,misc,AFC Bournemouth
ENG-Premier League,2022/23,Bournemouth,Jefferson Lerma,COL,MF,27,1994,36.1,7,0,0,37,33,2,12,45,30,,,1,2022,misc,AFC Bournemouth
ENG-Premier League,2022/23,Bournemouth,Joe Rothwell,ENG,MF,27,1995,11.3,1,0,0,17,3,0,27,8,15,,,0,2022,misc,AFC Bournemouth
ENG-Premier League,2022/23,Bournemouth,Jordan Zemura,ZIM,"DF,MF",22,1999,16.2,1,0,0,17,14,0,18,15,23,,,0,2022,misc,AFC Bournemouth
ENG-Premier League,2022/23,Bournemouth,Junior Stanislas,ENG,MF,32,1989,0.7,0,0,0,0,0,0,1,0,0,,,0,2022,misc,AFC Bournemouth
ENG-Premier League,2022/23,Bournemouth,Kieffer Moore,WAL,FW,29,1992,14.2,1,0,0,26,30,1,7,1,12,,,0,2022,misc,AFC Bournemouth
ENG-Premier League,2022/23,Bournemouth,Lewis Cook,ENG,MF,25,1997,19.1,4,0,0,15,10,0,45,22,23,,,0,2022,misc,AFC Bournemouth
ENG-Premier League,2022/23,Bournemouth,Lloyd Kelly,ENG,DF,23,1998,22.7,3,0,0,17,5,0,14,25,19,,,0,2022,misc,AFC Bournemouth
ENG-Premier League,2022/23,Bournemouth,Marcos Senesi,ARG,DF,25,1997,27.7,7,0,0,29,14,0,8,42,33,,,0,2022,misc,AFC Bournemouth
ENG-Premier League,2022/23,Bournemouth,Marcus Tavernier,ENG,MF,23,1999,19.4,1,0,0,21,28,4,93,8,22,,,0,2022,misc,AFC Bournemouth
ENG-Premier League,2022/23,Bournemouth,Mark Travers,IRL,GK,23,1999,11.5,0,0,0,0,0,0,0,0,0,,,0,2022,misc,AFC Bournemouth
ENG-Premier League,2022/23,Bournemouth,Matías Viña,URU,"DF,MF",24,1997,5.1,1,0,0,7,11,0,4,4,11,,,0,2022,misc,AFC Bournemouth
ENG-Premier League,2022/23,Bournemouth,Neto,BRA,GK,33,1989,26.5,4,0,0,0,4,0,0,0,1,,,0,2022,misc,AFC Bournemouth
ENG-Premier League,2022/23,Bournemouth,Owen Bevan,WAL,DF,18,2003,0.1,0,0,0,0,0,0,0,0,0,,,0,2022,misc,AFC Bournemouth
ENG-Premier League,2022/23,Bournemouth,Philip Billing,DEN,"MF,FW",26,1996,30.7,5,0,0,30,34,3,38,32,40,,,0,2022,misc,AFC Bournemouth
ENG-Premier League,2022/23,Bournemouth,Ryan Christie,SCO,MF,27,1995,20.4,2,0,0,35,45,1,32,26,22,,,0,2022,misc,AFC Bournemouth
ENG-Premier League,2022/23,Bournemouth,Ryan Fredericks,ENG,DF,29,1992,5.9,1,0,0,3,1,0,15,1,3,,,0,2022,misc,AFC Bournemouth
ENG-Premier League,2022/23,Bournemouth,Siriki Dembélé,CIV,"FW,MF",25,1996,1.2,0,0,0,1,2,0,3,1,1,,,0,2022,misc,AFC Bournemouth
ENG-Premier League,2022/23,Brentford,Aaron Hickey,SCO,DF,20,2002,21.3,7,0,0,20,35,1,27,17,25,,,0,2022,misc,Brentford
ENG-Premier League,2022/23,Brentford,Ben Mee,ENG,DF,32,1989,36.3,2,0,0,14,15,1,7,48,25,,,0,2022,misc,Brentford
ENG-Premier League,2022/23,Brentford,Bryan Mbeumo,CMR,FW,22,1999,32.3,5,0,0,26,23,6,156,11,17,,,0,2022,misc,Brentford
ENG-Premier League,2022/23,Brentford,Christian Nørgaard,DEN,MF,28,1994,19.6,6,0,0,35,20,0,11,33,30,,,0,2022,misc,Brentford
ENG-Premier League,2022/23,Brentford,David Raya,ESP,GK,26,1995,38.0,1,0,0,0,5,0,0,1,0,,,1,2022,misc,Brentford
ENG-Premier League,2022/23,Brentford,Ethan Pinnock,JAM,DF,29,1993,30.0,0,0,0,6,10,0,10,31,29,,,1,2022,misc,Brentford
ENG-Premier League,2022/23,Brentford,Frank Onyeka,NGA,MF,24,1998,9.4,0,0,0,15,26,2,2,9,12,,,0,2022,misc,Brentford
ENG-Premier League,2022/23,Brentford,Halil Dervişoğlu,TUR,FW,22,1999,0.1,0,0,0,0,0,0,0,0,0,,,0,2022,misc,Brentford
ENG-Premier League,2022/23,Brentford,Ivan Toney,ENG,FW,26,1996,32.8,9,0,0,54,74,27,34,15,11,,,0,2022,misc,Brentford
ENG-Premier League,2022/23,Brentford,Josh Dasilva,ENG,MF,23,1998,15.4,1,0,0,14,22,0,33,5,8,,,0,2022,misc,Brentford
ENG-Premier League,2022/23,Brentford,Keane Lewis-Potter,ENG,FW,21,2001,3.6,0,0,0,1,4,1,8,1,0,,,0,2022,misc,Brentford
ENG-Premier League,2022/23,Brentford,Kevin Schade,GER,FW,20,2001,8.1,2,0,0,13,8,6,15,4,9,,,0,2022,misc,Brentford
ENG-Premier League,2022/23,Brentford,Kristoffer Ajer,NOR,DF,24,1998,8.5,0,0,0,5,8,0,6,6,8,,,0,2022,misc,Brentford
ENG-Premier League,2022/23,Brentford,Mads Bech Sørensen,DEN,DF,23,1999,0.2,0,0,0,0,0,0,0,0,0,,,0,2022,misc,Brentford
ENG-Premier League,2022/23,Brentford,Mads Roerslev,DEN,"MF,DF",23,1999,12.3,0,0,0,4,3,0,20,8,12,,,0,2022,misc,Brentford
ENG-Premier League,2022/23,Brentford,Mathias Jensen,DEN,MF,26,1996,31.1,5,0,0,32,26,1,158,31,35,,,0,2022,misc,Brentford
ENG-Premier League,2022/23,Brentford,Mathias Jørgensen,DEN,DF,32,1990,12.3,2,0,0,9,4,2,3,16,7,,,1,2022,misc,Brentford
ENG-Premier League,2022/23,Brentford,Mikkel Damsgaard,DEN,"MF,FW",22,2000,11.0,4,0,0,13,11,0,29,9,20,,,0,2022,misc,Brentford
ENG-Premier League,2022/23,Brentford,Pontus Jansson,SWE,DF,31,1991,8.0,0,0,0,2,1,1,0,9,3,,,0,2022,misc,Brentford
ENG-Premier League,2022/23,Brentford,Rico Henry,JAM,"DF,MF",25,1997,36.0,4,0,0,32,36,2,89,31,30,,,0,2022,misc,Brentford
ENG-Premier League,2022/23,Brentford,Saman Ghoddos,IRN,"FW,MF",28,1993,1.5,0,0,0,3,3,0,7,3,1,,,0,2022,misc,Brentford
ENG-Premier League,2022/23,Brentford,Sergi Canós,ESP,"FW,MF",25,1997,0.9,0,0,0,3,3,0,3,0,0,,,0,2022,misc,Brentford
ENG-Premier League,2022/23,Brentford,Shandon Baptiste,GRN,MF,24,1998,6.9,3,1,1,10,13,1,11,6,9,,,0,2022,misc,Brentford
ENG-Premier League,2022/23,Brentford,Vitaly Janelt,GER,MF,24,1998,24.5,3,0,0,22,21,2,22,28,26,,,0,2022,misc,Brentford
ENG-Premier League,2022/23,Brentford,Yoane Wissa,COD,FW,25,1996,17.8,3,0,0,21,27,19,13,6,13,,,0,2022,misc,Brentford
ENG-Premier League,2022/23,Brighton,Adam Lallana,ENG,MF,34,1988,8.0,0,0,0,2,7,0,3,2,6,,,0,2022,misc,Brighton & Hove Albion
ENG-Premier League,2022/23,Brighton,Adam Webster,ENG,DF,27,1995,22.1,2,0,0,10,6,1,3,19,11,,,1,2022,misc,Brighton & Hove Albion
ENG-Premier League,2022/23,Brighton,Alexis Mac Allister,ARG,MF,23,1998,32.1,8,0,0,34,57,0,28,20,38,,,1,2022,misc,Brighton & Hove Albion
ENG-Premier League,2022/23,Brighton,Andrew Moran,IRL,MF,18,2003,0.1,0,0,0,0,0,0,0,0,0,,,0,2022,misc,Brighton & Hove Albion
ENG-Premier League,2022/23,Brighton,Billy Gilmour,SCO,MF,21,2001,5.6,1,0,0,7,3,0,2,5,2,,,0,2022,misc,Brighton & Hove Albion
ENG-Premier League,2022/23,Brighton,Cameron Peupion,AUS,MF,19,2002,0.1,0,0,0,0,0,0,0,0,0,,,0,2022,misc,Brighton & Hove Albion
ENG-Premier League,2022/23,Brighton,Danny Welbeck,ENG,FW,31,1990,20.6,0,0,0,27,18,5,0,5,7,,,0,2022,misc,Brighton & Hove Albion
ENG-Premier League,2022/23,Brighton,Deniz Undav,GER,"MF,FW",26,1996,7.0,2,0,0,16,4,7,1,1,4,,,1,2022,misc,Brighton & Hove Albion
ENG-Premier League,2022/23,Brighton,Enock Mwepu,ZAM,"MF,FW",24,1998,2.4,0,0,0,2,1,2,3,2,5,,,0,2022,misc,Brighton & Hove Albion
ENG-Premier League,2022/23,Brighton,Evan Ferguson,IRL,FW,17,2004,10.6,1,0,0,9,11,5,3,2,3,,,0,2022,misc,Brighton & Hove Albion
ENG-Premier League,2022/23,Brighton,Facundo Buonanotte,ARG,MF,17,2004,6.3,2,0,0,9,7,3,7,4,1,,,0,2022,misc,Brighton & Hove Albion
ENG-Premier League,2022/23,Brighton,Jack Hinshelwood,ENG,"DF,MF",17,2005,0.0,0,0,0,0,0,0,0,0,0,,,0,2022,misc,Brighton & Hove Albion
ENG-Premier League,2022/23,Brighton,Jan Paul van Hecke,NED,DF,22,2000,3.3,2,0,0,7,4,0,0,6,6,,,0,2022,misc,Brighton & Hove Albion
ENG-Premier League,2022/23,Brighton,Jason Steele,ENG,GK,31,1990,15.0,1,0,0,1,1,0,0,0,0,,,1,2022,misc,Brighton & Hove Albion
ENG-Premier League,2022/23,Brighton,Jeremy Sarmiento,ECU,MF,20,2002,2.0,1,0,0,4,4,0,3,1,3,,,0,2022,misc,Brighton & Hove Albion
ENG-Premier League,2022/23,Brighton,Joël Veltman,NED,DF,30,1992,24.3,6,0,0,27,38,0,23,17,34,,,0,2022,misc,Brighton & Hove Albion
ENG-Premier League,2022/23,Brighton,Julio Enciso,PAR,"MF,FW",18,2004,9.0,1,0,0,13,15,3,12,3,4,,,0,2022,misc,Brighton & Hove Albion
ENG-Premier League,2022/23,Brighton,Kaoru Mitoma,JPN,MF,25,1997,25.8,0,0,0,29,27,6,41,17,26,,,0,2022,misc,Brighton & Hove Albion
ENG-Premier League,2022/23,Brighton,Leandro Trossard,BEL,"MF,FW",27,1994,14.6,1,0,0,10,13,4,35,5,4,,,0,2022,misc,Brighton & Hove Albion
ENG-Premier League,2022/23,Brighton,Levi Colwill,ENG,DF,19,2003,13.6,1,0,0,8,10,0,0,14,7,,,0,2022,misc,Brighton & Hove Albion
ENG-Premier League,2022/23,Brighton,Lewis Dunk,ENG,DF,30,1991,36.0,4,0,0,18,27,1,2,30,18,,,1,2022,misc,Brighton & Hove Albion
ENG-Premier League,2022/23,Brighton,Moisés Caicedo,ECU,MF,20,2001,34.9,10,0,0,65,54,0,18,50,50,,,0,2022,misc,Brighton & Hove Albion
ENG-Premier League,2022/23,Brighton,Odeluga Offiah,ENG,DF,19,2002,0.3,0,0,0,0,0,0,0,0,1,,,0,2022,misc,Brighton & Hove Albion
ENG-Premier League,2022/23,Brighton,Pascal Groß,GER,"MF,DF",31,1991,36.0,6,0,0,35,18,10,223,13,36,,,1,2022,misc,Brighton & Hove Albion
ENG-Premier League,2022/23,Brighton,Pervis Estupiñán,ECU,"DF,MF",24,1998,29.7,4,0,0,42,26,11,102,33,33,,,0,2022,misc,Brighton & Hove Albion
ENG-Premier League,2022/23,Brighton,Robert Sánchez,ESP,GK,24,1997,23.0,2,0,0,1,0,0,0,3,0,,,0,2022,misc,Brighton & Hove Albion
ENG-Premier League,2022/23,Brighton,Solly March,ENG,MF,28,1994,30.2,2,0,0,44,39,12,153,20,31,,,0,2022,misc,Brighton & Hove Albion
ENG-Premier League,2022/23,Brighton,Tariq Lamptey,GHA,"DF,MF",21,2000,5.0,1,0,0,6,14,0,31,7,5,,,0,2022,misc,Brighton & Hove Albion
ENG-Premier League,2022/23,Brighton,Yasin Ayari,SWE,MF,18,2003,0.7,0,0,0,0,3,0,0,0,2,,,0,2022,misc,Brighton & Hove Albion
ENG-Premier League,2022/23,Chelsea,Armando Broja,ALB,FW,20,2001,3.3,0,0,0,2,6,3,0,1,1,,,0,2022,misc,Chelsea
ENG-Premier League,2022/23,Chelsea,Ben Chilwell,ENG,"MF,DF",25,1996,15.6,3,0,0,13,23,3,93,17,18,,,0,2022,misc,Chelsea
ENG-Premier League,2022/23,Chelsea,Benoît Badiashile,FRA,DF,21,2001,10.1,2,0,0,9,6,0,2,14,9,,,0,2022,misc,Chelsea
ENG-Premier League,2022/23,Chelsea,Carney Chukwuemeka,AUT,MF,18,2003,3.9,0,0,0,2,5,1,3,6,7,,,0,2022,misc,Chelsea
ENG-Premier League,2022/23,Chelsea,Christian Pulisic,USA,"MF,FW",23,1998,9.1,1,0,0,10,15,0,18,3,6,,,0,2022,misc,Chelsea
ENG-Premier League,2022/23,Chelsea,Conor Gallagher,ENG,MF,22,2000,18.0,11,1,1,34,35,2,50,23,32,,,0,2022,misc,Chelsea
ENG-Premier League,2022/23,Chelsea,César Azpilicueta,ESP,"DF,MF",32,1989,17.0,3,0,0,28,7,2,26,19,25,,,1,2022,misc,Chelsea
ENG-Premier League,2022/23,Chelsea,David Datro Fofana,CIV,FW,19,2002,0.8,0,0,0,3,2,1,1,0,1,,,0,2022,misc,Chelsea
ENG-Premier League,2022/23,Chelsea,Denis Zakaria,SUI,MF,25,1996,4.6,0,0,0,5,2,0,1,3,5,,,0,2022,misc,Chelsea
ENG-Premier League,2022/23,Chelsea,Enzo Fernández,ARG,MF,21,2001,17.2,3,0,0,11,22,1,16,12,26,,,0,2022,misc,Chelsea
ENG-Premier League,2022/23,Chelsea,Hakim Ziyech,MAR,"MF,FW",29,1993,7.3,1,0,0,12,14,3,65,5,13,,,0,2022,misc,Chelsea
ENG-Premier League,2022/23,Chelsea,Jorginho,ITA,MF,30,1991,14.2,4,0,0,12,23,0,2,19,23,,,0,2022,misc,Chelsea
ENG-Premier League,2022/23,Chelsea,João Félix,POR,"FW,MF",22,1999,10.5,1,1,0,15,29,7,19,1,7,,,0,2022,misc,Chelsea
ENG-Premier League,2022/23,Chelsea,Kai Havertz,GER,"FW,MF",23,1999,28.5,5,0,0,59,25,28,15,7,14,,,0,2022,misc,Chelsea
ENG-Premier League,2022/23,Chelsea,Kalidou Koulibaly,SEN,DF,31,1991,20.0,7,1,1,22,9,0,4,28,30,,,0,2022,misc,Chelsea
ENG-Premier League,2022/23,Chelsea,Kepa Arrizabalaga,ESP,GK,27,1994,28.5,1,0,0,0,8,0,0,1,2,,,0,2022,misc,Chelsea
ENG-Premier League,2022/23,Chelsea,Lewis Hall,ENG,"MF,DF",17,2004,7.3,1,0,0,4,11,1,34,8,13,,,0,2022,misc,Chelsea
ENG-Premier League,2022/23,Chelsea,Marc Cucurella,ESP,"DF,MF",24,1998,18.6,4,0,0,16,21,1,44,16,35,,,0,2022,misc,Chelsea
ENG-Premier League,2022/23,Chelsea,Mason Mount,ENG,MF,23,1999,18.3,4,0,0,28,27,1,65,8,20,,,0,2022,misc,Chelsea
ENG-Premier League,2022/23,Chelsea,Mateo Kovačić,CRO,MF,28,1994,19.0,8,0,0,18,12,0,6,16,23,,,0,2022,misc,Chelsea
ENG-Premier League,2022/23,Chelsea,Mykhailo Mudryk,UKR,"FW,MF",21,2001,7.3,1,0,0,8,12,1,24,1,9,,,0,2022,misc,Chelsea
ENG-Premier League,2022/23,Chelsea,N'Golo Kanté,FRA,MF,31,1991,5.8,1,0,0,4,2,1,11,6,10,,,0,2022,misc,Chelsea
ENG-Premier League,2022/23,Chelsea,Noni Madueke,ENG,"FW,MF",20,2002,7.1,0,0,0,4,15,2,22,4,8,,,0,2022,misc,Chelsea
ENG-Premier League,2022/23,Chelsea,Omari Hutchinson,ENG,MF,18,2003,0.3,0,0,0,0,0,0,2,1,0,,,0,2022,misc,Chelsea
ENG-Premier League,2022/23,Chelsea,Pierre-Emerick Aubameyang,GAB,FW,33,1989,6.2,1,0,0,5,1,0,3,2,0,,,0,2022,misc,Chelsea
ENG-Premier League,2022/23,Chelsea,Raheem Sterling,ENG,"FW,MF",27,1994,21.0,4,0,0,21,32,11,47,0,10,,,0,2022,misc,Chelsea
ENG-Premier League,2022/23,Chelsea,Reece James,ENG,"DF,MF",22,1999,13.8,4,0,0,9,18,4,91,13,20,,,0,2022,misc,Chelsea
ENG-Premier League,2022/23,Chelsea,Ruben Loftus-Cheek,ENG,MF,26,1996,17.1,1,0,0,10,34,1,18,13,15,,,1,2022,misc,Chelsea
ENG-Premier League,2022/23,Chelsea,Thiago Silva,BRA,DF,37,1984,26.1,2,0,0,10,13,0,2,34,25,,,0,2022,misc,Chelsea
ENG-Premier League,2022/23,Chelsea,Trevoh Chalobah,ENG,DF,23,1999,17.9,4,0,0,11,8,0,13,25,19,,,1,2022,misc,Chelsea
ENG-Premier League,2022/23,Chelsea,Wesley Fofana,FRA,DF,21,2000,13.1,3,0,0,11,22,0,3,18,18,,,0,2022,misc,Chelsea
ENG-Premier League,2022/23,Chelsea,Édouard Mendy,SEN,GK,30,1992,9.5,1,0,0,0,2,0,0,0,0,,,0,2022,misc,Chelsea
ENG-Premier League,2022/23,Crystal Palace,Albert Sambi Lokonga,BEL,MF,22,1999,6.0,2,0,0,7,12,0,0,5,10,,,0,2022,misc,Crystal Palace
ENG-Premier League,2022/23,Crystal Palace,Cheick Doucouré,MLI,MF,22,2000,30.8,10,1,1,38,13,0,7,56,48,,,0,2022,misc,Crystal Palace
ENG-Premier League,2022/23,Crystal Palace,Chris Richards,USA,DF,22,2000,5.0,0,0,0,2,1,1,0,7,6,,,0,2022,misc,Crystal Palace
ENG-Premier League,2022/23,Crystal Palace,David Ozoh,ENG,MF,17,2005,0.0,0,0,0,0,0,0,0,0,0,,,0,2022,misc,Crystal Palace
ENG-Premier League,2022/23,Crystal Palace,Eberechi Eze,ENG,"MF,FW",24,1998,29.3,3,0,0,27,57,4,78,10,24,,,0,2022,misc,Crystal Palace
ENG-Premier League,2022/23,Crystal Palace,James McArthur,SCO,MF,34,1987,0.6,0,0,0,0,1,0,0,0,1,,,0,2022,misc,Crystal Palace
ENG-Premier League,2022/23,Crystal Palace,James Tomkins,ENG,DF,33,1989,3.8,3,1,1,3,1,1,0,6,3,,,0,2022,misc,Crystal Palace
ENG-Premier League,2022/23,Crystal Palace,Jaïro Riedewald,NED,"DF,MF",25,1996,0.7,0,0,0,2,1,0,0,0,1,,,0,2022,misc,Crystal Palace
ENG-Premier League,2022/23,Crystal Palace,Jean-Philippe Mateta,FRA,FW,25,1997,8.6,3,0,0,16,8,7,3,3,1,,,0,2022,misc,Crystal Palace
ENG-Premier League,2022/23,Crystal Palace,Jeffrey Schlupp,GHA,MF,29,1992,28.1,7,0,0,51,33,0,16,23,46,,,0,2022,misc,Crystal Palace
ENG-Premier League,2022/23,Crystal Palace,Joachim Andersen,DEN,DF,26,1996,30.9,8,0,0,27,16,2,10,27,21,,,2,2022,misc,Crystal Palace
ENG-Premier League,2022/23,Crystal Palace,Joel Ward,ENG,DF,32,1989,25.1,6,0,0,29,11,0,36,22,35,,,0,2022,misc,Crystal Palace
ENG-Premier League,2022/23,Crystal Palace,Jordan Ayew,GHA,"FW,MF",30,1991,30.2,5,0,0,48,90,4,44,15,41,,,0,2022,misc,Crystal Palace
ENG-Premier League,2022/23,Crystal Palace,Joseph Whitworth,ENG,GK,18,2004,2.0,0,0,0,0,0,0,0,0,0,,,0,2022,misc,Crystal Palace
ENG-Premier League,2022/23,Crystal Palace,Luka Milivojević,SRB,MF,31,1991,5.7,2,0,0,15,3,0,6,12,8,,,0,2022,misc,Crystal Palace
ENG-Premier League,2022/23,Crystal Palace,Malcolm Ebiowei,ENG,MF,18,2003,0.4,0,0,0,0,1,0,3,0,1,,,0,2022,misc,Crystal Palace
ENG-Premier League,2022/23,Crystal Palace,Marc Guéhi,ENG,DF,22,2000,37.0,8,0,0,24,40,0,0,42,27,,,1,2022,misc,Crystal Palace
ENG-Premier League,2022/23,Crystal Palace,Michael Olise,FRA,"MF,FW",20,2001,30.5,2,0,0,28,69,8,244,26,35,,,0,2022,misc,Crystal Palace
ENG-Premier League,2022/23,Crystal Palace,Naouirou Ahamada,FRA,MF,20,2002,1.0,1,0,0,2,0,1,2,0,3,,,0,2022,misc,Crystal Palace
ENG-Premier League,2022/23,Crystal Palace,Nathaniel Clyne,ENG,DF,31,1991,18.2,3,0,0,10,8,0,21,19,14,,,0,2022,misc,Crystal Palace
ENG-Premier League,2022/23,Crystal Palace,Odsonne Édouard,FRA,FW,24,1998,20.0,3,0,0,28,17,13,4,1,11,,,0,2022,misc,Crystal Palace
ENG-Premier League,2022/23,Crystal Palace,Sam Johnstone,ENG,GK,29,1993,9.0,1,0,0,1,0,0,0,0,0,,,0,2022,misc,Crystal Palace
ENG-Premier League,2022/23,Crystal Palace,Tyrick Mitchell,ENG,DF,22,1999,32.1,5,1,0,33,10,2,70,38,48,,,0,2022,misc,Crystal Palace
ENG-Premier League,2022/23,Crystal Palace,Vicente Guaita,ESP,GK,35,1987,27.0,1,0,0,1,3,0,0,0,0,,,0,2022,misc,Crystal Palace
ENG-Premier League,2022/23,Crystal Palace,Wilfried Zaha,CIV,"FW,MF",29,1992,25.4,5,0,0,35,77,15,39,17,20,,,0,2022,misc,Crystal Palace
ENG-Premier League,2022/23,Crystal Palace,Will Hughes,ENG,MF,27,1995,9.4,4,0,0,19,7,0,12,16,16,,,0,2022,misc,Crystal Palace
ENG-Premier League,2022/23,Everton,Abdoulaye Doucouré,MLI,MF,29,1993,17.0,6,1,0,21,4,8,8,12,20,,,0,2022,misc,Everton
ENG-Premier League,2022/23,Everton,Alex Iwobi,NGA,MF,26,1996,37.5,2,0,0,19,15,4,104,27,37,,,0,2022,misc,Everton
ENG-Premier League,2022/23,Everton,Amadou Onana,BEL,MF,20,2001,27.6,9,0,0,44,49,2,5,38,44,,,0,2022,misc,Everton
ENG-Premier League,2022/23,Everton,Anthony Gordon,ENG,"FW,MF",21,2001,12.2,6,0,0,20,15,3,26,5,21,,,0,2022,misc,Everton
ENG-Premier League,2022/23,Everton,Asmir Begović,BIH,GK,35,1987,1.0,0,0,0,0,0,0,0,0,0,,,0,2022,misc,Everton
ENG-Premier League,2022/23,Everton,Ben Godfrey,ENG,DF,24,1998,8.9,2,0,0,10,5,1,7,8,11,,,0,2022,misc,Everton
ENG-Premier League,2022/23,Everton,Conor Coady,ENG,DF,29,1993,23.3,2,0,0,11,14,2,1,13,10,,,0,2022,misc,Everton
ENG-Premier League,2022/23,Everton,Dele Alli,ENG,"FW,MF",26,1996,0.4,0,0,0,0,1,0,0,0,0,,,0,2022,misc,Everton
ENG-Premier League,2022/23,Everton,Demarai Gray,JAM,"FW,MF",26,1996,27.9,3,0,0,24,51,13,173,12,24,,,0,2022,misc,Everton
ENG-Premier League,2022/23,Everton,Dominic Calvert-Lewin,ENG,FW,25,1997,12.9,3,0,0,22,14,19,6,3,2,,,0,2022,misc,Everton
ENG-Premier League,2022/23,Everton,Dwight McNeil,ENG,"MF,FW",22,1999,27.8,5,0,0,22,21,1,197,28,39,,,0,2022,misc,Everton
ENG-Premier League,2022/23,Everton,Ellis Simms,ENG,FW,21,2001,2.5,0,0,0,0,1,1,1,0,0,,,0,2022,misc,Everton
ENG-Premier League,2022/23,Everton,Idrissa Gueye,SEN,MF,32,1989,28.6,7,0,0,43,50,0,10,56,57,,,0,2022,misc,Everton
ENG-Premier League,2022/23,Everton,Isaac Price,NIR,MF,18,2003,0.4,1,0,0,0,0,0,1,0,0,,,0,2022,misc,Everton
ENG-Premier League,2022/23,Everton,James Garner,ENG,MF,21,2001,8.9,3,0,0,16,10,1,37,12,13,,,0,2022,misc,Everton
ENG-Premier League,2022/23,Everton,James Tarkowski,ENG,DF,29,1992,38.0,6,0,0,40,23,2,0,49,29,,,0,2022,misc,Everton
ENG-Premier League,2022/23,Everton,Jordan Pickford,ENG,GK,28,1994,37.0,6,0,0,1,5,0,0,4,0,,,0,2022,misc,Everton
ENG-Premier League,2022/23,Everton,Mason Holgate,JAM,DF,25,1996,5.6,3,1,1,9,4,0,2,7,7,,,0,2022,misc,Everton
ENG-Premier League,2022/23,Everton,Michael Keane,ENG,DF,29,1993,10.9,0,0,0,7,4,0,4,14,4,,,0,2022,misc,Everton
ENG-Premier League,2022/23,Everton,Nathan Patterson,SCO,"DF,MF",20,2001,14.2,3,0,0,14,13,1,39,14,24,,,0,2022,misc,Everton
ENG-Premier League,2022/23,Everton,Neal Maupay,FRA,FW,25,1996,12.4,4,0,0,13,21,1,3,6,6,,,0,2022,misc,Everton
ENG-Premier League,2022/23,Everton,Rúben Vinagre,POR,"DF,MF",23,1999,0.3,0,0,0,0,3,0,2,0,2,,,0,2022,misc,Everton
ENG-Premier League,2022/23,Everton,Salomón Rondón,VEN,FW,32,1989,1.2,0,0,0,4,0,2,0,0,0,,,0,2022,misc,Everton
ENG-Premier League,2022/23,Everton,Séamus Coleman,IRL,"DF,MF",33,1988,18.4,1,0,0,10,21,2,21,22,26,,,0,2022,misc,Everton
ENG-Premier League,2022/23,Everton,Tom Cannon,IRL,FW,19,2002,0.3,0,0,0,0,2,0,0,0,0,,,0,2022,misc,Everton
ENG-Premier League,2022/23,Everton,Tom Davies,ENG,MF,24,1998,6.0,3,0,0,10,6,1,2,3,9,,,0,2022,misc,Everton
ENG-Premier League,2022/23,Everton,Vitaliy Mykolenko,UKR,"DF,MF",23,1999,29.5,4,0,0,29,21,0,56,48,37,,,0,2022,misc,Everton
ENG-Premier League,2022/23,Everton,Yerry Mina,COL,DF,27,1994,6.6,2,0,0,6,10,0,1,6,7,,,0,2022,misc,Everton
ENG-Premier League,2022/23,Fulham,Aleksandar Mitrović,SRB,FW,27,1994,22.3,7,0,0,34,40,14,4,3,6,,,0,2022,misc,Fulham
ENG-Premier League,2022/23,Fulham,Andreas Pereira,BRA,MF,26,1996,29.9,8,0,0,41,31,2,196,6,8,,,0,2022,misc,Fulham
ENG-Premier League,2022/23,Fulham,Antonee Robinson,USA,DF,24,1997,34.3,8,0,0,33,23,3,137,52,41,,,0,2022,misc,Fulham
ENG-Premier League,2022/23,Fulham,Bernd Leno,GER,GK,30,1992,36.0,3,0,0,1,3,0,0,0,0,,,0,2022,misc,Fulham
ENG-Premier League,2022/23,Fulham,Bobby De Cordova-Reid,JAM,"MF,DF",29,1993,27.5,8,0,0,34,21,11,53,18,24,,,0,2022,misc,Fulham
ENG-Premier League,2022/23,Fulham,Carlos Vinícius,BRA,FW,27,1995,12.3,3,0,0,21,15,6,6,0,2,,,0,2022,misc,Fulham
ENG-Premier League,2022/23,Fulham,Cédric Soares,POR,DF,30,1991,2.2,0,0,0,1,2,0,24,1,5,,,0,2022,misc,Fulham
ENG-Premier League,2022/23,Fulham,Daniel James,WAL,"MF,FW",24,1997,6.9,0,0,0,2,14,2,26,1,5,,,0,2022,misc,Fulham
ENG-Premier League,2022/23,Fulham,Harrison Reed,ENG,MF,27,1995,31.8,5,0,0,38,22,4,55,19,26,,,1,2022,misc,Fulham
ENG-Premier League,2022/23,Fulham,Harry Wilson,WAL,MF,25,1997,12.2,1,0,0,11,32,2,22,7,13,,,0,2022,misc,Fulham
ENG-Premier League,2022/23,Fulham,Issa Diop,MAR,DF,25,1997,22.4,2,0,0,16,8,3,3,31,18,,,0,2022,misc,Fulham
ENG-Premier League,2022/23,Fulham,Jay Stansfield,ENG,MF,19,2002,1.0,0,0,0,1,1,0,3,1,0,,,0,2022,misc,Fulham
ENG-Premier League,2022/23,Fulham,Josh Onomah,ENG,"FW,MF",25,1997,0.2,0,0,0,0,0,0,0,0,0,,,0,2022,misc,Fulham
ENG-Premier League,2022/23,Fulham,João Palhinha,POR,MF,27,1995,34.5,14,0,0,49,50,2,3,43,82,,,1,2022,misc,Fulham
ENG-Premier League,2022/23,Fulham,Kenny Tete,NED,DF,26,1995,28.5,8,0,0,42,54,0,99,51,49,,,0,2022,misc,Fulham
ENG-Premier League,2022/23,Fulham,Kevin Mbabu,SUI,DF,27,1995,1.6,1,0,0,4,0,0,7,3,2,,,0,2022,misc,Fulham
ENG-Premier League,2022/23,Fulham,Layvin Kurzawa,FRA,DF,29,1992,1.5,1,0,0,1,0,0,2,2,2,,,0,2022,misc,Fulham
ENG-Premier League,2022/23,Fulham,Luke Harris,WAL,MF,17,2005,0.1,0,0,0,1,0,0,1,0,0,,,0,2022,misc,Fulham
ENG-Premier League,2022/23,Fulham,Manor Solomon,ISR,MF,23,1999,6.4,0,0,0,5,4,2,4,5,12,,,0,2022,misc,Fulham
ENG-Premier League,2022/23,Fulham,Marek Rodák,SVK,GK,25,1996,2.0,0,0,0,0,0,0,0,0,0,,,0,2022,misc,Fulham
ENG-Premier League,2022/23,Fulham,Nathaniel Chalobah,ENG,MF,27,1994,0.1,0,1,0,2,0,0,0,0,1,,,0,2022,misc,Fulham
ENG-Premier League,2022/23,Fulham,Neeskens Kebano,COD,MF,30,1992,8.5,0,0,0,8,15,2,24,1,9,,,0,2022,misc,Fulham
ENG-Premier League,2022/23,Fulham,Saša Lukić,SRB,MF,25,1996,4.6,1,0,0,13,10,0,2,5,3,,,0,2022,misc,Fulham
ENG-Premier League,2022/23,Fulham,Shane Duffy,IRL,"DF,MF",30,1992,0.2,0,0,0,0,1,0,0,0,0,,,0,2022,misc,Fulham
ENG-Premier League,2022/23,Fulham,Tim Ream,USA,DF,34,1987,32.2,2,0,0,18,7,1,4,42,19,,,0,2022,misc,Fulham
ENG-Premier League,2022/23,Fulham,Tom Cairney,SCO,MF,31,1991,11.0,2,0,0,8,22,0,36,4,7,,,0,2022,misc,Fulham
ENG-Premier League,2022/23,Fulham,Tosin Adarabioyo,ENG,DF,24,1997,23.2,4,0,0,15,5,3,2,25,14,,,0,2022,misc,Fulham
ENG-Premier League,2022/23,Fulham,Tyrese Francois,AUS,MF,22,2000,0.0,0,0,0,0,0,0,0,0,0,,,0,2022,misc,Fulham
ENG-Premier League,2022/23,Fulham,Willian,BRA,MF,33,1988,23.6,2,0,0,11,24,4,60,9,8,,,0,2022,misc,Fulham
ENG-Premier League,2022/23,Leeds United,Adam Forshaw,ENG,MF,30,1991,5.3,0,0,0,6,5,0,20,4,9,,,0,2022,misc,Leeds United
ENG-Premier League,2022/23,Leeds United,Brenden Aaronson,USA,MF,21,2000,26.4,2,0,0,16,55,6,72,4,18,,,0,2022,misc,Leeds United
ENG-Premier League,2022/23,Leeds United,Cody Drameh,ENG,DF,20,2001,0.8,0,0,0,1,0,0,1,1,4,,,0,2022,misc,Leeds United
ENG-Premier League,2022/23,Leeds United,Crysencio Summerville,NED,"MF,FW",20,2001,15.8,4,0,0,21,41,8,14,13,21,,,0,2022,misc,Leeds United
ENG-Premier League,2022/23,Leeds United,Daniel James,WAL,MF,24,1997,2.2,0,0,0,2,6,0,6,2,2,,,0,2022,misc,Leeds United
ENG-Premier League,2022/23,Leeds United,Darko Gyabi,ENG,MF,18,2004,0.1,0,0,0,0,1,0,0,0,2,,,0,2022,misc,Leeds United
ENG-Premier League,2022/23,Leeds United,Diego Llorente,ESP,DF,28,1993,7.2,1,0,0,6,2,0,1,16,10,,,0,2022,misc,Leeds United
ENG-Premier League,2022/23,Leeds United,Georginio Rutter,FRA,FW,20,2002,3.0,0,0,0,5,6,1,0,3,10,,,0,2022,misc,Leeds United
ENG-Premier League,2022/23,Leeds United,Illan Meslier,FRA,GK,22,2000,34.0,3,0,0,1,5,0,0,1,1,,,0,2022,misc,Leeds United
ENG-Premier League,2022/23,Leeds United,Jack Harrison,ENG,MF,25,1996,30.1,2,0,0,37,35,3,185,22,15,,,1,2022,misc,Leeds United
ENG-Premier League,2022/23,Leeds United,Joe Gelhardt,ENG,FW,20,2002,2.4,1,0,0,6,8,0,1,0,2,,,0,2022,misc,Leeds United
ENG-Premier League,2022/23,Leeds United,Joel Robles,ESP,GK,32,1990,4.0,1,0,0,0,0,0,0,0,0,,,0,2022,misc,Leeds United
ENG-Premier League,2022/23,Leeds United,Junior Firpo,DOM,DF,25,1996,15.2,6,1,0,24,8,0,12,24,23,,,0,2022,misc,Leeds United
ENG-Premier League,2022/23,Leeds United,Liam Cooper,SCO,DF,30,1991,15.8,5,0,0,12,10,0,1,34,24,,,0,2022,misc,Leeds United
ENG-Premier League,2022/23,Leeds United,Luis Sinisterra,COL,MF,23,1999,9.6,3,1,1,14,12,5,7,7,14,,,0,2022,misc,Leeds United
ENG-Premier League,2022/23,Leeds United,Luke Ayling,ENG,DF,30,1991,22.8,3,0,0,16,35,1,63,25,38,,,0,2022,misc,Leeds United
ENG-Premier League,2022/23,Leeds United,Marc Roca,ESP,MF,25,1996,25.7,7,0,0,40,29,0,77,24,40,,,0,2022,misc,Leeds United
ENG-Premier League,2022/23,Leeds United,Mateo Joseph,ESP,FW,18,2003,0.3,0,0,0,0,0,0,0,0,0,,,0,2022,misc,Leeds United
ENG-Premier League,2022/23,Leeds United,Mateusz Klich,POL,MF,32,1990,3.1,2,0,0,10,3,0,8,0,8,,,0,2022,misc,Leeds United
ENG-Premier League,2022/23,Leeds United,Maximilian Wöber,AUT,DF,24,1998,14.1,3,0,0,15,1,1,7,26,17,,,0,2022,misc,Leeds United
ENG-Premier League,2022/23,Leeds United,Pascal Struijk,NED,DF,22,1999,24.4,5,0,0,30,12,0,21,34,60,,,0,2022,misc,Leeds United
ENG-Premier League,2022/23,Leeds United,Patrick Bamford,ENG,FW,28,1993,16.8,3,0,0,24,27,18,5,5,6,,,0,2022,misc,Leeds United
ENG-Premier League,2022/23,Leeds United,Rasmus Kristensen,DEN,DF,25,1997,21.8,4,0,0,20,6,1,34,32,34,,,0,2022,misc,Leeds United
ENG-Premier League,2022/23,Leeds United,Robin Koch,GER,DF,26,1996,35.3,7,0,0,35,17,1,1,42,30,,,1,2022,misc,Leeds United
ENG-Premier League,2022/23,Leeds United,Rodrigo,ESP,"FW,MF",31,1991,21.5,6,0,0,29,11,10,21,6,9,,,0,2022,misc,Leeds United
ENG-Premier League,2022/23,Leeds United,Sam Greenwood,ENG,MF,20,2002,4.7,1,0,0,11,3,0,44,1,7,,,0,2022,misc,Leeds United
ENG-Premier League,2022/23,Leeds United,Tyler Adams,USA,MF,23,1999,24.0,6,1,1,37,21,1,2,32,44,,,0,2022,misc,Leeds United
ENG-Premier League,2022/23,Leeds United,Weston McKennie,USA,MF,23,1998,16.0,7,0,0,20,5,1,9,22,14,,,0,2022,misc,Leeds United
ENG-Premier League,2022/23,Leeds United,Wilfried Gnonto,ITA,"MF,FW",18,2003,15.0,7,0,0,28,39,3,42,4,16,,,0,2022,misc,Leeds United
ENG-Premier League,2022/23,Leicester City,Ayoze Pérez,ESP,MF,29,1993,4.2,0,0,0,7,12,0,17,2,8,,,0,2022,misc,Leicester City
ENG-Premier League,2022/23,Leicester City,Boubakary Soumaré,FRA,MF,23,1999,18.1,9,0,0,31,22,1,2,31,34,,,0,2022,misc,Leicester City
ENG-Premier League,2022/23,Leicester City,Daniel Amartey,GHA,DF,27,1994,17.9,1,0,0,7,3,0,0,9,8,,,0,2022,misc,Leicester City
ENG-Premier League,2022/23,Leicester City,Daniel Iversen,DEN,GK,25,1997,12.0,0,0,0,0,0,0,0,0,0,,,1,2022,misc,Leicester City
ENG-Premier League,2022/23,Leicester City,Danny Ward,WAL,GK,29,1993,26.0,0,0,0,0,5,0,0,0,1,,,0,2022,misc,Leicester City
ENG-Premier League,2022/23,Leicester City,Dennis Praet,BEL,MF,28,1994,7.2,1,0,0,9,8,1,15,5,8,,,0,2022,misc,Leicester City
ENG-Premier League,2022/23,Leicester City,Harry Souttar,AUS,DF,23,1998,11.0,2,0,0,5,5,1,0,10,10,,,1,2022,misc,Leicester City
ENG-Premier League,2022/23,Leicester City,Harvey Barnes,ENG,"MF,FW",24,1997,30.1,3,0,0,39,37,9,45,8,14,,,0,2022,misc,Leicester City
ENG-Premier League,2022/23,Leicester City,James Justin,ENG,"DF,MF",24,1998,13.9,0,0,0,8,29,2,21,14,18,,,0,2022,misc,Leicester City
ENG-Premier League,2022/23,Leicester City,James Maddison,ENG,"MF,FW",25,1996,27.6,10,0,0,31,80,6,123,12,25,,,0,2022,misc,Leicester City
ENG-Premier League,2022/23,Leicester City,Jamie Vardy,ENG,FW,35,1987,20.6,1,0,0,22,6,29,7,2,5,,,0,2022,misc,Leicester City
ENG-Premier League,2022/23,Leicester City,Jonny Evans,NIR,DF,34,1988,11.7,1,0,0,9,7,1,0,17,5,,,0,2022,misc,Leicester City
ENG-Premier League,2022/23,Leicester City,Kelechi Iheanacho,NGA,FW,25,1996,12.5,0,0,0,18,5,12,5,0,2,,,0,2022,misc,Leicester City
ENG-Premier League,2022/23,Leicester City,Kiernan Dewsbury-Hall,ENG,MF,23,1998,25.6,5,1,1,37,35,1,44,28,28,,,0,2022,misc,Leicester City
ENG-Premier League,2022/23,Leicester City,Lewis Brunt,ENG,"DF,MF",21,2000,0.3,0,0,0,0,1,0,0,0,0,,,0,2022,misc,Leicester City
ENG-Premier League,2022/23,Leicester City,Luke Thomas,ENG,DF,21,2001,11.9,3,0,0,11,7,0,8,27,18,,,1,2022,misc,Leicester City
ENG-Premier League,2022/23,Leicester City,Marc Albrighton,ENG,MF,32,1989,2.6,0,0,0,2,2,1,28,1,1,,,0,2022,misc,Leicester City
ENG-Premier League,2022/23,Leicester City,Nampalys Mendy,SEN,MF,30,1992,8.4,1,0,0,9,10,0,1,13,9,,,0,2022,misc,Leicester City
ENG-Premier League,2022/23,Leicester City,Patson Daka,ZAM,FW,23,1998,13.2,2,0,0,23,15,7,8,7,9,,,0,2022,misc,Leicester City
ENG-Premier League,2022/23,Leicester City,Ricardo Pereira,POR,"DF,MF",28,1993,5.0,2,0,0,4,4,0,16,4,8,,,0,2022,misc,Leicester City
ENG-Premier League,2022/23,Leicester City,Tetê,BRA,"MF,FW",22,2000,8.2,0,0,0,3,17,4,19,2,8,,,0,2022,misc,Leicester City
ENG-Premier League,2022/23,Leicester City,Timothy Castagne,BEL,"DF,MF",26,1995,36.2,3,0,0,25,15,6,60,43,42,,,0,2022,misc,Leicester City
ENG-Premier League,2022/23,Leicester City,Victor Bernth Kristiansen,DEN,DF,19,2002,9.9,2,0,0,17,9,0,29,3,24,,,0,2022,misc,Leicester City
ENG-Premier League,2022/23,Leicester City,Wesley Fofana,FRA,DF,21,2000,2.0,1,0,0,2,3,1,0,9,2,,,0,2022,misc,Leicester City
ENG-Premier League,2022/23,Leicester City,Wilfred Ndidi,NGA,"MF,DF",25,1996,18.7,4,0,0,29,14,0,2,36,41,,,0,2022,misc,Leicester City
ENG-Premier League,2022/23,Leicester City,Wout Faes,BEL,DF,24,1998,31.0,6,1,1,23,17,0,0,42,31,,,2,2022,misc,Leicester City
ENG-Premier League,2022/23,Leicester City,Youri Tielemans,BEL,MF,25,1997,26.0,4,0,0,33,25,1,45,29,41,,,0,2022,misc,Leicester City
ENG-Premier League,2022/23,Leicester City,Çağlar Söyüncü,TUR,DF,26,1996,5.9,2,0,0,7,4,0,0,7,9,,,0,2022,misc,Leicester City
ENG-Premier League,2022/23,Liverpool,Alex Oxlade-Chamberlain,ENG,FW,28,1993,3.7,0,0,0,3,4,1,2,0,4,,,0,2022,misc,Liverpool
ENG-Premier League,2022/23,Liverpool,Alisson,BRA,GK,29,1992,37.0,1,0,0,1,5,0,0,0,0,,,0,2022,misc,Liverpool
ENG-Premier League,2022/23,Liverpool,Andy Robertson,SCO,DF,28,1994,28.7,3,0,0,22,10,7,196,16,21,,,0,2022,misc,Liverpool
ENG-Premier League,2022/23,Liverpool,Ben Gannon-Doak,SCO,MF,16,2005,0.3,0,0,0,1,1,0,0,0,2,,,0,2022,misc,Liverpool
ENG-Premier League,2022/23,Liverpool,Bobby Clark,ENG,MF,17,2005,0.1,0,0,0,1,0,0,0,0,0,,,0,2022,misc,Liverpool
ENG-Premier League,2022/23,Liverpool,Caoimhín Kelleher,IRL,GK,23,1998,1.0,0,0,0,0,0,0,0,0,0,,,0,2022,misc,Liverpool
ENG-Premier League,2022/23,Liverpool,Cody Gakpo,NED,FW,23,1999,16.2,0,0,0,26,33,8,19,4,15,,,0,2022,misc,Liverpool
ENG-Premier League,2022/23,Liverpool,Curtis Jones,ENG,MF,21,2001,11.5,2,0,0,13,16,2,7,3,17,,,0,2022,misc,Liverpool
ENG-Premier League,2022/23,Liverpool,Darwin Núñez,URU,FW,23,1999,18.8,1,1,0,25,17,17,19,2,5,,,0,2022,misc,Liverpool
ENG-Premier League,2022/23,Liverpool,Diogo Jota,POR,"FW,MF",25,1996,12.6,2,0,0,19,15,4,8,3,14,,,0,2022,misc,Liverpool
ENG-Premier League,2022/23,Liverpool,Fabinho,BRA,MF,28,1993,29.7,11,0,0,53,24,0,5,36,37,,,0,2022,misc,Liverpool
ENG-Premier League,2022/23,Liverpool,Fabio Carvalho,POR,"MF,FW",19,2002,3.9,0,0,0,6,6,0,2,6,8,,,0,2022,misc,Liverpool
ENG-Premier League,2022/23,Liverpool,Harvey Elliott,ENG,MF,19,2003,17.9,2,0,0,14,25,2,34,14,20,,,0,2022,misc,Liverpool
ENG-Premier League,2022/23,Liverpool,Ibrahima Konaté,FRA,DF,23,1999,17.2,5,0,0,29,16,1,1,26,26,,,1,2022,misc,Liverpool
ENG-Premier League,2022/23,Liverpool,James Milner,ENG,"MF,DF",36,1986,10.1,2,0,0,16,15,0,52,10,15,,,0,2022,misc,Liverpool
ENG-Premier League,2022/23,Liverpool,Joe Gomez,ENG,DF,25,1997,16.3,3,0,0,13,4,1,4,22,21,,,0,2022,misc,Liverpool
ENG-Premier League,2022/23,Liverpool,Jordan Henderson,ENG,MF,32,1990,23.0,2,0,0,19,9,3,47,21,23,,,0,2022,misc,Liverpool
ENG-Premier League,2022/23,Liverpool,Joël Matip,CMR,DF,30,1991,12.1,3,0,0,10,5,1,1,17,8,,,1,2022,misc,Liverpool
ENG-Premier League,2022/23,Liverpool,Kostas Tsimikas,GRE,DF,26,1996,8.6,3,0,0,13,9,0,87,11,9,,,0,2022,misc,Liverpool
ENG-Premier League,2022/23,Liverpool,Luis Díaz,COL,FW,25,1997,11.1,2,0,0,20,23,3,8,5,11,,,0,2022,misc,Liverpool
ENG-Premier League,2022/23,Liverpool,Mohamed Salah,EGY,FW,30,1992,36.6,2,0,0,20,33,22,38,6,12,,,0,2022,misc,Liverpool
ENG-Premier League,2022/23,Liverpool,Naby Keïta,GUI,MF,27,1995,3.3,1,0,0,12,2,0,2,2,4,,,0,2022,misc,Liverpool
ENG-Premier League,2022/23,Liverpool,Nathaniel Phillips,ENG,DF,25,1997,0.7,0,0,0,1,0,0,0,2,1,,,0,2022,misc,Liverpool
ENG-Premier League,2022/23,Liverpool,Roberto Firmino,BRA,FW,30,1991,13.5,0,0,0,9,6,5,12,7,13,,,0,2022,misc,Liverpool
ENG-Premier League,2022/23,Liverpool,Stefan Bajcetic,ESP,MF,17,2004,5.8,2,0,0,7,9,0,5,6,8,,,0,2022,misc,Liverpool
ENG-Premier League,2022/23,Liverpool,Thiago Alcántara,ESP,MF,31,1991,13.9,2,0,0,18,26,0,4,20,27,,,0,2022,misc,Liverpool
ENG-Premier League,2022/23,Liverpool,Trent Alexander-Arnold,ENG,DF,23,1998,32.5,5,0,0,22,5,4,254,40,38,,,0,2022,misc,Liverpool
ENG-Premier League,2022/23,Liverpool,Virgil van Dijk,NED,DF,31,1991,31.5,3,0,0,12,3,3,1,26,14,,,0,2022,misc,Liverpool
ENG-Premier League,2022/23,Manchester City,Aymeric Laporte,ESP,"DF,MF",28,1994,11.0,0,0,0,5,7,1,7,3,6,,,0,2022,misc,Manchester City
ENG-Premier League,2022/23,Manchester City,Bernardo Silva,POR,"MF,FW",27,1994,24.5,5,0,0,31,15,2,77,14,25,,,0,2022,misc,Manchester City
ENG-Premier League,2022/23,Manchester City,Cole Palmer,ENG,"MF,FW",20,2002,4.1,1,0,0,1,6,1,7,1,1,,,0,2022,misc,Manchester City
ENG-Premier League,2022/23,Manchester City,Ederson Moraes,BRA,GK,28,1993,35.0,3,0,0,1,3,0,0,1,1,,,0,2022,misc,Manchester City
ENG-Premier League,2022/23,Manchester City,Erling Haaland,NOR,"FW,MF",22,2000,30.8,5,0,0,31,24,8,13,3,2,,,0,2022,misc,Manchester City
ENG-Premier League,2022/23,Manchester City,Jack Grealish,ENG,"FW,MF",26,1995,22.8,4,0,0,27,78,3,53,8,16,,,0,2022,misc,Manchester City
ENG-Premier League,2022/23,Manchester City,John Stones,ENG,"DF,MF",28,1994,20.5,2,0,0,11,8,1,7,8,14,,,1,2022,misc,Manchester City
ENG-Premier League,2022/23,Manchester City,João Cancelo,POR,DF,28,1994,14.2,3,1,0,13,18,4,46,19,18,,,0,2022,misc,Manchester City
ENG-Premier League,2022/23,Manchester City,Julián Álvarez,ARG,"MF,FW",22,2000,16.3,0,0,0,21,14,3,26,2,16,,,0,2022,misc,Manchester City
ENG-Premier League,2022/23,Manchester City,Kalvin Phillips,ENG,"MF,DF",26,1995,3.3,1,0,0,10,3,0,0,4,4,,,0,2022,misc,Manchester City
ENG-Premier League,2022/23,Manchester City,Kevin De Bruyne,BEL,MF,31,1991,26.9,1,0,0,20,29,5,226,8,13,,,0,2022,misc,Manchester City
ENG-Premier League,2022/23,Manchester City,Kyle Walker,ENG,"DF,MF",32,1990,21.8,3,0,0,15,10,0,27,19,9,,,0,2022,misc,Manchester City
ENG-Premier League,2022/23,Manchester City,Manuel Akanji,SUI,"DF,MF",27,1995,25.4,2,0,0,24,12,0,6,15,24,,,0,2022,misc,Manchester City
ENG-Premier League,2022/23,Manchester City,Máximo Perrone,ARG,MF,19,2003,0.2,0,0,0,0,0,0,0,0,0,,,0,2022,misc,Manchester City
ENG-Premier League,2022/23,Manchester City,Nathan Aké,NED,DF,27,1995,20.8,2,0,0,12,14,1,15,19,12,,,0,2022,misc,Manchester City
ENG-Premier League,2022/23,Manchester City,Phil Foden,ENG,"FW,MF",22,2000,20.5,1,0,0,10,29,6,90,5,10,,,0,2022,misc,Manchester City
ENG-Premier League,2022/23,Manchester City,Rico Lewis,ENG,"DF,MF",17,2004,10.0,1,0,0,10,17,0,5,4,10,,,0,2022,misc,Manchester City
ENG-Premier League,2022/23,Manchester City,Riyad Mahrez,ALG,"MF,FW",31,1991,21.3,2,0,0,17,41,7,96,9,13,,,0,2022,misc,Manchester City
ENG-Premier League,2022/23,Manchester City,Rodri,ESP,"MF,DF",26,1996,32.3,5,0,0,46,20,3,7,31,41,,,0,2022,misc,Manchester City
ENG-Premier League,2022/23,Manchester City,Rúben Dias,POR,"DF,MF",25,1997,22.2,3,0,0,18,7,0,1,18,14,,,0,2022,misc,Manchester City
ENG-Premier League,2022/23,Manchester City,Sergio Gómez,ESP,"MF,FW",21,2000,3.9,0,0,0,2,2,0,8,2,4,,,0,2022,misc,Manchester City
ENG-Premier League,2022/23,Manchester City,Shea Charles,NIR,"DF,MF",18,2003,0.3,0,0,0,0,0,0,0,1,0,,,0,2022,misc,Manchester City
ENG-Premier League,2022/23,Manchester City,Stefan Ortega,GER,GK,29,1992,3.0,0,0,0,0,0,0,0,0,0,,,0,2022,misc,Manchester City
ENG-Premier League,2022/23,Manchester City,İlkay Gündoğan,GER,MF,31,1990,26.1,0,0,0,22,25,6,30,20,19,,,0,2022,misc,Manchester City
ENG-Premier League,2022/23,Manchester Utd,Aaron Wan-Bissaka,COD,DF,24,1997,15.9,2,0,0,11,2,0,14,20,23,,,0,2022,misc,Manchester United
ENG-Premier League,2022/23,Manchester Utd,Alejandro Garnacho,ARG,MF,18,2004,6.3,3,0,0,8,8,3,3,4,2,,,0,2022,misc,Manchester United
ENG-Premier League,2022/23,Manchester Utd,Anthony Elanga,SWE,MF,20,2002,4.7,0,0,0,3,7,3,7,2,0,,,0,2022,misc,Manchester United
ENG-Premier League,2022/23,Manchester Utd,Anthony Martial,FRA,FW,26,1995,10.9,0,0,0,8,14,7,4,1,3,,,0,2022,misc,Manchester United
ENG-Premier League,2022/23,Manchester Utd,Antony,BRA,MF,22,2000,20.0,5,0,0,15,25,2,32,11,9,,,0,2022,misc,Manchester United
ENG-Premier League,2022/23,Manchester Utd,Bruno Fernandes,POR,MF,27,1994,36.8,6,0,0,41,39,15,141,25,42,,,0,2022,misc,Manchester United
ENG-Premier League,2022/23,Manchester Utd,Casemiro,BRA,MF,30,1992,23.6,7,2,0,49,24,1,20,29,44,,,0,2022,misc,Manchester United
ENG-Premier League,2022/23,Manchester Utd,Christian Eriksen,DEN,MF,30,1992,22.8,3,0,0,13,10,3,82,10,19,,,0,2022,misc,Manchester United
ENG-Premier League,2022/23,Manchester Utd,Cristiano Ronaldo,POR,FW,37,1985,5.8,2,0,0,7,5,8,3,1,2,,,0,2022,misc,Manchester United
ENG-Premier League,2022/23,Manchester Utd,David de Gea,ESP,GK,31,1990,38.0,0,0,0,0,5,0,0,0,0,,,0,2022,misc,Manchester United
ENG-Premier League,2022/23,Manchester Utd,Diogo Dalot,POR,DF,23,1999,23.9,6,0,0,20,3,1,44,37,40,,,0,2022,misc,Manchester United
ENG-Premier League,2022/23,Manchester Utd,Donny van de Beek,NED,MF,25,1997,1.9,0,0,0,4,2,1,0,1,0,,,0,2022,misc,Manchester United
ENG-Premier League,2022/23,Manchester Utd,Facundo Pellistri,URU,"FW,MF",20,2001,0.7,0,0,0,1,2,0,0,0,1,,,0,2022,misc,Manchester United
ENG-Premier League,2022/23,Manchester Utd,Fred,BRA,MF,29,1993,13.9,6,0,0,33,22,1,14,19,31,,,0,2022,misc,Manchester United
ENG-Premier League,2022/23,Manchester Utd,Harry Maguire,ENG,DF,29,1993,8.5,4,0,0,8,4,0,1,13,6,,,0,2022,misc,Manchester United
ENG-Premier League,2022/23,Manchester Utd,Jadon Sancho,ENG,MF,22,2000,18.7,0,0,0,9,10,8,18,5,9,,,0,2022,misc,Manchester United
ENG-Premier League,2022/23,Manchester Utd,Kobbie Mainoo,ENG,MF,17,2005,0.1,0,0,0,0,0,0,0,0,0,,,0,2022,misc,Manchester United
ENG-Premier League,2022/23,Manchester Utd,Lisandro Martínez,ARG,DF,24,1998,23.5,6,0,0,21,10,0,0,34,30,,,0,2022,misc,Manchester United
ENG-Premier League,2022/23,Manchester Utd,Luke Shaw,ENG,DF,27,1995,28.4,8,0,0,46,27,1,89,35,36,,,0,2022,misc,Manchester United
ENG-Premier League,2022/23,Manchester Utd,Marcel Sabitzer,AUT,MF,28,1994,7.0,1,0,0,8,10,1,4,6,8,,,0,2022,misc,Manchester United
ENG-Premier League,2022/23,Manchester Utd,Marcus Rashford,ENG,"FW,MF",24,1997,32.0,2,0,0,15,23,15,25,6,10,,,0,2022,misc,Manchester United
ENG-Premier League,2022/23,Manchester Utd,Raphaël Varane,FRA,DF,29,1993,21.2,1,0,0,12,3,2,1,9,10,,,1,2022,misc,Manchester United
ENG-Premier League,2022/23,Manchester Utd,Scott McTominay,SCO,MF,25,1996,12.9,8,0,0,28,16,0,4,10,20,,,0,2022,misc,Manchester United
ENG-Premier League,2022/23,Manchester Utd,Tyrell Malacia,NED,DF,22,1999,15.5,6,0,0,39,13,3,15,24,33,,,0,2022,misc,Manchester United
ENG-Premier League,2022/23,Manchester Utd,Victor Lindelöf,SWE,DF,28,1994,15.2,1,0,0,10,4,0,1,19,17,,,0,2022,misc,Manchester United
ENG-Premier League,2022/23,Manchester Utd,Wout Weghorst,NED,"FW,MF",29,1992,8.9,1,0,0,14,9,5,0,6,5,,,0,2022,misc,Manchester United
ENG-Premier League,2022/23,Newcastle,Alexander Isak,SWE,FW,22,1999,16.9,3,0,0,19,16,5,8,4,8,,,0,2022,misc,Newcastle United
ENG-Premier League,2022/23,Newcastle,Allan Saint-Maximin,FRA,FW,25,1997,12.4,1,0,0,6,16,2,32,4,4,,,0,2022,misc,Newcastle United
ENG-Premier League,2022/23,Newcastle,Anthony Gordon,ENG,"FW,MF",21,2001,5.4,1,0,0,7,8,1,10,1,11,,,0,2022,misc,Newcastle United
ENG-Premier League,2022/23,Newcastle,Bruno Guimarães,BRA,MF,24,1997,30.3,7,0,0,45,84,2,22,36,43,,,0,2022,misc,Newcastle United
ENG-Premier League,2022/23,Newcastle,Callum Wilson,ENG,FW,30,1992,20.9,4,0,0,21,30,15,6,1,3,,,0,2022,misc,Newcastle United
ENG-Premier League,2022/23,Newcastle,Chris Wood,NZL,FW,30,1991,5.0,0,0,0,4,4,3,0,1,4,,,0,2022,misc,Newcastle United
ENG-Premier League,2022/23,Newcastle,Dan Burn,ENG,DF,30,1992,34.6,5,0,0,35,4,7,17,29,38,,,0,2022,misc,Newcastle United
ENG-Premier League,2022/23,Newcastle,Elliot Anderson,ENG,MF,19,2002,4.6,0,0,0,6,10,1,9,5,5,,,0,2022,misc,Newcastle United
ENG-Premier League,2022/23,Newcastle,Emil Krafth,SWE,DF,27,1994,0.0,0,0,0,0,0,0,0,0,0,,,0,2022,misc,Newcastle United
ENG-Premier League,2022/23,Newcastle,Fabian Schär,SUI,DF,30,1991,35.6,7,0,0,20,27,6,19,51,21,,,1,2022,misc,Newcastle United
ENG-Premier League,2022/23,Newcastle,Jacob Murphy,ENG,FW,27,1995,13.9,0,0,0,8,13,2,54,6,9,,,0,2022,misc,Newcastle United
ENG-Premier League,2022/23,Newcastle,Jamaal Lascelles,ENG,DF,28,1993,2.4,4,0,0,6,2,0,0,0,0,,,0,2022,misc,Newcastle United
ENG-Premier League,2022/23,Newcastle,Jamal Lewis,NIR,"DF,MF",24,1998,0.1,0,0,0,0,0,0,0,0,0,,,0,2022,misc,Newcastle United
ENG-Premier League,2022/23,Newcastle,Javier Manquillo,ESP,DF,28,1994,0.4,0,0,0,0,0,0,1,1,2,,,0,2022,misc,Newcastle United
ENG-Premier League,2022/23,Newcastle,Joe Willock,ENG,MF,22,1999,28.4,1,0,0,35,23,4,51,27,30,,,0,2022,misc,Newcastle United
ENG-Premier League,2022/23,Newcastle,Joelinton,BRA,"MF,FW",25,1996,29.6,12,0,0,65,34,1,16,46,49,,,0,2022,misc,Newcastle United
ENG-Premier League,2022/23,Newcastle,Jonjo Shelvey,ENG,MF,30,1992,0.4,0,0,0,1,0,0,0,0,0,,,0,2022,misc,Newcastle United
ENG-Premier League,2022/23,Newcastle,Kieran Trippier,ENG,DF,31,1990,37.1,5,0,0,47,28,7,397,43,48,,,1,2022,misc,Newcastle United
ENG-Premier League,2022/23,Newcastle,Lewis Miley,ENG,MF,16,2006,0.2,0,0,0,0,0,0,0,0,0,,,0,2022,misc,Newcastle United
ENG-Premier League,2022/23,Newcastle,Martin Dúbravka,SVK,GK,33,1989,1.7,0,0,0,0,0,0,0,0,0,,,0,2022,misc,Newcastle United
ENG-Premier League,2022/23,Newcastle,Matt Ritchie,SCO,"DF,MF",32,1989,0.4,0,0,0,0,0,0,2,1,0,,,0,2022,misc,Newcastle United
ENG-Premier League,2022/23,Newcastle,Matt Targett,ENG,DF,26,1995,6.8,1,0,0,10,3,0,34,10,10,,,0,2022,misc,Newcastle United
ENG-Premier League,2022/23,Newcastle,Miguel Almirón,PAR,FW,28,1994,27.7,2,0,0,22,33,9,26,10,29,,,0,2022,misc,Newcastle United
ENG-Premier League,2022/23,Newcastle,Nick Pope,ENG,GK,30,1992,36.2,3,1,0,1,2,0,0,0,0,,,0,2022,misc,Newcastle United
ENG-Premier League,2022/23,Newcastle,Ryan Fraser,SCO,FW,28,1994,3.5,1,0,0,3,10,1,12,0,2,,,0,2022,misc,Newcastle United
ENG-Premier League,2022/23,Newcastle,Sean Longstaff,ENG,MF,24,1997,28.0,2,0,0,29,39,5,30,16,24,,,0,2022,misc,Newcastle United
ENG-Premier League,2022/23,Newcastle,Sven Botman,NED,DF,22,2000,34.7,2,0,0,15,12,2,1,34,26,,,0,2022,misc,Newcastle United
ENG-Premier League,2022/23,Nottingham,Alex Mighten,ENG,"FW,MF",20,2002,0.1,0,0,0,0,1,0,0,0,0,,,0,2022,misc,Nottingham Forest
ENG-Premier League,2022/23,Nottingham,André Ayew,GHA,FW,32,1989,3.5,1,0,0,3,8,1,1,0,3,,,0,2022,misc,Nottingham Forest
ENG-Premier League,2022/23,Nottingham,Brennan Johnson,WAL,"FW,MF",21,2001,32.6,6,0,0,37,21,18,58,4,18,,,0,2022,misc,Nottingham Forest
ENG-Premier League,2022/23,Nottingham,Cafú,POR,MF,29,1993,0.1,0,0,0,0,0,0,0,0,0,,,0,2022,misc,Nottingham Forest
ENG-Premier League,2022/23,Nottingham,Cheikhou Kouyaté,SEN,"MF,DF",32,1989,9.8,3,0,0,21,12,1,0,10,22,,,0,2022,misc,Nottingham Forest
ENG-Premier League,2022/23,Nottingham,Chris Wood,NZL,FW,30,1991,4.1,0,0,0,2,3,3,0,1,0,,,0,2022,misc,Nottingham Forest
ENG-Premier League,2022/23,Nottingham,Danilo Santos,BRA,MF,21,2001,10.8,1,0,0,4,3,2,3,10,6,,,0,2022,misc,Nottingham Forest
ENG-Premier League,2022/23,Nottingham,Dean Henderson,ENG,GK,25,1997,18.0,2,0,0,1,1,0,0,0,0,,,0,2022,misc,Nottingham Forest
ENG-Premier League,2022/23,Nottingham,Emmanuel Dennis,NGA,"MF,FW",24,1997,8.0,3,0,0,15,29,4,11,2,12,,,0,2022,misc,Nottingham Forest
ENG-Premier League,2022/23,Nottingham,Felipe,BRA,DF,33,1989,15.8,4,0,0,15,12,4,2,38,23,,,0,2022,misc,Nottingham Forest
ENG-Premier League,2022/23,Nottingham,Giulian Biancone,FRA,"DF,MF",22,2000,0.2,0,0,0,0,0,0,1,1,1,,,0,2022,misc,Nottingham Forest
ENG-Premier League,2022/23,Nottingham,Gustavo Scarpa,BRA,MF,28,1994,2.0,1,0,0,4,8,0,4,0,2,,,0,2022,misc,Nottingham Forest
ENG-Premier League,2022/23,Nottingham,Harry Toffolo,ENG,"DF,MF",26,1995,10.4,2,0,0,10,5,0,29,7,8,,,0,2022,misc,Nottingham Forest
ENG-Premier League,2022/23,Nottingham,Jack Colback,ENG,MF,32,1989,5.5,0,0,0,9,8,0,1,2,14,,,0,2022,misc,Nottingham Forest
ENG-Premier League,2022/23,Nottingham,Jesse Lingard,ENG,"MF,FW",29,1992,10.3,1,0,0,8,9,2,4,4,5,,,0,2022,misc,Nottingham Forest
ENG-Premier League,2022/23,Nottingham,Joe Worrall,ENG,DF,25,1997,24.7,6,0,0,26,4,0,4,26,26,,,0,2022,misc,Nottingham Forest
ENG-Premier League,2022/23,Nottingham,Jonjo Shelvey,ENG,MF,30,1992,6.0,2,0,0,9,1,0,13,5,1,,,0,2022,misc,Nottingham Forest
ENG-Premier League,2022/23,Nottingham,Keylor Navas,CRC,GK,35,1986,17.0,2,0,0,0,0,0,0,1,0,,,0,2022,misc,Nottingham Forest
ENG-Premier League,2022/23,Nottingham,Lewis O'Brien,ENG,MF,23,1998,6.5,2,0,0,5,16,0,4,6,7,,,0,2022,misc,Nottingham Forest
ENG-Premier League,2022/23,Nottingham,Morgan Gibbs-White,ENG,"MF,FW",22,2000,33.0,5,0,0,32,28,6,163,13,14,,,0,2022,misc,Nottingham Forest
ENG-Premier League,2022/23,Nottingham,Moussa Niakhaté,SEN,DF,26,1996,12.9,1,0,0,12,6,0,2,20,9,,,0,2022,misc,Nottingham Forest
ENG-Premier League,2022/23,Nottingham,Neco Williams,WAL,"DF,MF",21,2001,20.9,7,0,0,33,28,3,89,31,47,,,0,2022,misc,Nottingham Forest
ENG-Premier League,2022/23,Nottingham,Orel Mangala,BEL,MF,24,1998,17.2,3,0,0,22,23,0,6,24,19,,,0,2022,misc,Nottingham Forest
ENG-Premier League,2022/23,Nottingham,Remo Freuler,SUI,MF,30,1992,24.0,4,0,0,24,12,0,5,29,26,,,0,2022,misc,Nottingham Forest
ENG-Premier League,2022/23,Nottingham,Renan Lodi,BRA,"DF,MF",24,1998,24.6,7,0,0,28,42,2,75,33,41,,,0,2022,misc,Nottingham Forest
ENG-Premier League,2022/23,Nottingham,Ryan Yates,ENG,MF,24,1997,20.4,5,0,0,51,53,1,8,10,19,,,0,2022,misc,Nottingham Forest
ENG-Premier League,2022/23,Nottingham,Sam Surridge,ENG,FW,24,1998,3.6,2,0,0,12,10,3,3,0,2,,,0,2022,misc,Nottingham Forest
ENG-Premier League,2022/23,Nottingham,Scott McKenna,SCO,DF,25,1996,17.5,4,0,0,8,3,0,2,11,8,,,0,2022,misc,Nottingham Forest
ENG-Premier League,2022/23,Nottingham,Serge Aurier,CIV,"DF,MF",29,1992,21.6,2,0,0,18,19,0,38,27,41,,,0,2022,misc,Nottingham Forest
ENG-Premier League,2022/23,Nottingham,Steve Cook,ENG,DF,31,1991,10.6,4,0,0,5,2,0,1,12,4,,,0,2022,misc,Nottingham Forest
ENG-Premier League,2022/23,Nottingham,Taiwo Awoniyi,NGA,FW,24,1997,15.6,2,0,0,25,19,14,3,3,10,,,0,2022,misc,Nottingham Forest
ENG-Premier League,2022/23,Nottingham,Wayne Hennessey,WAL,GK,35,1987,3.0,0,0,0,0,1,0,0,0,0,,,0,2022,misc,Nottingham Forest
ENG-Premier League,2022/23,Nottingham,Willy Boly,CIV,DF,31,1991,7.6,2,0,0,5,5,3,0,11,6,,,0,2022,misc,Nottingham Forest
ENG-Premier League,2022/23,Southampton,Adam Armstrong,ENG,"MF,FW",25,1997,14.8,2,0,0,17,9,2,14,3,9,,,0,2022,misc,Southampton
ENG-Premier League,2022/23,Southampton,Ainsley Maitland-Niles,ENG,"DF,MF",24,1997,15.6,3,0,0,13,8,0,20,22,24,,,0,2022,misc,Southampton
ENG-Premier League,2022/23,Southampton,Alex McCarthy,ENG,GK,32,1989,6.0,0,0,0,0,1,0,0,1,0,,,0,2022,misc,Southampton
ENG-Premier League,2022/23,Southampton,Armel Bella Kotchap,GER,DF,20,2001,20.9,4,0,0,9,33,0,4,44,18,,,0,2022,misc,Southampton
ENG-Premier League,2022/23,Southampton,Carlos Alcaraz,ARG,"MF,FW",19,2002,11.4,3,0,0,15,17,2,4,1,5,,,0,2022,misc,Southampton
ENG-Premier League,2022/23,Southampton,Ché Adams,SCO,FW,26,1996,22.1,1,0,0,39,27,14,12,4,13,,,0,2022,misc,Southampton
ENG-Premier League,2022/23,Southampton,Dominic Ballard,ENG,FW,17,2005,0.3,0,0,0,0,0,0,0,1,0,,,0,2022,misc,Southampton
ENG-Premier League,2022/23,Southampton,Duje Ćaleta-Car,CRO,DF,25,1996,10.5,2,0,0,9,1,0,1,15,11,,,0,2022,misc,Southampton
ENG-Premier League,2022/23,Southampton,Gavin Bazunu,IRL,GK,20,2002,32.0,0,0,0,1,2,0,0,1,0,,,0,2022,misc,Southampton
ENG-Premier League,2022/23,Southampton,Ibrahima Diallo,FRA,MF,23,1999,9.1,4,0,0,18,7,0,4,7,15,,,0,2022,misc,Southampton
ENG-Premier League,2022/23,Southampton,Jack Stephens,ENG,DF,28,1994,0.5,0,0,0,1,0,0,0,1,2,,,0,2022,misc,Southampton
ENG-Premier League,2022/23,Southampton,James Bree,ENG,DF,24,1997,4.1,1,0,0,1,0,0,13,6,3,,,0,2022,misc,Southampton
ENG-Premier League,2022/23,Southampton,James Ward-Prowse,ENG,MF,27,1994,37.5,6,0,0,34,19,0,243,52,37,,,1,2022,misc,Southampton
ENG-Premier League,2022/23,Southampton,Jan Bednarek,POL,DF,26,1996,18.6,5,0,0,14,7,0,1,45,19,,,1,2022,misc,Southampton
ENG-Premier League,2022/23,Southampton,Joe Aribo,NGA,"MF,FW",26,1996,13.6,2,0,0,10,13,0,8,10,19,,,0,2022,misc,Southampton
ENG-Premier League,2022/23,Southampton,Juan Larios,ESP,DF,18,2004,1.7,0,0,0,1,0,0,4,2,6,,,0,2022,misc,Southampton
ENG-Premier League,2022/23,Southampton,Kamaldeen Sulemana,GHA,"FW,MF",20,2002,10.7,1,0,0,9,12,2,18,6,9,,,0,2022,misc,Southampton
ENG-Premier League,2022/23,Southampton,Kami Doyle,ENG,MF,16,2005,0.1,0,0,0,0,0,0,0,0,0,,,0,2022,misc,Southampton
ENG-Premier League,2022/23,Southampton,Kyle Walker-Peters,ENG,"DF,MF",25,1997,29.4,4,0,0,25,41,1,51,28,34,,,0,2022,misc,Southampton
ENG-Premier League,2022/23,Southampton,Lyanco,BRA,DF,25,1997,13.1,4,0,0,16,10,1,7,20,17,,,0,2022,misc,Southampton
ENG-Premier League,2022/23,Southampton,Mislav Oršić,CRO,"FW,MF",29,1992,0.1,0,0,0,0,0,1,0,0,1,,,0,2022,misc,Southampton
ENG-Premier League,2022/23,Southampton,Mohamed Elyounoussi,NOR,MF,27,1994,24.1,4,0,0,42,17,3,34,25,30,,,0,2022,misc,Southampton
ENG-Premier League,2022/23,Southampton,Mohammed Salisu,GHA,DF,23,1999,21.9,5,0,0,26,3,1,13,30,31,,,1,2022,misc,Southampton
ENG-Premier League,2022/23,Southampton,Moussa Djenepo,MLI,"DF,MF",24,1998,7.9,1,0,0,11,19,1,11,12,11,,,0,2022,misc,Southampton
ENG-Premier League,2022/23,Southampton,Nathan Redmond,ENG,"FW,MF",28,1994,0.0,0,0,0,0,0,0,1,0,0,,,0,2022,misc,Southampton
ENG-Premier League,2022/23,Southampton,Oriol Romeu,ESP,MF,30,1991,0.8,0,0,0,1,2,0,1,1,0,,,0,2022,misc,Southampton
ENG-Premier League,2022/23,Southampton,Paul Onuachu,NGA,FW,28,1994,4.5,0,0,0,14,5,6,0,0,2,,,0,2022,misc,Southampton
ENG-Premier League,2022/23,Southampton,Romain Perraud,FRA,DF,24,1997,20.4,4,0,0,31,17,3,77,21,33,,,1,2022,misc,Southampton
ENG-Premier League,2022/23,Southampton,Roméo Lavia,BEL,MF,18,2004,24.7,9,0,0,28,48,0,2,33,35,,,0,2022,misc,Southampton
ENG-Premier League,2022/23,Southampton,Samuel Amo-Ameyaw,ENG,"FW,MF",16,2006,0.0,0,0,0,0,0,0,0,0,0,,,0,2022,misc,Southampton
ENG-Premier League,2022/23,Southampton,Samuel Edozie,ENG,"MF,FW",19,2003,6.3,0,0,0,1,22,1,11,5,11,,,0,2022,misc,Southampton
ENG-Premier League,2022/23,Southampton,Sekou Mara,FRA,FW,20,2002,6.2,1,0,0,20,6,3,1,1,9,,,0,2022,misc,Southampton
ENG-Premier League,2022/23,Southampton,Stuart Armstrong,SCO,MF,30,1992,15.6,6,0,0,17,20,1,38,10,21,,,0,2022,misc,Southampton
ENG-Premier League,2022/23,Southampton,Theo Walcott,ENG,"MF,FW",33,1989,12.5,1,0,0,7,10,15,20,9,6,,,1,2022,misc,Southampton
ENG-Premier League,2022/23,Southampton,Tino Livramento,ENG,"DF,MF",19,2002,0.3,0,0,0,0,2,0,0,2,1,,,0,2022,misc,Southampton
ENG-Premier League,2022/23,Southampton,Yan Valery,TUN,DF,23,1999,0.5,0,0,0,0,0,0,1,0,0,,,0,2022,misc,Southampton
ENG-Premier League,2022/23,Tottenham,Arnaut Danjuma,NED,MF,25,1997,1.9,0,0,0,0,1,1,2,0,0,,,0,2022,misc,Tottenham Hotspur
ENG-Premier League,2022/23,Tottenham,Ben Davies,WAL,"DF,MF",29,1993,25.4,4,0,0,30,17,1,36,19,12,,,0,2022,misc,Tottenham Hotspur
ENG-Premier League,2022/23,Tottenham,Bryan Gil,ESP,"MF,FW",21,2001,1.6,1,0,0,2,2,1,2,1,1,,,0,2022,misc,Tottenham Hotspur
ENG-Premier League,2022/23,Tottenham,Clément Lenglet,FRA,DF,27,1995,22.4,4,0,0,22,17,0,16,20,24,,,0,2022,misc,Tottenham Hotspur
ENG-Premier League,2022/23,Tottenham,Cristian Romero,ARG,DF,24,1998,26.3,11,1,1,42,12,0,0,37,38,,,0,2022,misc,Tottenham Hotspur
ENG-Premier League,2022/23,Tottenham,Davinson Sánchez,COL,DF,26,1996,9.5,1,0,0,7,4,1,2,12,10,,,0,2022,misc,Tottenham Hotspur
ENG-Premier League,2022/23,Tottenham,Dejan Kulusevski,SWE,"MF,FW",22,2000,23.0,2,0,0,36,25,3,62,12,16,,,0,2022,misc,Tottenham Hotspur
ENG-Premier League,2022/23,Tottenham,Djed Spence,ENG,"DF,MF",21,2000,0.1,0,0,0,0,0,0,0,0,0,,,0,2022,misc,Tottenham Hotspur
ENG-Premier League,2022/23,Tottenham,Emerson,BRA,"MF,DF",23,1999,19.3,2,1,0,21,33,0,47,18,36,,,0,2022,misc,Tottenham Hotspur
ENG-Premier League,2022/23,Tottenham,Eric Dier,ENG,DF,28,1994,31.3,3,0,0,25,10,1,12,33,20,,,0,2022,misc,Tottenham Hotspur
ENG-Premier League,2022/23,Tottenham,Fraser Forster,ENG,GK,34,1988,13.5,1,0,0,0,2,0,0,0,0,,,0,2022,misc,Tottenham Hotspur
ENG-Premier League,2022/23,Tottenham,George Abbott,ENG,MF,16,2005,0.0,0,0,0,0,0,0,0,1,0,,,0,2022,misc,Tottenham Hotspur
ENG-Premier League,2022/23,Tottenham,Harry Kane,ENG,FW,29,1993,37.8,6,0,0,32,56,15,37,2,12,,,0,2022,misc,Tottenham Hotspur
ENG-Premier League,2022/23,Tottenham,Harvey White,ENG,MF,20,2001,0.1,0,0,0,0,0,0,3,0,0,,,0,2022,misc,Tottenham Hotspur
ENG-Premier League,2022/23,Tottenham,Hugo Lloris,FRA,GK,35,1986,24.5,0,0,0,0,2,0,0,0,1,,,1,2022,misc,Tottenham Hotspur
ENG-Premier League,2022/23,Tottenham,Ivan Perišić,CRO,MF,33,1989,23.4,6,0,0,31,8,6,196,21,24,,,0,2022,misc,Tottenham Hotspur
ENG-Premier League,2022/23,Tottenham,Japhet Tanganga,ENG,DF,23,1999,1.6,0,0,0,3,3,0,1,2,2,,,0,2022,misc,Tottenham Hotspur
ENG-Premier League,2022/23,Tottenham,Lucas Moura,BRA,"FW,MF",29,1992,1.7,0,1,0,3,3,0,9,2,5,,,0,2022,misc,Tottenham Hotspur
ENG-Premier League,2022/23,Tottenham,Matt Doherty,IRL,MF,30,1992,7.4,0,0,0,11,4,0,18,7,11,,,0,2022,misc,Tottenham Hotspur
ENG-Premier League,2022/23,Tottenham,Matthew Craig,SCO,MF,19,2003,0.2,0,0,0,0,0,0,0,0,1,,,0,2022,misc,Tottenham Hotspur
ENG-Premier League,2022/23,Tottenham,Oliver Skipp,ENG,MF,21,2000,16.6,7,0,0,23,17,0,10,17,16,,,0,2022,misc,Tottenham Hotspur
ENG-Premier League,2022/23,Tottenham,Pape Matar Sarr,SEN,MF,19,2002,2.4,1,0,0,4,3,0,1,6,6,,,0,2022,misc,Tottenham Hotspur
ENG-Premier League,2022/23,Tottenham,Pedro Porro,ESP,MF,22,1999,12.6,0,0,0,12,16,1,78,17,16,,,0,2022,misc,Tottenham Hotspur
ENG-Premier League,2022/23,Tottenham,Pierre Højbjerg,DEN,MF,26,1995,34.8,5,0,0,38,36,1,15,47,31,,,0,2022,misc,Tottenham Hotspur
ENG-Premier League,2022/23,Tottenham,Richarlison,BRA,"MF,FW",25,1997,11.2,3,0,0,13,22,9,16,5,16,,,0,2022,misc,Tottenham Hotspur
ENG-Premier League,2022/23,Tottenham,Rodrigo Bentancur,URU,MF,25,1997,16.7,8,0,0,23,8,0,16,19,28,,,0,2022,misc,Tottenham Hotspur
ENG-Premier League,2022/23,Tottenham,Ryan Sessegnon,ENG,"MF,DF",22,2000,9.0,4,0,0,15,6,6,29,6,12,,,0,2022,misc,Tottenham Hotspur
ENG-Premier League,2022/23,Tottenham,Son Heung-min,KOR,"MF,FW",30,1992,32.1,2,0,0,13,36,18,114,13,12,,,0,2022,misc,Tottenham Hotspur
ENG-Premier League,2022/23,Tottenham,Yves Bissouma,MLI,MF,25,1996,11.2,6,0,0,17,9,1,2,12,13,,,0,2022,misc,Tottenham Hotspur
ENG-Premier League,2022/23,West Ham,Aaron Cresswell,ENG,DF,32,1989,24.8,3,0,0,9,9,2,133,27,12,,,0,2022,misc,West Ham United
ENG-Premier League,2022/23,West Ham,Alphonse Areola,FRA,GK,29,1993,3.4,0,0,0,1,0,0,0,0,0,,,0,2022,misc,West Ham United
ENG-Premier League,2022/23,West Ham,Angelo Ogbonna,ITA,DF,34,1988,13.7,0,0,0,2,4,0,0,18,4,,,0,2022,misc,West Ham United
ENG-Premier League,2022/23,West Ham,Ben Johnson,ENG,"DF,MF",22,2000,9.6,0,0,0,3,5,1,16,8,15,,,0,2022,misc,West Ham United
ENG-Premier League,2022/23,West Ham,Conor Coventry,IRL,MF,22,2000,0.0,0,0,0,0,0,0,0,0,0,,,0,2022,misc,West Ham United
ENG-Premier League,2022/23,West Ham,Craig Dawson,ENG,DF,32,1990,8.0,2,0,0,6,3,0,2,6,6,,,0,2022,misc,West Ham United
ENG-Premier League,2022/23,West Ham,Danny Ings,ENG,FW,30,1992,8.6,1,0,0,8,9,5,0,3,8,,,0,2022,misc,West Ham United
ENG-Premier League,2022/23,West Ham,Declan Rice,ENG,MF,23,1999,36.4,5,0,0,24,11,1,44,62,36,,,0,2022,misc,West Ham United
ENG-Premier League,2022/23,West Ham,Divin Mubama,ENG,FW,17,2004,0.4,0,0,0,3,1,0,0,0,1,,,0,2022,misc,West Ham United
ENG-Premier League,2022/23,West Ham,Emerson Palmieri,ITA,"MF,DF",27,1994,14.7,2,0,0,12,15,0,47,14,14,,,0,2022,misc,West Ham United
ENG-Premier League,2022/23,West Ham,Flynn Downes,ENG,MF,23,1999,8.5,2,0,0,8,12,0,3,7,8,,,0,2022,misc,West Ham United
ENG-Premier League,2022/23,West Ham,Gianluca Scamacca,ITA,FW,23,1999,10.3,3,0,0,16,10,6,1,5,4,,,0,2022,misc,West Ham United
ENG-Premier League,2022/23,West Ham,Jarrod Bowen,ENG,"MF,FW",25,1996,35.9,2,0,0,26,69,10,158,35,17,,,0,2022,misc,West Ham United
ENG-Premier League,2022/23,West Ham,Kurt Zouma,FRA,DF,27,1994,22.1,0,0,0,14,6,0,0,28,4,,,0,2022,misc,West Ham United
ENG-Premier League,2022/23,West Ham,Lucas Paquetá,BRA,MF,24,1997,23.9,5,0,0,49,30,1,22,15,53,,,0,2022,misc,West Ham United
ENG-Premier League,2022/23,West Ham,Manuel Lanzini,ARG,MF,29,1993,2.8,0,0,0,1,2,2,2,2,2,,,0,2022,misc,West Ham United
ENG-Premier League,2022/23,West Ham,Maxwel Cornet,CIV,MF,25,1996,2.7,0,0,0,2,2,9,6,2,3,,,0,2022,misc,West Ham United
ENG-Premier League,2022/23,West Ham,Michail Antonio,JAM,FW,32,1990,20.3,2,0,0,28,44,12,35,5,7,,,0,2022,misc,West Ham United
ENG-Premier League,2022/23,West Ham,Nayef Aguerd,MAR,DF,26,1996,17.7,4,0,0,8,8,2,0,19,20,,,0,2022,misc,West Ham United
ENG-Premier League,2022/23,West Ham,Pablo Fornals,ESP,MF,26,1996,16.7,0,0,0,14,7,1,59,14,14,,,0,2022,misc,West Ham United
ENG-Premier League,2022/23,West Ham,Saïd Benrahma,ALG,"MF,FW",26,1995,23.0,0,0,0,16,15,7,83,9,13,,,0,2022,misc,West Ham United
ENG-Premier League,2022/23,West Ham,Thilo Kehrer,GER,DF,25,1996,24.8,4,0,0,32,12,0,23,35,21,,,1,2022,misc,West Ham United
ENG-Premier League,2022/23,West Ham,Tomáš Souček,CZE,MF,27,1995,31.3,3,0,0,50,16,2,21,58,41,,,0,2022,misc,West Ham United
ENG-Premier League,2022/23,West Ham,Vladimír Coufal,CZE,"DF,MF",29,1992,23.7,5,0,0,30,21,1,113,36,30,,,0,2022,misc,West Ham United
ENG-Premier League,2022/23,West Ham,Łukasz Fabiański,POL,GK,37,1985,34.6,1,0,0,0,4,0,0,0,0,,,0,2022,misc,West Ham United
ENG-Premier League,2022/23,Wolves,Adama Traoré,ESP,"MF,FW",26,1996,16.6,2,0,0,20,34,7,81,3,7,,,0,2022,misc,Wolverhampton Wanderers
ENG-Premier League,2022/23,Wolves,Boubacar Traoré,MLI,MF,20,2001,4.6,2,0,0,10,2,0,1,7,6,,,0,2022,misc,Wolverhampton Wanderers
ENG-Premier League,2022/23,Wolves,Chem Campbell,WAL,"FW,MF",19,2002,0.8,0,0,0,0,1,0,4,1,1,,,0,2022,misc,Wolverhampton Wanderers
ENG-Premier League,2022/23,Wolves,Connor Ronan,IRL,MF,24,1998,0.0,0,0,0,0,0,0,1,0,0,,,0,2022,misc,Wolverhampton Wanderers
ENG-Premier League,2022/23,Wolves,Craig Dawson,ENG,DF,32,1990,15.7,4,0,0,11,10,0,0,13,6,,,0,2022,misc,Wolverhampton Wanderers
ENG-Premier League,2022/23,Wolves,Daniel Bentley,ENG,GK,29,1993,2.0,0,0,0,0,1,0,0,0,1,,,0,2022,misc,Wolverhampton Wanderers
ENG-Premier League,2022/23,Wolves,Daniel Podence,POR,"MF,FW",26,1995,19.7,5,0,0,26,23,4,58,7,17,,,0,2022,misc,Wolverhampton Wanderers
ENG-Premier League,2022/23,Wolves,Dexter Lembikisa,JAM,"DF,MF",18,2003,0.3,0,0,0,0,0,0,1,0,0,,,0,2022,misc,Wolverhampton Wanderers
ENG-Premier League,2022/23,Wolves,Diego Costa,ESP,FW,33,1988,13.8,5,1,0,29,10,16,6,1,1,,,0,2022,misc,Wolverhampton Wanderers
ENG-Premier League,2022/23,Wolves,Gonçalo Guedes,POR,"FW,MF",25,1996,7.9,1,0,0,11,24,5,27,1,6,,,0,2022,misc,Wolverhampton Wanderers
ENG-Premier League,2022/23,Wolves,Hugo Bueno,ESP,DF,19,2002,14.6,1,0,0,7,7,1,60,9,16,,,0,2022,misc,Wolverhampton Wanderers
ENG-Premier League,2022/23,Wolves,Hwang Hee-chan,KOR,"FW,MF",26,1996,12.6,1,0,0,20,19,1,10,3,9,,,0,2022,misc,Wolverhampton Wanderers
ENG-Premier League,2022/23,Wolves,Joe Hodge,IRL,MF,19,2002,1.9,1,0,0,2,1,0,1,0,2,,,0,2022,misc,Wolverhampton Wanderers
ENG-Premier League,2022/23,Wolves,Jonny Castro,ESP,DF,28,1994,14.0,3,1,0,13,19,1,18,13,16,,,0,2022,misc,Wolverhampton Wanderers
ENG-Premier League,2022/23,Wolves,José Sá,POR,GK,29,1993,36.0,2,0,0,1,8,0,0,0,0,,,0,2022,misc,Wolverhampton Wanderers
ENG-Premier League,2022/23,Wolves,João Gomes,BRA,MF,21,2001,7.3,5,0,0,17,15,0,8,3,14,,,0,2022,misc,Wolverhampton Wanderers
ENG-Premier League,2022/23,Wolves,João Moutinho,POR,MF,35,1986,19.8,3,0,0,31,15,1,58,18,30,,,0,2022,misc,Wolverhampton Wanderers
ENG-Premier League,2022/23,Wolves,Leander Dendoncker,BEL,MF,27,1995,2.4,0,0,0,0,0,0,1,9,2,,,0,2022,misc,Wolverhampton Wanderers
ENG-Premier League,2022/23,Wolves,Mario Lemina,GAB,MF,28,1993,14.4,4,1,1,18,9,1,3,13,25,,,0,2022,misc,Wolverhampton Wanderers
ENG-Premier League,2022/23,Wolves,Matheus Cunha,BRA,FW,23,1999,10.7,1,0,0,20,21,3,8,8,3,,,0,2022,misc,Wolverhampton Wanderers
ENG-Premier League,2022/23,Wolves,Matheus Nunes,POR,MF,23,1998,27.4,2,1,0,37,50,2,44,16,42,,,0,2022,misc,Wolverhampton Wanderers
ENG-Premier League,2022/23,Wolves,Max Kilman,ENG,DF,25,1997,36.7,3,0,0,18,12,0,5,18,21,,,0,2022,misc,Wolverhampton Wanderers
ENG-Premier League,2022/23,Wolves,Morgan Gibbs-White,ENG,MF,22,2000,2.0,1,0,0,3,4,0,8,1,1,,,0,2022,misc,Wolverhampton Wanderers
ENG-Premier League,2022/23,Wolves,Nathan Collins,IRL,DF,21,2001,20.2,2,1,0,17,8,1,0,21,14,,,0,2022,misc,Wolverhampton Wanderers
ENG-Premier League,2022/23,Wolves,Nélson Semedo,POR,DF,28,1993,29.2,11,1,0,47,25,0,60,26,42,,,0,2022,misc,Wolverhampton Wanderers
ENG-Premier League,2022/23,Wolves,Pablo Sarabia,ESP,"MF,FW",30,1992,8.5,3,0,0,13,8,3,45,1,6,,,0,2022,misc,Wolverhampton Wanderers
ENG-Premier League,2022/23,Wolves,Pedro Neto,POR,"MF,FW",22,2000,10.7,1,0,0,8,15,2,66,4,5,,,0,2022,misc,Wolverhampton Wanderers
ENG-Premier League,2022/23,Wolves,Rayan Aït-Nouri,ALG,"DF,MF",21,2001,12.0,4,0,0,15,11,3,21,11,19,,,1,2022,misc,Wolverhampton Wanderers
ENG-Premier League,2022/23,Wolves,Raúl Jiménez,MEX,FW,31,1991,9.4,0,0,0,14,14,9,5,0,4,,,0,2022,misc,Wolverhampton Wanderers
ENG-Premier League,2022/23,Wolves,Rúben Neves,POR,MF,25,1997,33.5,12,0,0,38,19,1,54,49,40,,,0,2022,misc,Wolverhampton Wanderers
ENG-Premier League,2022/23,Wolves,Saša Kalajdžić,AUT,FW,25,1997,0.5,0,0,0,0,1,0,0,1,0,,,0,2022,misc,Wolverhampton Wanderers
ENG-Premier League,2022/23,Wolves,Toti Gomes,POR,DF,23,1999,10.9,6,0,0,16,5,1,9,10,9,,,0,2022,misc,Wolverhampton Wanderers
ENG-Premier League,2023/24,Arsenal,Aaron Ramsdale,ENG,GK,25,1998,6.0,0,0,0,0,1,0,0,0,0,,,0,2023,misc,Arsenal
ENG-Premier League,2023/24,Arsenal,Ben White,ENG,DF,25,1997,33.2,8,0,0,19,12,11,57,30,28,,,0,2023,misc,Arsenal
ENG-Premier League,2023/24,Arsenal,Bukayo Saka,ENG,FW,21,2001,32.4,4,0,0,41,69,8,181,16,37,,,0,2023,misc,Arsenal
ENG-Premier League,2023/24,Arsenal,Cédric Soares,POR,"DF,MF",31,1991,0.7,0,0,0,0,1,0,4,0,0,,,0,2023,misc,Arsenal
ENG-Premier League,2023/24,Arsenal,David Raya,ESP,GK,27,1995,32.0,2,0,0,0,4,0,0,0,1,,,0,2023,misc,Arsenal
ENG-Premier League,2023/24,Arsenal,Declan Rice,ENG,MF,24,1999,35.8,5,0,0,34,14,2,61,44,50,,,0,2023,misc,Arsenal
ENG-Premier League,2023/24,Arsenal,Eddie Nketiah,ENG,FW,24,1999,12.0,3,0,0,24,28,8,5,4,7,,,0,2023,misc,Arsenal
ENG-Premier League,2023/24,Arsenal,Emile Smith Rowe,ENG,MF,23,2000,3.9,0,0,0,5,2,0,1,3,1,,,0,2023,misc,Arsenal
ENG-Premier League,2023/24,Arsenal,Ethan Nwaneri,ENG,MF,16,2007,0.2,0,0,0,1,1,0,0,0,0,,,0,2023,misc,Arsenal
ENG-Premier League,2023/24,Arsenal,Fabio Vieira,POR,MF,23,2000,3.3,0,1,0,8,10,2,15,2,2,,,0,2023,misc,Arsenal
ENG-Premier League,2023/24,Arsenal,Gabriel Jesus,BRA,FW,26,1997,16.4,6,0,0,26,32,16,9,13,17,,,0,2023,misc,Arsenal
ENG-Premier League,2023/24,Arsenal,Gabriel Magalhães,BRA,DF,25,1997,33.8,4,0,0,35,33,0,4,29,29,,,1,2023,misc,Arsenal
ENG-Premier League,2023/24,Arsenal,Gabriel Martinelli,BRA,FW,22,2001,22.4,1,0,0,23,24,10,109,4,23,,,0,2023,misc,Arsenal
ENG-Premier League,2023/24,Arsenal,Jakub Kiwior,POL,DF,23,2000,10.5,1,0,0,10,3,0,12,7,13,,,0,2023,misc,Arsenal
ENG-Premier League,2023/24,Arsenal,Jorginho,ITA,MF,31,1991,10.2,1,0,0,9,15,0,3,11,10,,,0,2023,misc,Arsenal
ENG-Premier League,2023/24,Arsenal,Jurriën Timber,NED,DF,22,2001,0.8,2,0,0,3,0,1,1,0,2,,,0,2023,misc,Arsenal
ENG-Premier League,2023/24,Arsenal,Kai Havertz,GER,"MF,FW",24,1999,29.3,11,0,0,49,44,15,11,18,17,,,0,2023,misc,Arsenal
ENG-Premier League,2023/24,Arsenal,Leandro Trossard,BEL,"FW,MF",28,1994,18.3,2,0,0,15,20,9,57,8,14,,,0,2023,misc,Arsenal
ENG-Premier League,2023/24,Arsenal,Martin Ødegaard,NOR,MF,24,1998,34.3,2,0,0,30,36,3,77,14,18,,,0,2023,misc,Arsenal
ENG-Premier League,2023/24,Arsenal,Mohamed Elneny,EGY,MF,31,1992,0.3,0,0,0,1,0,0,0,1,0,,,0,2023,misc,Arsenal
ENG-Premier League,2023/24,Arsenal,Oleksandr Zinchenko,UKR,DF,26,1996,19.1,2,0,0,7,9,1,30,19,30,,,0,2023,misc,Arsenal
ENG-Premier League,2023/24,Arsenal,Reiss Nelson,ENG,FW,23,1999,3.0,1,0,0,5,6,0,14,1,5,,,0,2023,misc,Arsenal
ENG-Premier League,2023/24,Arsenal,Takehiro Tomiyasu,JPN,DF,24,1998,12.8,2,1,1,14,8,1,14,18,8,,,0,2023,misc,Arsenal
ENG-Premier League,2023/24,Arsenal,Thomas Partey,GHA,"MF,DF",30,1993,8.8,3,0,0,10,6,0,2,10,11,,,0,2023,misc,Arsenal
ENG-Premier League,2023/24,Arsenal,William Saliba,FRA,DF,22,2001,38.0,4,0,0,22,16,0,3,29,26,,,0,2023,misc,Arsenal
ENG-Premier League,2023/24,Aston Villa,Bertrand Traoré,BFA,"FW,MF",27,1995,0.1,0,0,0,0,0,0,0,0,1,,,0,2023,misc,Aston Villa
ENG-Premier League,2023/24,Aston Villa,Boubacar Kamara,FRA,MF,23,1999,18.4,7,1,0,35,29,0,2,20,30,,,0,2023,misc,Aston Villa
ENG-Premier League,2023/24,Aston Villa,Calum Chambers,ENG,MF,28,1995,1.7,1,0,0,3,1,0,0,2,0,,,0,2023,misc,Aston Villa
ENG-Premier League,2023/24,Aston Villa,Cameron Archer,ENG,"FW,MF",22,2001,0.1,1,0,0,1,0,0,0,0,0,,,0,2023,misc,Aston Villa
ENG-Premier League,2023/24,Aston Villa,Clément Lenglet,FRA,DF,28,1995,12.8,3,0,0,3,12,0,3,8,9,,,0,2023,misc,Aston Villa
ENG-Premier League,2023/24,Aston Villa,Diego Carlos,BRA,DF,30,1993,20.2,4,0,0,26,4,1,1,12,16,,,0,2023,misc,Aston Villa
ENG-Premier League,2023/24,Aston Villa,Douglas Luiz,BRA,MF,25,1998,33.3,12,0,0,51,41,0,116,22,37,,,0,2023,misc,Aston Villa
ENG-Premier League,2023/24,Aston Villa,Emiliano Martínez,ARG,GK,30,1992,33.5,4,0,0,1,7,0,0,0,0,,,2,2023,misc,Aston Villa
ENG-Premier League,2023/24,Aston Villa,Ezri Konsa,ENG,DF,25,1997,34.1,5,0,0,15,64,0,18,26,33,,,0,2023,misc,Aston Villa
ENG-Premier League,2023/24,Aston Villa,Finley Munroe,ENG,DF,18,2005,0.0,0,0,0,0,0,0,0,0,0,,,0,2023,misc,Aston Villa
ENG-Premier League,2023/24,Aston Villa,Jacob Ramsey,ENG,MF,22,2001,9.5,2,0,0,7,12,0,11,3,8,,,0,2023,misc,Aston Villa
ENG-Premier League,2023/24,Aston Villa,Jaden Philogene Bidace,ENG,"FW,MF",21,2002,0.0,0,0,0,0,0,0,0,0,0,,,0,2023,misc,Aston Villa
ENG-Premier League,2023/24,Aston Villa,John McGinn,SCO,MF,28,1994,33.3,9,1,0,39,69,2,77,20,34,,,0,2023,misc,Aston Villa
ENG-Premier League,2023/24,Aston Villa,Jáder Durán,COL,FW,19,2003,5.3,5,0,0,12,8,4,6,1,5,,,0,2023,misc,Aston Villa
ENG-Premier League,2023/24,Aston Villa,Kaine Kesler-Hayden,ENG,"DF,MF",20,2002,0.1,0,0,0,0,0,0,0,0,0,,,0,2023,misc,Aston Villa
ENG-Premier League,2023/24,Aston Villa,Leander Dendoncker,BEL,MF,28,1995,1.3,0,0,0,1,1,0,0,2,4,,,0,2023,misc,Aston Villa
ENG-Premier League,2023/24,Aston Villa,Leon Bailey,JAM,MF,25,1997,23.0,5,0,0,26,26,11,77,9,8,,,0,2023,misc,Aston Villa
ENG-Premier League,2023/24,Aston Villa,Lucas Digne,FRA,DF,30,1993,26.8,7,0,0,30,29,2,151,25,21,,,0,2023,misc,Aston Villa
ENG-Premier League,2023/24,Aston Villa,Matty Cash,POL,"DF,MF",25,1997,23.8,8,0,0,30,22,0,38,18,30,,,1,2023,misc,Aston Villa
ENG-Premier League,2023/24,Aston Villa,Morgan Rogers,ENG,MF,21,2002,7.1,3,0,0,12,9,0,2,3,1,,,0,2023,misc,Aston Villa
ENG-Premier League,2023/24,Aston Villa,Moussa Diaby,FRA,"MF,FW",24,1999,24.2,1,0,0,16,15,6,45,9,5,,,0,2023,misc,Aston Villa
ENG-Premier League,2023/24,Aston Villa,Nicolò Zaniolo,ITA,"MF,FW",24,1999,9.3,7,0,0,24,21,0,18,1,9,,,0,2023,misc,Aston Villa
ENG-Premier League,2023/24,Aston Villa,Ollie Watkins,ENG,FW,27,1995,35.7,4,0,0,22,41,17,14,4,7,,,0,2023,misc,Aston Villa
ENG-Premier League,2023/24,Aston Villa,Omari Kellyman,ENG,"FW,MF",17,2005,0.4,0,0,0,0,0,0,0,0,0,,,0,2023,misc,Aston Villa
ENG-Premier League,2023/24,Aston Villa,Pau Torres,ESP,DF,26,1997,27.4,1,0,0,17,10,2,8,11,16,,,0,2023,misc,Aston Villa
ENG-Premier League,2023/24,Aston Villa,Philippe Coutinho,BRA,"FW,MF",31,1992,0.3,0,0,0,0,1,0,0,0,0,,,0,2023,misc,Aston Villa
ENG-Premier League,2023/24,Aston Villa,Robin Olsen,SWE,GK,33,1990,4.5,0,0,0,0,2,0,0,0,0,,,0,2023,misc,Aston Villa
ENG-Premier League,2023/24,Aston Villa,Tim Iroegbunam,ENG,MF,20,2003,1.8,0,0,0,9,3,0,0,3,4,,,0,2023,misc,Aston Villa
ENG-Premier League,2023/24,Aston Villa,Tyrone Mings,ENG,DF,30,1993,0.3,0,0,0,0,0,0,0,1,0,,,0,2023,misc,Aston Villa
ENG-Premier League,2023/24,Aston Villa,Youri Tielemans,BEL,"MF,FW",26,1997,18.0,3,0,0,22,29,0,31,14,21,,,0,2023,misc,Aston Villa
ENG-Premier League,2023/24,Aston Villa,Álex Moreno,ESP,DF,30,1993,11.5,2,0,0,11,16,2,37,11,12,,,1,2023,misc,Aston Villa
ENG-Premier League,2023/24,Bournemouth,Adam Smith,ENG,DF,32,1991,23.9,6,0,0,30,22,1,39,21,23,,,0,2023,misc,AFC Bournemouth
ENG-Premier League,2023/24,Bournemouth,Alex Scott,ENG,MF,19,2003,11.3,3,0,0,19,25,1,36,11,16,,,0,2023,misc,AFC Bournemouth
ENG-Premier League,2023/24,Bournemouth,Antoine Semenyo,GHA,MF,23,2000,23.4,6,0,0,43,25,3,46,5,17,,,0,2023,misc,AFC Bournemouth
ENG-Premier League,2023/24,Bournemouth,Chris Mepham,WAL,DF,25,1997,6.9,2,0,0,15,2,0,1,5,11,,,0,2023,misc,AFC Bournemouth
ENG-Premier League,2023/24,Bournemouth,Dango Ouattara,BFA,"DF,MF",21,2002,13.7,3,0,0,15,17,4,37,21,26,,,0,2023,misc,AFC Bournemouth
ENG-Premier League,2023/24,Bournemouth,David Brooks,WAL,MF,26,1997,3.1,1,0,0,6,1,1,15,2,4,,,0,2023,misc,AFC Bournemouth
ENG-Premier League,2023/24,Bournemouth,Dominic Sadi,ENG,MF,19,2003,0.0,0,0,0,0,0,0,0,0,0,,,0,2023,misc,AFC Bournemouth
ENG-Premier League,2023/24,Bournemouth,Dominic Solanke,ENG,FW,25,1997,36.9,3,0,0,41,45,16,6,7,9,,,0,2023,misc,AFC Bournemouth
ENG-Premier League,2023/24,Bournemouth,Enes Ünal,TUR,FW,26,1997,3.6,1,0,0,10,9,6,3,1,4,,,0,2023,misc,AFC Bournemouth
ENG-Premier League,2023/24,Bournemouth,Hamed Junior Traorè,CIV,MF,23,2000,0.5,0,0,0,0,0,0,3,0,0,,,0,2023,misc,AFC Bournemouth
ENG-Premier League,2023/24,Bournemouth,Illia Zabarnyi,UKR,DF,20,2002,37.0,5,0,0,24,24,0,1,31,31,,,0,2023,misc,AFC Bournemouth
ENG-Premier League,2023/24,Bournemouth,Ionuț Radu,ROU,GK,26,1997,2.0,0,0,0,0,0,0,0,0,0,,,0,2023,misc,AFC Bournemouth
ENG-Premier League,2023/24,Bournemouth,Jaidon Anthony,ENG,MF,23,1999,1.7,1,0,0,4,2,2,2,0,1,,,0,2023,misc,AFC Bournemouth
ENG-Premier League,2023/24,Bournemouth,James Hill,ENG,DF,21,2002,0.8,0,0,0,1,0,0,0,3,2,,,0,2023,misc,AFC Bournemouth
ENG-Premier League,2023/24,Bournemouth,Joe Rothwell,ENG,MF,28,1995,4.3,0,0,0,4,2,0,13,2,2,,,0,2023,misc,AFC Bournemouth
ENG-Premier League,2023/24,Bournemouth,Justin Kluivert,NED,MF,24,1999,21.3,5,0,0,52,28,5,28,7,17,,,0,2023,misc,AFC Bournemouth
ENG-Premier League,2023/24,Bournemouth,Kieffer Moore,WAL,"DF,FW",30,1992,1.2,0,0,0,5,2,0,2,0,0,,,0,2023,misc,AFC Bournemouth
ENG-Premier League,2023/24,Bournemouth,Lewis Cook,ENG,MF,26,1997,31.0,5,1,0,39,16,2,133,67,42,,,0,2023,misc,AFC Bournemouth
ENG-Premier League,2023/24,Bournemouth,Lloyd Kelly,ENG,DF,24,1998,17.3,2,0,0,17,13,0,21,13,20,,,0,2023,misc,AFC Bournemouth
ENG-Premier League,2023/24,Bournemouth,Luis Sinisterra,COL,MF,24,1999,7.8,0,0,0,12,6,4,11,8,12,,,0,2023,misc,AFC Bournemouth
ENG-Premier League,2023/24,Bournemouth,Marcos Senesi,ARG,DF,26,1997,24.9,13,0,0,41,11,0,25,33,35,,,0,2023,misc,AFC Bournemouth
ENG-Premier League,2023/24,Bournemouth,Marcus Tavernier,ENG,MF,24,1999,23.5,3,0,0,21,22,3,116,4,33,,,0,2023,misc,AFC Bournemouth
ENG-Premier League,2023/24,Bournemouth,Mark Travers,IRL,GK,24,1999,4.0,0,0,0,1,1,0,0,0,0,,,0,2023,misc,AFC Bournemouth
ENG-Premier League,2023/24,Bournemouth,Max Aarons,ENG,DF,23,2000,13.7,1,0,0,12,26,2,14,8,19,,,0,2023,misc,AFC Bournemouth
ENG-Premier League,2023/24,Bournemouth,Milos Kerkez,HUN,DF,19,2003,21.9,4,1,0,24,21,1,57,16,25,,,1,2023,misc,AFC Bournemouth
ENG-Premier League,2023/24,Bournemouth,Neto,BRA,GK,34,1989,32.0,5,0,0,1,0,0,0,1,0,,,0,2023,misc,AFC Bournemouth
ENG-Premier League,2023/24,Bournemouth,Philip Billing,DEN,MF,27,1996,15.5,3,1,0,19,12,0,28,18,19,,,0,2023,misc,AFC Bournemouth
ENG-Premier League,2023/24,Bournemouth,Romain Faivre,FRA,MF,25,1998,0.5,1,0,0,2,4,0,3,0,1,,,0,2023,misc,AFC Bournemouth
ENG-Premier League,2023/24,Bournemouth,Ryan Christie,SCO,MF,28,1995,32.3,6,0,0,47,38,5,73,51,43,,,0,2023,misc,AFC Bournemouth
ENG-Premier League,2023/24,Bournemouth,Tyler Adams,USA,MF,24,1999,1.3,0,0,0,0,3,0,1,4,3,,,0,2023,misc,AFC Bournemouth
ENG-Premier League,2023/24,Brentford,Aaron Hickey,SCO,"DF,MF",21,2002,7.9,5,0,0,10,16,0,5,3,10,,,0,2023,misc,Brentford
ENG-Premier League,2023/24,Brentford,Ben Mee,ENG,DF,33,1989,14.1,1,1,0,7,3,2,5,13,14,,,0,2023,misc,Brentford
ENG-Premier League,2023/24,Brentford,Bryan Mbeumo,CMR,FW,23,1999,21.8,2,0,0,22,42,4,93,7,9,,,0,2023,misc,Brentford
ENG-Premier League,2023/24,Brentford,Christian Nørgaard,DEN,MF,29,1994,27.8,8,0,0,41,32,1,22,53,50,,,0,2023,misc,Brentford
ENG-Premier League,2023/24,Brentford,Ethan Pinnock,JAM,DF,30,1993,28.0,1,0,0,5,11,0,7,43,23,,,0,2023,misc,Brentford
ENG-Premier League,2023/24,Brentford,Frank Onyeka,NGA,MF,25,1998,12.9,8,0,0,24,31,4,16,23,20,,,0,2023,misc,Brentford
ENG-Premier League,2023/24,Brentford,Ivan Toney,ENG,FW,27,1996,16.1,5,0,0,24,29,7,22,10,4,,,0,2023,misc,Brentford
ENG-Premier League,2023/24,Brentford,Josh Dasilva,ENG,MF,24,1998,0.3,0,0,0,2,0,0,6,0,1,,,0,2023,misc,Brentford
ENG-Premier League,2023/24,Brentford,Keane Lewis-Potter,ENG,"FW,MF",22,2001,16.0,0,0,0,8,18,3,50,7,7,,,0,2023,misc,Brentford
ENG-Premier League,2023/24,Brentford,Kevin Schade,GER,FW,21,2001,3.7,0,0,0,10,6,2,5,1,2,,,0,2023,misc,Brentford
ENG-Premier League,2023/24,Brentford,Kristoffer Ajer,NOR,DF,25,1998,20.4,5,0,0,25,10,1,22,21,23,,,0,2023,misc,Brentford
ENG-Premier League,2023/24,Brentford,Mads Roerslev,DEN,"MF,DF",24,1999,22.1,1,0,0,10,15,3,61,20,31,,,0,2023,misc,Brentford
ENG-Premier League,2023/24,Brentford,Mark Flekken,NED,GK,30,1993,36.5,3,0,0,2,4,0,0,0,1,,,0,2023,misc,Brentford
ENG-Premier League,2023/24,Brentford,Mathias Jensen,DEN,MF,27,1996,24.5,5,0,0,28,20,1,111,21,33,,,0,2023,misc,Brentford
ENG-Premier League,2023/24,Brentford,Mathias Jørgensen,DEN,DF,33,1990,12.1,4,0,0,11,6,3,9,11,12,,,0,2023,misc,Brentford
ENG-Premier League,2023/24,Brentford,Michael Olakigbe,ENG,MF,19,2004,0.7,0,0,0,2,2,1,7,1,0,,,0,2023,misc,Brentford
ENG-Premier League,2023/24,Brentford,Mikkel Damsgaard,DEN,MF,23,2000,9.4,2,0,0,14,8,3,29,12,18,,,0,2023,misc,Brentford
ENG-Premier League,2023/24,Brentford,Myles Peart-Harris,ENG,MF,20,2002,0.1,0,0,0,2,2,0,1,0,0,,,0,2023,misc,Brentford
ENG-Premier League,2023/24,Brentford,Nathan Collins,IRL,DF,22,2001,29.5,3,0,0,13,23,3,4,43,20,,,0,2023,misc,Brentford
ENG-Premier League,2023/24,Brentford,Neal Maupay,FRA,FW,26,1996,14.7,8,0,0,19,26,4,8,2,7,,,0,2023,misc,Brentford
ENG-Premier League,2023/24,Brentford,Rico Henry,JAM,DF,26,1997,4.5,1,0,0,4,6,2,11,5,5,,,0,2023,misc,Brentford
ENG-Premier League,2023/24,Brentford,Saman Ghoddos,IRN,"DF,MF",29,1993,8.2,5,0,0,12,9,2,43,5,21,,,0,2023,misc,Brentford
ENG-Premier League,2023/24,Brentford,Sergio Reguilón,ESP,"MF,DF",26,1996,12.4,4,1,0,10,15,1,72,15,22,,,0,2023,misc,Brentford
ENG-Premier League,2023/24,Brentford,Shandon Baptiste,GRN,MF,25,1998,2.5,1,0,0,3,0,0,3,3,3,,,0,2023,misc,Brentford
ENG-Premier League,2023/24,Brentford,Thomas Strakosha,ALB,GK,28,1995,1.5,0,0,0,0,1,0,0,0,0,,,0,2023,misc,Brentford
ENG-Premier League,2023/24,Brentford,Vitaly Janelt,GER,"MF,DF",25,1998,33.9,8,0,0,27,28,3,58,37,36,,,0,2023,misc,Brentford
ENG-Premier League,2023/24,Brentford,Yehor Yarmoliuk,UKR,MF,19,2004,7.6,2,0,0,11,6,1,13,6,11,,,0,2023,misc,Brentford
ENG-Premier League,2023/24,Brentford,Yoane Wissa,COD,FW,26,1996,27.7,7,0,0,38,50,19,21,9,14,,,0,2023,misc,Brentford
ENG-Premier League,2023/24,Brighton,Adam Lallana,ENG,MF,35,1988,9.4,2,0,0,9,11,2,7,3,3,,,0,2023,misc,Brighton & Hove Albion
ENG-Premier League,2023/24,Brighton,Adam Webster,ENG,DF,28,1995,12.7,2,0,0,9,2,0,1,16,12,,,1,2023,misc,Brighton & Hove Albion
ENG-Premier League,2023/24,Brighton,Ansu Fati,ESP,"MF,FW",20,2002,5.8,2,0,0,6,13,2,3,2,3,,,0,2023,misc,Brighton & Hove Albion
ENG-Premier League,2023/24,Brighton,Bart Verbruggen,NED,GK,20,2002,21.0,3,0,0,1,2,0,0,0,1,,,0,2023,misc,Brighton & Hove Albion
ENG-Premier League,2023/24,Brighton,Benicio Boaitey,ENG,FW,19,2004,0.4,1,0,0,2,0,1,0,0,0,,,0,2023,misc,Brighton & Hove Albion
ENG-Premier League,2023/24,Brighton,Billy Gilmour,SCO,MF,22,2001,23.6,8,1,0,22,30,0,33,10,18,,,0,2023,misc,Brighton & Hove Albion
ENG-Premier League,2023/24,Brighton,Carlos Baleba,CMR,MF,19,2004,14.7,7,0,0,40,27,0,0,18,21,,,0,2023,misc,Brighton & Hove Albion
ENG-Premier League,2023/24,Brighton,Danny Welbeck,ENG,"FW,MF",32,1990,18.8,4,0,0,12,21,9,3,8,18,,,0,2023,misc,Brighton & Hove Albion
ENG-Premier League,2023/24,Brighton,Evan Ferguson,IRL,FW,18,2004,15.2,1,0,0,23,25,5,1,2,7,,,0,2023,misc,Brighton & Hove Albion
ENG-Premier League,2023/24,Brighton,Facundo Buonanotte,ARG,"MF,FW",18,2004,15.2,7,0,0,34,41,3,6,7,22,,,0,2023,misc,Brighton & Hove Albion
ENG-Premier League,2023/24,Brighton,Igor,BRA,DF,25,1998,18.2,4,0,0,21,4,0,1,14,18,,,0,2023,misc,Brighton & Hove Albion
ENG-Premier League,2023/24,Brighton,Jack Hinshelwood,ENG,"DF,MF",18,2005,9.7,1,0,0,11,3,1,10,14,5,,,0,2023,misc,Brighton & Hove Albion
ENG-Premier League,2023/24,Brighton,Jakub Moder,POL,"MF,DF",24,1999,6.9,2,0,0,8,5,2,6,1,10,,,0,2023,misc,Brighton & Hove Albion
ENG-Premier League,2023/24,Brighton,James Milner,ENG,"DF,MF",37,1986,8.6,3,0,0,11,4,3,29,8,14,,,0,2023,misc,Brighton & Hove Albion
ENG-Premier League,2023/24,Brighton,Jan Paul van Hecke,NED,DF,23,2000,26.3,4,0,0,14,17,0,4,30,25,,,0,2023,misc,Brighton & Hove Albion
ENG-Premier League,2023/24,Brighton,Jason Steele,ENG,GK,32,1990,17.0,0,0,0,0,1,0,0,0,0,,,0,2023,misc,Brighton & Hove Albion
ENG-Premier League,2023/24,Brighton,João Pedro,BRA,"MF,FW",21,2001,22.7,2,0,0,19,60,11,29,10,15,,,0,2023,misc,Brighton & Hove Albion
ENG-Premier League,2023/24,Brighton,Joël Veltman,NED,DF,31,1992,17.6,4,0,0,16,42,1,11,18,41,,,0,2023,misc,Brighton & Hove Albion
ENG-Premier League,2023/24,Brighton,Julio Enciso,PAR,MF,19,2004,5.3,2,0,0,6,10,1,8,0,2,,,0,2023,misc,Brighton & Hove Albion
ENG-Premier League,2023/24,Brighton,Kaoru Mitoma,JPN,"MF,FW",26,1997,16.5,4,0,0,14,23,7,45,5,5,,,0,2023,misc,Brighton & Hove Albion
ENG-Premier League,2023/24,Brighton,Lewis Dunk,ENG,DF,31,1991,31.9,7,1,0,23,12,1,7,31,16,,,0,2023,misc,Brighton & Hove Albion
ENG-Premier League,2023/24,Brighton,Mahmoud Dahoud,GER,MF,27,1996,5.0,1,1,0,6,2,0,3,1,4,,,0,2023,misc,Brighton & Hove Albion
ENG-Premier League,2023/24,Brighton,Mark O'Mahony,IRL,FW,18,2005,0.7,1,0,0,1,0,0,0,0,0,,,0,2023,misc,Brighton & Hove Albion
ENG-Premier League,2023/24,Brighton,Odeluga Offiah,ENG,DF,20,2002,1.4,0,0,0,2,2,0,3,1,0,,,0,2023,misc,Brighton & Hove Albion
ENG-Premier League,2023/24,Brighton,Pascal Groß,GER,"MF,DF",32,1991,34.6,6,0,0,23,27,3,240,21,46,,,0,2023,misc,Brighton & Hove Albion
ENG-Premier League,2023/24,Brighton,Pervis Estupiñán,ECU,"DF,MF",25,1998,13.8,4,0,0,22,17,5,65,20,13,,,1,2023,misc,Brighton & Hove Albion
ENG-Premier League,2023/24,Brighton,Simon Adingra,CIV,MF,21,2002,24.7,3,0,0,29,19,18,76,21,20,,,0,2023,misc,Brighton & Hove Albion
ENG-Premier League,2023/24,Brighton,Solly March,ENG,"MF,DF",29,1994,6.2,1,0,0,11,8,7,21,11,13,,,0,2023,misc,Brighton & Hove Albion
ENG-Premier League,2023/24,Brighton,Tariq Lamptey,GHA,"DF,MF",22,2000,10.2,3,0,0,11,18,3,32,5,14,,,0,2023,misc,Brighton & Hove Albion
ENG-Premier League,2023/24,Brighton,Valentín Barco,ARG,DF,19,2004,3.4,1,0,0,7,7,0,30,4,5,,,0,2023,misc,Brighton & Hove Albion
ENG-Premier League,2023/24,Burnley,Aaron Ramsey,ENG,MF,20,2003,5.9,1,0,0,7,3,1,2,1,14,,,0,2023,misc,Burnley
ENG-Premier League,2023/24,Burnley,Ameen Al-Dakhil,BEL,DF,21,2002,11.7,1,0,0,6,4,0,3,11,5,,,1,2023,misc,Burnley
ENG-Premier League,2023/24,Burnley,Anass Zaroury,MAR,FW,22,2000,1.7,0,1,0,4,3,0,11,0,0,,,0,2023,misc,Burnley
ENG-Premier League,2023/24,Burnley,Arijanet Muric,KVX,GK,24,1998,10.0,0,0,0,0,3,0,0,0,1,,,1,2023,misc,Burnley
ENG-Premier League,2023/24,Burnley,Benson Manuel,ANG,MF,26,1997,1.3,0,0,0,1,4,0,9,0,2,,,0,2023,misc,Burnley
ENG-Premier League,2023/24,Burnley,Charlie Taylor,ENG,DF,29,1993,25.9,8,0,0,20,16,2,71,21,20,,,0,2023,misc,Burnley
ENG-Premier League,2023/24,Burnley,Connor Roberts,WAL,DF,27,1995,9.1,5,1,1,5,9,3,10,4,5,,,0,2023,misc,Burnley
ENG-Premier League,2023/24,Burnley,Dara O'Shea,IRL,DF,24,1999,32.1,5,1,0,36,15,1,11,33,18,,,1,2023,misc,Burnley
ENG-Premier League,2023/24,Burnley,David Datro Fofana,CIV,FW,20,2002,9.8,1,0,0,16,10,10,3,1,5,,,0,2023,misc,Burnley
ENG-Premier League,2023/24,Burnley,Han-Noah Massengo,FRA,MF,22,2001,0.2,0,0,0,0,0,0,2,0,1,,,0,2023,misc,Burnley
ENG-Premier League,2023/24,Burnley,Hannes Delcroix,HAI,DF,24,1999,6.5,2,0,0,6,0,0,5,12,6,,,0,2023,misc,Burnley
ENG-Premier League,2023/24,Burnley,Hjalmar Ekdal,SWE,DF,24,1998,4.9,2,0,0,8,2,0,0,6,2,,,0,2023,misc,Burnley
ENG-Premier League,2023/24,Burnley,Jack Cork,ENG,"DF,MF",34,1989,0.3,0,0,0,4,1,0,1,1,0,,,0,2023,misc,Burnley
ENG-Premier League,2023/24,Burnley,Jacob Bruun Larsen,DEN,MF,24,1998,13.9,1,0,0,12,7,11,61,8,4,,,0,2023,misc,Burnley
ENG-Premier League,2023/24,Burnley,James Trafford,ENG,GK,20,2002,28.0,2,0,0,0,5,0,0,1,1,,,0,2023,misc,Burnley
ENG-Premier League,2023/24,Burnley,Jay Rodriguez,ENG,FW,34,1989,9.1,0,0,0,18,6,7,2,1,9,,,0,2023,misc,Burnley
ENG-Premier League,2023/24,Burnley,Jordan Beyer,GER,DF,23,2000,13.7,6,0,0,11,6,0,0,17,19,,,0,2023,misc,Burnley
ENG-Premier League,2023/24,Burnley,Josh Brownhill,ENG,MF,27,1995,25.0,4,1,0,38,25,2,57,33,35,,,0,2023,misc,Burnley
ENG-Premier League,2023/24,Burnley,Josh Cullen,IRL,MF,27,1996,22.9,9,0,0,24,49,1,26,14,26,,,0,2023,misc,Burnley
ENG-Premier League,2023/24,Burnley,Jóhann Berg Guðmundsson,ISL,MF,32,1990,13.2,2,0,0,9,20,2,70,15,4,,,0,2023,misc,Burnley
ENG-Premier League,2023/24,Burnley,Lorenz Assignon,TOG,DF,23,2000,13.7,5,1,1,33,16,2,28,17,17,,,0,2023,misc,Burnley
ENG-Premier League,2023/24,Burnley,Luca Koleosho,ITA,"MF,FW",18,2004,10.8,0,0,0,18,13,8,23,2,5,,,0,2023,misc,Burnley
ENG-Premier League,2023/24,Burnley,Lyle Foster,RSA,"FW,MF",22,2000,21.1,0,1,0,24,11,13,3,1,10,,,0,2023,misc,Burnley
ENG-Premier League,2023/24,Burnley,Maxime Estève,FRA,DF,21,2002,14.5,6,0,0,25,16,0,5,28,11,,,0,2023,misc,Burnley
ENG-Premier League,2023/24,Burnley,Michael Obafemi,IRL,FW,23,2000,0.2,0,0,0,0,0,0,0,0,0,,,0,2023,misc,Burnley
ENG-Premier League,2023/24,Burnley,Mike Trésor,BEL,"MF,FW",24,1999,4.7,0,0,0,0,3,2,31,1,6,,,0,2023,misc,Burnley
ENG-Premier League,2023/24,Burnley,Nathan Redmond,ENG,"FW,MF",29,1994,1.6,1,0,0,4,2,2,3,0,1,,,0,2023,misc,Burnley
ENG-Premier League,2023/24,Burnley,Sander Berge,NOR,MF,25,1998,33.4,10,1,1,40,19,1,12,24,47,,,0,2023,misc,Burnley
ENG-Premier League,2023/24,Burnley,Vitinho,BRA,"DF,MF",24,1999,25.7,1,0,0,27,28,6,55,9,34,,,0,2023,misc,Burnley
ENG-Premier League,2023/24,Burnley,Wilson Odobert,FRA,"MF,FW",18,2004,23.3,3,0,0,9,19,1,35,6,13,,,0,2023,misc,Burnley
ENG-Premier League,2023/24,Burnley,Zeki Amdouni,SUI,FW,22,2000,21.7,2,0,0,22,39,2,7,10,19,,,0,2023,misc,Burnley
ENG-Premier League,2023/24,Chelsea,Alex Matos,ENG,MF,18,2004,0.0,0,0,0,0,0,0,0,0,0,,,0,2023,misc,Chelsea
ENG-Premier League,2023/24,Chelsea,Alfie Gilchrist,ENG,DF,19,2003,2.3,1,0,0,4,0,0,1,3,0,,,0,2023,misc,Chelsea
ENG-Premier League,2023/24,Chelsea,Armando Broja,ALB,FW,21,2001,5.0,0,0,0,4,8,6,1,0,0,,,0,2023,misc,Chelsea
ENG-Premier League,2023/24,Chelsea,Axel Disasi,FRA,DF,25,1998,28.7,6,0,0,17,17,4,10,17,19,,,1,2023,misc,Chelsea
ENG-Premier League,2023/24,Chelsea,Ben Chilwell,ENG,"MF,DF",26,1996,8.4,5,0,0,11,12,4,43,4,10,,,0,2023,misc,Chelsea
ENG-Premier League,2023/24,Chelsea,Benoît Badiashile,FRA,DF,22,2001,14.9,3,0,0,17,6,1,2,18,15,,,1,2023,misc,Chelsea
ENG-Premier League,2023/24,Chelsea,Carney Chukwuemeka,AUT,MF,19,2003,2.5,2,0,0,3,2,0,1,0,4,,,0,2023,misc,Chelsea
ENG-Premier League,2023/24,Chelsea,Cesare Casadei,ITA,MF,20,2003,0.9,0,0,0,4,1,0,0,0,3,,,0,2023,misc,Chelsea
ENG-Premier League,2023/24,Chelsea,Christopher Nkunku,FRA,"MF,FW",25,1997,4.9,0,0,0,8,7,3,4,2,4,,,0,2023,misc,Chelsea
ENG-Premier League,2023/24,Chelsea,Cole Palmer,ENG,"MF,FW",21,2002,29.0,7,0,0,23,26,6,81,19,12,,,0,2023,misc,Chelsea
ENG-Premier League,2023/24,Chelsea,Conor Gallagher,ENG,MF,23,2000,34.8,9,1,1,83,64,1,64,40,49,,,0,2023,misc,Chelsea
ENG-Premier League,2023/24,Chelsea,Deivid Washington,BRA,FW,18,2005,0.1,0,0,0,0,0,0,0,0,1,,,0,2023,misc,Chelsea
ENG-Premier League,2023/24,Chelsea,Enzo Fernández,ARG,MF,22,2001,24.5,7,0,0,32,31,4,45,17,24,,,0,2023,misc,Chelsea
ENG-Premier League,2023/24,Chelsea,Ian Maatsen,NED,MF,21,2002,2.3,1,0,0,5,1,0,8,3,2,,,0,2023,misc,Chelsea
ENG-Premier League,2023/24,Chelsea,Jimi Tauriainen,ENG,FW,19,2004,0.0,0,0,0,0,0,0,0,0,0,,,0,2023,misc,Chelsea
ENG-Premier League,2023/24,Chelsea,Joshua Acheampong,ENG,DF,17,2006,0.1,0,0,0,0,0,0,0,0,0,,,0,2023,misc,Chelsea
ENG-Premier League,2023/24,Chelsea,Lesley Ugochukwu,FRA,MF,19,2004,3.3,2,0,0,4,2,0,0,1,10,,,0,2023,misc,Chelsea
ENG-Premier League,2023/24,Chelsea,Levi Colwill,ENG,DF,20,2003,20.0,2,0,0,25,14,4,12,25,33,,,0,2023,misc,Chelsea
ENG-Premier League,2023/24,Chelsea,Malo Gusto,FRA,"DF,MF",20,2003,19.5,7,1,0,22,29,6,64,17,29,,,0,2023,misc,Chelsea
ENG-Premier League,2023/24,Chelsea,Marc Cucurella,ESP,DF,25,1998,19.8,10,0,0,23,35,1,17,21,39,,,1,2023,misc,Chelsea
ENG-Premier League,2023/24,Chelsea,Mason Burstow,ENG,FW,19,2003,0.1,0,0,0,0,0,0,0,0,0,,,0,2023,misc,Chelsea
ENG-Premier League,2023/24,Chelsea,Moisés Caicedo,ECU,MF,21,2001,31.8,11,0,0,49,49,0,10,34,46,,,0,2023,misc,Chelsea
ENG-Premier League,2023/24,Chelsea,Mykhailo Mudryk,UKR,MF,22,2001,17.5,5,0,0,22,27,1,79,9,13,,,0,2023,misc,Chelsea
ENG-Premier League,2023/24,Chelsea,Nicolas Jackson,SEN,FW,22,2001,31.1,10,0,0,29,40,28,6,4,14,,,0,2023,misc,Chelsea
ENG-Premier League,2023/24,Chelsea,Noni Madueke,ENG,MF,21,2002,11.7,2,0,0,8,19,3,22,4,11,,,0,2023,misc,Chelsea
ENG-Premier League,2023/24,Chelsea,Raheem Sterling,ENG,MF,28,1994,22.0,7,0,0,35,41,10,59,10,9,,,0,2023,misc,Chelsea
ENG-Premier League,2023/24,Chelsea,Reece James,ENG,"DF,MF",23,1999,4.7,2,2,1,4,5,2,28,3,9,,,0,2023,misc,Chelsea
ENG-Premier League,2023/24,Chelsea,Robert Sánchez,ESP,GK,25,1997,15.9,2,0,0,0,1,0,0,0,0,,,0,2023,misc,Chelsea
ENG-Premier League,2023/24,Chelsea,Roméo Lavia,BEL,MF,19,2004,0.4,0,0,0,1,1,0,0,0,0,,,0,2023,misc,Chelsea
ENG-Premier League,2023/24,Chelsea,Thiago Silva,BRA,DF,38,1984,28.1,4,0,0,10,7,1,4,25,15,,,0,2023,misc,Chelsea
ENG-Premier League,2023/24,Chelsea,Trevoh Chalobah,ENG,DF,24,1999,10.6,1,0,0,3,3,0,0,8,12,,,0,2023,misc,Chelsea
ENG-Premier League,2023/24,Chelsea,Đorđe Petrović,SRB,GK,23,1999,22.1,2,0,0,0,1,0,0,0,0,,,0,2023,misc,Chelsea
ENG-Premier League,2023/24,Crystal Palace,Adam Wharton,ENG,MF,19,2004,14.4,2,0,0,18,21,0,25,18,31,,,0,2023,misc,Crystal Palace
ENG-Premier League,2023/24,Crystal Palace,Cheick Doucouré,MLI,MF,23,2000,10.2,2,0,0,10,1,0,1,19,16,,,0,2023,misc,Crystal Palace
ENG-Premier League,2023/24,Crystal Palace,Chris Richards,USA,"DF,MF",23,2000,23.3,3,0,0,12,6,1,1,24,27,,,0,2023,misc,Crystal Palace
ENG-Premier League,2023/24,Crystal Palace,Daniel Muñoz,COL,"MF,DF",27,1996,16.0,4,0,0,29,8,8,10,23,36,,,0,2023,misc,Crystal Palace
ENG-Premier League,2023/24,Crystal Palace,David Ozoh,ENG,MF,18,2005,1.7,1,0,0,2,0,0,0,0,6,,,0,2023,misc,Crystal Palace
ENG-Premier League,2023/24,Crystal Palace,Dean Henderson,ENG,GK,26,1997,18.0,2,0,0,0,2,0,0,0,1,,,1,2023,misc,Crystal Palace
ENG-Premier League,2023/24,Crystal Palace,Eberechi Eze,ENG,"MF,FW",25,1998,22.8,3,0,0,27,48,11,109,11,17,,,0,2023,misc,Crystal Palace
ENG-Premier League,2023/24,Crystal Palace,James Tomkins,ENG,"DF,MF",34,1989,0.1,0,0,0,0,0,0,0,0,0,,,0,2023,misc,Crystal Palace
ENG-Premier League,2023/24,Crystal Palace,Jaïro Riedewald,NED,MF,26,1996,2.6,0,0,0,3,2,0,3,2,3,,,0,2023,misc,Crystal Palace
ENG-Premier League,2023/24,Crystal Palace,Jean-Philippe Mateta,FRA,FW,26,1997,25.4,3,0,0,35,22,24,20,4,16,,,0,2023,misc,Crystal Palace
ENG-Premier League,2023/24,Crystal Palace,Jefferson Lerma,COL,"MF,DF",28,1994,26.7,8,0,0,43,25,4,15,36,25,,,0,2023,misc,Crystal Palace
ENG-Premier League,2023/24,Crystal Palace,Jeffrey Schlupp,GHA,"MF,FW",30,1992,15.0,1,0,0,24,15,0,11,7,21,,,0,2023,misc,Crystal Palace
ENG-Premier League,2023/24,Crystal Palace,Jesurun Rak Sakyi,GHA,"FW,MF",20,2002,1.5,0,0,0,1,5,0,3,3,1,,,0,2023,misc,Crystal Palace
ENG-Premier League,2023/24,Crystal Palace,Joachim Andersen,DEN,DF,27,1996,37.9,7,0,0,43,24,1,32,42,36,,,0,2023,misc,Crystal Palace
ENG-Premier League,2023/24,Crystal Palace,Joel Ward,ENG,DF,33,1989,22.0,4,0,0,22,6,0,22,13,28,,,1,2023,misc,Crystal Palace
ENG-Premier League,2023/24,Crystal Palace,Jordan Ayew,GHA,"MF,FW",31,1991,28.3,9,1,1,47,93,7,97,17,37,,,0,2023,misc,Crystal Palace
ENG-Premier League,2023/24,Crystal Palace,Marc Guéhi,ENG,DF,23,2000,22.5,2,0,0,14,26,0,3,15,16,,,0,2023,misc,Crystal Palace
ENG-Premier League,2023/24,Crystal Palace,Matheus França,BRA,MF,19,2004,2.6,1,0,0,5,2,2,14,1,3,,,0,2023,misc,Crystal Palace
ENG-Premier League,2023/24,Crystal Palace,Michael Olise,FRA,"MF,FW",21,2001,14.2,0,0,0,13,43,2,95,9,10,,,0,2023,misc,Crystal Palace
ENG-Premier League,2023/24,Crystal Palace,Naouirou Ahamada,FRA,MF,21,2002,3.9,4,1,1,9,6,1,6,2,9,,,0,2023,misc,Crystal Palace
ENG-Premier League,2023/24,Crystal Palace,Nathaniel Clyne,ENG,DF,32,1991,14.9,0,0,0,6,3,0,9,9,15,,,0,2023,misc,Crystal Palace
ENG-Premier League,2023/24,Crystal Palace,Odsonne Édouard,FRA,"FW,MF",25,1998,17.3,4,0,0,31,22,9,10,5,12,,,0,2023,misc,Crystal Palace
ENG-Premier League,2023/24,Crystal Palace,Remi Matthews,ENG,GK,29,1994,0.0,0,0,0,0,0,0,0,0,0,,,0,2023,misc,Crystal Palace
ENG-Premier League,2023/24,Crystal Palace,Sam Johnstone,ENG,GK,30,1993,20.0,1,0,0,1,0,0,0,1,0,,,0,2023,misc,Crystal Palace
ENG-Premier League,2023/24,Crystal Palace,Tyrick Mitchell,ENG,"DF,MF",23,1999,35.6,6,0,0,22,16,1,69,24,59,,,0,2023,misc,Crystal Palace
ENG-Premier League,2023/24,Crystal Palace,Will Hughes,ENG,MF,28,1995,21.0,6,0,0,39,30,1,30,18,33,,,0,2023,misc,Crystal Palace
ENG-Premier League,2023/24,Everton,Abdoulaye Doucouré,MLI,MF,30,1993,29.2,7,0,0,53,8,21,26,16,28,,,0,2023,misc,Everton
ENG-Premier League,2023/24,Everton,Alex Iwobi,NGA,MF,27,1996,1.6,0,0,0,0,0,3,10,1,0,,,0,2023,misc,Everton
ENG-Premier League,2023/24,Everton,Amadou Onana,BEL,MF,21,2001,23.2,5,0,0,37,45,1,3,19,39,,,0,2023,misc,Everton
ENG-Premier League,2023/24,Everton,André Gomes,POR,MF,30,1993,5.6,4,0,0,17,5,0,27,3,4,,,0,2023,misc,Everton
ENG-Premier League,2023/24,Everton,Arnaut Danjuma,NED,"MF,FW",26,1997,6.6,0,0,0,6,5,3,10,3,4,,,0,2023,misc,Everton
ENG-Premier League,2023/24,Everton,Ashley Young,ENG,"DF,MF",38,1985,25.3,7,1,1,33,24,1,98,22,36,,,1,2023,misc,Everton
ENG-Premier League,2023/24,Everton,Ben Godfrey,ENG,DF,25,1998,12.4,2,0,0,8,6,2,21,16,21,,,0,2023,misc,Everton
ENG-Premier League,2023/24,Everton,Beto,GNB,FW,25,1998,10.6,2,0,0,21,19,10,5,1,6,,,0,2023,misc,Everton
ENG-Premier League,2023/24,Everton,Dominic Calvert-Lewin,ENG,FW,26,1997,24.1,2,0,0,31,32,24,3,4,6,,,0,2023,misc,Everton
ENG-Premier League,2023/24,Everton,Dwight McNeil,ENG,MF,23,1999,32.1,2,0,0,18,33,4,229,20,27,,,0,2023,misc,Everton
ENG-Premier League,2023/24,Everton,Idrissa Gueye,SEN,MF,33,1989,20.9,8,0,0,35,31,0,10,28,41,,,0,2023,misc,Everton
ENG-Premier League,2023/24,Everton,Jack Harrison,ENG,MF,26,1996,24.6,1,0,0,20,31,1,82,11,22,,,0,2023,misc,Everton
ENG-Premier League,2023/24,Everton,James Garner,ENG,MF,22,2001,33.4,7,0,0,39,43,3,113,46,42,,,0,2023,misc,Everton
ENG-Premier League,2023/24,Everton,James Tarkowski,ENG,DF,30,1992,38.0,11,0,0,45,25,1,6,55,42,,,0,2023,misc,Everton
ENG-Premier League,2023/24,Everton,Jarrad Branthwaite,ENG,DF,21,2002,34.6,8,0,0,25,19,5,1,48,33,,,0,2023,misc,Everton
ENG-Premier League,2023/24,Everton,Jordan Pickford,ENG,GK,29,1994,38.0,5,0,0,1,6,0,0,0,0,,,1,2023,misc,Everton
ENG-Premier League,2023/24,Everton,Lewis Dobbin,ENG,MF,20,2003,2.6,1,0,0,3,6,0,6,1,7,,,0,2023,misc,Everton
ENG-Premier League,2023/24,Everton,Lewis Warrington,ENG,MF,20,2002,0.0,0,0,0,0,0,0,0,0,0,,,0,2023,misc,Everton
ENG-Premier League,2023/24,Everton,Michael Keane,ENG,DF,30,1993,4.9,2,0,0,5,0,0,0,5,3,,,0,2023,misc,Everton
ENG-Premier League,2023/24,Everton,Nathan Patterson,SCO,DF,21,2001,11.2,4,0,0,18,5,1,32,11,25,,,0,2023,misc,Everton
ENG-Premier League,2023/24,Everton,Neal Maupay,FRA,FW,26,1996,1.2,0,0,0,1,0,2,0,0,0,,,0,2023,misc,Everton
ENG-Premier League,2023/24,Everton,Séamus Coleman,IRL,DF,34,1988,7.4,0,0,0,6,5,0,12,7,14,,,1,2023,misc,Everton
ENG-Premier League,2023/24,Everton,Tom Cannon,IRL,FW,20,2002,0.0,0,0,0,0,0,0,0,0,0,,,0,2023,misc,Everton
ENG-Premier League,2023/24,Everton,Tyler Onyango,ENG,MF,20,2003,0.0,0,0,0,0,0,0,0,0,0,,,0,2023,misc,Everton
ENG-Premier League,2023/24,Everton,Vitaliy Mykolenko,UKR,DF,24,1999,27.4,1,0,0,23,9,1,56,34,37,,,0,2023,misc,Everton
ENG-Premier League,2023/24,Everton,Youssef Chermiti,POR,FW,19,2004,2.3,3,0,0,11,4,6,0,1,2,,,0,2023,misc,Everton
ENG-Premier League,2023/24,Fulham,Adama Traoré,ESP,MF,27,1996,4.2,2,0,0,5,4,0,26,1,3,,,0,2023,misc,Fulham
ENG-Premier League,2023/24,Fulham,Aleksandar Mitrović,SRB,FW,28,1994,0.4,0,0,0,0,0,0,0,0,0,,,0,2023,misc,Fulham
ENG-Premier League,2023/24,Fulham,Alex Iwobi,NGA,MF,27,1996,24.4,2,0,0,12,5,5,62,15,16,,,0,2023,misc,Fulham
ENG-Premier League,2023/24,Fulham,Andreas Pereira,BRA,MF,27,1996,29.0,6,0,0,22,26,3,219,4,13,,,0,2023,misc,Fulham
ENG-Premier League,2023/24,Fulham,Antonee Robinson,USA,DF,25,1997,36.3,6,0,0,34,20,3,133,81,56,,,2,2023,misc,Fulham
ENG-Premier League,2023/24,Fulham,Armando Broja,ALB,FW,21,2001,1.0,0,0,0,5,3,0,1,0,0,,,0,2023,misc,Fulham
ENG-Premier League,2023/24,Fulham,Bernd Leno,GER,GK,31,1992,38.0,3,0,0,0,3,0,0,0,0,,,1,2023,misc,Fulham
ENG-Premier League,2023/24,Fulham,Bobby De Cordova-Reid,JAM,"MF,FW",30,1993,15.8,4,0,0,16,25,4,35,5,14,,,0,2023,misc,Fulham
ENG-Premier League,2023/24,Fulham,Calvin Bassey,NGA,DF,23,1999,25.6,6,1,1,15,11,2,3,27,29,,,0,2023,misc,Fulham
ENG-Premier League,2023/24,Fulham,Carlos Vinícius,BRA,FW,28,1995,3.5,2,0,0,4,2,6,1,0,2,,,0,2023,misc,Fulham
ENG-Premier League,2023/24,Fulham,Fodé Ballo-Touré,SEN,"DF,MF",26,1997,0.8,1,0,0,4,2,0,5,3,2,,,0,2023,misc,Fulham
ENG-Premier League,2023/24,Fulham,Harrison Reed,ENG,MF,28,1995,14.7,6,0,0,26,10,0,19,9,17,,,0,2023,misc,Fulham
ENG-Premier League,2023/24,Fulham,Harry Wilson,WAL,"MF,FW",26,1997,18.0,6,0,0,21,40,5,42,9,13,,,0,2023,misc,Fulham
ENG-Premier League,2023/24,Fulham,Issa Diop,MAR,DF,26,1997,15.8,4,1,1,17,4,0,0,17,14,,,0,2023,misc,Fulham
ENG-Premier League,2023/24,Fulham,João Palhinha,POR,MF,28,1995,30.0,13,0,0,52,56,2,5,48,77,,,0,2023,misc,Fulham
ENG-Premier League,2023/24,Fulham,Kenny Tete,NED,DF,27,1995,9.6,2,0,0,16,12,0,23,16,19,,,0,2023,misc,Fulham
ENG-Premier League,2023/24,Fulham,Luke Harris,WAL,MF,18,2005,0.8,0,0,0,2,2,0,0,0,1,,,0,2023,misc,Fulham
ENG-Premier League,2023/24,Fulham,Raúl Jiménez,MEX,FW,32,1991,15.5,3,1,0,17,21,12,7,4,12,,,0,2023,misc,Fulham
ENG-Premier League,2023/24,Fulham,Rodrigo Muniz,BRA,FW,22,2001,17.7,1,0,0,25,34,4,2,6,4,,,0,2023,misc,Fulham
ENG-Premier League,2023/24,Fulham,Saša Lukić,SRB,MF,26,1996,12.5,3,0,0,27,9,0,3,14,21,,,0,2023,misc,Fulham
ENG-Premier League,2023/24,Fulham,Tim Ream,USA,DF,35,1987,16.7,4,1,1,8,6,1,1,26,9,,,0,2023,misc,Fulham
ENG-Premier League,2023/24,Fulham,Timothy Castagne,BEL,DF,27,1995,29.3,3,0,0,22,11,3,50,37,25,,,0,2023,misc,Fulham
ENG-Premier League,2023/24,Fulham,Tom Cairney,SCO,MF,32,1991,16.5,3,0,0,15,23,0,25,12,17,,,1,2023,misc,Fulham
ENG-Premier League,2023/24,Fulham,Tosin Adarabioyo,ENG,DF,25,1997,18.0,2,0,0,10,5,0,2,24,12,,,0,2023,misc,Fulham
ENG-Premier League,2023/24,Fulham,Willian,BRA,"MF,FW",34,1988,22.8,1,0,0,9,30,1,75,9,11,,,0,2023,misc,Fulham
ENG-Premier League,2023/24,Liverpool,Alexis Mac Allister,ARG,MF,24,1998,28.9,7,1,0,53,47,0,31,32,52,,,0,2023,misc,Liverpool
ENG-Premier League,2023/24,Liverpool,Alisson,BRA,GK,30,1992,28.0,1,0,0,1,5,0,0,0,0,,,0,2023,misc,Liverpool
ENG-Premier League,2023/24,Liverpool,Andy Robertson,SCO,DF,29,1994,18.8,2,0,0,9,5,3,184,13,25,,,0,2023,misc,Liverpool
ENG-Premier League,2023/24,Liverpool,Ben Gannon-Doak,SCO,MF,17,2005,0.2,0,0,0,0,0,0,0,0,0,,,0,2023,misc,Liverpool
ENG-Premier League,2023/24,Liverpool,Bobby Clark,ENG,MF,18,2005,1.0,0,0,0,4,3,0,0,1,1,,,0,2023,misc,Liverpool
ENG-Premier League,2023/24,Liverpool,Caoimhín Kelleher,IRL,GK,24,1998,10.0,0,0,0,0,0,0,0,0,0,,,0,2023,misc,Liverpool
ENG-Premier League,2023/24,Liverpool,Cody Gakpo,NED,"FW,MF",24,1999,18.3,1,0,0,28,38,8,21,11,18,,,0,2023,misc,Liverpool
ENG-Premier League,2023/24,Liverpool,Conor Bradley,NIR,DF,20,2003,8.4,2,0,0,8,12,2,18,10,25,,,1,2023,misc,Liverpool
ENG-Premier League,2023/24,Liverpool,Curtis Jones,ENG,MF,22,2001,13.0,3,1,0,16,14,5,4,7,14,,,0,2023,misc,Liverpool
ENG-Premier League,2023/24,Liverpool,Darwin Núñez,URU,FW,24,1999,22.7,9,0,0,28,15,33,19,2,13,,,0,2023,misc,Liverpool
ENG-Premier League,2023/24,Liverpool,Diogo Jota,POR,FW,26,1996,12.7,3,1,1,27,21,3,9,7,13,,,0,2023,misc,Liverpool
ENG-Premier League,2023/24,Liverpool,Dominik Szoboszlai,HUN,MF,22,2000,23.4,1,0,0,29,29,3,113,14,18,,,0,2023,misc,Liverpool
ENG-Premier League,2023/24,Liverpool,Harvey Elliott,ENG,"MF,FW",20,2003,15.0,2,0,0,7,14,1,61,5,17,,,0,2023,misc,Liverpool
ENG-Premier League,2023/24,Liverpool,Ibrahima Konaté,FRA,DF,24,1999,17.5,5,1,1,25,13,0,1,19,23,,,0,2023,misc,Liverpool
ENG-Premier League,2023/24,Liverpool,James McConnell,ENG,MF,18,2004,0.0,0,0,0,1,1,0,0,1,0,,,0,2023,misc,Liverpool
ENG-Premier League,2023/24,Liverpool,Jarell Quansah,ENG,DF,20,2003,13.2,1,0,0,10,2,0,0,16,22,,,0,2023,misc,Liverpool
ENG-Premier League,2023/24,Liverpool,Jayden Danns,ENG,FW,17,2006,0.1,1,0,0,2,0,0,0,0,0,,,0,2023,misc,Liverpool
ENG-Premier League,2023/24,Liverpool,Joe Gomez,ENG,DF,26,1997,19.8,5,0,0,28,16,0,39,19,30,,,0,2023,misc,Liverpool
ENG-Premier League,2023/24,Liverpool,Joël Matip,CMR,DF,31,1991,8.7,2,0,0,7,3,1,0,9,7,,,1,2023,misc,Liverpool
ENG-Premier League,2023/24,Liverpool,Kaide Gordon,ENG,FW,18,2004,0.0,0,0,0,0,0,0,0,0,0,,,0,2023,misc,Liverpool
ENG-Premier League,2023/24,Liverpool,Kostas Tsimikas,GRE,DF,27,1996,7.5,0,0,0,11,7,1,72,4,12,,,0,2023,misc,Liverpool
ENG-Premier League,2023/24,Liverpool,Luis Díaz,COL,FW,26,1997,29.2,3,0,0,54,42,20,27,3,26,,,0,2023,misc,Liverpool
ENG-Premier League,2023/24,Liverpool,Mohamed Salah,EGY,FW,31,1992,28.2,2,0,0,12,25,18,41,2,11,,,0,2023,misc,Liverpool
ENG-Premier League,2023/24,Liverpool,Owen Beck,WAL,"DF,MF",20,2002,0.1,0,0,0,0,0,0,0,0,1,,,0,2023,misc,Liverpool
ENG-Premier League,2023/24,Liverpool,Ryan Gravenberch,NED,MF,21,2002,12.5,0,0,0,20,15,0,4,15,12,,,0,2023,misc,Liverpool
ENG-Premier League,2023/24,Liverpool,Stefan Bajcetic,ESP,MF,18,2004,0.3,0,0,0,1,2,0,0,0,1,,,0,2023,misc,Liverpool
ENG-Premier League,2023/24,Liverpool,Thiago Alcántara,ESP,MF,32,1991,0.1,0,0,0,0,0,0,0,0,0,,,0,2023,misc,Liverpool
ENG-Premier League,2023/24,Liverpool,Trent Alexander-Arnold,ENG,DF,24,1998,23.9,6,0,0,9,9,2,166,29,27,,,0,2023,misc,Liverpool
ENG-Premier League,2023/24,Liverpool,Virgil van Dijk,NED,DF,32,1991,35.3,3,1,0,23,13,1,0,35,23,,,0,2023,misc,Liverpool
ENG-Premier League,2023/24,Liverpool,Wataru Endo,JPN,MF,30,1993,19.1,10,0,0,50,25,0,4,19,28,,,0,2023,misc,Liverpool
ENG-Premier League,2023/24,Luton Town,Albert Sambi Lokonga,BEL,MF,23,1999,14.5,4,0,0,18,27,0,13,11,18,,,0,2023,misc,Luton Town
ENG-Premier League,2023/24,Luton Town,Alfie Doughty,ENG,"MF,DF",23,1999,32.5,5,0,0,31,9,14,340,30,37,,,0,2023,misc,Luton Town
ENG-Premier League,2023/24,Luton Town,Amari'i Bell,JAM,DF,29,1994,19.1,0,0,0,22,16,0,14,26,31,,,0,2023,misc,Luton Town
ENG-Premier League,2023/24,Luton Town,Andros Townsend,ENG,"MF,FW",32,1991,13.4,1,0,0,12,12,2,74,4,13,,,0,2023,misc,Luton Town
ENG-Premier League,2023/24,Luton Town,Carlton Morris,ENG,"FW,MF",27,1995,31.8,4,0,0,50,43,10,15,1,9,,,0,2023,misc,Luton Town
ENG-Premier League,2023/24,Luton Town,Cauley Woodrow,ENG,FW,28,1994,4.7,2,0,0,8,4,2,10,1,10,,,0,2023,misc,Luton Town
ENG-Premier League,2023/24,Luton Town,Chiedozie Ogbene,IRL,MF,26,1997,22.2,1,0,0,9,50,7,79,7,9,,,0,2023,misc,Luton Town
ENG-Premier League,2023/24,Luton Town,Daiki Hashioka,JPN,"DF,MF",24,1999,6.6,0,0,0,10,6,0,9,8,6,,,2,2023,misc,Luton Town
ENG-Premier League,2023/24,Luton Town,Elijah Adebayo,ENG,FW,25,1998,15.8,1,0,0,28,16,13,5,4,1,,,0,2023,misc,Luton Town
ENG-Premier League,2023/24,Luton Town,Fred Onyedinma,ENG,MF,26,1996,4.5,1,0,0,10,6,0,13,1,5,,,0,2023,misc,Luton Town
ENG-Premier League,2023/24,Luton Town,Gabriel Osho,NGA,DF,24,1998,20.5,3,0,0,23,14,1,3,28,23,,,0,2023,misc,Luton Town
ENG-Premier League,2023/24,Luton Town,Issa Kaboré,BFA,"MF,DF",22,2001,19.2,7,0,0,27,30,2,65,15,28,,,1,2023,misc,Luton Town
ENG-Premier League,2023/24,Luton Town,Jacob Brown,SCO,"MF,FW",25,1998,11.3,4,0,0,19,19,6,9,9,12,,,0,2023,misc,Luton Town
ENG-Premier League,2023/24,Luton Town,James Shea,ENG,GK,32,1991,0.2,0,0,0,0,0,0,0,0,0,,,0,2023,misc,Luton Town
ENG-Premier League,2023/24,Luton Town,Jordan Clark,ENG,MF,29,1993,14.5,4,0,0,12,26,4,23,10,16,,,0,2023,misc,Luton Town
ENG-Premier League,2023/24,Luton Town,Joseph Johnson,ENG,DF,17,2006,0.9,1,0,0,1,0,0,0,0,0,,,0,2023,misc,Luton Town
ENG-Premier League,2023/24,Luton Town,Luke Berry,ENG,MF,31,1992,3.6,1,0,0,6,7,0,8,0,2,,,0,2023,misc,Luton Town
ENG-Premier League,2023/24,Luton Town,Mads Juel Andersen,DEN,DF,25,1997,4.4,1,0,0,6,2,0,0,8,5,,,0,2023,misc,Luton Town
ENG-Premier League,2023/24,Luton Town,Marvelous Nakamba,ZIM,MF,29,1994,12.6,5,0,0,24,9,0,4,10,26,,,0,2023,misc,Luton Town
ENG-Premier League,2023/24,Luton Town,Pelly Ruddock Mpanzu,COD,MF,30,1993,12.2,1,0,0,9,15,0,10,9,5,,,0,2023,misc,Luton Town
ENG-Premier League,2023/24,Luton Town,Reece Burke,ENG,DF,26,1996,18.4,5,0,0,20,12,0,13,21,24,,,0,2023,misc,Luton Town
ENG-Premier League,2023/24,Luton Town,Ross Barkley,ENG,MF,29,1993,29.1,6,0,0,25,39,0,46,25,20,,,0,2023,misc,Luton Town
ENG-Premier League,2023/24,Luton Town,Ryan Giles,ENG,"MF,DF",23,2000,5.6,0,0,0,2,1,0,49,4,6,,,0,2023,misc,Luton Town
ENG-Premier League,2023/24,Luton Town,Tahith Chong,CUW,"MF,FW",23,1999,22.0,4,0,0,21,65,5,35,7,20,,,0,2023,misc,Luton Town
ENG-Premier League,2023/24,Luton Town,Teden Mengi,ENG,DF,21,2002,27.4,3,0,0,35,7,1,2,54,22,,,0,2023,misc,Luton Town
ENG-Premier League,2023/24,Luton Town,Thomas Kaminski,BEL,GK,30,1992,37.8,3,0,0,0,2,0,0,0,1,,,0,2023,misc,Luton Town
ENG-Premier League,2023/24,Luton Town,Tom Lockyer,WAL,DF,28,1994,13.0,4,0,0,15,10,0,1,23,16,,,1,2023,misc,Luton Town
ENG-Premier League,2023/24,Luton Town,Zack Nelson,ENG,MF,18,2005,0.1,0,0,0,0,0,0,0,0,0,,,0,2023,misc,Luton Town
ENG-Premier League,2023/24,Manchester City,Aymeric Laporte,ESP,DF,29,1994,0.1,0,0,0,0,0,0,0,0,0,,,0,2023,misc,Manchester City
ENG-Premier League,2023/24,Manchester City,Bernardo Silva,POR,MF,28,1994,28.6,8,0,0,22,26,3,83,14,24,,,0,2023,misc,Manchester City
ENG-Premier League,2023/24,Manchester City,Cole Palmer,ENG,"FW,MF",21,2002,0.1,0,0,0,1,0,0,0,0,0,,,0,2023,misc,Manchester City
ENG-Premier League,2023/24,Manchester City,Ederson Moraes,BRA,GK,29,1993,30.9,5,0,0,2,4,0,0,0,0,,,0,2023,misc,Manchester City
ENG-Premier League,2023/24,Manchester City,Erling Haaland,NOR,"FW,MF",23,2000,28.4,1,0,0,18,30,6,5,2,3,,,0,2023,misc,Manchester City
ENG-Premier League,2023/24,Manchester City,Jack Grealish,ENG,"MF,FW",27,1995,11.2,6,0,0,6,41,2,16,6,8,,,0,2023,misc,Manchester City
ENG-Premier League,2023/24,Manchester City,James Mcatee,ENG,MF,20,2002,0.0,0,0,0,0,0,0,0,0,0,,,0,2023,misc,Manchester City
ENG-Premier League,2023/24,Manchester City,Jeremy Doku,BEL,"MF,FW",21,2002,17.7,3,0,0,15,32,4,61,9,22,,,0,2023,misc,Manchester City
ENG-Premier League,2023/24,Manchester City,John Stones,ENG,DF,29,1994,11.8,2,0,0,3,5,0,5,10,1,,,0,2023,misc,Manchester City
ENG-Premier League,2023/24,Manchester City,Joško Gvardiol,CRO,DF,21,2002,25.9,3,0,0,20,23,2,33,27,33,,,0,2023,misc,Manchester City
ENG-Premier League,2023/24,Manchester City,Julián Álvarez,ARG,"MF,FW",23,2000,29.4,2,0,0,23,13,3,137,2,13,,,0,2023,misc,Manchester City
ENG-Premier League,2023/24,Manchester City,Kalvin Phillips,ENG,"DF,MF",27,1995,1.0,0,0,0,3,2,0,2,2,3,,,0,2023,misc,Manchester City
ENG-Premier League,2023/24,Manchester City,Kevin De Bruyne,BEL,MF,32,1991,13.6,2,0,0,11,13,1,136,3,9,,,0,2023,misc,Manchester City
ENG-Premier League,2023/24,Manchester City,Kyle Walker,ENG,"DF,MF",33,1990,30.7,2,0,0,23,18,7,59,24,24,,,0,2023,misc,Manchester City
ENG-Premier League,2023/24,Manchester City,Manuel Akanji,SUI,"DF,MF",28,1995,27.9,4,1,1,17,19,0,9,22,28,,,0,2023,misc,Manchester City
ENG-Premier League,2023/24,Manchester City,Mateo Kovačić,CRO,MF,29,1994,17.2,4,0,0,16,15,0,0,10,26,,,0,2023,misc,Manchester City
ENG-Premier League,2023/24,Manchester City,Matheus Nunes,POR,"MF,FW",24,1998,7.3,0,0,0,8,16,2,19,1,6,,,0,2023,misc,Manchester City
ENG-Premier League,2023/24,Manchester City,Nathan Aké,NED,DF,28,1995,22.7,0,0,0,10,18,0,11,15,16,,,0,2023,misc,Manchester City
ENG-Premier League,2023/24,Manchester City,Oscar Bobb,NOR,MF,20,2003,3.4,0,0,0,2,3,0,5,5,3,,,0,2023,misc,Manchester City
ENG-Premier League,2023/24,Manchester City,Phil Foden,ENG,MF,23,2000,31.7,2,0,0,14,60,5,88,12,20,,,0,2023,misc,Manchester City
ENG-Premier League,2023/24,Manchester City,Rico Lewis,ENG,"DF,MF",18,2004,9.0,1,0,0,7,20,0,1,4,7,,,0,2023,misc,Manchester City
ENG-Premier League,2023/24,Manchester City,Rodri,ESP,"MF,DF",27,1996,32.6,8,1,0,41,35,6,12,25,43,,,0,2023,misc,Manchester City
ENG-Premier League,2023/24,Manchester City,Rúben Dias,POR,"DF,MF",26,1997,28.4,0,0,0,23,15,0,13,30,21,,,1,2023,misc,Manchester City
ENG-Premier League,2023/24,Manchester City,Sergio Gómez,ESP,"DF,MF",22,2000,0.6,0,0,0,2,0,1,4,1,0,,,0,2023,misc,Manchester City
ENG-Premier League,2023/24,Manchester City,Stefan Ortega,GER,GK,30,1992,7.1,0,0,0,0,1,0,0,0,0,,,0,2023,misc,Manchester City
ENG-Premier League,2023/24,Manchester Utd,Aaron Wan-Bissaka,COD,DF,25,1997,19.8,4,0,0,17,9,0,12,39,25,,,0,2023,misc,Manchester United
ENG-Premier League,2023/24,Manchester Utd,Alejandro Garnacho,ARG,MF,19,2004,28.5,4,0,0,20,54,15,59,18,15,,,0,2023,misc,Manchester United
ENG-Premier League,2023/24,Manchester Utd,Amad Diallo,CIV,MF,21,2002,4.3,1,0,0,5,4,0,1,1,4,,,0,2023,misc,Manchester United
ENG-Premier League,2023/24,Manchester Utd,André Onana,CMR,GK,27,1996,38.0,5,0,0,1,4,0,0,0,0,,,0,2023,misc,Manchester United
ENG-Premier League,2023/24,Manchester Utd,Anthony Martial,FRA,FW,27,1995,5.0,0,0,0,3,6,3,0,0,1,,,0,2023,misc,Manchester United
ENG-Premier League,2023/24,Manchester Utd,Antony,BRA,MF,23,2000,14.7,5,0,0,19,32,2,15,11,22,,,0,2023,misc,Manchester United
ENG-Premier League,2023/24,Manchester Utd,Bruno Fernandes,POR,MF,28,1994,34.6,9,0,0,41,27,13,225,25,37,,,0,2023,misc,Manchester United
ENG-Premier League,2023/24,Manchester Utd,Casemiro,BRA,"MF,DF",31,1992,22.0,7,0,0,30,10,6,13,18,54,,,0,2023,misc,Manchester United
ENG-Premier League,2023/24,Manchester Utd,Christian Eriksen,DEN,MF,31,1992,12.7,1,0,0,6,3,1,42,4,14,,,0,2023,misc,Manchester United
ENG-Premier League,2023/24,Manchester Utd,Daniel Gore,ENG,MF,18,2004,0.0,0,0,0,0,1,0,0,1,1,,,0,2023,misc,Manchester United
ENG-Premier League,2023/24,Manchester Utd,Diogo Dalot,POR,DF,24,1999,35.3,6,1,1,45,14,2,81,38,50,,,0,2023,misc,Manchester United
ENG-Premier League,2023/24,Manchester Utd,Donny van de Beek,NED,MF,26,1997,0.0,0,0,0,0,0,0,0,0,0,,,0,2023,misc,Manchester United
ENG-Premier League,2023/24,Manchester Utd,Ethan Wheatley,ENG,FW,17,2006,0.2,0,0,0,3,0,0,0,2,1,,,0,2023,misc,Manchester United
ENG-Premier League,2023/24,Manchester Utd,Facundo Pellistri,URU,MF,21,2001,1.9,0,0,0,4,6,0,5,1,2,,,0,2023,misc,Manchester United
ENG-Premier League,2023/24,Manchester Utd,Hannibal Mejbri,TUN,MF,20,2003,1.5,1,0,0,5,6,1,1,0,3,,,0,2023,misc,Manchester United
ENG-Premier League,2023/24,Manchester Utd,Harry Maguire,ENG,DF,30,1993,18.4,4,0,0,21,10,6,4,24,17,,,0,2023,misc,Manchester United
ENG-Premier League,2023/24,Manchester Utd,Jadon Sancho,ENG,"FW,MF",23,2000,0.9,0,0,0,0,2,1,1,1,1,,,0,2023,misc,Manchester United
ENG-Premier League,2023/24,Manchester Utd,Jonny Evans,NIR,DF,35,1988,15.5,2,0,0,17,13,0,0,23,15,,,0,2023,misc,Manchester United
ENG-Premier League,2023/24,Manchester Utd,Kobbie Mainoo,ENG,MF,18,2005,21.4,3,0,0,16,23,0,7,22,26,,,0,2023,misc,Manchester United
ENG-Premier League,2023/24,Manchester Utd,Lisandro Martínez,ARG,DF,25,1998,7.2,3,0,0,6,3,0,2,5,9,,,1,2023,misc,Manchester United
ENG-Premier League,2023/24,Manchester Utd,Luke Shaw,ENG,DF,28,1995,10.7,6,0,0,14,3,0,33,6,9,,,0,2023,misc,Manchester United
ENG-Premier League,2023/24,Manchester Utd,Marcus Rashford,ENG,"MF,FW",25,1997,25.2,2,0,0,12,21,12,35,4,13,,,0,2023,misc,Manchester United
ENG-Premier League,2023/24,Manchester Utd,Mason Mount,ENG,MF,24,1999,5.7,2,0,0,10,9,0,14,6,14,,,0,2023,misc,Manchester United
ENG-Premier League,2023/24,Manchester Utd,Omari Forson,ENG,MF,19,2004,0.8,0,0,0,1,0,0,0,0,0,,,0,2023,misc,Manchester United
ENG-Premier League,2023/24,Manchester Utd,Raphaël Varane,FRA,DF,30,1993,15.3,2,0,0,8,3,2,0,14,10,,,0,2023,misc,Manchester United
ENG-Premier League,2023/24,Manchester Utd,Rasmus Højlund,DEN,FW,20,2003,24.0,2,0,0,20,30,15,6,1,6,,,0,2023,misc,Manchester United
ENG-Premier League,2023/24,Manchester Utd,Scott McTominay,SCO,"MF,FW",26,1996,21.1,2,0,0,27,21,6,4,14,23,,,0,2023,misc,Manchester United
ENG-Premier League,2023/24,Manchester Utd,Sergio Reguilón,ESP,DF,26,1996,4.6,3,0,0,4,11,3,30,5,9,,,0,2023,misc,Manchester United
ENG-Premier League,2023/24,Manchester Utd,Sofyan Amrabat,MAR,"MF,DF",26,1996,10.4,6,0,0,24,10,0,7,8,15,,,0,2023,misc,Manchester United
ENG-Premier League,2023/24,Manchester Utd,Victor Lindelöf,SWE,DF,29,1994,14.8,2,0,0,15,2,3,1,13,11,,,0,2023,misc,Manchester United
ENG-Premier League,2023/24,Manchester Utd,Willy Kambwala,FRA,DF,18,2004,3.7,1,0,0,4,2,0,0,4,1,,,0,2023,misc,Manchester United
ENG-Premier League,2023/24,Newcastle,Alex Murphy,IRL,DF,19,2004,0.1,0,0,0,2,0,0,0,1,1,,,0,2023,misc,Newcastle United
ENG-Premier League,2023/24,Newcastle,Alexander Isak,SWE,FW,23,1999,25.1,1,0,0,14,16,17,10,6,0,,,0,2023,misc,Newcastle United
ENG-Premier League,2023/24,Newcastle,Amadou Diallo,ENG,FW,20,2003,0.0,0,0,0,0,0,0,0,0,0,,,0,2023,misc,Newcastle United
ENG-Premier League,2023/24,Newcastle,Anthony Gordon,ENG,FW,22,2001,32.1,12,1,1,38,64,8,111,6,33,,,0,2023,misc,Newcastle United
ENG-Premier League,2023/24,Newcastle,Ben Parkinson,ENG,FW,18,2005,0.3,0,0,0,0,0,1,0,0,0,,,0,2023,misc,Newcastle United
ENG-Premier League,2023/24,Newcastle,Bruno Guimarães,BRA,MF,25,1997,36.3,9,0,0,50,108,0,33,31,52,,,0,2023,misc,Newcastle United
ENG-Premier League,2023/24,Newcastle,Callum Wilson,ENG,FW,31,1992,11.0,3,0,0,15,17,4,3,1,3,,,0,2023,misc,Newcastle United
ENG-Premier League,2023/24,Newcastle,Dan Burn,ENG,DF,31,1992,30.3,4,0,0,32,11,4,11,35,34,,,0,2023,misc,Newcastle United
ENG-Premier League,2023/24,Newcastle,Elliot Anderson,ENG,"MF,FW",20,2002,11.4,3,0,0,22,19,1,19,9,18,,,0,2023,misc,Newcastle United
ENG-Premier League,2023/24,Newcastle,Emil Krafth,SWE,DF,28,1994,10.1,2,0,0,11,7,0,17,8,11,,,0,2023,misc,Newcastle United
ENG-Premier League,2023/24,Newcastle,Fabian Schär,SUI,DF,31,1991,33.9,5,0,0,37,26,0,8,33,25,,,0,2023,misc,Newcastle United
ENG-Premier League,2023/24,Newcastle,Harvey Barnes,ENG,"FW,MF",25,1997,8.9,2,0,0,4,21,2,12,3,1,,,0,2023,misc,Newcastle United
ENG-Premier League,2023/24,Newcastle,Jacob Murphy,ENG,"FW,MF",28,1995,13.2,1,0,0,7,15,1,78,5,12,,,0,2023,misc,Newcastle United
ENG-Premier League,2023/24,Newcastle,Jamaal Lascelles,ENG,DF,29,1993,12.0,4,0,0,17,2,1,1,5,9,,,0,2023,misc,Newcastle United
ENG-Premier League,2023/24,Newcastle,Joe White,ENG,MF,20,2002,0.1,1,0,0,2,0,0,0,0,1,,,0,2023,misc,Newcastle United
ENG-Premier League,2023/24,Newcastle,Joe Willock,ENG,MF,23,1999,4.7,0,0,0,3,3,1,6,1,7,,,0,2023,misc,Newcastle United
ENG-Premier League,2023/24,Newcastle,Joelinton,BRA,"MF,FW",26,1996,14.2,6,0,0,28,22,0,2,19,26,,,0,2023,misc,Newcastle United
ENG-Premier League,2023/24,Newcastle,Kieran Trippier,ENG,DF,32,1990,24.8,5,0,0,27,21,3,214,24,27,,,0,2023,misc,Newcastle United
ENG-Premier League,2023/24,Newcastle,Lewis Hall,ENG,DF,18,2004,8.7,2,0,0,5,5,0,23,13,17,,,0,2023,misc,Newcastle United
ENG-Premier League,2023/24,Newcastle,Lewis Miley,ENG,MF,17,2006,13.4,1,0,0,5,6,2,12,8,21,,,0,2023,misc,Newcastle United
ENG-Premier League,2023/24,Newcastle,Loris Karius,GER,GK,30,1993,1.0,0,0,0,0,0,0,0,0,0,,,0,2023,misc,Newcastle United
ENG-Premier League,2023/24,Newcastle,Martin Dúbravka,SVK,GK,34,1989,22.1,1,0,0,2,5,0,0,0,0,,,0,2023,misc,Newcastle United
ENG-Premier League,2023/24,Newcastle,Matt Ritchie,SCO,"DF,MF",33,1989,1.4,1,0,0,2,1,0,7,1,3,,,0,2023,misc,Newcastle United
ENG-Premier League,2023/24,Newcastle,Matt Targett,ENG,DF,27,1995,0.9,1,0,0,0,2,0,0,0,0,,,0,2023,misc,Newcastle United
ENG-Premier League,2023/24,Newcastle,Michael Ndiweni,ENG,MF,19,2003,0.0,0,0,0,0,0,0,0,0,0,,,0,2023,misc,Newcastle United
ENG-Premier League,2023/24,Newcastle,Miguel Almirón,PAR,FW,29,1994,21.5,2,0,0,16,22,10,24,10,24,,,0,2023,misc,Newcastle United
ENG-Premier League,2023/24,Newcastle,Nick Pope,ENG,GK,31,1992,14.9,1,0,0,0,3,0,0,0,0,,,0,2023,misc,Newcastle United
ENG-Premier League,2023/24,Newcastle,Paul Dummett,WAL,DF,31,1991,0.2,0,0,0,1,0,0,0,0,0,,,0,2023,misc,Newcastle United
ENG-Premier League,2023/24,Newcastle,Sandro Tonali,ITA,MF,23,2000,4.9,2,0,0,9,6,0,11,2,7,,,0,2023,misc,Newcastle United
ENG-Premier League,2023/24,Newcastle,Sean Longstaff,ENG,MF,25,1997,30.5,7,0,0,24,33,2,25,16,31,,,0,2023,misc,Newcastle United
ENG-Premier League,2023/24,Newcastle,Sven Botman,NED,DF,23,2000,15.3,2,0,0,9,2,1,0,9,13,,,1,2023,misc,Newcastle United
ENG-Premier League,2023/24,Newcastle,Tino Livramento,ENG,DF,20,2002,14.6,1,0,0,3,28,1,26,24,14,,,0,2023,misc,Newcastle United
ENG-Premier League,2023/24,Nottingham,Andrew Omobamidele,IRL,DF,21,2002,8.7,2,0,0,6,3,0,0,12,3,,,1,2023,misc,Nottingham Forest
ENG-Premier League,2023/24,Nottingham,Andrey Santos,BRA,MF,19,2004,0.1,0,0,0,0,0,0,0,0,0,,,0,2023,misc,Nottingham Forest
ENG-Premier League,2023/24,Nottingham,Anthony Elanga,SWE,"MF,FW",21,2002,27.0,1,0,0,9,26,19,57,8,19,,,0,2023,misc,Nottingham Forest
ENG-Premier League,2023/24,Nottingham,Brandon Aguilera,CRC,MF,20,2003,0.1,0,0,0,3,0,0,0,0,0,,,0,2023,misc,Nottingham Forest
ENG-Premier League,2023/24,Nottingham,Brennan Johnson,WAL,"FW,MF",22,2001,2.6,0,0,0,1,7,1,2,0,0,,,0,2023,misc,Nottingham Forest
ENG-Premier League,2023/24,Nottingham,Callum Hudson-Odoi,ENG,"MF,FW",22,2000,20.6,0,0,0,14,30,9,73,6,8,,,0,2023,misc,Nottingham Forest
ENG-Premier League,2023/24,Nottingham,Cheikhou Kouyaté,SEN,MF,33,1989,2.4,2,0,0,6,2,0,0,2,5,,,0,2023,misc,Nottingham Forest
ENG-Premier League,2023/24,Nottingham,Chris Wood,NZL,FW,31,1991,20.1,0,0,0,22,13,7,2,1,4,,,0,2023,misc,Nottingham Forest
ENG-Premier League,2023/24,Nottingham,Danilo Santos,BRA,MF,22,2001,19.9,4,0,0,13,9,2,26,33,22,,,0,2023,misc,Nottingham Forest
ENG-Premier League,2023/24,Nottingham,Divock Origi,BEL,"MF,FW",28,1995,6.7,1,0,0,14,8,5,13,2,4,,,0,2023,misc,Nottingham Forest
ENG-Premier League,2023/24,Nottingham,Felipe,BRA,DF,34,1989,4.2,4,0,0,10,2,0,0,4,9,,,0,2023,misc,Nottingham Forest
ENG-Premier League,2023/24,Nottingham,Gio Reyna,USA,MF,20,2002,2.6,0,0,0,3,2,0,8,2,3,,,0,2023,misc,Nottingham Forest
ENG-Premier League,2023/24,Nottingham,Gonzalo Montiel,ARG,DF,26,1997,8.9,5,0,0,6,1,2,16,7,19,,,0,2023,misc,Nottingham Forest
ENG-Premier League,2023/24,Nottingham,Harry Toffolo,ENG,"DF,MF",27,1995,16.2,3,0,0,17,2,0,46,12,15,,,0,2023,misc,Nottingham Forest
ENG-Premier League,2023/24,Nottingham,Ibrahim Sangaré,CIV,MF,25,1997,11.5,6,0,0,22,9,2,2,14,22,,,0,2023,misc,Nottingham Forest
ENG-Premier League,2023/24,Nottingham,Joe Worrall,ENG,DF,26,1997,4.9,0,1,0,3,2,0,0,3,5,,,0,2023,misc,Nottingham Forest
ENG-Premier League,2023/24,Nottingham,Matt Turner,USA,GK,29,1994,17.0,2,0,0,0,3,0,0,0,0,,,0,2023,misc,Nottingham Forest
ENG-Premier League,2023/24,Nottingham,Matz Sels,BEL,GK,31,1992,16.0,1,0,0,0,3,0,0,0,0,,,0,2023,misc,Nottingham Forest
ENG-Premier League,2023/24,Nottingham,Morgan Gibbs-White,ENG,"MF,FW",23,2000,35.1,9,0,0,37,57,6,181,18,24,,,0,2023,misc,Nottingham Forest
ENG-Premier League,2023/24,Nottingham,Moussa Niakhaté,SEN,DF,27,1996,16.2,5,1,1,11,4,0,11,14,25,,,0,2023,misc,Nottingham Forest
ENG-Premier League,2023/24,Nottingham,Murillo,BRA,DF,21,2002,31.0,5,0,0,38,7,0,3,40,33,,,1,2023,misc,Nottingham Forest
ENG-Premier League,2023/24,Nottingham,Neco Williams,WAL,"DF,MF",22,2001,18.2,4,0,0,23,30,4,69,23,39,,,0,2023,misc,Nottingham Forest
ENG-Premier League,2023/24,Nottingham,Nicolás Domínguez,ARG,MF,25,1998,16.6,4,0,0,26,16,2,6,18,35,,,0,2023,misc,Nottingham Forest
ENG-Premier League,2023/24,Nottingham,Nuno Tavares,POR,DF,23,2000,5.1,2,0,0,8,2,0,16,1,7,,,0,2023,misc,Nottingham Forest
ENG-Premier League,2023/24,Nottingham,Odysseas Vlachodimos,GRE,GK,29,1994,5.0,0,0,0,0,1,0,0,0,0,,,0,2023,misc,Nottingham Forest
ENG-Premier League,2023/24,Nottingham,Ola Aina,NGA,"DF,MF",26,1996,18.8,3,0,0,18,25,2,27,17,29,,,0,2023,misc,Nottingham Forest
ENG-Premier League,2023/24,Nottingham,Orel Mangala,BEL,MF,25,1998,17.4,6,0,0,23,21,0,2,27,12,,,0,2023,misc,Nottingham Forest
ENG-Premier League,2023/24,Nottingham,Rodrigo Ribeiro,POR,FW,18,2005,0.2,0,0,0,1,0,0,0,1,0,,,0,2023,misc,Nottingham Forest
ENG-Premier League,2023/24,Nottingham,Ryan Yates,ENG,MF,25,1997,22.1,6,0,0,54,57,2,6,21,37,,,0,2023,misc,Nottingham Forest
ENG-Premier League,2023/24,Nottingham,Scott McKenna,SCO,DF,26,1996,4.6,0,0,0,3,2,0,0,4,0,,,0,2023,misc,Nottingham Forest
ENG-Premier League,2023/24,Nottingham,Serge Aurier,CIV,"DF,MF",30,1992,9.3,2,0,0,8,9,0,22,8,14,,,0,2023,misc,Nottingham Forest
ENG-Premier League,2023/24,Nottingham,Taiwo Awoniyi,NGA,FW,25,1997,11.6,2,0,0,9,16,13,1,1,6,,,0,2023,misc,Nottingham Forest
ENG-Premier League,2023/24,Nottingham,Willy Boly,CIV,DF,32,1991,16.0,3,1,1,20,2,1,1,24,30,,,0,2023,misc,Nottingham Forest
ENG-Premier League,2023/24,Sheffield United,Andre Brooks,JAM,MF,19,2003,10.4,1,0,0,11,9,0,8,15,10,,,0,2023,misc,Sheffield United
ENG-Premier League,2023/24,Sheffield United,Anel Ahmedhodžić,BIH,DF,24,1999,29.4,11,1,1,34,13,2,6,33,35,,,0,2023,misc,Sheffield United
ENG-Premier League,2023/24,Sheffield United,Anis Ben Slimane,TUN,MF,22,2001,4.7,2,0,0,7,6,2,1,5,6,,,1,2023,misc,Sheffield United
ENG-Premier League,2023/24,Sheffield United,Antwoine Hackford,ENG,FW,19,2004,0.1,0,0,0,0,0,0,0,0,0,,,0,2023,misc,Sheffield United
ENG-Premier League,2023/24,Sheffield United,Auston Trusty,USA,DF,24,1998,28.6,4,0,0,23,12,3,6,34,29,,,0,2023,misc,Sheffield United
ENG-Premier League,2023/24,Sheffield United,Ben Brereton,CHI,"FW,MF",24,1999,12.3,3,0,0,11,19,10,9,3,4,,,0,2023,misc,Sheffield United
ENG-Premier League,2023/24,Sheffield United,Ben Osborn,ENG,MF,28,1994,15.2,3,0,0,8,9,1,47,8,8,,,1,2023,misc,Sheffield United
ENG-Premier League,2023/24,Sheffield United,Bénie Traoré,CIV,"FW,MF",20,2002,4.3,0,0,0,10,4,1,3,1,2,,,0,2023,misc,Sheffield United
ENG-Premier League,2023/24,Sheffield United,Cameron Archer,ENG,"FW,MF",22,2001,20.4,1,0,0,14,20,13,5,1,12,,,0,2023,misc,Sheffield United
ENG-Premier League,2023/24,Sheffield United,Chris Basham,ENG,"DF,MF",35,1988,3.6,1,0,0,3,3,2,4,4,2,,,0,2023,misc,Sheffield United
ENG-Premier League,2023/24,Sheffield United,Daniel Jebbison,CAN,FW,19,2003,0.2,0,0,0,0,0,0,0,0,0,,,0,2023,misc,Sheffield United
ENG-Premier League,2023/24,Sheffield United,George Baldock,GRE,"DF,MF",30,1993,10.8,4,0,0,18,14,1,18,10,9,,,0,2023,misc,Sheffield United
ENG-Premier League,2023/24,Sheffield United,Gustavo Hamer,NED,MF,26,1997,32.3,9,0,0,50,17,6,118,26,20,,,0,2023,misc,Sheffield United
ENG-Premier League,2023/24,Sheffield United,Ivo Grbić,CRO,GK,27,1996,8.6,1,0,0,0,2,0,0,0,0,,,0,2023,misc,Sheffield United
ENG-Premier League,2023/24,Sheffield United,Jack Robinson,ENG,DF,29,1993,32.1,10,0,0,19,16,1,12,29,30,,,2,2023,misc,Sheffield United
ENG-Premier League,2023/24,Sheffield United,James Mcatee,ENG,"MF,FW",20,2002,20.2,2,0,0,15,29,1,35,11,20,,,0,2023,misc,Sheffield United
ENG-Premier League,2023/24,Sheffield United,Jayden Bogle,ENG,"MF,DF",23,2000,31.0,9,0,0,39,22,4,41,32,37,,,1,2023,misc,Sheffield United
ENG-Premier League,2023/24,Sheffield United,John Egan,IRL,DF,30,1992,5.4,2,0,0,6,1,0,0,13,3,,,0,2023,misc,Sheffield United
ENG-Premier League,2023/24,Sheffield United,John Fleck,SCO,MF,31,1991,1.0,1,0,0,2,2,0,0,0,0,,,0,2023,misc,Sheffield United
ENG-Premier League,2023/24,Sheffield United,Luke Thomas,ENG,"MF,DF",22,2001,10.2,3,0,0,10,13,0,13,10,9,,,0,2023,misc,Sheffield United
ENG-Premier League,2023/24,Sheffield United,Mason Holgate,JAM,DF,26,1996,7.9,3,1,0,8,4,0,7,10,7,,,0,2023,misc,Sheffield United
ENG-Premier League,2023/24,Sheffield United,Max Lowe,ENG,"MF,DF",26,1997,5.6,1,0,0,7,3,1,8,4,9,,,0,2023,misc,Sheffield United
ENG-Premier League,2023/24,Sheffield United,Oliver Arblaster,ENG,MF,19,2004,10.5,2,0,0,10,12,0,7,15,17,,,1,2023,misc,Sheffield United
ENG-Premier League,2023/24,Sheffield United,Oliver McBurnie,SCO,FW,27,1996,14.2,7,2,2,19,27,4,5,5,6,,,0,2023,misc,Sheffield United
ENG-Premier League,2023/24,Sheffield United,Oliver Norwood,NIR,MF,32,1991,16.0,8,0,0,15,9,0,52,19,26,,,0,2023,misc,Sheffield United
ENG-Premier League,2023/24,Sheffield United,Rhian Brewster,ENG,FW,23,2000,3.8,0,1,0,5,5,1,3,1,1,,,0,2023,misc,Sheffield United
ENG-Premier League,2023/24,Sheffield United,Rhys Norrington-Davies,WAL,DF,24,1999,1.2,1,0,0,3,1,1,2,1,1,,,0,2023,misc,Sheffield United
ENG-Premier League,2023/24,Sheffield United,Ryan One,SCO,MF,17,2006,0.1,0,0,0,0,0,0,0,0,0,,,0,2023,misc,Sheffield United
ENG-Premier League,2023/24,Sheffield United,Sam Curtis,IRL,DF,17,2005,0.3,0,0,0,0,0,0,1,0,0,,,0,2023,misc,Sheffield United
ENG-Premier League,2023/24,Sheffield United,Sydie Peck,ENG,MF,18,2004,0.1,0,0,0,0,0,0,0,0,0,,,0,2023,misc,Sheffield United
ENG-Premier League,2023/24,Sheffield United,Tom Davies,ENG,MF,25,1998,2.5,2,0,0,7,2,0,4,3,5,,,0,2023,misc,Sheffield United
ENG-Premier League,2023/24,Sheffield United,Vinicius Souza,BRA,MF,24,1999,29.6,3,0,0,48,14,2,10,30,73,,,0,2023,misc,Sheffield United
ENG-Premier League,2023/24,Sheffield United,Wes Foderingham,ENG,GK,32,1991,29.4,2,0,0,1,12,0,0,0,5,,,1,2023,misc,Sheffield United
ENG-Premier League,2023/24,Sheffield United,William Osula,DEN,FW,19,2003,8.7,4,0,0,15,12,6,2,2,2,,,0,2023,misc,Sheffield United
ENG-Premier League,2023/24,Sheffield United,Yasser Larouci,ALG,MF,22,2001,5.9,1,0,0,5,5,1,6,7,9,,,0,2023,misc,Sheffield United
ENG-Premier League,2023/24,Tottenham,Alejo Véliz,ARG,FW,19,2003,0.6,1,0,0,0,1,3,0,0,0,,,0,2023,misc,Tottenham Hotspur
ENG-Premier League,2023/24,Tottenham,Ben Davies,WAL,DF,30,1993,12.1,2,0,0,8,19,0,10,10,16,,,0,2023,misc,Tottenham Hotspur
ENG-Premier League,2023/24,Tottenham,Brennan Johnson,WAL,"MF,FW",22,2001,23.2,3,0,0,17,29,12,71,9,15,,,0,2023,misc,Tottenham Hotspur
ENG-Premier League,2023/24,Tottenham,Bryan Gil,ESP,MF,22,2001,2.3,0,0,0,2,3,1,12,2,0,,,0,2023,misc,Tottenham Hotspur
ENG-Premier League,2023/24,Tottenham,Cristian Romero,ARG,DF,25,1998,31.0,7,1,0,31,24,1,3,43,41,,,1,2023,misc,Tottenham Hotspur
ENG-Premier League,2023/24,Tottenham,Dane Scarlett,ENG,FW,19,2004,0.2,0,0,0,1,2,0,0,0,1,,,0,2023,misc,Tottenham Hotspur
ENG-Premier League,2023/24,Tottenham,Davinson Sánchez,COL,DF,27,1996,0.9,1,0,0,2,1,0,0,1,0,,,0,2023,misc,Tottenham Hotspur
ENG-Premier League,2023/24,Tottenham,Dejan Kulusevski,SWE,"MF,FW",23,2000,30.7,7,0,0,54,29,10,89,17,33,,,0,2023,misc,Tottenham Hotspur
ENG-Premier League,2023/24,Tottenham,Destiny Udogie,ITA,DF,20,2002,26.6,7,1,1,51,36,3,22,37,33,,,0,2023,misc,Tottenham Hotspur
ENG-Premier League,2023/24,Tottenham,Emerson,BRA,DF,24,1999,12.9,4,0,0,14,38,0,14,18,24,,,0,2023,misc,Tottenham Hotspur
ENG-Premier League,2023/24,Tottenham,Eric Dier,ENG,DF,29,1994,2.2,0,0,0,0,1,2,0,1,1,,,0,2023,misc,Tottenham Hotspur
ENG-Premier League,2023/24,Tottenham,Giovani Lo Celso,ARG,MF,27,1996,5.6,2,0,0,12,26,1,14,5,13,,,0,2023,misc,Tottenham Hotspur
ENG-Premier League,2023/24,Tottenham,Guglielmo Vicario,ITA,GK,26,1996,38.0,2,0,0,0,8,0,0,1,0,,,0,2023,misc,Tottenham Hotspur
ENG-Premier League,2023/24,Tottenham,Ivan Perišić,CRO,"FW,MF",34,1989,1.1,2,0,0,2,1,0,13,2,2,,,0,2023,misc,Tottenham Hotspur
ENG-Premier League,2023/24,Tottenham,James Maddison,ENG,MF,26,1996,23.7,5,0,0,21,74,2,134,14,19,,,0,2023,misc,Tottenham Hotspur
ENG-Premier League,2023/24,Tottenham,Jamie Donley,NIR,MF,18,2005,0.0,1,0,0,1,1,0,0,0,0,,,0,2023,misc,Tottenham Hotspur
ENG-Premier League,2023/24,Tottenham,Manor Solomon,ISR,MF,24,1999,2.2,1,0,0,2,1,1,5,3,3,,,0,2023,misc,Tottenham Hotspur
ENG-Premier League,2023/24,Tottenham,Micky van de Ven,NED,DF,22,2001,26.0,5,0,0,13,17,1,3,17,34,,,0,2023,misc,Tottenham Hotspur
ENG-Premier League,2023/24,Tottenham,Mikey Moore,ENG,MF,15,2007,0.0,0,0,0,1,0,0,0,0,0,,,0,2023,misc,Tottenham Hotspur
ENG-Premier League,2023/24,Tottenham,Oliver Skipp,ENG,"MF,DF",22,2000,7.9,3,0,0,8,12,0,1,4,13,,,0,2023,misc,Tottenham Hotspur
ENG-Premier League,2023/24,Tottenham,Pape Matar Sarr,SEN,MF,20,2002,23.0,9,0,0,32,17,0,25,30,24,,,0,2023,misc,Tottenham Hotspur
ENG-Premier League,2023/24,Tottenham,Pedro Porro,ESP,DF,23,1999,34.3,3,0,0,37,27,1,198,33,65,,,0,2023,misc,Tottenham Hotspur
ENG-Premier League,2023/24,Tottenham,Pierre Højbjerg,DEN,MF,27,1995,14.6,4,0,0,20,17,0,14,16,16,,,1,2023,misc,Tottenham Hotspur
ENG-Premier League,2023/24,Tottenham,Radu Drăgușin,ROU,DF,21,2002,4.8,1,0,0,6,4,1,1,8,3,,,0,2023,misc,Tottenham Hotspur
ENG-Premier League,2023/24,Tottenham,Richarlison,BRA,"FW,MF",26,1997,16.6,3,0,0,20,30,12,15,8,11,,,0,2023,misc,Tottenham Hotspur
ENG-Premier League,2023/24,Tottenham,Rodrigo Bentancur,URU,MF,26,1997,11.2,7,0,0,20,17,0,9,16,16,,,0,2023,misc,Tottenham Hotspur
ENG-Premier League,2023/24,Tottenham,Son Heung-min,KOR,"FW,MF",31,1992,32.6,1,0,0,12,39,20,36,8,13,,,1,2023,misc,Tottenham Hotspur
ENG-Premier League,2023/24,Tottenham,Timo Werner,GER,"MF,FW",27,1996,9.0,1,0,0,3,5,12,28,3,4,,,0,2023,misc,Tottenham Hotspur
ENG-Premier League,2023/24,Tottenham,Yves Bissouma,MLI,MF,26,1996,23.0,10,2,1,35,31,0,1,34,51,,,0,2023,misc,Tottenham Hotspur
ENG-Premier League,2023/24,West Ham,Aaron Cresswell,ENG,DF,33,1989,4.8,1,0,0,2,3,1,11,4,2,,,0,2023,misc,West Ham United
ENG-Premier League,2023/24,West Ham,Alphonse Areola,FRA,GK,30,1993,30.0,1,0,0,2,3,0,0,1,1,,,1,2023,misc,West Ham United
ENG-Premier League,2023/24,West Ham,Angelo Ogbonna,ITA,DF,35,1988,7.1,1,0,0,1,3,0,0,3,5,,,0,2023,misc,West Ham United
ENG-Premier League,2023/24,West Ham,Ben Johnson,ENG,"MF,DF",23,2000,6.0,1,0,0,2,7,1,31,5,6,,,0,2023,misc,West Ham United
ENG-Premier League,2023/24,West Ham,Danny Ings,ENG,"FW,MF",31,1992,4.5,1,0,0,4,6,1,1,4,3,,,0,2023,misc,West Ham United
ENG-Premier League,2023/24,West Ham,Divin Mubama,ENG,FW,18,2004,0.9,0,0,0,1,1,0,0,0,0,,,0,2023,misc,West Ham United
ENG-Premier League,2023/24,West Ham,Edson Álvarez,MEX,MF,25,1997,26.4,11,0,0,33,15,1,4,43,40,,,0,2023,misc,West Ham United
ENG-Premier League,2023/24,West Ham,Emerson Palmieri,ITA,DF,28,1994,34.9,10,0,0,32,33,1,49,40,67,,,1,2023,misc,West Ham United
ENG-Premier League,2023/24,West Ham,George Earthy,ENG,MF,18,2004,0.4,0,0,0,1,0,0,0,1,0,,,0,2023,misc,West Ham United
ENG-Premier League,2023/24,West Ham,James Ward-Prowse,ENG,MF,28,1994,33.3,4,0,0,24,20,0,189,38,30,,,0,2023,misc,West Ham United
ENG-Premier League,2023/24,West Ham,Jarrod Bowen,ENG,"MF,FW",26,1996,33.5,2,0,0,28,42,20,74,19,29,,,0,2023,misc,West Ham United
ENG-Premier League,2023/24,West Ham,Kaelan Casey,ENG,DF,18,2004,0.0,0,0,0,0,0,0,0,0,0,,,0,2023,misc,West Ham United
ENG-Premier League,2023/24,West Ham,Kalvin Phillips,ENG,MF,27,1995,3.4,3,1,1,14,5,0,1,3,5,,,0,2023,misc,West Ham United
ENG-Premier League,2023/24,West Ham,Konstantinos Mavropanos,GRE,DF,25,1997,16.7,2,0,0,15,10,0,1,24,15,,,2,2023,misc,West Ham United
ENG-Premier League,2023/24,West Ham,Kurt Zouma,FRA,DF,28,1994,31.5,3,0,0,24,6,0,0,27,17,,,0,2023,misc,West Ham United
ENG-Premier League,2023/24,West Ham,Lucas Paquetá,BRA,MF,25,1997,29.1,10,0,0,47,65,5,37,22,46,,,0,2023,misc,West Ham United
ENG-Premier League,2023/24,West Ham,Maxwel Cornet,CIV,MF,26,1996,1.2,0,0,0,2,2,3,1,2,2,,,0,2023,misc,West Ham United
ENG-Premier League,2023/24,West Ham,Michail Antonio,JAM,FW,33,1990,18.8,6,0,0,25,28,9,25,2,8,,,0,2023,misc,West Ham United
ENG-Premier League,2023/24,West Ham,Mohammed Kudus,GHA,MF,22,2000,27.6,6,0,0,39,75,16,95,11,46,,,0,2023,misc,West Ham United
ENG-Premier League,2023/24,West Ham,Nayef Aguerd,MAR,DF,27,1996,20.6,3,1,1,10,6,0,5,16,14,,,0,2023,misc,West Ham United
ENG-Premier League,2023/24,West Ham,Pablo Fornals,ESP,MF,27,1996,4.7,0,0,0,3,5,1,8,6,6,,,0,2023,misc,West Ham United
ENG-Premier League,2023/24,West Ham,Saïd Benrahma,ALG,MF,27,1995,6.9,1,0,0,5,6,1,17,5,4,,,0,2023,misc,West Ham United
ENG-Premier League,2023/24,West Ham,Thilo Kehrer,GER,DF,26,1996,0.2,2,0,0,2,0,0,0,0,1,,,0,2023,misc,West Ham United
ENG-Premier League,2023/24,West Ham,Tomáš Souček,CZE,MF,28,1995,31.9,7,0,0,41,25,10,6,33,36,,,0,2023,misc,West Ham United
ENG-Premier League,2023/24,West Ham,Vladimír Coufal,CZE,DF,30,1992,34.8,7,1,1,32,27,1,107,38,42,,,0,2023,misc,West Ham United
ENG-Premier League,2023/24,West Ham,Łukasz Fabiański,POL,GK,38,1985,8.0,0,0,0,0,0,0,0,1,0,,,0,2023,misc,West Ham United
ENG-Premier League,2023/24,Wolves,Boubacar Traoré,MLI,MF,21,2001,9.1,4,0,0,23,4,1,5,5,22,,,0,2023,misc,Wolverhampton Wanderers
ENG-Premier League,2023/24,Wolves,Craig Dawson,ENG,DF,33,1990,24.5,7,0,0,20,15,4,1,16,19,,,0,2023,misc,Wolverhampton Wanderers
ENG-Premier League,2023/24,Wolves,Daniel Bentley,ENG,GK,30,1993,4.3,0,0,0,0,0,0,0,0,0,,,0,2023,misc,Wolverhampton Wanderers
ENG-Premier League,2023/24,Wolves,Enso Gonzalez,PAR,FW,18,2005,0.0,0,0,0,0,1,0,0,0,0,,,0,2023,misc,Wolverhampton Wanderers
ENG-Premier League,2023/24,Wolves,Fábio Silva,POR,FW,21,2002,2.9,2,0,0,8,4,5,0,2,4,,,0,2023,misc,Wolverhampton Wanderers
ENG-Premier League,2023/24,Wolves,Hugo Bueno,ESP,"MF,DF",20,2002,8.2,1,0,0,7,6,1,29,5,14,,,1,2023,misc,Wolverhampton Wanderers
ENG-Premier League,2023/24,Wolves,Hwang Hee-chan,KOR,"FW,MF",27,1996,23.5,6,0,0,31,32,15,11,9,10,,,0,2023,misc,Wolverhampton Wanderers
ENG-Premier League,2023/24,Wolves,Jean-Ricner Bellegarde,HAI,"MF,FW",25,1998,10.6,0,1,0,10,24,2,30,8,9,,,0,2023,misc,Wolverhampton Wanderers
ENG-Premier League,2023/24,Wolves,Jonny Castro,ESP,"DF,MF",29,1994,0.1,0,0,0,0,0,0,0,0,0,,,0,2023,misc,Wolverhampton Wanderers
ENG-Premier League,2023/24,Wolves,José Sá,POR,GK,30,1993,33.7,1,0,0,0,9,0,0,0,1,,,0,2023,misc,Wolverhampton Wanderers
ENG-Premier League,2023/24,Wolves,João Gomes,BRA,MF,22,2001,29.4,11,0,0,66,38,1,25,18,75,,,0,2023,misc,Wolverhampton Wanderers
ENG-Premier League,2023/24,Wolves,Leon Chiwome,ENG,FW,17,2006,1.9,0,0,0,2,2,2,0,0,1,,,0,2023,misc,Wolverhampton Wanderers
ENG-Premier League,2023/24,Wolves,Mario Lemina,GAB,MF,29,1993,33.0,12,1,1,43,24,8,15,41,58,,,0,2023,misc,Wolverhampton Wanderers
ENG-Premier League,2023/24,Wolves,Matheus Cunha,BRA,"FW,MF",24,1999,27.1,9,0,0,31,50,4,24,11,15,,,0,2023,misc,Wolverhampton Wanderers
ENG-Premier League,2023/24,Wolves,Matheus Nunes,POR,MF,24,1998,2.0,2,1,1,0,6,3,3,5,1,,,0,2023,misc,Wolverhampton Wanderers
ENG-Premier League,2023/24,Wolves,Matt Doherty,IRL,"MF,DF",31,1992,12.8,2,0,0,13,11,5,13,7,18,,,0,2023,misc,Wolverhampton Wanderers
ENG-Premier League,2023/24,Wolves,Max Kilman,ENG,DF,26,1997,38.0,7,0,0,38,18,2,6,38,19,,,0,2023,misc,Wolverhampton Wanderers
ENG-Premier League,2023/24,Wolves,Nathan Fraser,IRL,FW,18,2005,2.1,1,0,0,5,3,0,0,1,2,,,0,2023,misc,Wolverhampton Wanderers
ENG-Premier League,2023/24,Wolves,Nélson Semedo,POR,"MF,DF",29,1993,34.3,10,1,0,48,30,1,80,35,48,,,0,2023,misc,Wolverhampton Wanderers
ENG-Premier League,2023/24,Wolves,Pablo Sarabia,ESP,"MF,FW",31,1992,19.4,5,0,0,21,25,10,132,9,14,,,0,2023,misc,Wolverhampton Wanderers
ENG-Premier League,2023/24,Wolves,Pedro Neto,POR,"MF,FW",23,2000,16.8,4,0,0,15,21,2,114,5,4,,,0,2023,misc,Wolverhampton Wanderers
ENG-Premier League,2023/24,Wolves,Rayan Aït-Nouri,ALG,"MF,DF",22,2001,25.9,7,0,0,25,53,9,42,16,45,,,0,2023,misc,Wolverhampton Wanderers
ENG-Premier League,2023/24,Wolves,Santiago Bueno,URU,DF,24,1998,9.1,1,0,0,10,5,0,2,6,7,,,0,2023,misc,Wolverhampton Wanderers
ENG-Premier League,2023/24,Wolves,Saša Kalajdžić,AUT,FW,26,1997,1.8,0,0,0,6,4,2,1,1,2,,,0,2023,misc,Wolverhampton Wanderers
ENG-Premier League,2023/24,Wolves,Tawanda Chirewa,ZIM,FW,19,2003,1.6,1,0,0,4,2,1,4,1,3,,,0,2023,misc,Wolverhampton Wanderers
ENG-Premier League,2023/24,Wolves,Tommy Doyle,ENG,MF,21,2001,13.6,2,0,0,11,4,0,27,13,13,,,0,2023,misc,Wolverhampton Wanderers
ENG-Premier League,2023/24,Wolves,Toti Gomes,POR,DF,24,1999,30.8,7,0,0,38,13,1,13,23,23,,,0,2023,misc,Wolverhampton Wanderers
ENG-Premier League,2024/25,Arsenal,Ben White,ENG,DF,26,1997,13.3,2,0,0,10,5,1,17,16,15,,,0,2024,misc,Arsenal
ENG-Premier League,2024/25,Arsenal,Bukayo Saka,ENG,"FW,MF",22,2001,19.2,3,0,0,15,39,7,115,3,15,,,0,2024,misc,Arsenal
ENG-Premier League,2024/25,Arsenal,David Raya,ESP,GK,28,1995,38.0,3,0,0,1,10,0,0,0,0,,,0,2024,misc,Arsenal
ENG-Premier League,2024/25,Arsenal,Declan Rice,ENG,MF,25,1999,31.4,7,1,1,21,16,2,161,27,23,,,0,2024,misc,Arsenal
ENG-Premier League,2024/25,Arsenal,Ethan Nwaneri,ENG,"FW,MF",17,2007,9.9,1,0,0,10,5,6,54,3,6,,,0,2024,misc,Arsenal
ENG-Premier League,2024/25,Arsenal,Gabriel Jesus,BRA,FW,27,1997,6.8,4,0,0,14,10,9,6,5,6,,,0,2024,misc,Arsenal
ENG-Premier League,2024/25,Arsenal,Gabriel Magalhães,BRA,DF,26,1997,26.3,4,0,0,19,19,0,9,16,15,,,0,2024,misc,Arsenal
ENG-Premier League,2024/25,Arsenal,Gabriel Martinelli,BRA,"FW,MF",23,2001,25.4,1,0,0,16,21,8,90,4,15,,,0,2024,misc,Arsenal
ENG-Premier League,2024/25,Arsenal,Jakub Kiwior,POL,DF,24,2000,12.5,1,0,0,10,4,1,2,6,8,,,0,2024,misc,Arsenal
ENG-Premier League,2024/25,Arsenal,Jorginho,ITA,MF,32,1991,7.8,5,0,0,15,17,0,1,7,4,,,0,2024,misc,Arsenal
ENG-Premier League,2024/25,Arsenal,Jurriën Timber,NED,DF,23,2001,26.9,7,0,0,30,29,7,28,24,36,,,0,2024,misc,Arsenal
ENG-Premier League,2024/25,Arsenal,Kai Havertz,GER,FW,25,1999,20.8,5,0,0,38,23,14,11,5,8,,,0,2024,misc,Arsenal
ENG-Premier League,2024/25,Arsenal,Kieran Tierney,SCO,DF,27,1997,2.9,0,0,0,1,2,2,14,3,5,,,0,2024,misc,Arsenal
ENG-Premier League,2024/25,Arsenal,Leandro Trossard,BEL,FW,29,1994,28.3,4,1,1,27,46,6,80,10,18,,,0,2024,misc,Arsenal
ENG-Premier League,2024/25,Arsenal,Martin Ødegaard,NOR,MF,25,1998,25.8,4,0,0,12,23,1,86,6,8,,,0,2024,misc,Arsenal
ENG-Premier League,2024/25,Arsenal,Mikel Merino,ESP,"MF,FW",28,1996,17.6,4,1,1,41,23,7,12,16,28,,,0,2024,misc,Arsenal
ENG-Premier League,2024/25,Arsenal,Myles Lewis-Skelly,ENG,DF,17,2006,15.2,3,2,0,11,47,0,10,7,13,,,0,2024,misc,Arsenal
ENG-Premier League,2024/25,Arsenal,Nathan Butler-Oyedeji,ENG,"FW,MF",21,2003,0.1,0,0,0,0,0,0,0,0,0,,,0,2024,misc,Arsenal
ENG-Premier League,2024/25,Arsenal,Oleksandr Zinchenko,UKR,"DF,MF",27,1996,5.9,1,0,0,8,3,1,13,5,0,,,0,2024,misc,Arsenal
ENG-Premier League,2024/25,Arsenal,Raheem Sterling,ENG,"FW,MF",29,1994,5.5,1,0,0,12,8,4,16,1,4,,,0,2024,misc,Arsenal
ENG-Premier League,2024/25,Arsenal,Reiss Nelson,ENG,"FW,MF",24,1999,0.0,0,0,0,1,1,0,0,0,1,,,0,2024,misc,Arsenal
ENG-Premier League,2024/25,Arsenal,Riccardo Calafiori,ITA,DF,22,2002,10.9,4,0,0,15,6,3,11,8,18,,,0,2024,misc,Arsenal
ENG-Premier League,2024/25,Arsenal,Takehiro Tomiyasu,JPN,DF,25,1998,0.1,0,0,0,0,0,0,0,0,0,,,0,2024,misc,Arsenal
ENG-Premier League,2024/25,Arsenal,Thomas Partey,GHA,"MF,DF",31,1993,31.1,4,0,0,44,31,1,12,35,53,,,0,2024,misc,Arsenal
ENG-Premier League,2024/25,Arsenal,William Saliba,FRA,DF,23,2001,33.8,2,1,0,28,17,1,3,22,34,,,0,2024,misc,Arsenal
ENG-Premier League,2024/25,Aston Villa,Amadou Onana,BEL,MF,22,2001,18.0,4,0,0,32,30,0,2,26,29,,,0,2024,misc,Aston Villa
ENG-Premier League,2024/25,Aston Villa,Andrés García,ESP,"DF,MF",21,2003,3.5,0,0,0,1,0,0,18,2,5,,,0,2024,misc,Aston Villa
ENG-Premier League,2024/25,Aston Villa,Axel Disasi,FRA,DF,26,1998,5.4,2,0,0,3,2,2,1,4,5,,,0,2024,misc,Aston Villa
ENG-Premier League,2024/25,Aston Villa,Boubacar Kamara,FRA,"MF,DF",24,1999,19.2,2,0,0,29,35,0,1,16,23,,,0,2024,misc,Aston Villa
ENG-Premier League,2024/25,Aston Villa,Diego Carlos,BRA,DF,31,1993,9.2,1,0,0,11,1,1,0,5,2,,,0,2024,misc,Aston Villa
ENG-Premier League,2024/25,Aston Villa,Donyell Malen,NED,MF,25,1999,3.4,0,0,0,1,5,2,8,0,4,,,0,2024,misc,Aston Villa
ENG-Premier League,2024/25,Aston Villa,Emi Buendía,ARG,"FW,MF",27,1996,1.1,1,0,0,4,6,0,0,0,5,,,0,2024,misc,Aston Villa
ENG-Premier League,2024/25,Aston Villa,Emiliano Martínez,ARG,GK,31,1992,35.5,5,1,0,2,5,0,0,0,3,,,0,2024,misc,Aston Villa
ENG-Premier League,2024/25,Aston Villa,Ezri Konsa,ENG,DF,26,1997,32.6,1,0,0,9,47,1,5,24,20,,,0,2024,misc,Aston Villa
ENG-Premier League,2024/25,Aston Villa,Ian Maatsen,NED,DF,22,2002,12.7,2,0,0,11,9,3,51,18,18,,,0,2024,misc,Aston Villa
ENG-Premier League,2024/25,Aston Villa,Jacob Ramsey,ENG,MF,23,2001,18.0,4,1,1,13,28,5,11,8,15,,,0,2024,misc,Aston Villa
ENG-Premier League,2024/25,Aston Villa,Jaden Philogene Bidace,ENG,MF,22,2002,3.7,4,1,1,13,8,1,4,3,5,,,0,2024,misc,Aston Villa
ENG-Premier League,2024/25,Aston Villa,John McGinn,SCO,MF,29,1994,24.7,7,0,0,43,69,3,60,11,23,,,0,2024,misc,Aston Villa
ENG-Premier League,2024/25,Aston Villa,Jáder Durán,COL,FW,20,2003,7.1,3,1,0,14,15,5,3,0,7,,,0,2024,misc,Aston Villa
ENG-Premier League,2024/25,Aston Villa,Kosta Nedeljković,SRB,DF,18,2005,1.4,0,0,0,0,1,0,1,1,4,,,0,2024,misc,Aston Villa
ENG-Premier League,2024/25,Aston Villa,Lamare Bogarde,NED,"DF,MF",20,2004,5.3,2,0,0,8,11,0,0,1,6,,,0,2024,misc,Aston Villa
ENG-Premier League,2024/25,Aston Villa,Leon Bailey,JAM,MF,26,1997,12.7,3,0,0,12,18,3,34,4,4,,,0,2024,misc,Aston Villa
ENG-Premier League,2024/25,Aston Villa,Lucas Digne,FRA,DF,31,1993,26.1,4,0,0,21,16,7,140,22,36,,,0,2024,misc,Aston Villa
ENG-Premier League,2024/25,Aston Villa,Marco Asensio,ESP,MF,28,1996,8.3,2,0,0,11,8,2,38,2,5,,,0,2024,misc,Aston Villa
ENG-Premier League,2024/25,Aston Villa,Marcus Rashford,ENG,"FW,MF",26,1997,4.9,0,0,0,1,3,1,28,1,7,,,0,2024,misc,Aston Villa
ENG-Premier League,2024/25,Aston Villa,Matty Cash,POL,DF,26,1997,23.0,7,0,0,27,20,1,40,22,31,,,0,2024,misc,Aston Villa
ENG-Premier League,2024/25,Aston Villa,Morgan Rogers,ENG,MF,22,2002,34.6,10,0,0,49,51,2,28,6,22,,,0,2024,misc,Aston Villa
ENG-Premier League,2024/25,Aston Villa,Ollie Watkins,ENG,FW,28,1995,28.9,2,0,0,29,33,16,7,7,7,,,0,2024,misc,Aston Villa
ENG-Premier League,2024/25,Aston Villa,Pau Torres,ESP,DF,27,1997,22.4,2,0,0,8,7,0,4,9,15,,,0,2024,misc,Aston Villa
ENG-Premier League,2024/25,Aston Villa,Robin Olsen,SWE,GK,34,1990,2.5,0,0,0,0,0,0,0,0,0,,,0,2024,misc,Aston Villa
ENG-Premier League,2024/25,Aston Villa,Ross Barkley,ENG,MF,30,1993,6.5,3,0,0,8,3,0,1,10,4,,,0,2024,misc,Aston Villa
ENG-Premier League,2024/25,Aston Villa,Tyrone Mings,ENG,DF,31,1993,12.4,1,0,0,4,11,0,1,7,6,,,0,2024,misc,Aston Villa
ENG-Premier League,2024/25,Aston Villa,Youri Tielemans,BEL,MF,27,1997,33.6,4,0,0,41,56,0,118,22,58,,,0,2024,misc,Aston Villa
ENG-Premier League,2024/25,Bournemouth,Adam Smith,ENG,DF,33,1991,17.7,7,0,0,19,12,0,33,15,14,,,0,2024,misc,AFC Bournemouth
ENG-Premier League,2024/25,Bournemouth,Alex Scott,ENG,MF,20,2003,8.4,3,0,0,17,26,0,7,9,13,,,0,2024,misc,AFC Bournemouth
ENG-Premier League,2024/25,Bournemouth,Antoine Semenyo,GHA,MF,24,2000,35.6,9,0,0,72,37,14,58,9,36,,,0,2024,misc,AFC Bournemouth
ENG-Premier League,2024/25,Bournemouth,Ben Winterburn,ENG,MF,19,2004,0.3,0,0,0,0,1,0,0,2,0,,,0,2024,misc,AFC Bournemouth
ENG-Premier League,2024/25,Bournemouth,Dango Ouattara,BFA,"MF,FW",22,2002,22.3,3,0,0,16,19,13,88,11,26,,,0,2024,misc,AFC Bournemouth
ENG-Premier League,2024/25,Bournemouth,Daniel Jebbison,CAN,FW,20,2003,1.3,1,0,0,2,4,0,3,1,3,,,0,2024,misc,AFC Bournemouth
ENG-Premier League,2024/25,Bournemouth,David Brooks,WAL,MF,27,1997,10.7,3,0,0,11,18,0,51,5,6,,,0,2024,misc,AFC Bournemouth
ENG-Premier League,2024/25,Bournemouth,Dean Huijsen,ESP,DF,19,2005,27.0,10,0,0,31,10,2,13,48,27,,,0,2024,misc,AFC Bournemouth
ENG-Premier League,2024/25,Bournemouth,Enes Ünal,TUR,FW,27,1997,3.8,2,0,0,6,9,2,4,0,0,,,0,2024,misc,AFC Bournemouth
ENG-Premier League,2024/25,Bournemouth,Evanilson,BRA,FW,24,1999,25.8,1,1,0,37,53,20,1,2,9,,,0,2024,misc,AFC Bournemouth
ENG-Premier League,2024/25,Bournemouth,Illia Zabarnyi,UKR,DF,21,2002,34.5,4,1,0,20,7,0,6,39,35,,,0,2024,misc,AFC Bournemouth
ENG-Premier League,2024/25,Bournemouth,James Hill,ENG,DF,22,2002,5.0,1,0,0,7,5,0,10,7,8,,,0,2024,misc,AFC Bournemouth
ENG-Premier League,2024/25,Bournemouth,Julian Araujo,MEX,DF,22,2001,5.5,2,0,0,7,2,1,9,5,5,,,0,2024,misc,AFC Bournemouth
ENG-Premier League,2024/25,Bournemouth,Julio Soler,ARG,DF,19,2005,0.1,0,0,0,0,1,0,1,0,1,,,0,2024,misc,AFC Bournemouth
ENG-Premier League,2024/25,Bournemouth,Justin Kluivert,NED,MF,25,1999,26.0,8,0,0,46,33,6,86,13,9,,,0,2024,misc,AFC Bournemouth
ENG-Premier League,2024/25,Bournemouth,Kepa Arrizabalaga,ESP,GK,29,1994,31.0,3,0,0,2,6,0,0,0,0,,,0,2024,misc,AFC Bournemouth
ENG-Premier League,2024/25,Bournemouth,Lewis Cook,ENG,"MF,DF",27,1997,33.1,8,1,0,48,10,3,132,45,42,,,0,2024,misc,AFC Bournemouth
ENG-Premier League,2024/25,Bournemouth,Luis Sinisterra,COL,MF,25,1999,2.6,0,0,0,4,2,1,7,1,1,,,0,2024,misc,AFC Bournemouth
ENG-Premier League,2024/25,Bournemouth,Marcos Senesi,ARG,DF,27,1997,12.3,5,0,0,22,8,1,11,14,19,,,0,2024,misc,AFC Bournemouth
ENG-Premier League,2024/25,Bournemouth,Marcus Tavernier,ENG,MF,25,1999,21.5,6,0,0,34,28,4,108,4,22,,,0,2024,misc,AFC Bournemouth
ENG-Premier League,2024/25,Bournemouth,Mark Travers,IRL,GK,25,1999,5.0,0,0,0,0,1,0,0,0,0,,,0,2024,misc,AFC Bournemouth
ENG-Premier League,2024/25,Bournemouth,Max Aarons,ENG,DF,24,2000,1.0,0,0,0,0,2,0,2,1,2,,,0,2024,misc,AFC Bournemouth
ENG-Premier League,2024/25,Bournemouth,Milos Kerkez,HUN,DF,20,2003,37.1,4,0,0,30,50,3,141,41,26,,,0,2024,misc,AFC Bournemouth
ENG-Premier League,2024/25,Bournemouth,Neto,BRA,GK,35,1989,2.0,0,0,0,0,2,0,0,0,0,,,0,2024,misc,AFC Bournemouth
ENG-Premier League,2024/25,Bournemouth,Philip Billing,DEN,MF,28,1996,2.0,1,0,0,3,2,0,10,5,6,,,0,2024,misc,AFC Bournemouth
ENG-Premier League,2024/25,Bournemouth,Remy Rees-Dottin,ENG,FW,18,2006,0.0,0,0,0,0,0,0,0,0,0,,,0,2024,misc,AFC Bournemouth
ENG-Premier League,2024/25,Bournemouth,Ryan Christie,SCO,MF,29,1995,23.5,9,0,0,42,31,1,47,30,33,,,0,2024,misc,AFC Bournemouth
ENG-Premier League,2024/25,Bournemouth,Tyler Adams,USA,MF,25,1999,21.8,7,0,0,46,21,0,2,30,56,,,0,2024,misc,AFC Bournemouth
ENG-Premier League,2024/25,Bournemouth,Zain Silcott-Duberry,MSR,MF,19,2005,0.0,0,0,0,0,0,0,0,0,1,,,0,2024,misc,AFC Bournemouth
ENG-Premier League,2024/25,Brentford,Ben Mee,ENG,DF,34,1989,2.0,2,0,0,5,0,0,0,4,2,,,0,2024,misc,Brentford
ENG-Premier League,2024/25,Brentford,Bryan Mbeumo,CMR,"MF,FW",24,1999,37.9,3,0,0,25,44,11,200,11,30,,,0,2024,misc,Brentford
ENG-Premier League,2024/25,Brentford,Christian Nørgaard,DEN,MF,30,1994,31.3,8,1,0,44,28,1,18,46,47,,,0,2024,misc,Brentford
ENG-Premier League,2024/25,Brentford,Edmond-Paris Maghoma,ENG,MF,23,2001,1.3,0,0,0,2,4,0,3,1,1,,,0,2024,misc,Brentford
ENG-Premier League,2024/25,Brentford,Ethan Pinnock,JAM,DF,31,1993,21.3,2,0,0,8,4,0,9,23,15,,,1,2024,misc,Brentford
ENG-Premier League,2024/25,Brentford,Fabio Carvalho,POR,"FW,MF",21,2002,5.1,1,0,0,5,10,1,10,3,9,,,0,2024,misc,Brentford
ENG-Premier League,2024/25,Brentford,Frank Onyeka,NGA,MF,26,1998,0.3,0,0,0,2,0,0,0,0,0,,,0,2024,misc,Brentford
ENG-Premier League,2024/25,Brentford,Gustavo Nunes,BRA,MF,18,2005,0.1,0,0,0,0,0,0,0,0,2,,,0,2024,misc,Brentford
ENG-Premier League,2024/25,Brentford,Hákon Valdimarsson,ISL,GK,22,2001,1.6,0,0,0,0,0,0,0,0,0,,,0,2024,misc,Brentford
ENG-Premier League,2024/25,Brentford,Igor Thiago,BRA,FW,23,2001,1.9,0,0,0,3,3,1,2,1,3,,,0,2024,misc,Brentford
ENG-Premier League,2024/25,Brentford,Jayden Meghoma,ENG,DF,18,2006,0.1,0,0,0,0,0,0,0,0,0,,,0,2024,misc,Brentford
ENG-Premier League,2024/25,Brentford,Keane Lewis-Potter,ENG,"DF,MF",23,2001,34.4,7,0,0,18,31,4,75,20,27,,,0,2024,misc,Brentford
ENG-Premier League,2024/25,Brentford,Kevin Schade,GER,"MF,FW",22,2001,25.5,3,0,0,21,38,13,39,5,26,,,0,2024,misc,Brentford
ENG-Premier League,2024/25,Brentford,Kim Jisoo,KOR,DF,19,2004,0.3,0,0,0,1,0,0,0,0,0,,,0,2024,misc,Brentford
ENG-Premier League,2024/25,Brentford,Kristoffer Ajer,NOR,DF,26,1998,16.0,5,0,0,13,6,2,14,11,19,,,0,2024,misc,Brentford
ENG-Premier League,2024/25,Brentford,Mads Roerslev,DEN,DF,25,1999,12.2,2,0,0,6,10,0,30,4,8,,,0,2024,misc,Brentford
ENG-Premier League,2024/25,Brentford,Mark Flekken,NED,GK,31,1993,36.4,1,0,0,0,3,0,0,0,4,,,0,2024,misc,Brentford
ENG-Premier League,2024/25,Brentford,Mathias Jensen,DEN,MF,28,1996,9.6,2,0,0,7,10,0,33,7,9,,,0,2024,misc,Brentford
ENG-Premier League,2024/25,Brentford,Michael Kayode,ITA,DF,20,2004,5.9,2,0,0,8,3,0,10,7,11,,,0,2024,misc,Brentford
ENG-Premier League,2024/25,Brentford,Mikkel Damsgaard,DEN,MF,24,2000,32.3,2,0,0,18,27,6,147,29,44,,,0,2024,misc,Brentford
ENG-Premier League,2024/25,Brentford,Nathan Collins,IRL,DF,23,2001,38.0,5,0,0,28,31,6,8,34,24,,,0,2024,misc,Brentford
ENG-Premier League,2024/25,Brentford,Rico Henry,JAM,"DF,MF",27,1997,1.1,0,0,0,2,2,0,2,1,2,,,0,2024,misc,Brentford
ENG-Premier League,2024/25,Brentford,Ryan Trevitt,ENG,MF,21,2003,0.0,0,0,0,0,0,0,0,0,1,,,0,2024,misc,Brentford
ENG-Premier League,2024/25,Brentford,Sepp van den Berg,NED,DF,22,2001,28.7,3,0,0,23,5,1,7,22,24,,,0,2024,misc,Brentford
ENG-Premier League,2024/25,Brentford,Vitaly Janelt,GER,MF,26,1998,25.0,3,0,0,25,15,1,31,27,24,,,2,2024,misc,Brentford
ENG-Premier League,2024/25,Brentford,Yehor Yarmoliuk,UKR,MF,20,2004,16.1,6,0,0,19,13,2,16,13,30,,,0,2024,misc,Brentford
ENG-Premier League,2024/25,Brentford,Yoane Wissa,COD,FW,27,1996,32.4,5,0,0,33,51,14,19,8,13,,,0,2024,misc,Brentford
ENG-Premier League,2024/25,Brentford,Yunus Emre Konak,TUR,MF,18,2006,0.5,0,0,0,3,1,0,0,0,2,,,0,2024,misc,Brentford
ENG-Premier League,2024/25,Brighton,Adam Webster,ENG,DF,29,1995,9.9,1,0,0,7,2,1,2,20,7,,,0,2024,misc,Brighton & Hove Albion
ENG-Premier League,2024/25,Brighton,Bart Verbruggen,NED,GK,21,2002,36.0,5,0,0,0,2,0,0,0,0,,,0,2024,misc,Brighton & Hove Albion
ENG-Premier League,2024/25,Brighton,Billy Gilmour,SCO,MF,23,2001,1.1,0,0,0,2,3,0,1,0,4,,,0,2024,misc,Brighton & Hove Albion
ENG-Premier League,2024/25,Brighton,Brajan Gruda,GER,"MF,FW",20,2004,7.6,0,0,0,7,12,1,29,2,8,,,0,2024,misc,Brighton & Hove Albion
ENG-Premier League,2024/25,Brighton,Carlos Baleba,CMR,MF,20,2004,29.6,8,1,1,39,47,0,9,49,44,,,0,2024,misc,Brighton & Hove Albion
ENG-Premier League,2024/25,Brighton,Danny Welbeck,ENG,FW,33,1990,23.5,5,0,0,11,23,4,3,5,16,,,0,2024,misc,Brighton & Hove Albion
ENG-Premier League,2024/25,Brighton,Diego Gómez,PAR,MF,21,2003,5.7,0,0,0,8,3,1,11,7,13,,,0,2024,misc,Brighton & Hove Albion
ENG-Premier League,2024/25,Brighton,Eiran Cashin,IRL,DF,22,2001,0.2,0,0,0,0,0,0,1,0,0,,,0,2024,misc,Brighton & Hove Albion
ENG-Premier League,2024/25,Brighton,Evan Ferguson,IRL,FW,19,2004,2.7,0,0,0,3,1,0,0,0,3,,,0,2024,misc,Brighton & Hove Albion
ENG-Premier League,2024/25,Brighton,Ferdi Kadioglu,TUR,"DF,MF",24,1999,4.3,1,0,0,4,3,1,9,7,5,,,0,2024,misc,Brighton & Hove Albion
ENG-Premier League,2024/25,Brighton,Georginio Rutter,FRA,"MF,FW",22,2002,18.4,2,0,0,34,45,7,9,11,14,,,0,2024,misc,Brighton & Hove Albion
ENG-Premier League,2024/25,Brighton,Harry Howell,ENG,MF,16,2008,0.1,0,0,0,0,0,0,0,0,1,,,0,2024,misc,Brighton & Hove Albion
ENG-Premier League,2024/25,Brighton,Igor,BRA,DF,26,1998,10.7,4,0,0,9,7,0,4,4,5,,,0,2024,misc,Brighton & Hove Albion
ENG-Premier League,2024/25,Brighton,Jack Hinshelwood,ENG,"MF,DF",19,2005,20.5,5,0,0,18,9,0,28,11,19,,,0,2024,misc,Brighton & Hove Albion
ENG-Premier League,2024/25,Brighton,Jakub Moder,POL,MF,25,1999,0.1,0,0,0,0,0,0,1,0,0,,,0,2024,misc,Brighton & Hove Albion
ENG-Premier League,2024/25,Brighton,James Milner,ENG,MF,38,1986,1.9,1,0,0,3,1,0,8,2,2,,,0,2024,misc,Brighton & Hove Albion
ENG-Premier League,2024/25,Brighton,Jan Paul van Hecke,NED,DF,24,2000,32.9,8,1,1,25,24,0,11,25,29,,,0,2024,misc,Brighton & Hove Albion
ENG-Premier League,2024/25,Brighton,Jason Steele,ENG,GK,33,1990,2.0,0,0,0,0,1,0,0,0,0,,,0,2024,misc,Brighton & Hove Albion
ENG-Premier League,2024/25,Brighton,Jeremy Sarmiento,ECU,MF,22,2002,0.1,0,0,0,0,0,0,0,0,0,,,0,2024,misc,Brighton & Hove Albion
ENG-Premier League,2024/25,Brighton,João Pedro,BRA,"FW,MF",22,2001,21.6,4,1,0,27,45,2,22,8,12,,,0,2024,misc,Brighton & Hove Albion
ENG-Premier League,2024/25,Brighton,Joël Veltman,NED,DF,32,1992,18.9,5,0,0,27,44,0,24,20,29,,,0,2024,misc,Brighton & Hove Albion
ENG-Premier League,2024/25,Brighton,Julio Enciso,PAR,MF,20,2004,3.3,0,0,0,3,7,0,20,0,0,,,0,2024,misc,Brighton & Hove Albion
ENG-Premier League,2024/25,Brighton,Kaoru Mitoma,JPN,MF,27,1997,28.9,1,0,0,40,24,5,72,12,27,,,0,2024,misc,Brighton & Hove Albion
ENG-Premier League,2024/25,Brighton,Lewis Dunk,ENG,DF,32,1991,23.1,5,0,0,7,11,2,5,12,11,,,1,2024,misc,Brighton & Hove Albion
ENG-Premier League,2024/25,Brighton,Mats Wieffer,NED,"DF,MF",24,1999,11.3,6,0,0,23,10,1,14,16,34,,,0,2024,misc,Brighton & Hove Albion
ENG-Premier League,2024/25,Brighton,Matt O'Riley,DEN,MF,23,2000,10.4,1,0,0,16,13,2,50,13,8,,,1,2024,misc,Brighton & Hove Albion
ENG-Premier League,2024/25,Brighton,Pervis Estupiñán,ECU,DF,26,1998,26.7,5,0,0,36,20,3,119,39,44,,,0,2024,misc,Brighton & Hove Albion
ENG-Premier League,2024/25,Brighton,Simon Adingra,CIV,MF,22,2002,12.2,0,0,0,13,4,4,42,9,16,,,0,2024,misc,Brighton & Hove Albion
ENG-Premier League,2024/25,Brighton,Solly March,ENG,MF,30,1994,1.9,2,0,0,2,2,3,20,2,3,,,0,2024,misc,Brighton & Hove Albion
ENG-Premier League,2024/25,Brighton,Tariq Lamptey,GHA,"DF,MF",23,2000,9.6,0,0,0,15,10,0,28,7,11,,,0,2024,misc,Brighton & Hove Albion
ENG-Premier League,2024/25,Brighton,Yankuba Minteh,GAM,MF,20,2004,20.4,6,0,0,21,11,6,90,12,36,,,0,2024,misc,Brighton & Hove Albion
ENG-Premier League,2024/25,Brighton,Yasin Ayari,SWE,MF,20,2003,21.8,3,0,0,36,26,3,70,20,32,,,0,2024,misc,Brighton & Hove Albion
ENG-Premier League,2024/25,Chelsea,Axel Disasi,FRA,DF,26,1998,4.0,1,0,0,2,0,0,0,2,4,,,0,2024,misc,Chelsea
ENG-Premier League,2024/25,Chelsea,Benoît Badiashile,FRA,DF,23,2001,3.7,0,0,0,6,2,0,1,6,6,,,0,2024,misc,Chelsea
ENG-Premier League,2024/25,Chelsea,Christopher Nkunku,FRA,"MF,FW",26,1997,10.2,2,0,0,16,11,3,6,7,8,,,0,2024,misc,Chelsea
ENG-Premier League,2024/25,Chelsea,Cole Palmer,ENG,MF,22,2002,35.5,7,0,0,15,60,7,145,10,18,,,0,2024,misc,Chelsea
ENG-Premier League,2024/25,Chelsea,Enzo Fernández,ARG,MF,23,2001,32.7,8,0,0,52,54,2,111,13,32,,,0,2024,misc,Chelsea
ENG-Premier League,2024/25,Chelsea,Filip Jørgensen,DEN,GK,22,2002,6.0,0,0,0,1,1,0,0,0,0,,,0,2024,misc,Chelsea
ENG-Premier League,2024/25,Chelsea,Jadon Sancho,ENG,MF,24,2000,19.6,2,0,0,6,11,6,24,2,7,,,0,2024,misc,Chelsea
ENG-Premier League,2024/25,Chelsea,Joshua Acheampong,ENG,DF,18,2006,1.9,1,0,0,1,1,0,0,1,1,,,0,2024,misc,Chelsea
ENG-Premier League,2024/25,Chelsea,João Félix,POR,MF,24,1999,4.1,2,0,0,6,17,1,0,3,3,,,0,2024,misc,Chelsea
ENG-Premier League,2024/25,Chelsea,Kiernan Dewsbury-Hall,ENG,MF,25,1998,2.9,0,0,0,4,6,0,2,1,5,,,0,2024,misc,Chelsea
ENG-Premier League,2024/25,Chelsea,Levi Colwill,ENG,DF,21,2003,35.0,9,0,0,46,21,4,12,32,35,,,0,2024,misc,Chelsea
ENG-Premier League,2024/25,Chelsea,Malo Gusto,FRA,DF,21,2003,20.7,4,0,0,20,20,2,54,25,31,,,0,2024,misc,Chelsea
ENG-Premier League,2024/25,Chelsea,Marc Cucurella,ESP,DF,26,1998,33.2,10,1,1,37,38,3,29,26,46,,,0,2024,misc,Chelsea
ENG-Premier League,2024/25,Chelsea,Marc Guiu,ESP,FW,18,2006,0.8,0,0,0,0,0,0,0,0,1,,,0,2024,misc,Chelsea
ENG-Premier League,2024/25,Chelsea,Mathis Amougou,FRA,MF,18,2006,0.1,0,0,0,0,0,0,0,0,0,,,0,2024,misc,Chelsea
ENG-Premier League,2024/25,Chelsea,Moisés Caicedo,ECU,"MF,DF",22,2001,37.2,11,0,0,69,58,0,10,47,74,,,0,2024,misc,Chelsea
ENG-Premier League,2024/25,Chelsea,Mykhailo Mudryk,UKR,MF,23,2001,1.7,0,0,0,2,2,1,7,0,2,,,0,2024,misc,Chelsea
ENG-Premier League,2024/25,Chelsea,Nicolas Jackson,SEN,FW,23,2001,24.7,7,1,0,35,29,23,3,3,11,,,0,2024,misc,Chelsea
ENG-Premier League,2024/25,Chelsea,Noni Madueke,ENG,MF,22,2002,22.6,3,0,0,22,24,5,63,8,18,,,0,2024,misc,Chelsea
ENG-Premier League,2024/25,Chelsea,Pedro Neto,POR,"MF,FW",24,2000,25.2,8,0,0,21,33,3,149,8,10,,,0,2024,misc,Chelsea
ENG-Premier League,2024/25,Chelsea,Reece James,ENG,"DF,MF",24,1999,11.8,1,0,0,8,11,0,43,14,9,,,0,2024,misc,Chelsea
ENG-Premier League,2024/25,Chelsea,Renato Veiga,POR,MF,21,2003,2.0,2,0,0,6,1,1,0,1,6,,,0,2024,misc,Chelsea
ENG-Premier League,2024/25,Chelsea,Robert Sánchez,ESP,GK,26,1997,32.0,5,0,0,2,4,0,0,2,0,,,0,2024,misc,Chelsea
ENG-Premier League,2024/25,Chelsea,Roméo Lavia,BEL,MF,20,2004,8.9,4,0,0,16,7,0,0,16,13,,,0,2024,misc,Chelsea
ENG-Premier League,2024/25,Chelsea,Shumaira Mheuka,ENG,FW,16,2007,0.0,0,0,0,0,0,0,0,0,0,,,0,2024,misc,Chelsea
ENG-Premier League,2024/25,Chelsea,Tosin Adarabioyo,ENG,DF,26,1997,15.7,4,0,0,8,9,1,0,10,13,,,0,2024,misc,Chelsea
ENG-Premier League,2024/25,Chelsea,Trevoh Chalobah,ENG,DF,25,1999,10.1,2,0,0,9,7,0,3,9,7,,,0,2024,misc,Chelsea
ENG-Premier League,2024/25,Chelsea,Tyrique George,ENG,FW,18,2006,2.0,1,0,0,3,0,2,3,2,0,,,0,2024,misc,Chelsea
ENG-Premier League,2024/25,Chelsea,Wesley Fofana,FRA,DF,23,2000,13.0,7,0,0,24,16,0,1,12,11,,,0,2024,misc,Chelsea
ENG-Premier League,2024/25,Crystal Palace,Adam Wharton,ENG,MF,20,2004,14.6,2,0,0,12,21,0,39,19,16,,,0,2024,misc,Crystal Palace
ENG-Premier League,2024/25,Crystal Palace,Asher Agbinone,ENG,MF,18,2005,0.1,0,0,0,0,0,0,1,0,1,,,0,2024,misc,Crystal Palace
ENG-Premier League,2024/25,Crystal Palace,Ben Chilwell,ENG,MF,27,1996,2.9,1,0,0,2,3,2,7,6,6,,,0,2024,misc,Crystal Palace
ENG-Premier League,2024/25,Crystal Palace,Caleb Kporha,ENG,DF,18,2006,0.1,0,0,0,0,0,0,2,0,1,,,0,2024,misc,Crystal Palace
ENG-Premier League,2024/25,Crystal Palace,Chadi Riad,MAR,DF,21,2003,1.0,0,0,0,1,0,0,0,2,2,,,0,2024,misc,Crystal Palace
ENG-Premier League,2024/25,Crystal Palace,Cheick Doucouré,MLI,MF,24,2000,5.0,1,0,0,7,7,0,1,11,9,,,0,2024,misc,Crystal Palace
ENG-Premier League,2024/25,Crystal Palace,Chris Richards,USA,DF,24,2000,21.4,4,1,1,11,5,1,5,18,30,,,0,2024,misc,Crystal Palace
ENG-Premier League,2024/25,Crystal Palace,Daichi Kamada,JPN,MF,27,1996,17.4,4,1,0,28,21,2,32,18,29,,,0,2024,misc,Crystal Palace
ENG-Premier League,2024/25,Crystal Palace,Daniel Muñoz,COL,MF,28,1996,35.9,10,0,0,56,19,15,74,43,77,,,0,2024,misc,Crystal Palace
ENG-Premier League,2024/25,Crystal Palace,Dean Henderson,ENG,GK,27,1997,38.0,3,0,0,0,2,0,0,1,1,,,0,2024,misc,Crystal Palace
ENG-Premier League,2024/25,Crystal Palace,Eberechi Eze,ENG,MF,26,1998,28.8,1,0,0,13,51,9,110,10,21,,,0,2024,misc,Crystal Palace
ENG-Premier League,2024/25,Crystal Palace,Eddie Nketiah,ENG,"FW,MF",25,1999,11.5,6,1,1,31,29,5,5,2,8,,,0,2024,misc,Crystal Palace
ENG-Premier League,2024/25,Crystal Palace,Ismaila Sarr,SEN,MF,26,1998,30.1,4,0,0,14,55,11,55,8,11,,,0,2024,misc,Crystal Palace
ENG-Premier League,2024/25,Crystal Palace,Jean-Philippe Mateta,FRA,FW,27,1997,29.4,2,0,0,27,29,22,26,2,12,,,0,2024,misc,Crystal Palace
ENG-Premier League,2024/25,Crystal Palace,Jefferson Lerma,COL,"MF,DF",29,1994,25.3,9,0,0,35,39,0,12,41,19,,,0,2024,misc,Crystal Palace
ENG-Premier League,2024/25,Crystal Palace,Jeffrey Schlupp,GHA,"DF,FW",31,1992,1.1,0,0,0,1,0,0,4,0,0,,,0,2024,misc,Crystal Palace
ENG-Premier League,2024/25,Crystal Palace,Joachim Andersen,DEN,DF,28,1996,1.0,1,0,0,2,0,0,1,0,1,,,0,2024,misc,Crystal Palace
ENG-Premier League,2024/25,Crystal Palace,Joel Ward,ENG,DF,34,1989,0.8,1,0,0,4,0,0,0,0,0,,,0,2024,misc,Crystal Palace
ENG-Premier League,2024/25,Crystal Palace,Jordan Ayew,GHA,"FW,MF",32,1991,0.2,1,0,0,1,0,0,1,0,0,,,0,2024,misc,Crystal Palace
ENG-Premier League,2024/25,Crystal Palace,Justin Devenny,NIR,MF,20,2003,5.6,1,0,0,9,0,1,18,0,11,,,0,2024,misc,Crystal Palace
ENG-Premier League,2024/25,Crystal Palace,Marc Guéhi,ENG,DF,24,2000,34.0,9,1,1,23,27,1,13,29,32,,,3,2024,misc,Crystal Palace
ENG-Premier League,2024/25,Crystal Palace,Matheus França,BRA,FW,20,2004,0.6,0,0,0,0,0,0,1,1,0,,,0,2024,misc,Crystal Palace
ENG-Premier League,2024/25,Crystal Palace,Maxence Lacroix,FRA,DF,24,2000,34.6,5,0,0,34,19,1,7,54,42,,,0,2024,misc,Crystal Palace
ENG-Premier League,2024/25,Crystal Palace,Nathaniel Clyne,ENG,"DF,MF",33,1991,5.4,1,0,0,2,2,0,7,3,8,,,0,2024,misc,Crystal Palace
ENG-Premier League,2024/25,Crystal Palace,Odsonne Édouard,FRA,MF,26,1998,1.3,0,0,0,4,0,2,1,0,0,,,0,2024,misc,Crystal Palace
ENG-Premier League,2024/25,Crystal Palace,Romain Esse,ENG,MF,19,2005,1.5,0,0,0,2,3,0,0,1,5,,,0,2024,misc,Crystal Palace
ENG-Premier League,2024/25,Crystal Palace,Trevoh Chalobah,ENG,DF,25,1999,11.8,1,0,0,10,15,1,7,20,15,,,0,2024,misc,Crystal Palace
ENG-Premier League,2024/25,Crystal Palace,Tyrick Mitchell,ENG,MF,24,1999,34.4,2,0,0,23,25,2,107,21,53,,,0,2024,misc,Crystal Palace
ENG-Premier League,2024/25,Crystal Palace,Will Hughes,ENG,MF,29,1995,23.4,11,0,0,65,31,0,70,21,36,,,0,2024,misc,Crystal Palace
ENG-Premier League,2024/25,Everton,Abdoulaye Doucouré,MLI,MF,31,1993,28.5,5,1,1,49,5,10,23,11,28,,,0,2024,misc,Everton
ENG-Premier League,2024/25,Everton,Armando Broja,ALB,FW,22,2001,3.7,1,0,0,6,4,3,1,1,1,,,0,2024,misc,Everton
ENG-Premier League,2024/25,Everton,Ashley Young,ENG,DF,39,1985,20.8,7,1,0,30,22,0,75,26,36,,,0,2024,misc,Everton
ENG-Premier League,2024/25,Everton,Beto,GNB,FW,26,1998,17.0,2,0,0,33,23,16,4,4,7,,,0,2024,misc,Everton
ENG-Premier League,2024/25,Everton,Carlos Alcaraz,ARG,MF,21,2002,8.5,4,0,0,13,12,1,11,5,4,,,0,2024,misc,Everton
ENG-Premier League,2024/25,Everton,Dominic Calvert-Lewin,ENG,FW,27,1997,17.9,2,0,0,27,23,27,6,7,7,,,0,2024,misc,Everton
ENG-Premier League,2024/25,Everton,Dwight McNeil,ENG,MF,24,1999,15.2,1,0,0,6,18,1,104,6,8,,,0,2024,misc,Everton
ENG-Premier League,2024/25,Everton,Harrison Armstrong,ENG,MF,17,2007,0.5,1,0,0,2,2,0,1,0,0,,,0,2024,misc,Everton
ENG-Premier League,2024/25,Everton,Idrissa Gueye,SEN,MF,34,1989,34.0,9,0,0,55,46,0,7,46,76,,,0,2024,misc,Everton
ENG-Premier League,2024/25,Everton,Iliman Ndiaye,SEN,"MF,FW",24,2000,27.0,3,0,0,24,52,5,37,19,27,,,0,2024,misc,Everton
ENG-Premier League,2024/25,Everton,Jack Harrison,ENG,"MF,FW",27,1996,23.1,0,0,0,13,28,4,131,9,23,,,0,2024,misc,Everton
ENG-Premier League,2024/25,Everton,Jake O'Brien,IRL,DF,23,2001,17.5,5,0,0,13,4,3,18,4,17,,,0,2024,misc,Everton
ENG-Premier League,2024/25,Everton,James Garner,ENG,"MF,DF",23,2001,17.7,5,0,0,20,15,0,55,20,32,,,0,2024,misc,Everton
ENG-Premier League,2024/25,Everton,James Tarkowski,ENG,DF,31,1992,32.5,6,0,0,35,29,1,1,37,40,,,0,2024,misc,Everton
ENG-Premier League,2024/25,Everton,Jarrad Branthwaite,ENG,DF,22,2002,27.9,4,0,0,12,18,2,6,24,21,,,0,2024,misc,Everton
ENG-Premier League,2024/25,Everton,Jesper Lindstrøm,DEN,MF,24,2000,13.8,2,0,0,15,10,1,72,13,24,,,0,2024,misc,Everton
ENG-Premier League,2024/25,Everton,Jordan Pickford,ENG,GK,30,1994,38.0,7,0,0,0,7,0,0,1,1,,,0,2024,misc,Everton
ENG-Premier League,2024/25,Everton,Mason Holgate,JAM,DF,27,1996,0.1,0,0,0,0,0,0,0,0,0,,,0,2024,misc,Everton
ENG-Premier League,2024/25,Everton,Michael Keane,ENG,DF,31,1993,11.7,5,0,0,9,0,0,1,13,10,,,0,2024,misc,Everton
ENG-Premier League,2024/25,Everton,Nathan Patterson,SCO,DF,22,2001,3.9,1,0,0,5,1,0,14,2,6,,,0,2024,misc,Everton
ENG-Premier League,2024/25,Everton,Orel Mangala,BEL,MF,26,1998,14.0,2,0,0,24,17,2,6,21,8,,,0,2024,misc,Everton
ENG-Premier League,2024/25,Everton,Roman Dixon,ENG,DF,19,2004,1.0,0,0,0,0,0,0,0,1,5,,,0,2024,misc,Everton
ENG-Premier League,2024/25,Everton,Séamus Coleman,IRL,DF,35,1988,2.4,1,0,0,0,1,0,4,1,2,,,0,2024,misc,Everton
ENG-Premier League,2024/25,Everton,Tim Iroegbunam,ENG,MF,21,2003,6.4,4,0,0,15,12,0,1,14,13,,,0,2024,misc,Everton
ENG-Premier League,2024/25,Everton,Vitaliy Mykolenko,UKR,DF,25,1999,34.2,4,0,0,22,34,3,100,42,38,,,0,2024,misc,Everton
ENG-Premier League,2024/25,Everton,Youssef Chermiti,POR,FW,20,2004,0.5,1,0,0,1,1,2,1,0,0,,,0,2024,misc,Everton
ENG-Premier League,2024/25,Fulham,Adama Traoré,ESP,MF,28,1996,19.7,3,0,0,24,32,1,100,1,13,,,0,2024,misc,Fulham
ENG-Premier League,2024/25,Fulham,Alex Iwobi,NGA,MF,28,1996,33.1,1,0,0,19,18,5,127,13,26,,,0,2024,misc,Fulham
ENG-Premier League,2024/25,Fulham,Andreas Pereira,BRA,MF,28,1996,22.4,7,0,0,29,24,1,173,9,12,,,0,2024,misc,Fulham
ENG-Premier League,2024/25,Fulham,Antonee Robinson,USA,"DF,MF",26,1997,35.2,8,0,0,31,20,7,172,57,57,,,0,2024,misc,Fulham
ENG-Premier League,2024/25,Fulham,Bernd Leno,GER,GK,32,1992,38.0,5,0,0,0,4,0,0,0,2,,,0,2024,misc,Fulham
ENG-Premier League,2024/25,Fulham,Calvin Bassey,NGA,DF,24,1999,34.2,7,0,0,26,31,2,9,19,33,,,0,2024,misc,Fulham
ENG-Premier League,2024/25,Fulham,Carlos Vinícius,BRA,FW,29,1995,0.2,0,0,0,0,2,0,0,0,0,,,0,2024,misc,Fulham
ENG-Premier League,2024/25,Fulham,Emile Smith Rowe,ENG,MF,24,2000,22.7,3,0,0,19,15,4,16,11,18,,,0,2024,misc,Fulham
ENG-Premier League,2024/25,Fulham,Harrison Reed,ENG,MF,29,1995,1.2,2,0,0,6,2,0,6,1,2,,,0,2024,misc,Fulham
ENG-Premier League,2024/25,Fulham,Harry Wilson,WAL,"MF,FW",27,1997,12.9,2,0,0,12,22,1,41,6,15,,,0,2024,misc,Fulham
ENG-Premier League,2024/25,Fulham,Issa Diop,MAR,DF,27,1997,14.9,2,0,0,10,4,0,1,9,12,,,1,2024,misc,Fulham
ENG-Premier League,2024/25,Fulham,Jay Stansfield,ENG,"FW,MF",21,2002,0.0,0,0,0,1,0,0,0,0,0,,,0,2024,misc,Fulham
ENG-Premier League,2024/25,Fulham,Joachim Andersen,DEN,DF,28,1996,28.7,6,1,0,18,19,0,12,33,16,,,1,2024,misc,Fulham
ENG-Premier League,2024/25,Fulham,Jorge Cuenca,ESP,DF,24,1999,3.9,0,0,0,2,2,0,1,2,2,,,0,2024,misc,Fulham
ENG-Premier League,2024/25,Fulham,Joshua King,ENG,MF,17,2007,1.4,0,0,0,3,2,0,2,1,5,,,0,2024,misc,Fulham
ENG-Premier League,2024/25,Fulham,Kenny Tete,NED,DF,28,1995,19.7,5,0,0,35,16,1,38,30,38,,,0,2024,misc,Fulham
ENG-Premier League,2024/25,Fulham,Martial Godo,CIV,"FW,MF",21,2003,0.3,0,0,0,1,0,0,1,1,0,,,0,2024,misc,Fulham
ENG-Premier League,2024/25,Fulham,Raúl Jiménez,MEX,FW,33,1991,27.7,4,0,0,39,41,15,22,11,24,,,0,2024,misc,Fulham
ENG-Premier League,2024/25,Fulham,Reiss Nelson,ENG,MF,24,1999,5.4,1,0,0,6,9,1,25,5,5,,,0,2024,misc,Fulham
ENG-Premier League,2024/25,Fulham,Rodrigo Muniz,BRA,FW,23,2001,10.7,1,0,0,11,31,3,1,4,6,,,0,2024,misc,Fulham
ENG-Premier League,2024/25,Fulham,Ryan Sessegnon,ENG,"MF,DF",24,2000,6.4,1,0,0,20,4,1,15,4,12,,,0,2024,misc,Fulham
ENG-Premier League,2024/25,Fulham,Sander Berge,NOR,MF,26,1998,24.7,6,0,0,30,10,0,3,21,32,,,0,2024,misc,Fulham
ENG-Premier League,2024/25,Fulham,Saša Lukić,SRB,MF,27,1996,26.0,12,0,0,66,26,0,63,26,38,,,0,2024,misc,Fulham
ENG-Premier League,2024/25,Fulham,Timothy Castagne,BEL,"DF,MF",28,1995,18.3,1,0,0,15,6,1,38,23,31,,,0,2024,misc,Fulham
ENG-Premier League,2024/25,Fulham,Tom Cairney,SCO,MF,33,1991,7.0,3,1,0,8,19,0,20,4,4,,,0,2024,misc,Fulham
ENG-Premier League,2024/25,Fulham,Willian,BRA,"MF,FW",35,1988,2.9,0,0,0,1,0,0,16,1,2,,,0,2024,misc,Fulham
ENG-Premier League,2024/25,Ipswich Town,Alex Palmer,ENG,GK,27,1996,13.0,2,0,0,1,4,0,0,0,0,,,0,2024,misc,Ipswich Town
ENG-Premier League,2024/25,Ipswich Town,Ali Al Hamadi,IRQ,FW,22,2002,1.5,3,0,0,8,3,1,0,0,0,,,0,2024,misc,Ipswich Town
ENG-Premier League,2024/25,Ipswich Town,Arijanet Muric,KVX,GK,25,1998,18.0,1,0,0,0,4,0,0,0,0,,,0,2024,misc,Ipswich Town
ENG-Premier League,2024/25,Ipswich Town,Axel Tuanzebe,COD,DF,26,1997,19.0,5,1,1,17,12,0,10,22,19,,,1,2024,misc,Ipswich Town
ENG-Premier League,2024/25,Ipswich Town,Ben Godfrey,ENG,DF,26,1998,1.8,1,0,0,1,0,0,0,2,0,,,0,2024,misc,Ipswich Town
ENG-Premier League,2024/25,Ipswich Town,Ben Johnson,ENG,"MF,DF",24,2000,15.0,5,1,1,27,6,1,37,13,20,,,0,2024,misc,Ipswich Town
ENG-Premier League,2024/25,Ipswich Town,Cameron Burgess,AUS,DF,28,1995,17.1,0,0,0,6,4,1,0,10,13,,,0,2024,misc,Ipswich Town
ENG-Premier League,2024/25,Ipswich Town,Chiedozie Ogbene,IRL,MF,27,1997,2.6,0,0,0,2,7,1,4,1,3,,,0,2024,misc,Ipswich Town
ENG-Premier League,2024/25,Ipswich Town,Christian Walton,ENG,GK,28,1995,7.0,0,0,0,0,1,0,0,0,0,,,0,2024,misc,Ipswich Town
ENG-Premier League,2024/25,Ipswich Town,Conor Chaplin,ENG,"MF,FW",27,1997,9.5,2,0,0,11,7,0,9,3,5,,,0,2024,misc,Ipswich Town
ENG-Premier League,2024/25,Ipswich Town,Conor Townsend,ENG,DF,31,1993,3.7,1,0,0,2,4,0,12,5,7,,,0,2024,misc,Ipswich Town
ENG-Premier League,2024/25,Ipswich Town,Dara O'Shea,IRL,DF,25,1999,34.7,6,0,0,21,25,3,8,33,30,,,0,2024,misc,Ipswich Town
ENG-Premier League,2024/25,Ipswich Town,George Edmundson,ENG,DF,26,1997,0.0,0,0,0,0,0,0,0,0,0,,,0,2024,misc,Ipswich Town
ENG-Premier League,2024/25,Ipswich Town,George Hirst,SCO,FW,25,1999,7.3,3,0,0,13,12,3,3,2,3,,,0,2024,misc,Ipswich Town
ENG-Premier League,2024/25,Ipswich Town,Harry Clarke,ENG,DF,23,2001,4.2,3,1,1,5,1,0,5,3,3,,,0,2024,misc,Ipswich Town
ENG-Premier League,2024/25,Ipswich Town,Jack Clarke,ENG,MF,23,2000,13.1,2,0,0,16,23,3,14,7,18,,,0,2024,misc,Ipswich Town
ENG-Premier League,2024/25,Ipswich Town,Jack Taylor,IRL,MF,26,1998,9.6,4,0,0,16,5,0,7,9,11,,,0,2024,misc,Ipswich Town
ENG-Premier League,2024/25,Ipswich Town,Jacob Greaves,ENG,DF,23,2000,24.5,5,0,0,16,21,1,1,21,22,,,0,2024,misc,Ipswich Town
ENG-Premier League,2024/25,Ipswich Town,Jaden Philogene Bidace,ENG,MF,22,2002,5.3,1,0,0,8,10,1,13,8,7,,,0,2024,misc,Ipswich Town
ENG-Premier League,2024/25,Ipswich Town,Jens Cajuste,SWE,MF,24,1999,21.8,2,0,0,23,22,0,10,29,22,,,0,2024,misc,Ipswich Town
ENG-Premier League,2024/25,Ipswich Town,Julio Enciso,PAR,MF,20,2004,9.7,3,0,0,9,21,0,20,1,9,,,0,2024,misc,Ipswich Town
ENG-Premier League,2024/25,Ipswich Town,Kalvin Phillips,ENG,MF,28,1995,13.7,6,1,1,28,21,0,20,18,20,,,0,2024,misc,Ipswich Town
ENG-Premier League,2024/25,Ipswich Town,Leif Davis,ENG,DF,24,1999,30.5,5,1,0,26,31,5,157,25,28,,,0,2024,misc,Ipswich Town
ENG-Premier League,2024/25,Ipswich Town,Liam Delap,ENG,FW,21,2003,28.8,12,0,0,72,51,14,5,2,8,,,0,2024,misc,Ipswich Town
ENG-Premier League,2024/25,Ipswich Town,Luke Woolfenden,ENG,DF,25,1998,13.2,2,0,0,5,2,1,0,21,6,,,0,2024,misc,Ipswich Town
ENG-Premier League,2024/25,Ipswich Town,Marcus Harness,ENG,"FW,MF",28,1996,0.5,0,0,0,0,0,1,0,0,0,,,0,2024,misc,Ipswich Town
ENG-Premier League,2024/25,Ipswich Town,Massimo Luongo,AUS,MF,31,1992,2.2,0,0,0,1,2,0,1,3,6,,,0,2024,misc,Ipswich Town
ENG-Premier League,2024/25,Ipswich Town,Nathan Broadhead,WAL,MF,26,1998,7.8,1,0,0,4,13,2,9,4,4,,,0,2024,misc,Ipswich Town
ENG-Premier League,2024/25,Ipswich Town,Omari Hutchinson,ENG,MF,20,2003,28.7,5,0,0,31,46,6,81,11,13,,,0,2024,misc,Ipswich Town
ENG-Premier League,2024/25,Ipswich Town,Sam Morsy,EGY,MF,32,1991,30.6,10,0,0,48,27,0,15,28,39,,,1,2024,misc,Ipswich Town
ENG-Premier League,2024/25,Ipswich Town,Sammie Szmodics,IRL,MF,28,1995,11.0,2,0,0,9,8,8,14,5,12,,,0,2024,misc,Ipswich Town
ENG-Premier League,2024/25,Ipswich Town,Wes Burns,WAL,MF,29,1994,10.3,1,0,0,4,11,0,45,10,11,,,0,2024,misc,Ipswich Town
ENG-Premier League,2024/25,Leicester City,Abdul Fatawu Issahaku,GHA,"MF,FW",20,2004,6.4,0,0,0,11,20,2,29,4,15,,,0,2024,misc,Leicester City
ENG-Premier League,2024/25,Leicester City,Bilal El Khannouss,MAR,MF,20,2004,24.2,4,0,0,30,13,1,89,5,30,,,0,2024,misc,Leicester City
ENG-Premier League,2024/25,Leicester City,Bobby De Cordova-Reid,JAM,"MF,FW",31,1993,8.3,2,0,0,8,9,4,15,1,3,,,0,2024,misc,Leicester City
ENG-Premier League,2024/25,Leicester City,Boubakary Soumaré,FRA,MF,25,1999,24.1,8,0,0,24,23,0,10,27,19,,,0,2024,misc,Leicester City
ENG-Premier League,2024/25,Leicester City,Caleb Okoli,ITA,DF,23,2001,12.5,4,0,0,16,9,0,1,15,14,,,0,2024,misc,Leicester City
ENG-Premier League,2024/25,Leicester City,Conor Coady,ENG,DF,31,1993,19.0,3,0,0,8,3,1,0,12,9,,,0,2024,misc,Leicester City
ENG-Premier League,2024/25,Leicester City,Danny Ward,WAL,GK,31,1993,1.5,0,0,0,0,0,0,0,0,0,,,0,2024,misc,Leicester City
ENG-Premier League,2024/25,Leicester City,Facundo Buonanotte,ARG,"MF,FW",19,2004,16.9,8,0,0,36,35,3,43,13,33,,,0,2024,misc,Leicester City
ENG-Premier League,2024/25,Leicester City,Hamza Choudhury,BAN,MF,26,1997,1.5,0,0,0,1,0,0,5,5,1,,,0,2024,misc,Leicester City
ENG-Premier League,2024/25,Leicester City,Harry Winks,ENG,MF,28,1996,17.1,4,0,0,9,13,0,33,8,10,,,0,2024,misc,Leicester City
ENG-Premier League,2024/25,Leicester City,Jake Evans,ENG,MF,15,2008,0.3,0,0,0,0,0,0,0,0,1,,,0,2024,misc,Leicester City
ENG-Premier League,2024/25,Leicester City,Jakub Stolarczyk,POL,GK,23,2000,10.0,1,0,0,0,0,0,0,0,1,,,0,2024,misc,Leicester City
ENG-Premier League,2024/25,Leicester City,James Justin,ENG,"DF,MF",26,1998,32.4,6,0,0,28,44,2,57,44,38,,,0,2024,misc,Leicester City
ENG-Premier League,2024/25,Leicester City,Jamie Vardy,ENG,FW,37,1987,31.4,5,0,0,27,23,27,11,5,12,,,0,2024,misc,Leicester City
ENG-Premier League,2024/25,Leicester City,Jannik Vestergaard,DEN,DF,31,1992,15.5,5,0,0,12,4,0,0,15,10,,,1,2024,misc,Leicester City
ENG-Premier League,2024/25,Leicester City,Jeremy Monga,ENG,FW,15,2009,1.2,0,0,0,0,5,0,4,0,1,,,0,2024,misc,Leicester City
ENG-Premier League,2024/25,Leicester City,Jordan Ayew,GHA,MF,32,1991,18.2,5,0,0,30,58,7,57,11,14,,,0,2024,misc,Leicester City
ENG-Premier League,2024/25,Leicester City,Kasey McAteer,IRL,MF,22,2001,9.5,3,0,0,18,15,3,21,2,15,,,0,2024,misc,Leicester City
ENG-Premier League,2024/25,Leicester City,Luke Thomas,ENG,DF,23,2001,12.3,3,0,0,16,10,0,28,20,25,,,0,2024,misc,Leicester City
ENG-Premier League,2024/25,Leicester City,Mads Hermansen,DEN,GK,24,2000,26.5,1,0,0,0,3,0,0,0,1,,,0,2024,misc,Leicester City
ENG-Premier League,2024/25,Leicester City,Michael Golding,ENG,MF,18,2006,0.0,0,0,0,0,0,0,0,0,0,,,0,2024,misc,Leicester City
ENG-Premier League,2024/25,Leicester City,Odsonne Édouard,FRA,FW,26,1998,0.3,0,0,0,2,0,0,0,0,1,,,0,2024,misc,Leicester City
ENG-Premier League,2024/25,Leicester City,Olabade Aluko,,DF,,,0.0,0,0,0,0,0,0,0,0,1,,,0,2024,misc,Leicester City
ENG-Premier League,2024/25,Leicester City,Oliver Skipp,ENG,MF,23,2000,12.5,8,0,0,21,13,0,5,12,4,,,0,2024,misc,Leicester City
ENG-Premier League,2024/25,Leicester City,Patson Daka,ZAM,"MF,FW",25,1998,8.2,0,0,0,15,19,3,3,1,10,,,0,2024,misc,Leicester City
ENG-Premier League,2024/25,Leicester City,Ricardo Pereira,POR,DF,30,1993,4.3,1,0,0,6,8,0,4,4,7,,,0,2024,misc,Leicester City
ENG-Premier League,2024/25,Leicester City,Stephy Mavididi,ENG,MF,26,1998,17.9,2,0,0,18,18,3,70,8,20,,,0,2024,misc,Leicester City
ENG-Premier League,2024/25,Leicester City,Victor Bernth Kristiansen,DEN,"DF,MF",21,2002,27.6,1,0,0,19,18,3,96,37,51,,,1,2024,misc,Leicester City
ENG-Premier League,2024/25,Leicester City,Wilfred Ndidi,NGA,MF,27,1996,25.8,8,0,0,39,18,3,30,27,48,,,1,2024,misc,Leicester City
ENG-Premier League,2024/25,Leicester City,Will Alves,ENG,MF,19,2005,0.0,0,0,0,0,0,0,0,0,0,,,0,2024,misc,Leicester City
ENG-Premier League,2024/25,Leicester City,Wout Faes,BEL,DF,26,1998,31.3,4,0,0,23,11,1,5,22,28,,,0,2024,misc,Leicester City
ENG-Premier League,2024/25,Leicester City,Woyo Coulibaly,MLI,DF,25,1999,1.2,1,0,0,2,1,0,0,5,4,,,0,2024,misc,Leicester City
ENG-Premier League,2024/25,Liverpool,Alexis Mac Allister,ARG,MF,25,1998,28.9,6,0,0,62,40,2,86,22,59,,,0,2024,misc,Liverpool
ENG-Premier League,2024/25,Liverpool,Alisson,BRA,GK,31,1992,27.9,0,0,0,0,2,0,0,0,0,,,0,2024,misc,Liverpool
ENG-Premier League,2024/25,Liverpool,Andy Robertson,SCO,DF,30,1994,27.6,3,1,0,11,8,3,145,21,21,,,1,2024,misc,Liverpool
ENG-Premier League,2024/25,Liverpool,Caoimhín Kelleher,IRL,GK,25,1998,10.0,0,0,0,0,3,0,0,0,0,,,0,2024,misc,Liverpool
ENG-Premier League,2024/25,Liverpool,Cody Gakpo,NED,MF,25,1999,21.5,5,0,0,20,31,5,73,12,17,,,0,2024,misc,Liverpool
ENG-Premier League,2024/25,Liverpool,Conor Bradley,NIR,DF,21,2003,8.4,4,0,0,12,14,1,7,3,10,,,0,2024,misc,Liverpool
ENG-Premier League,2024/25,Liverpool,Curtis Jones,ENG,"MF,DF",23,2001,19.0,3,1,1,18,25,1,8,7,22,,,0,2024,misc,Liverpool
ENG-Premier League,2024/25,Liverpool,Darwin Núñez,URU,FW,25,1999,12.6,8,0,0,27,14,12,3,4,18,,,0,2024,misc,Liverpool
ENG-Premier League,2024/25,Liverpool,Diogo Jota,POR,FW,27,1996,13.3,2,0,0,23,14,1,8,8,9,,,0,2024,misc,Liverpool
ENG-Premier League,2024/25,Liverpool,Dominik Szoboszlai,HUN,MF,23,2000,27.7,6,0,0,44,24,4,40,9,23,,,0,2024,misc,Liverpool
ENG-Premier League,2024/25,Liverpool,Federico Chiesa,ITA,FW,26,1997,1.2,0,0,0,3,2,0,2,0,0,,,0,2024,misc,Liverpool
ENG-Premier League,2024/25,Liverpool,Harvey Elliott,ENG,MF,21,2003,4.1,1,0,0,0,1,1,12,1,3,,,0,2024,misc,Liverpool
ENG-Premier League,2024/25,Liverpool,Ibrahima Konaté,FRA,DF,25,1999,28.4,5,0,0,27,20,0,0,19,28,,,0,2024,misc,Liverpool
ENG-Premier League,2024/25,Liverpool,Jarell Quansah,ENG,DF,21,2003,5.5,2,0,0,9,1,0,2,7,8,,,1,2024,misc,Liverpool
ENG-Premier League,2024/25,Liverpool,Jayden Danns,ENG,FW,18,2006,0.1,0,0,0,0,0,0,0,0,0,,,0,2024,misc,Liverpool
ENG-Premier League,2024/25,Liverpool,Joe Gomez,ENG,DF,27,1997,5.8,1,0,0,2,3,0,1,7,10,,,0,2024,misc,Liverpool
ENG-Premier League,2024/25,Liverpool,Kostas Tsimikas,GRE,DF,28,1996,9.3,2,0,0,9,6,1,64,10,19,,,0,2024,misc,Liverpool
ENG-Premier League,2024/25,Liverpool,Luis Díaz,COL,"FW,MF",27,1997,26.7,2,0,0,48,31,10,32,7,27,,,0,2024,misc,Liverpool
ENG-Premier League,2024/25,Liverpool,Mohamed Salah,EGY,MF,32,1992,37.5,1,0,0,25,39,18,79,9,11,,,0,2024,misc,Liverpool
ENG-Premier League,2024/25,Liverpool,Ryan Gravenberch,NED,MF,22,2002,35.1,6,1,0,47,52,0,7,56,37,,,0,2024,misc,Liverpool
ENG-Premier League,2024/25,Liverpool,Trent Alexander-Arnold,ENG,DF,25,1998,26.3,5,0,0,11,9,1,154,31,49,,,0,2024,misc,Liverpool
ENG-Premier League,2024/25,Liverpool,Virgil van Dijk,NED,DF,33,1991,37.0,5,0,0,17,13,0,1,54,20,,,0,2024,misc,Liverpool
ENG-Premier League,2024/25,Liverpool,Vitezslav Jaros,CZE,GK,23,2001,0.1,0,0,0,0,0,0,0,0,0,,,0,2024,misc,Liverpool
ENG-Premier League,2024/25,Liverpool,Wataru Endo,JPN,MF,31,1993,3.0,0,0,0,15,7,0,1,6,8,,,0,2024,misc,Liverpool
ENG-Premier League,2024/25,Manchester City,Abdukodir Khusanov,UZB,DF,20,2004,5.6,1,0,0,3,3,0,1,3,4,,,1,2024,misc,Manchester City
ENG-Premier League,2024/25,Manchester City,Bernardo Silva,POR,MF,29,1994,29.7,7,0,0,27,31,3,60,21,35,,,0,2024,misc,Manchester City
ENG-Premier League,2024/25,Manchester City,Claudio Echeverri,ARG,MF,18,2006,0.1,0,0,0,0,0,0,0,0,0,,,0,2024,misc,Manchester City
ENG-Premier League,2024/25,Manchester City,Divin Mubama,ENG,FW,19,2004,0.3,0,0,0,0,0,0,0,0,0,,,0,2024,misc,Manchester City
ENG-Premier League,2024/25,Manchester City,Ederson Moraes,BRA,GK,30,1993,25.8,4,0,0,1,0,0,0,1,0,,,0,2024,misc,Manchester City
ENG-Premier League,2024/25,Manchester City,Erling Haaland,NOR,FW,24,2000,30.4,2,0,0,24,13,4,3,5,6,,,0,2024,misc,Manchester City
ENG-Premier League,2024/25,Manchester City,Jack Grealish,ENG,"MF,FW",28,1995,8.0,3,0,0,5,25,0,20,2,4,,,0,2024,misc,Manchester City
ENG-Premier League,2024/25,Manchester City,Jahmai Simpson-Pusey,ENG,DF,18,2005,1.1,1,0,0,0,1,0,0,0,0,,,0,2024,misc,Manchester City
ENG-Premier League,2024/25,Manchester City,James Mcatee,ENG,MF,21,2002,3.9,1,0,0,6,3,0,8,2,1,,,0,2024,misc,Manchester City
ENG-Premier League,2024/25,Manchester City,Jeremy Doku,BEL,"MF,FW",22,2002,16.8,1,0,0,10,33,5,59,3,23,,,0,2024,misc,Manchester City
ENG-Premier League,2024/25,Manchester City,John Stones,ENG,DF,30,1994,6.1,1,0,0,2,2,0,0,4,3,,,0,2024,misc,Manchester City
ENG-Premier League,2024/25,Manchester City,Joško Gvardiol,CRO,DF,22,2002,36.4,2,0,0,16,27,3,22,42,38,,,0,2024,misc,Manchester City
ENG-Premier League,2024/25,Manchester City,Kevin De Bruyne,BEL,"MF,FW",33,1991,18.9,2,0,0,17,18,5,144,7,9,,,0,2024,misc,Manchester City
ENG-Premier League,2024/25,Manchester City,Kyle Walker,ENG,DF,34,1990,10.8,3,0,0,6,4,1,14,3,10,,,0,2024,misc,Manchester City
ENG-Premier League,2024/25,Manchester City,Manuel Akanji,SUI,"DF,MF",29,1995,22.4,3,0,0,17,9,0,11,9,11,,,0,2024,misc,Manchester City
ENG-Premier League,2024/25,Manchester City,Mateo Kovačić,CRO,"MF,DF",30,1994,24.4,5,1,0,24,26,0,0,22,39,,,0,2024,misc,Manchester City
ENG-Premier League,2024/25,Manchester City,Matheus Nunes,POR,"DF,MF",25,1998,18.6,4,0,0,30,20,6,45,14,21,,,0,2024,misc,Manchester City
ENG-Premier League,2024/25,Manchester City,Nathan Aké,NED,DF,29,1995,7.5,0,0,0,2,0,0,1,3,6,,,0,2024,misc,Manchester City
ENG-Premier League,2024/25,Manchester City,Nico O'Reilly,ENG,DF,19,2005,5.9,0,0,0,6,4,1,8,4,4,,,0,2024,misc,Manchester City
ENG-Premier League,2024/25,Manchester City,Nicolás González,ESP,MF,22,2002,8.4,3,0,0,13,5,0,1,8,4,,,0,2024,misc,Manchester City
ENG-Premier League,2024/25,Manchester City,Omar Marmoush,EGY,"MF,FW",25,1999,13.1,0,0,0,15,20,10,29,6,8,,,0,2024,misc,Manchester City
ENG-Premier League,2024/25,Manchester City,Oscar Bobb,NOR,"FW,MF",21,2003,0.2,0,0,0,0,1,0,0,0,0,,,0,2024,misc,Manchester City
ENG-Premier League,2024/25,Manchester City,Phil Foden,ENG,"MF,FW",24,2000,19.7,2,0,0,5,35,3,81,9,5,,,0,2024,misc,Manchester City
ENG-Premier League,2024/25,Manchester City,Rico Lewis,ENG,"DF,MF",19,2004,21.0,5,1,1,12,34,0,7,14,17,,,0,2024,misc,Manchester City
ENG-Premier League,2024/25,Manchester City,Rodri,ESP,MF,28,1996,0.8,0,0,0,1,2,0,0,1,1,,,0,2024,misc,Manchester City
ENG-Premier League,2024/25,Manchester City,Rúben Dias,POR,"DF,MF",27,1997,25.2,4,0,0,12,8,0,3,19,11,,,1,2024,misc,Manchester City
ENG-Premier League,2024/25,Manchester City,Stefan Ortega,GER,GK,31,1992,12.2,1,0,0,1,2,0,0,0,0,,,0,2024,misc,Manchester City
ENG-Premier League,2024/25,Manchester City,Sávio,BRA,"MF,FW",20,2004,19.6,3,0,0,17,28,3,84,4,17,,,0,2024,misc,Manchester City
ENG-Premier League,2024/25,Manchester City,Vitor Reis,BRA,DF,18,2006,0.0,0,0,0,0,0,0,0,0,0,,,0,2024,misc,Manchester City
ENG-Premier League,2024/25,Manchester City,İlkay Gündoğan,GER,MF,33,1990,24.7,1,0,0,15,27,1,62,14,13,,,0,2024,misc,Manchester City
ENG-Premier League,2024/25,Manchester Utd,Alejandro Garnacho,ARG,MF,20,2004,24.4,3,0,0,12,44,10,55,13,16,,,0,2024,misc,Manchester United
ENG-Premier League,2024/25,Manchester Utd,Altay Bayındır,TUR,GK,26,1998,4.0,0,0,0,0,1,0,0,0,0,,,0,2024,misc,Manchester United
ENG-Premier League,2024/25,Manchester Utd,Amad Diallo,CIV,"MF,FW",22,2002,21.1,5,0,0,20,28,9,43,10,31,,,0,2024,misc,Manchester United
ENG-Premier League,2024/25,Manchester Utd,André Onana,CMR,GK,28,1996,34.0,0,0,0,0,2,0,0,0,2,,,0,2024,misc,Manchester United
ENG-Premier League,2024/25,Manchester Utd,Antony,BRA,"FW,MF",24,2000,1.6,0,0,0,2,5,0,5,2,3,,,0,2024,misc,Manchester United
ENG-Premier League,2024/25,Manchester Utd,Ayden Heaven,ENG,DF,17,2006,1.9,1,0,0,4,4,0,0,4,3,,,0,2024,misc,Manchester United
ENG-Premier League,2024/25,Manchester Utd,Bruno Fernandes,POR,MF,29,1994,33.5,5,2,1,32,40,2,185,26,52,,,0,2024,misc,Manchester United
ENG-Premier League,2024/25,Manchester Utd,Casemiro,BRA,MF,32,1992,16.6,5,0,0,20,19,3,20,15,52,,,0,2024,misc,Manchester United
ENG-Premier League,2024/25,Manchester Utd,Chidozie Obi-Martin,DEN,FW,16,2007,1.8,1,0,0,3,1,0,0,0,1,,,0,2024,misc,Manchester United
ENG-Premier League,2024/25,Manchester Utd,Christian Eriksen,DEN,MF,32,1992,11.8,4,0,0,8,3,0,84,7,8,,,0,2024,misc,Manchester United
ENG-Premier League,2024/25,Manchester Utd,Diogo Dalot,POR,"MF,DF",25,1999,31.3,5,0,0,40,9,4,64,35,38,,,0,2024,misc,Manchester United
ENG-Premier League,2024/25,Manchester Utd,Harry Amass,ENG,MF,17,2007,3.8,0,0,0,2,4,1,9,2,2,,,0,2024,misc,Manchester United
ENG-Premier League,2024/25,Manchester Utd,Harry Maguire,ENG,DF,31,1993,19.5,7,0,0,18,11,3,3,37,16,,,0,2024,misc,Manchester United
ENG-Premier League,2024/25,Manchester Utd,Jonny Evans,NIR,DF,36,1988,3.5,1,0,0,5,6,0,0,5,6,,,0,2024,misc,Manchester United
ENG-Premier League,2024/25,Manchester Utd,Joshua Zirkzee,NED,"FW,MF",23,2001,15.6,2,0,0,9,13,3,3,6,8,,,0,2024,misc,Manchester United
ENG-Premier League,2024/25,Manchester Utd,Kobbie Mainoo,ENG,MF,19,2005,18.3,5,0,0,27,21,3,7,19,28,,,0,2024,misc,Manchester United
ENG-Premier League,2024/25,Manchester Utd,Leny Yoro,FRA,DF,18,2005,12.9,5,0,0,9,2,1,1,17,11,,,0,2024,misc,Manchester United
ENG-Premier League,2024/25,Manchester Utd,Lisandro Martínez,ARG,DF,26,1998,19.5,7,0,0,22,7,0,9,31,24,,,0,2024,misc,Manchester United
ENG-Premier League,2024/25,Manchester Utd,Luke Shaw,ENG,DF,29,1995,3.9,1,0,0,3,1,0,10,2,3,,,1,2024,misc,Manchester United
ENG-Premier League,2024/25,Manchester Utd,Manuel Ugarte,URU,MF,23,2001,19.8,11,0,0,41,33,0,7,26,50,,,1,2024,misc,Manchester United
ENG-Premier League,2024/25,Manchester Utd,Marcus Rashford,ENG,MF,26,1997,10.9,2,0,0,8,7,7,27,5,4,,,0,2024,misc,Manchester United
ENG-Premier League,2024/25,Manchester Utd,Mason Mount,ENG,"MF,FW",25,1999,6.9,3,0,0,16,9,1,13,4,5,,,0,2024,misc,Manchester United
ENG-Premier League,2024/25,Manchester Utd,Matthijs de Ligt,NED,DF,24,1999,23.6,3,0,0,16,12,2,6,32,22,,,0,2024,misc,Manchester United
ENG-Premier League,2024/25,Manchester Utd,Noussair Mazraoui,MAR,"DF,MF",26,1997,31.5,3,0,0,38,25,4,23,35,71,,,0,2024,misc,Manchester United
ENG-Premier League,2024/25,Manchester Utd,Patrick Dorgu,DEN,MF,19,2004,9.4,3,1,0,17,28,3,37,3,23,,,0,2024,misc,Manchester United
ENG-Premier League,2024/25,Manchester Utd,Rasmus Højlund,DEN,FW,21,2003,22.3,2,0,0,18,28,13,7,2,1,,,0,2024,misc,Manchester United
ENG-Premier League,2024/25,Manchester Utd,Scott McTominay,SCO,MF,27,1996,0.2,0,0,0,0,0,0,0,0,0,,,0,2024,misc,Manchester United
ENG-Premier League,2024/25,Manchester Utd,Toby Collyer,ENG,MF,20,2004,2.0,0,0,0,2,4,0,0,3,9,,,0,2024,misc,Manchester United
ENG-Premier League,2024/25,Manchester Utd,Tyler Fredricson,ENG,DF,19,2005,1.8,0,0,0,0,2,0,0,1,3,,,0,2024,misc,Manchester United
ENG-Premier League,2024/25,Manchester Utd,Tyrell Malacia,NED,MF,24,1999,1.1,1,0,0,3,2,0,1,2,1,,,0,2024,misc,Manchester United
ENG-Premier League,2024/25,Manchester Utd,Victor Lindelöf,SWE,DF,30,1994,7.8,1,0,0,8,1,0,1,7,2,,,0,2024,misc,Manchester United
ENG-Premier League,2024/25,Newcastle,Alexander Isak,SWE,FW,24,1999,30.6,1,0,0,28,14,20,16,3,5,,,0,2024,misc,Newcastle United
ENG-Premier League,2024/25,Newcastle,Anthony Gordon,ENG,"FW,MF",23,2001,27.0,2,0,0,20,71,8,130,6,17,,,0,2024,misc,Newcastle United
ENG-Premier League,2024/25,Newcastle,Bruno Guimarães,BRA,MF,26,1997,36.3,7,0,0,65,107,2,29,28,47,,,0,2024,misc,Newcastle United
ENG-Premier League,2024/25,Newcastle,Callum Wilson,ENG,FW,32,1992,4.1,1,0,0,4,1,3,2,1,2,,,0,2024,misc,Newcastle United
ENG-Premier League,2024/25,Newcastle,Dan Burn,ENG,DF,32,1992,37.0,11,0,0,34,12,5,3,27,25,,,2,2024,misc,Newcastle United
ENG-Premier League,2024/25,Newcastle,Emil Krafth,SWE,DF,29,1994,3.8,2,0,0,5,2,0,2,3,1,,,0,2024,misc,Newcastle United
ENG-Premier League,2024/25,Newcastle,Fabian Schär,SUI,DF,32,1991,32.6,9,1,0,35,16,4,12,43,20,,,0,2024,misc,Newcastle United
ENG-Premier League,2024/25,Newcastle,Harvey Barnes,ENG,"FW,MF",26,1997,19.5,0,0,0,15,23,5,47,6,9,,,0,2024,misc,Newcastle United
ENG-Premier League,2024/25,Newcastle,Jacob Murphy,ENG,"FW,MF",29,1995,26.2,4,0,0,11,14,3,119,11,18,,,0,2024,misc,Newcastle United
ENG-Premier League,2024/25,Newcastle,Joe Willock,ENG,MF,24,1999,12.1,4,0,0,22,13,3,17,7,18,,,0,2024,misc,Newcastle United
ENG-Premier League,2024/25,Newcastle,Joelinton,BRA,"MF,FW",27,1996,26.6,10,0,0,58,34,7,16,20,35,,,0,2024,misc,Newcastle United
ENG-Premier League,2024/25,Newcastle,Kieran Trippier,ENG,DF,33,1990,14.5,1,0,0,16,11,2,83,11,22,,,0,2024,misc,Newcastle United
ENG-Premier League,2024/25,Newcastle,Lewis Hall,ENG,DF,19,2004,24.3,3,0,0,9,21,1,110,17,40,,,0,2024,misc,Newcastle United
ENG-Premier League,2024/25,Newcastle,Lewis Miley,ENG,MF,18,2006,3.5,0,0,0,3,1,0,0,2,11,,,0,2024,misc,Newcastle United
ENG-Premier League,2024/25,Newcastle,Lloyd Kelly,ENG,DF,25,1998,3.4,2,0,0,5,5,1,1,1,4,,,0,2024,misc,Newcastle United
ENG-Premier League,2024/25,Newcastle,Martin Dúbravka,SVK,GK,35,1989,10.0,0,0,0,0,1,0,0,0,0,,,0,2024,misc,Newcastle United
ENG-Premier League,2024/25,Newcastle,Matt Targett,ENG,"DF,MF",28,1995,0.2,0,0,0,0,0,0,1,1,0,,,0,2024,misc,Newcastle United
ENG-Premier League,2024/25,Newcastle,Miguel Almirón,PAR,FW,30,1994,1.7,0,0,0,1,3,2,0,0,2,,,0,2024,misc,Newcastle United
ENG-Premier League,2024/25,Newcastle,Nick Pope,ENG,GK,32,1992,28.0,2,0,0,2,5,0,0,1,0,,,0,2024,misc,Newcastle United
ENG-Premier League,2024/25,Newcastle,Sandro Tonali,ITA,MF,24,2000,29.2,5,0,0,37,49,2,54,32,32,,,0,2024,misc,Newcastle United
ENG-Premier League,2024/25,Newcastle,Sean Longstaff,ENG,MF,26,1997,8.9,2,0,0,9,6,0,5,7,15,,,0,2024,misc,Newcastle United
ENG-Premier League,2024/25,Newcastle,Sven Botman,NED,DF,24,2000,4.6,1,0,0,5,4,0,0,5,8,,,0,2024,misc,Newcastle United
ENG-Premier League,2024/25,Newcastle,Tino Livramento,ENG,DF,21,2002,31.6,1,0,0,6,35,2,52,26,34,,,0,2024,misc,Newcastle United
ENG-Premier League,2024/25,Newcastle,William Osula,DEN,FW,20,2003,1.5,0,0,0,4,1,1,4,3,0,,,0,2024,misc,Newcastle United
ENG-Premier League,2024/25,Nottingham,Anthony Elanga,SWE,"MF,FW",22,2002,27.8,1,0,0,9,47,18,184,6,15,,,0,2024,misc,Nottingham Forest
ENG-Premier League,2024/25,Nottingham,Callum Hudson-Odoi,ENG,MF,23,2000,24.4,2,0,0,12,25,8,80,13,16,,,0,2024,misc,Nottingham Forest
ENG-Premier League,2024/25,Nottingham,Chris Wood,NZL,FW,32,1991,32.9,1,0,0,25,24,28,1,6,5,,,0,2024,misc,Nottingham Forest
ENG-Premier League,2024/25,Nottingham,Danilo Santos,BRA,MF,23,2001,3.1,0,0,0,2,0,0,3,4,3,,,0,2024,misc,Nottingham Forest
ENG-Premier League,2024/25,Nottingham,Elliot Anderson,ENG,MF,21,2002,30.3,10,0,0,47,57,4,86,29,55,,,0,2024,misc,Nottingham Forest
ENG-Premier League,2024/25,Nottingham,Eric da Silva Moreira,GER,DF,18,2006,0.3,0,0,0,0,0,0,0,1,2,,,0,2024,misc,Nottingham Forest
ENG-Premier League,2024/25,Nottingham,Harry Toffolo,ENG,DF,28,1995,1.5,1,0,0,1,0,0,4,1,3,,,0,2024,misc,Nottingham Forest
ENG-Premier League,2024/25,Nottingham,Ibrahim Sangaré,CIV,MF,26,1997,6.6,3,0,0,16,8,0,2,7,13,,,0,2024,misc,Nottingham Forest
ENG-Premier League,2024/25,Nottingham,James Ward-Prowse,ENG,MF,29,1994,4.4,2,1,1,7,2,0,19,5,1,,,0,2024,misc,Nottingham Forest
ENG-Premier League,2024/25,Nottingham,Jota Silva,POR,MF,24,1999,9.5,5,0,0,24,23,8,21,11,16,,,0,2024,misc,Nottingham Forest
ENG-Premier League,2024/25,Nottingham,Matz Sels,BEL,GK,32,1992,38.0,4,0,0,1,8,0,0,0,1,,,0,2024,misc,Nottingham Forest
ENG-Premier League,2024/25,Nottingham,Morato,BRA,DF,23,2001,10.1,5,0,0,11,2,0,0,9,14,,,0,2024,misc,Nottingham Forest
ENG-Premier League,2024/25,Nottingham,Morgan Gibbs-White,ENG,MF,24,2000,31.1,11,1,1,38,40,7,46,22,21,,,0,2024,misc,Nottingham Forest
ENG-Premier League,2024/25,Nottingham,Murillo,BRA,DF,22,2002,35.4,6,0,0,27,7,0,14,36,39,,,0,2024,misc,Nottingham Forest
ENG-Premier League,2024/25,Nottingham,Neco Williams,WAL,"DF,MF",23,2001,28.8,7,0,0,24,43,2,60,30,57,,,0,2024,misc,Nottingham Forest
ENG-Premier League,2024/25,Nottingham,Nicolás Domínguez,ARG,MF,26,1998,21.8,9,0,0,33,18,1,8,28,48,,,0,2024,misc,Nottingham Forest
ENG-Premier League,2024/25,Nottingham,Nikola Milenković,SRB,DF,26,1997,37.0,4,0,0,20,5,2,0,25,28,,,0,2024,misc,Nottingham Forest
ENG-Premier League,2024/25,Nottingham,Ola Aina,NGA,DF,27,1996,33.3,5,0,0,23,35,2,59,31,41,,,0,2024,misc,Nottingham Forest
ENG-Premier League,2024/25,Nottingham,Ramón Sosa,PAR,MF,24,1999,3.3,1,0,0,6,8,3,8,4,3,,,0,2024,misc,Nottingham Forest
ENG-Premier League,2024/25,Nottingham,Ryan Yates,ENG,MF,26,1997,21.3,10,0,0,54,48,7,8,25,21,,,0,2024,misc,Nottingham Forest
ENG-Premier League,2024/25,Nottingham,Taiwo Awoniyi,NGA,FW,26,1997,4.6,0,0,0,8,10,1,2,0,4,,,0,2024,misc,Nottingham Forest
ENG-Premier League,2024/25,Nottingham,Willy Boly,CIV,DF,33,1991,1.7,1,0,0,1,0,0,0,3,1,,,0,2024,misc,Nottingham Forest
ENG-Premier League,2024/25,Nottingham,Álex Moreno,ESP,DF,31,1993,10.6,2,0,0,12,6,0,19,16,18,,,0,2024,misc,Nottingham Forest
ENG-Premier League,2024/25,Southampton,Aaron Ramsdale,ENG,GK,26,1998,30.0,2,0,0,1,4,0,0,1,0,,,0,2024,misc,Southampton
ENG-Premier League,2024/25,Southampton,Adam Armstrong,ENG,"FW,MF",27,1997,13.9,4,0,0,12,5,9,14,4,3,,,0,2024,misc,Southampton
ENG-Premier League,2024/25,Southampton,Adam Lallana,ENG,MF,36,1988,4.0,4,0,0,8,8,0,4,5,5,,,0,2024,misc,Southampton
ENG-Premier League,2024/25,Southampton,Albert Grønbaek,DEN,"MF,FW",23,2001,1.6,0,0,0,0,1,0,1,0,1,,,0,2024,misc,Southampton
ENG-Premier League,2024/25,Southampton,Alex McCarthy,ENG,GK,34,1989,5.0,0,0,0,0,1,0,0,0,0,,,0,2024,misc,Southampton
ENG-Premier League,2024/25,Southampton,Armel Bella Kotchap,GER,DF,22,2001,3.7,0,0,0,3,2,0,0,5,5,,,0,2024,misc,Southampton
ENG-Premier League,2024/25,Southampton,Ben Brereton,CHI,"FW,MF",25,1999,5.0,1,0,0,4,8,1,5,0,2,,,0,2024,misc,Southampton
ENG-Premier League,2024/25,Southampton,Cameron Archer,ENG,FW,23,2001,16.0,0,0,0,16,13,8,4,1,9,,,0,2024,misc,Southampton
ENG-Premier League,2024/25,Southampton,Carlos Alcaraz,ARG,MF,21,2002,0.1,0,0,0,1,0,0,1,1,0,,,0,2024,misc,Southampton
ENG-Premier League,2024/25,Southampton,Charlie Taylor,ENG,DF,30,1993,4.0,1,0,0,2,3,0,9,5,6,,,0,2024,misc,Southampton
ENG-Premier League,2024/25,Southampton,Flynn Downes,ENG,MF,25,1999,23.9,12,0,0,50,39,0,4,31,27,,,0,2024,misc,Southampton
ENG-Premier League,2024/25,Southampton,Jack Stephens,ENG,DF,30,1994,15.4,2,2,0,13,4,1,1,12,20,,,0,2024,misc,Southampton
ENG-Premier League,2024/25,Southampton,James Bree,ENG,"DF,MF",26,1997,11.9,0,0,0,4,5,0,29,5,13,,,0,2024,misc,Southampton
ENG-Premier League,2024/25,Southampton,Jan Bednarek,POL,DF,28,1996,28.1,7,0,0,31,13,0,1,55,19,,,0,2024,misc,Southampton
ENG-Premier League,2024/25,Southampton,Jay Robinson,ENG,MF,17,2007,1.5,0,0,0,3,1,0,1,0,1,,,0,2024,misc,Southampton
ENG-Premier League,2024/25,Southampton,Joachim Kayi Sanda,FRA,DF,17,2006,0.2,0,0,0,0,0,0,0,1,0,,,0,2024,misc,Southampton
ENG-Premier League,2024/25,Southampton,Joe Aribo,NGA,MF,28,1996,22.4,1,0,0,20,27,1,10,20,34,,,0,2024,misc,Southampton
ENG-Premier League,2024/25,Southampton,Joe Lumley,ENG,GK,29,1995,3.0,0,0,0,0,0,0,0,0,0,,,0,2024,misc,Southampton
ENG-Premier League,2024/25,Southampton,Kamaldeen Sulemana,GHA,"FW,MF",22,2002,15.6,2,0,0,22,11,3,26,5,16,,,0,2024,misc,Southampton
ENG-Premier League,2024/25,Southampton,Kyle Walker-Peters,ENG,"MF,DF",27,1997,32.4,5,0,0,28,52,2,50,19,32,,,0,2024,misc,Southampton
ENG-Premier League,2024/25,Southampton,Lesley Ugochukwu,FRA,MF,20,2004,18.4,7,0,0,31,16,0,6,14,22,,,0,2024,misc,Southampton
ENG-Premier League,2024/25,Southampton,Mateus Fernandes,POR,MF,20,2004,32.3,8,0,0,46,54,4,113,25,50,,,0,2024,misc,Southampton
ENG-Premier League,2024/25,Southampton,Maxwel Cornet,CIV,MF,27,1996,0.8,1,0,0,0,1,1,3,0,5,,,0,2024,misc,Southampton
ENG-Premier League,2024/25,Southampton,Nathan Wood-Gordon,ENG,DF,22,2002,8.6,2,0,0,9,4,0,3,4,7,,,0,2024,misc,Southampton
ENG-Premier League,2024/25,Southampton,Paul Onuachu,NGA,FW,30,1994,11.7,4,0,0,28,16,10,0,1,2,,,0,2024,misc,Southampton
ENG-Premier League,2024/25,Southampton,Ronnie Edwards,ENG,DF,21,2003,0.1,0,0,0,0,0,0,0,0,0,,,0,2024,misc,Southampton
ENG-Premier League,2024/25,Southampton,Ross Stewart,SCO,FW,28,1996,4.3,1,0,0,7,7,1,0,0,5,,,0,2024,misc,Southampton
ENG-Premier League,2024/25,Southampton,Ryan Fraser,SCO,"MF,DF",30,1994,3.4,0,1,0,1,4,1,12,1,2,,,0,2024,misc,Southampton
ENG-Premier League,2024/25,Southampton,Ryan Manning,IRL,"DF,MF",28,1996,16.2,2,0,0,19,33,0,84,17,18,,,0,2024,misc,Southampton
ENG-Premier League,2024/25,Southampton,Samuel Amo-Ameyaw,ENG,"FW,MF",18,2006,0.3,1,0,0,1,2,0,2,0,0,,,0,2024,misc,Southampton
ENG-Premier League,2024/25,Southampton,Samuel Edozie,ENG,"FW,MF",21,2003,0.7,1,0,0,2,1,0,4,0,1,,,0,2024,misc,Southampton
ENG-Premier League,2024/25,Southampton,Taylor Harwood-Bellis,ENG,DF,22,2002,31.4,9,0,0,35,14,0,10,29,22,,,0,2024,misc,Southampton
ENG-Premier League,2024/25,Southampton,Tyler Dibling,ENG,"MF,FW",18,2006,20.8,6,0,0,30,51,2,28,7,21,,,0,2024,misc,Southampton
ENG-Premier League,2024/25,Southampton,Welington,BRA,"MF,DF",23,2001,5.4,1,0,0,6,8,1,17,5,10,,,0,2024,misc,Southampton
ENG-Premier League,2024/25,Southampton,William Smallbone,IRL,MF,24,2000,7.7,1,0,0,11,3,0,36,2,12,,,0,2024,misc,Southampton
ENG-Premier League,2024/25,Southampton,Yukinari Sugawara,JPN,"MF,DF",24,2000,17.3,4,0,0,15,10,4,70,9,16,,,0,2024,misc,Southampton
ENG-Premier League,2024/25,Tottenham,Alfie Dorrington,ENG,DF,19,2005,0.2,0,0,0,0,0,0,0,0,0,,,0,2024,misc,Tottenham Hotspur
ENG-Premier League,2024/25,Tottenham,Antonín Kinský,CZE,GK,21,2003,6.0,0,0,0,0,0,0,0,0,1,,,0,2024,misc,Tottenham Hotspur
ENG-Premier League,2024/25,Tottenham,Archie Gray,ENG,"DF,MF",18,2006,19.5,1,0,0,17,11,0,17,18,9,,,1,2024,misc,Tottenham Hotspur
ENG-Premier League,2024/25,Tottenham,Ben Davies,WAL,DF,31,1993,14.8,5,0,0,17,7,0,4,12,11,,,0,2024,misc,Tottenham Hotspur
ENG-Premier League,2024/25,Tottenham,Brandon Austin,ENG,GK,25,1999,1.0,0,0,0,0,2,0,0,0,0,,,0,2024,misc,Tottenham Hotspur
ENG-Premier League,2024/25,Tottenham,Brennan Johnson,WAL,"FW,MF",23,2001,24.2,5,0,0,27,26,12,52,4,23,,,0,2024,misc,Tottenham Hotspur
ENG-Premier League,2024/25,Tottenham,Cristian Romero,ARG,DF,26,1998,15.7,3,0,0,14,12,2,3,15,29,,,0,2024,misc,Tottenham Hotspur
ENG-Premier League,2024/25,Tottenham,Dane Scarlett,ENG,FW,20,2004,0.4,0,0,0,0,1,1,0,0,0,,,0,2024,misc,Tottenham Hotspur
ENG-Premier League,2024/25,Tottenham,Dejan Kulusevski,SWE,"MF,FW",24,2000,26.5,3,0,0,48,38,5,84,10,21,,,0,2024,misc,Tottenham Hotspur
ENG-Premier League,2024/25,Tottenham,Destiny Udogie,ITA,DF,21,2002,21.4,2,0,0,28,38,3,19,21,45,,,1,2024,misc,Tottenham Hotspur
ENG-Premier League,2024/25,Tottenham,Djed Spence,ENG,DF,23,2000,19.9,4,1,1,21,23,2,23,21,33,,,1,2024,misc,Tottenham Hotspur
ENG-Premier League,2024/25,Tottenham,Dominic Solanke,ENG,FW,26,1997,24.5,0,0,0,36,36,5,4,1,10,,,1,2024,misc,Tottenham Hotspur
ENG-Premier League,2024/25,Tottenham,Fraser Forster,ENG,GK,36,1988,7.0,0,0,0,0,0,0,0,0,0,,,0,2024,misc,Tottenham Hotspur
ENG-Premier League,2024/25,Tottenham,Guglielmo Vicario,ITA,GK,27,1996,24.0,1,0,0,0,2,0,0,1,0,,,0,2024,misc,Tottenham Hotspur
ENG-Premier League,2024/25,Tottenham,James Maddison,ENG,MF,27,1996,20.1,6,0,0,32,64,4,96,10,19,,,0,2024,misc,Tottenham Hotspur
ENG-Premier League,2024/25,Tottenham,Kevin Danso,AUT,DF,25,1998,9.4,0,0,0,9,13,0,1,6,4,,,0,2024,misc,Tottenham Hotspur
ENG-Premier League,2024/25,Tottenham,Lucas Bergvall,SWE,MF,18,2006,13.5,3,0,0,20,17,0,21,21,18,,,0,2024,misc,Tottenham Hotspur
ENG-Premier League,2024/25,Tottenham,Mathys Tel,FRA,FW,19,2005,10.1,2,0,0,15,16,1,32,2,5,,,0,2024,misc,Tottenham Hotspur
ENG-Premier League,2024/25,Tottenham,Micky van de Ven,NED,DF,23,2001,11.3,4,0,0,10,9,0,0,9,7,,,0,2024,misc,Tottenham Hotspur
ENG-Premier League,2024/25,Tottenham,Mikey Moore,ENG,"MF,FW",16,2007,4.1,0,0,0,3,7,3,16,1,0,,,0,2024,misc,Tottenham Hotspur
ENG-Premier League,2024/25,Tottenham,Pape Matar Sarr,SEN,MF,21,2002,21.3,6,0,0,33,35,2,14,27,36,,,0,2024,misc,Tottenham Hotspur
ENG-Premier League,2024/25,Tottenham,Pedro Porro,ESP,DF,24,1999,29.0,5,0,0,25,33,1,200,31,45,,,0,2024,misc,Tottenham Hotspur
ENG-Premier League,2024/25,Tottenham,Radu Drăgușin,ROU,DF,22,2002,13.9,1,0,0,6,10,0,1,13,6,,,0,2024,misc,Tottenham Hotspur
ENG-Premier League,2024/25,Tottenham,Richarlison,BRA,FW,27,1997,5.6,2,0,0,7,13,3,7,0,3,,,0,2024,misc,Tottenham Hotspur
ENG-Premier League,2024/25,Tottenham,Rodrigo Bentancur,URU,MF,27,1997,18.3,9,0,0,34,10,1,4,38,22,,,0,2024,misc,Tottenham Hotspur
ENG-Premier League,2024/25,Tottenham,Sergio Reguilón,ESP,DF,27,1996,2.2,2,0,0,2,6,0,12,4,3,,,0,2024,misc,Tottenham Hotspur
ENG-Premier League,2024/25,Tottenham,Son Heung-min,KOR,"FW,MF",32,1992,23.4,1,0,0,6,28,12,76,4,9,,,0,2024,misc,Tottenham Hotspur
ENG-Premier League,2024/25,Tottenham,Timo Werner,GER,"FW,MF",28,1996,5.7,0,0,0,3,5,5,27,2,4,,,0,2024,misc,Tottenham Hotspur
ENG-Premier League,2024/25,Tottenham,Will Lankshear,ENG,FW,19,2005,0.1,0,0,0,2,0,0,0,0,0,,,0,2024,misc,Tottenham Hotspur
ENG-Premier League,2024/25,Tottenham,Wilson Odobert,FRA,"FW,MF",19,2004,9.4,0,0,0,2,3,1,25,4,5,,,0,2024,misc,Tottenham Hotspur
ENG-Premier League,2024/25,Tottenham,Yves Bissouma,MLI,MF,27,1996,15.6,7,0,0,29,18,0,2,16,29,,,0,2024,misc,Tottenham Hotspur
ENG-Premier League,2024/25,West Ham,Aaron Cresswell,ENG,DF,34,1989,9.2,3,0,0,4,2,0,37,8,8,,,0,2024,misc,West Ham United
ENG-Premier League,2024/25,West Ham,Aaron Wan-Bissaka,COD,"DF,MF",26,1997,35.0,1,0,0,25,28,5,76,61,49,,,1,2024,misc,West Ham United
ENG-Premier League,2024/25,West Ham,Alphonse Areola,FRA,GK,31,1993,25.1,0,0,0,0,0,0,0,0,2,,,1,2024,misc,West Ham United
ENG-Premier League,2024/25,West Ham,Andy Irving,SCO,MF,24,2000,1.8,2,0,0,6,1,0,2,1,4,,,0,2024,misc,West Ham United
ENG-Premier League,2024/25,West Ham,Carlos Soler,ESP,MF,27,1997,15.7,6,0,0,26,19,0,35,8,11,,,0,2024,misc,West Ham United
ENG-Premier League,2024/25,West Ham,Crysencio Summerville,NED,"MF,FW",22,2001,8.7,2,0,0,9,23,4,21,0,7,,,0,2024,misc,West Ham United
ENG-Premier League,2024/25,West Ham,Danny Ings,ENG,FW,32,1992,3.2,0,0,0,0,2,0,3,1,2,,,0,2024,misc,West Ham United
ENG-Premier League,2024/25,West Ham,Edson Álvarez,MEX,MF,26,1997,19.7,9,1,1,42,18,4,7,18,26,,,0,2024,misc,West Ham United
ENG-Premier League,2024/25,West Ham,Emerson Palmieri,ITA,"DF,MF",29,1994,23.5,5,0,0,25,13,0,62,22,31,,,0,2024,misc,West Ham United
ENG-Premier League,2024/25,West Ham,Evan Ferguson,IRL,FW,19,2004,1.7,0,0,0,1,2,0,0,1,1,,,0,2024,misc,West Ham United
ENG-Premier League,2024/25,West Ham,Guido Rodríguez,ARG,MF,30,1994,12.8,6,0,0,18,12,2,5,13,21,,,0,2024,misc,West Ham United
ENG-Premier League,2024/25,West Ham,James Ward-Prowse,ENG,MF,29,1994,11.5,2,0,0,10,4,0,48,8,14,,,0,2024,misc,West Ham United
ENG-Premier League,2024/25,West Ham,Jarrod Bowen,ENG,"MF,FW",27,1996,33.0,1,0,0,20,51,10,106,16,25,,,0,2024,misc,West Ham United
ENG-Premier League,2024/25,West Ham,Jean-Clair Todibo,FRA,DF,24,1999,20.3,3,0,0,16,6,0,3,23,26,,,0,2024,misc,West Ham United
ENG-Premier League,2024/25,West Ham,Kaelan Casey,ENG,DF,19,2004,0.0,0,0,0,0,0,0,0,0,0,,,0,2024,misc,West Ham United
ENG-Premier League,2024/25,West Ham,Konstantinos Mavropanos,GRE,DF,26,1997,22.7,6,1,1,17,16,3,2,39,23,,,0,2024,misc,West Ham United
ENG-Premier League,2024/25,West Ham,Lewis Orford,ENG,MF,18,2006,0.5,0,0,0,0,0,0,1,1,0,,,0,2024,misc,West Ham United
ENG-Premier League,2024/25,West Ham,Lucas Paquetá,BRA,"MF,FW",26,1997,26.4,10,0,0,53,62,5,29,17,36,,,0,2024,misc,West Ham United
ENG-Premier League,2024/25,West Ham,Luis Guilherme,BRA,MF,18,2006,1.7,0,0,0,0,4,0,8,3,0,,,0,2024,misc,West Ham United
ENG-Premier League,2024/25,West Ham,Max Kilman,ENG,DF,27,1997,37.2,5,0,0,23,13,2,4,36,26,,,0,2024,misc,West Ham United
ENG-Premier League,2024/25,West Ham,Michail Antonio,JAM,FW,34,1990,9.3,1,0,0,12,7,4,25,0,2,,,0,2024,misc,West Ham United
ENG-Premier League,2024/25,West Ham,Mohammed Kudus,GHA,"MF,FW",23,2000,28.8,2,1,0,39,64,18,81,4,23,,,0,2024,misc,West Ham United
ENG-Premier League,2024/25,West Ham,Niclas Füllkrug,GER,FW,31,1993,8.8,2,0,0,21,6,10,1,1,2,,,0,2024,misc,West Ham United
ENG-Premier League,2024/25,West Ham,Oliver Scarles,ENG,"MF,DF",18,2005,7.4,1,0,0,5,2,1,15,11,9,,,0,2024,misc,West Ham United
ENG-Premier League,2024/25,West Ham,Tomáš Souček,CZE,MF,29,1995,28.5,8,0,0,47,25,4,13,20,22,,,0,2024,misc,West Ham United
ENG-Premier League,2024/25,West Ham,Vladimír Coufal,CZE,"DF,MF",31,1992,11.9,5,0,0,22,16,0,28,8,16,,,1,2024,misc,West Ham United
ENG-Premier League,2024/25,West Ham,Łukasz Fabiański,POL,GK,39,1985,12.9,2,0,0,2,1,0,0,0,0,,,0,2024,misc,West Ham United
ENG-Premier League,2024/25,Wolves,Alfie Pond,ENG,DF,20,2004,0.0,0,0,0,0,0,0,0,0,0,,,0,2024,misc,Wolverhampton Wanderers
ENG-Premier League,2024/25,Wolves,André,BRA,MF,23,2001,27.5,7,0,0,36,34,0,0,37,55,,,0,2024,misc,Wolverhampton Wanderers
ENG-Premier League,2024/25,Wolves,Boubacar Traoré,MLI,MF,22,2001,0.0,0,0,0,0,0,0,0,0,0,,,0,2024,misc,Wolverhampton Wanderers
ENG-Premier League,2024/25,Wolves,Carlos Forbs,POR,MF,20,2004,2.7,2,0,0,2,1,0,8,1,4,,,0,2024,misc,Wolverhampton Wanderers
ENG-Premier League,2024/25,Wolves,Chiquinho,POR,"FW,MF",24,2000,0.1,0,0,0,1,0,0,1,0,0,,,0,2024,misc,Wolverhampton Wanderers
ENG-Premier League,2024/25,Wolves,Craig Dawson,ENG,DF,34,1990,10.8,2,0,0,6,5,2,0,10,4,,,2,2024,misc,Wolverhampton Wanderers
ENG-Premier League,2024/25,Wolves,Daniel Bentley,ENG,GK,31,1993,2.0,0,0,0,0,0,0,0,0,0,,,0,2024,misc,Wolverhampton Wanderers
ENG-Premier League,2024/25,Wolves,Daniel Podence,POR,"FW,MF",28,1995,0.5,0,0,0,0,2,0,1,0,0,,,0,2024,misc,Wolverhampton Wanderers
ENG-Premier League,2024/25,Wolves,Emmanuel Agbadou,CIV,DF,27,1997,15.7,3,0,0,8,4,1,2,12,19,,,0,2024,misc,Wolverhampton Wanderers
ENG-Premier League,2024/25,Wolves,Gonçalo Guedes,POR,"MF,FW",27,1996,11.1,1,0,0,14,17,3,22,3,6,,,0,2024,misc,Wolverhampton Wanderers
ENG-Premier League,2024/25,Wolves,Hwang Hee-chan,KOR,"MF,FW",28,1996,7.3,0,0,0,6,9,0,7,3,4,,,0,2024,misc,Wolverhampton Wanderers
ENG-Premier League,2024/25,Wolves,Jean-Ricner Bellegarde,HAI,MF,26,1998,18.6,3,0,0,31,46,1,42,8,23,,,0,2024,misc,Wolverhampton Wanderers
ENG-Premier League,2024/25,Wolves,José Sá,POR,GK,31,1993,29.0,2,0,0,4,9,0,0,0,2,,,0,2024,misc,Wolverhampton Wanderers
ENG-Premier League,2024/25,Wolves,João Gomes,BRA,MF,23,2001,33.0,11,1,1,70,46,1,29,25,78,,,0,2024,misc,Wolverhampton Wanderers
ENG-Premier League,2024/25,Wolves,Jørgen Strand Larsen,NOR,FW,24,2000,28.7,4,0,0,46,19,16,6,5,7,,,0,2024,misc,Wolverhampton Wanderers
ENG-Premier League,2024/25,Wolves,Mario Lemina,GAB,"MF,DF",30,1993,15.2,4,0,0,17,8,4,10,26,33,,,0,2024,misc,Wolverhampton Wanderers
ENG-Premier League,2024/25,Wolves,Marshall Munetsi,ZIM,"MF,FW",28,1996,12.0,0,0,0,18,10,3,10,6,11,,,0,2024,misc,Wolverhampton Wanderers
ENG-Premier League,2024/25,Wolves,Mateus Mane,POR,MF,16,2007,0.0,0,0,0,0,0,0,0,0,0,,,0,2024,misc,Wolverhampton Wanderers
ENG-Premier League,2024/25,Wolves,Matheus Cunha,BRA,MF,25,1999,28.9,4,0,0,43,71,8,143,14,23,,,0,2024,misc,Wolverhampton Wanderers
ENG-Premier League,2024/25,Wolves,Matt Doherty,IRL,"DF,MF",32,1992,23.4,6,0,0,18,11,2,22,22,21,,,1,2024,misc,Wolverhampton Wanderers
ENG-Premier League,2024/25,Wolves,Nasser Djiga,BFA,DF,21,2002,0.7,0,0,0,0,1,0,0,2,0,,,0,2024,misc,Wolverhampton Wanderers
ENG-Premier League,2024/25,Wolves,Nélson Semedo,POR,"MF,DF",30,1993,32.1,8,0,0,48,30,4,63,23,38,,,0,2024,misc,Wolverhampton Wanderers
ENG-Premier League,2024/25,Wolves,Pablo Sarabia,ESP,MF,32,1992,9.0,3,0,0,16,15,5,45,4,9,,,0,2024,misc,Wolverhampton Wanderers
ENG-Premier League,2024/25,Wolves,Pedro Lima,BRA,MF,18,2006,0.8,0,0,0,1,1,1,5,2,0,,,0,2024,misc,Wolverhampton Wanderers
ENG-Premier League,2024/25,Wolves,Rayan Aït-Nouri,ALG,"MF,DF",23,2001,34.5,7,1,1,30,46,6,94,24,55,,,0,2024,misc,Wolverhampton Wanderers
ENG-Premier League,2024/25,Wolves,Rodrigo Gomes,POR,MF,21,2003,9.0,0,0,0,4,6,0,23,6,14,,,0,2024,misc,Wolverhampton Wanderers
ENG-Premier League,2024/25,Wolves,Sam Johnstone,ENG,GK,31,1993,7.0,0,0,0,0,0,0,0,0,0,,,0,2024,misc,Wolverhampton Wanderers
ENG-Premier League,2024/25,Wolves,Santiago Bueno,URU,DF,25,1998,18.7,2,0,0,27,5,0,0,13,20,,,0,2024,misc,Wolverhampton Wanderers
ENG-Premier League,2024/25,Wolves,Tom King,WAL,GK,29,1995,0.0,0,0,0,0,0,0,0,0,0,,,0,2024,misc,Wolverhampton Wanderers
ENG-Premier League,2024/25,Wolves,Tommy Doyle,ENG,MF,22,2001,5.4,1,0,0,5,5,0,15,5,7,,,0,2024,misc,Wolverhampton Wanderers
ENG-Premier League,2024/25,Wolves,Toti Gomes,POR,DF,25,1999,29.0,7,0,0,24,15,4,13,26,43,,,0,2024,misc,Wolverhampton Wanderers
ENG-Premier League,2024/25,Wolves,Yerson Mosquera,COL,DF,23,2001,4.9,2,0,0,6,7,1,2,10,6,,,0,2024,misc,Wolverhampton Wanderers
ENG-Premier League,2025/26,Arsenal,Ben White,ENG,DF,27,1997,7.8,0,0,0,5,6,3,16,9,9,,,0,2025,misc,Arsenal
ENG-Premier League,2025/26,Arsenal,Bukayo Saka,ENG,"FW,MF",23,2001,24.7,2,0,0,33,54,14,122,16,19,,,0,2025,misc,Arsenal
ENG-Premier League,2025/26,Arsenal,Christian Nørgaard,DEN,MF,31,1994,1.2,0,0,0,3,0,0,1,1,2,,,0,2025,misc,Arsenal
ENG-Premier League,2025/26,Arsenal,Cristhian Mosquera,ESP,DF,21,2004,11.0,4,0,0,17,7,1,3,8,21,,,0,2025,misc,Arsenal
ENG-Premier League,2025/26,Arsenal,David Raya,ESP,GK,29,1995,37.0,1,0,0,0,14,0,1,1,1,,,0,2025,misc,Arsenal
ENG-Premier League,2025/26,Arsenal,Declan Rice,ENG,MF,26,1999,34.4,3,0,0,26,11,1,177,33,33,,,0,2025,misc,Arsenal
ENG-Premier League,2025/26,Arsenal,Eberechi Eze,ENG,"MF,FW",27,1998,20.1,1,0,0,14,38,1,8,11,13,,,0,2025,misc,Arsenal
ENG-Premier League,2025/26,Arsenal,Ethan Nwaneri,ENG,MF,18,2007,1.9,0,0,0,2,0,0,2,0,0,,,0,2025,misc,Arsenal
ENG-Premier League,2025/26,Arsenal,Gabriel Jesus,BRA,FW,28,1997,4.8,3,0,0,9,1,7,0,2,0,,,0,2025,misc,Arsenal
ENG-Premier League,2025/26,Arsenal,Gabriel Magalhães,BRA,DF,27,1997,30.6,4,0,0,21,34,0,6,22,20,,,0,2025,misc,Arsenal
ENG-Premier League,2025/26,Arsenal,Gabriel Martinelli,BRA,"FW,MF",24,2001,12.0,3,0,0,10,14,5,37,1,8,,,0,2025,misc,Arsenal
ENG-Premier League,2025/26,Arsenal,Jurriën Timber,NED,DF,24,2001,27.3,5,0,0,38,29,0,46,24,35,,,0,2025,misc,Arsenal
ENG-Premier League,2025/26,Arsenal,Kai Havertz,GER,"FW,MF",26,1999,6.5,1,0,0,8,8,3,6,1,5,,,0,2025,misc,Arsenal
ENG-Premier League,2025/26,Arsenal,Kepa Arrizabalaga,ESP,GK,30,1994,1.0,0,0,0,0,0,0,0,0,0,,,0,2025,misc,Arsenal
ENG-Premier League,2025/26,Arsenal,Leandro Trossard,BEL,"FW,MF",30,1994,22.2,2,0,0,13,39,5,58,9,15,,,0,2025,misc,Arsenal
ENG-Premier League,2025/26,Arsenal,Martin Ødegaard,NOR,MF,26,1998,15.2,0,0,0,9,9,2,22,7,9,,,0,2025,misc,Arsenal
ENG-Premier League,2025/26,Arsenal,Martín Zubimendi,ESP,MF,26,1999,33.2,4,0,0,33,15,1,13,39,39,,,0,2025,misc,Arsenal
ENG-Premier League,2025/26,Arsenal,Max Dowman,ENG,MF,15,2009,1.7,0,0,0,2,7,0,6,1,2,,,0,2025,misc,Arsenal
ENG-Premier League,2025/26,Arsenal,Mikel Merino,ESP,"MF,FW",29,1996,11.5,1,0,0,22,20,3,4,9,13,,,0,2025,misc,Arsenal
ENG-Premier League,2025/26,Arsenal,Myles Lewis-Skelly,ENG,"MF,DF",18,2006,7.9,3,0,0,10,16,1,0,5,5,,,0,2025,misc,Arsenal
ENG-Premier League,2025/26,Arsenal,Noni Madueke,ENG,"FW,MF",23,2002,13.5,0,0,0,15,15,4,80,5,10,,,0,2025,misc,Arsenal
ENG-Premier League,2025/26,Arsenal,Piero Hincapié,ECU,DF,23,2002,19.9,2,0,0,18,14,1,33,26,26,,,1,2025,misc,Arsenal
ENG-Premier League,2025/26,Arsenal,Riccardo Calafiori,ITA,DF,23,2002,18.9,5,0,0,26,10,4,21,13,19,,,0,2025,misc,Arsenal
ENG-Premier League,2025/26,Arsenal,Viktor Gyökeres,SWE,FW,27,1998,24.7,5,0,0,35,31,4,8,1,5,,,0,2025,misc,Arsenal
ENG-Premier League,2025/26,Arsenal,William Saliba,FRA,DF,24,2001,29.0,2,0,0,22,16,1,9,15,23,,,0,2025,misc,Arsenal
ENG-Premier League,2025/26,Aston Villa,Alysson,BRA,MF,19,2006,0.5,0,0,0,0,1,0,2,1,0,,,0,2025,misc,Aston Villa
ENG-Premier League,2025/26,Aston Villa,Amadou Onana,BEL,MF,23,2001,19.5,3,0,0,20,25,0,0,19,30,,,0,2025,misc,Aston Villa
ENG-Premier League,2025/26,Aston Villa,Andrés García,ESP,DF,22,2003,1.0,0,0,0,1,0,0,4,0,4,,,0,2025,misc,Aston Villa
ENG-Premier League,2025/26,Aston Villa,Boubacar Kamara,FRA,MF,25,1999,15.7,5,0,0,16,30,0,2,15,16,,,0,2025,misc,Aston Villa
ENG-Premier League,2025/26,Aston Villa,Bradley Burrowes,ENG,MF,17,2008,0.2,0,0,0,0,1,0,3,0,0,,,0,2025,misc,Aston Villa
ENG-Premier League,2025/26,Aston Villa,Donyell Malen,NED,"FW,MF",26,1999,7.3,0,0,0,2,6,1,7,0,2,,,0,2025,misc,Aston Villa
ENG-Premier League,2025/26,Aston Villa,Douglas Luiz,BRA,MF,27,1998,6.7,1,0,0,9,10,0,28,7,11,,,0,2025,misc,Aston Villa
ENG-Premier League,2025/26,Aston Villa,Emi Buendía,ARG,MF,28,1996,19.5,6,0,0,41,45,1,10,13,27,,,0,2025,misc,Aston Villa
ENG-Premier League,2025/26,Aston Villa,Emiliano Martínez,ARG,GK,32,1992,31.5,2,0,0,0,17,0,0,0,0,,,0,2025,misc,Aston Villa
ENG-Premier League,2025/26,Aston Villa,Evann Guessand,CIV,MF,24,2001,6.5,0,0,0,11,12,0,10,3,9,,,0,2025,misc,Aston Villa
ENG-Premier League,2025/26,Aston Villa,Ezri Konsa,ENG,DF,27,1997,33.7,0,1,0,11,42,0,5,22,8,,,0,2025,misc,Aston Villa
ENG-Premier League,2025/26,Aston Villa,George Hemmings,ENG,MF,18,2007,0.3,0,0,0,1,0,0,0,0,0,,,0,2025,misc,Aston Villa
ENG-Premier League,2025/26,Aston Villa,Harvey Elliott,ENG,MF,22,2003,1.2,0,0,0,0,2,0,3,0,0,,,0,2025,misc,Aston Villa
ENG-Premier League,2025/26,Aston Villa,Ian Maatsen,NED,DF,23,2002,17.8,2,0,0,17,19,1,54,18,31,,,0,2025,misc,Aston Villa
ENG-Premier League,2025/26,Aston Villa,Jadon Sancho,ENG,MF,25,2000,9.7,0,0,0,3,2,3,23,2,2,,,0,2025,misc,Aston Villa
ENG-Premier League,2025/26,Aston Villa,Jamaldeen Jimoh,ENG,MF,18,2006,0.1,0,0,0,0,1,0,0,0,0,,,0,2025,misc,Aston Villa
ENG-Premier League,2025/26,Aston Villa,John McGinn,SCO,MF,30,1994,23.7,5,0,0,31,48,0,82,12,17,,,0,2025,misc,Aston Villa
ENG-Premier League,2025/26,Aston Villa,Lamare Bogarde,NED,"MF,DF",21,2004,11.7,5,0,0,17,20,0,2,4,19,,,0,2025,misc,Aston Villa
ENG-Premier League,2025/26,Aston Villa,Leon Bailey,JAM,MF,27,1997,5.1,1,0,0,6,5,1,19,4,6,,,0,2025,misc,Aston Villa
ENG-Premier League,2025/26,Aston Villa,Lucas Digne,FRA,DF,32,1993,20.6,3,0,0,14,12,3,108,13,26,,,0,2025,misc,Aston Villa
ENG-Premier League,2025/26,Aston Villa,Marco Bizot,NED,GK,34,1991,6.5,2,0,0,1,1,0,0,0,0,,,0,2025,misc,Aston Villa
ENG-Premier League,2025/26,Aston Villa,Matty Cash,POL,DF,27,1997,33.5,9,0,0,42,30,4,131,24,32,,,0,2025,misc,Aston Villa
ENG-Premier League,2025/26,Aston Villa,Morgan Rogers,ENG,MF,23,2002,36.4,7,0,0,46,49,3,51,13,23,,,0,2025,misc,Aston Villa
ENG-Premier League,2025/26,Aston Villa,Ollie Watkins,ENG,FW,29,1995,31.5,4,0,0,35,32,25,7,5,14,,,0,2025,misc,Aston Villa
ENG-Premier League,2025/26,Aston Villa,Pau Torres,ESP,DF,28,1997,18.6,1,0,0,7,5,0,4,11,14,,,1,2025,misc,Aston Villa
ENG-Premier League,2025/26,Aston Villa,Ross Barkley,ENG,MF,31,1993,9.5,1,0,0,9,8,0,0,2,11,,,0,2025,misc,Aston Villa
ENG-Premier League,2025/26,Aston Villa,Tammy Abraham,ENG,FW,27,1997,3.2,0,0,0,2,0,0,1,0,1,,,0,2025,misc,Aston Villa
ENG-Premier League,2025/26,Aston Villa,Tyrone Mings,ENG,DF,32,1993,14.7,1,0,0,10,8,0,4,11,2,,,0,2025,misc,Aston Villa
ENG-Premier League,2025/26,Aston Villa,Victor Lindelöf,SWE,"DF,MF",31,1994,10.5,0,0,0,2,0,0,0,8,3,,,0,2025,misc,Aston Villa
ENG-Premier League,2025/26,Aston Villa,Youri Tielemans,BEL,MF,28,1997,20.7,0,0,0,25,40,1,45,16,39,,,0,2025,misc,Aston Villa
ENG-Premier League,2025/26,Bournemouth,Adam Smith,ENG,DF,34,1991,12.0,3,0,0,19,11,0,13,10,12,,,0,2025,misc,AFC Bournemouth
ENG-Premier League,2025/26,Bournemouth,Adrien Truffert,FRA,DF,23,2001,37.5,5,0,0,39,32,0,142,43,51,,,0,2025,misc,AFC Bournemouth
ENG-Premier League,2025/26,Bournemouth,Alex Scott,ENG,MF,21,2003,31.7,5,0,0,45,60,1,88,35,38,,,0,2025,misc,AFC Bournemouth
ENG-Premier League,2025/26,Bournemouth,Alex Tóth,HUN,MF,19,2005,1.6,1,0,0,1,2,0,3,3,0,,,0,2025,misc,AFC Bournemouth
ENG-Premier League,2025/26,Bournemouth,Amine Adli,MAR,MF,25,2000,12.2,2,0,0,29,23,5,39,6,17,,,0,2025,misc,AFC Bournemouth
ENG-Premier League,2025/26,Bournemouth,Antoine Semenyo,GHA,MF,25,2000,20.0,6,0,0,37,14,12,28,6,20,,,0,2025,misc,AFC Bournemouth
ENG-Premier League,2025/26,Bournemouth,Bafodé Diakité,FRA,DF,24,2001,14.2,1,0,0,8,4,2,1,10,15,,,0,2025,misc,AFC Bournemouth
ENG-Premier League,2025/26,Bournemouth,Ben Gannon-Doak,SCO,MF,19,2005,1.3,0,0,0,3,1,0,4,1,2,,,0,2025,misc,AFC Bournemouth
ENG-Premier League,2025/26,Bournemouth,Ben Winterburn,ENG,MF,20,2004,0.1,0,0,0,0,0,0,0,0,0,,,0,2025,misc,AFC Bournemouth
ENG-Premier League,2025/26,Bournemouth,David Brooks,WAL,MF,28,1997,13.4,7,0,0,11,13,2,59,4,13,,,0,2025,misc,AFC Bournemouth
ENG-Premier League,2025/26,Bournemouth,Eli Junior Kroupi,FRA,"MF,FW",19,2006,18.6,5,0,0,27,12,6,10,9,6,,,0,2025,misc,AFC Bournemouth
ENG-Premier League,2025/26,Bournemouth,Enes Ünal,TUR,FW,28,1997,2.6,1,0,0,6,10,3,2,0,1,,,0,2025,misc,AFC Bournemouth
ENG-Premier League,2025/26,Bournemouth,Evanilson,BRA,FW,25,1999,30.5,2,0,0,26,37,28,3,6,5,,,0,2025,misc,AFC Bournemouth
ENG-Premier League,2025/26,Bournemouth,Hamed Junior Traorè,CIV,MF,25,2000,0.2,0,0,0,0,0,0,1,0,0,,,0,2025,misc,AFC Bournemouth
ENG-Premier League,2025/26,Bournemouth,James Hill,ENG,DF,23,2002,23.4,5,0,0,17,13,2,11,37,20,,,2,2025,misc,AFC Bournemouth
ENG-Premier League,2025/26,Bournemouth,Julio Soler,ARG,DF,20,2005,0.4,0,0,0,2,2,0,2,0,0,,,0,2025,misc,AFC Bournemouth
ENG-Premier League,2025/26,Bournemouth,Justin Kluivert,NED,MF,26,1999,10.6,5,0,0,18,10,1,40,4,7,,,0,2025,misc,AFC Bournemouth
ENG-Premier League,2025/26,Bournemouth,Lewis Cook,ENG,"MF,DF",28,1997,9.7,1,1,0,8,5,0,44,21,17,,,0,2025,misc,AFC Bournemouth
ENG-Premier League,2025/26,Bournemouth,Marcos Senesi,ARG,DF,28,1997,36.5,8,0,0,35,37,1,28,50,34,,,0,2025,misc,AFC Bournemouth
ENG-Premier League,2025/26,Bournemouth,Marcus Tavernier,ENG,MF,26,1999,30.3,6,0,0,31,35,4,114,16,21,,,0,2025,misc,AFC Bournemouth
ENG-Premier League,2025/26,Bournemouth,Rayan,BRA,MF,18,2006,12.3,1,0,0,9,6,1,24,8,6,,,0,2025,misc,AFC Bournemouth
ENG-Premier League,2025/26,Bournemouth,Ryan Christie,SCO,MF,30,1995,11.0,3,1,0,16,22,1,17,11,20,,,0,2025,misc,AFC Bournemouth
ENG-Premier League,2025/26,Bournemouth,Tyler Adams,USA,MF,26,1999,19.7,8,0,0,36,13,1,3,30,24,,,0,2025,misc,AFC Bournemouth
ENG-Premier League,2025/26,Bournemouth,Veljko Milosavljević,SRB,DF,18,2007,4.1,0,0,0,0,0,0,0,4,4,,,0,2025,misc,AFC Bournemouth
ENG-Premier League,2025/26,Bournemouth,Álex Jiménez,ESP,"DF,MF",20,2005,25.7,10,0,0,35,20,0,51,27,45,,,0,2025,misc,AFC Bournemouth
ENG-Premier League,2025/26,Bournemouth,Đorđe Petrović,SRB,GK,25,1999,38.0,3,0,0,0,2,0,0,0,0,,,1,2025,misc,AFC Bournemouth
ENG-Premier League,2025/26,Brentford,Aaron Hickey,SCO,"DF,MF",23,2002,7.7,1,0,0,7,9,0,4,8,7,,,0,2025,misc,Brentford
ENG-Premier League,2025/26,Brentford,Antoni Milambo,NED,MF,20,2005,0.5,0,0,0,0,0,0,0,0,1,,,0,2025,misc,Brentford
ENG-Premier League,2025/26,Brentford,Caoimhín Kelleher,IRL,GK,26,1998,37.0,1,0,0,3,6,0,0,1,0,,,0,2025,misc,Brentford
ENG-Premier League,2025/26,Brentford,Dango Ouattara,BFA,MF,23,2002,25.3,5,0,0,27,39,8,107,24,14,,,0,2025,misc,Brentford
ENG-Premier League,2025/26,Brentford,Ethan Pinnock,JAM,DF,32,1993,3.5,1,0,0,0,2,0,0,5,5,,,1,2025,misc,Brentford
ENG-Premier League,2025/26,Brentford,Fabio Carvalho,POR,MF,22,2002,1.1,0,0,0,0,0,0,5,0,2,,,0,2025,misc,Brentford
ENG-Premier League,2025/26,Brentford,Frank Onyeka,NGA,MF,27,1998,1.0,0,0,0,3,3,0,0,0,0,,,0,2025,misc,Brentford
ENG-Premier League,2025/26,Brentford,Hákon Valdimarsson,ISL,GK,23,2001,1.0,0,0,0,0,0,0,0,0,0,,,0,2025,misc,Brentford
ENG-Premier League,2025/26,Brentford,Igor Thiago,BRA,FW,24,2001,36.5,7,0,0,74,26,24,19,12,21,,,0,2025,misc,Brentford
ENG-Premier League,2025/26,Brentford,Jordan Henderson,ENG,MF,35,1990,21.3,6,0,0,13,7,1,48,16,14,,,0,2025,misc,Brentford
ENG-Premier League,2025/26,Brentford,Josh Dasilva,ENG,MF,26,1998,0.0,0,0,0,0,0,0,0,0,0,,,0,2025,misc,Brentford
ENG-Premier League,2025/26,Brentford,Kaye Furo,BEL,FW,18,2007,0.0,0,0,0,1,0,0,0,0,0,,,0,2025,misc,Brentford
ENG-Premier League,2025/26,Brentford,Keane Lewis-Potter,ENG,"DF,MF",24,2001,21.9,1,0,0,15,36,3,69,10,14,,,0,2025,misc,Brentford
ENG-Premier League,2025/26,Brentford,Kevin Schade,GER,"MF,FW",23,2001,30.5,6,1,0,50,43,10,23,19,27,,,0,2025,misc,Brentford
ENG-Premier League,2025/26,Brentford,Kristoffer Ajer,NOR,DF,27,1998,20.1,4,0,0,23,5,0,7,15,23,,,0,2025,misc,Brentford
ENG-Premier League,2025/26,Brentford,Mathias Jensen,DEN,MF,29,1996,25.0,3,0,0,20,15,2,124,21,23,,,0,2025,misc,Brentford
ENG-Premier League,2025/26,Brentford,Michael Kayode,ITA,DF,21,2004,36.2,8,0,0,26,50,1,56,39,47,,,1,2025,misc,Brentford
ENG-Premier League,2025/26,Brentford,Mikkel Damsgaard,DEN,MF,25,2000,22.8,0,0,0,18,23,4,95,24,34,,,0,2025,misc,Brentford
ENG-Premier League,2025/26,Brentford,Myles Peart-Harris,ENG,MF,22,2002,0.0,0,0,0,1,0,0,0,0,0,,,0,2025,misc,Brentford
ENG-Premier League,2025/26,Brentford,Nathan Collins,IRL,DF,24,2001,33.1,7,0,0,20,17,2,1,36,13,,,1,2025,misc,Brentford
ENG-Premier League,2025/26,Brentford,Reiss Nelson,ENG,"FW,MF",25,1999,1.4,0,0,0,0,2,0,2,0,3,,,0,2025,misc,Brentford
ENG-Premier League,2025/26,Brentford,Rico Henry,JAM,DF,28,1997,14.8,2,0,0,15,17,2,26,7,11,,,0,2025,misc,Brentford
ENG-Premier League,2025/26,Brentford,Romelle Donovan,ENG,FW,18,2006,0.5,0,0,0,2,3,0,2,0,0,,,0,2025,misc,Brentford
ENG-Premier League,2025/26,Brentford,Sepp van den Berg,NED,DF,23,2001,30.7,2,0,0,15,11,0,0,26,9,,,0,2025,misc,Brentford
ENG-Premier League,2025/26,Brentford,Vitaly Janelt,GER,MF,27,1998,16.0,8,0,0,20,13,0,61,27,17,,,0,2025,misc,Brentford
ENG-Premier League,2025/26,Brentford,Yehor Yarmoliuk,UKR,MF,21,2004,29.5,7,0,0,37,12,1,30,28,46,,,0,2025,misc,Brentford
ENG-Premier League,2025/26,Brighton,Bart Verbruggen,NED,GK,22,2002,38.0,3,0,0,2,2,0,0,0,1,,,1,2025,misc,Brighton & Hove Albion
ENG-Premier League,2025/26,Brighton,Brajan Gruda,GER,MF,21,2004,8.0,2,0,0,11,14,2,14,2,5,,,0,2025,misc,Brighton & Hove Albion
ENG-Premier League,2025/26,Brighton,Carlos Baleba,CMR,MF,21,2004,18.4,5,0,0,31,24,0,0,28,21,,,0,2025,misc,Brighton & Hove Albion
ENG-Premier League,2025/26,Brighton,Charalampos Kostoulas,GRE,FW,18,2007,4.1,2,0,0,7,7,4,6,1,6,,,0,2025,misc,Brighton & Hove Albion
ENG-Premier League,2025/26,Brighton,Danny Welbeck,ENG,FW,34,1990,25.1,5,0,0,31,10,5,3,8,14,,,0,2025,misc,Brighton & Hove Albion
ENG-Premier League,2025/26,Brighton,Diego Coppola,ITA,DF,21,2003,2.2,2,0,0,4,0,0,0,1,2,,,0,2025,misc,Brighton & Hove Albion
ENG-Premier League,2025/26,Brighton,Diego Gómez,PAR,"MF,FW",22,2003,23.6,9,0,0,49,11,1,23,19,49,,,0,2025,misc,Brighton & Hove Albion
ENG-Premier League,2025/26,Brighton,Ferdi Kadioglu,TUR,"DF,MF",25,1999,34.8,6,0,0,22,36,7,109,25,39,,,0,2025,misc,Brighton & Hove Albion
ENG-Premier League,2025/26,Brighton,Georginio Rutter,FRA,"MF,FW",23,2002,19.8,2,0,0,30,34,11,20,11,19,,,1,2025,misc,Brighton & Hove Albion
ENG-Premier League,2025/26,Brighton,Harry Howell,ENG,MF,17,2008,1.0,0,0,0,0,0,1,4,0,0,,,0,2025,misc,Brighton & Hove Albion
ENG-Premier League,2025/26,Brighton,Jack Hinshelwood,ENG,MF,20,2005,19.3,0,0,0,32,12,2,7,6,13,,,1,2025,misc,Brighton & Hove Albion
ENG-Premier League,2025/26,Brighton,James Milner,ENG,MF,39,1986,8.7,2,0,0,15,3,1,14,5,9,,,0,2025,misc,Brighton & Hove Albion
ENG-Premier League,2025/26,Brighton,Jan Paul van Hecke,NED,DF,25,2000,35.7,9,0,0,27,43,4,23,45,31,,,1,2025,misc,Brighton & Hove Albion
ENG-Premier League,2025/26,Brighton,Joe Knight,ENG,MF,19,2005,0.0,0,0,0,0,0,0,0,0,0,,,0,2025,misc,Brighton & Hove Albion
ENG-Premier League,2025/26,Brighton,Joël Veltman,NED,DF,33,1992,11.8,5,0,0,10,22,2,18,19,17,,,0,2025,misc,Brighton & Hove Albion
ENG-Premier League,2025/26,Brighton,Kaoru Mitoma,JPN,"MF,FW",28,1997,19.1,5,0,0,31,21,4,46,8,12,,,0,2025,misc,Brighton & Hove Albion
ENG-Premier League,2025/26,Brighton,Lewis Dunk,ENG,DF,33,1991,31.5,10,0,0,14,12,1,5,30,22,,,0,2025,misc,Brighton & Hove Albion
ENG-Premier League,2025/26,Brighton,Mats Wieffer,NED,DF,25,1999,21.1,8,0,0,30,22,2,17,24,43,,,0,2025,misc,Brighton & Hove Albion
ENG-Premier League,2025/26,Brighton,Matt O'Riley,DEN,MF,24,2000,2.3,0,0,0,2,1,1,6,0,2,,,0,2025,misc,Brighton & Hove Albion
ENG-Premier League,2025/26,Brighton,Maxim De Cuyper,BEL,"DF,MF",24,2000,15.7,2,0,0,18,21,1,77,11,10,,,0,2025,misc,Brighton & Hove Albion
ENG-Premier League,2025/26,Brighton,Nehemiah Oriola,ENG,MF,18,2007,0.0,0,0,0,0,0,0,0,0,0,,,0,2025,misc,Brighton & Hove Albion
ENG-Premier League,2025/26,Brighton,Olivier Boscagli,FRA,DF,27,1997,8.9,2,0,0,7,10,0,15,16,11,,,0,2025,misc,Brighton & Hove Albion
ENG-Premier League,2025/26,Brighton,Pascal Groß,GER,MF,34,1991,18.2,2,0,0,17,12,4,119,11,17,,,0,2025,misc,Brighton & Hove Albion
ENG-Premier League,2025/26,Brighton,Solly March,ENG,MF,31,1994,0.5,0,0,0,0,1,0,4,0,2,,,0,2025,misc,Brighton & Hove Albion
ENG-Premier League,2025/26,Brighton,Stefanos Tzimas,GRE,FW,19,2006,1.5,0,0,0,4,1,1,1,0,1,,,0,2025,misc,Brighton & Hove Albion
ENG-Premier League,2025/26,Brighton,Tom Watson,ENG,MF,19,2006,0.7,1,0,0,3,0,0,0,0,1,,,0,2025,misc,Brighton & Hove Albion
ENG-Premier League,2025/26,Brighton,Yankuba Minteh,GAM,MF,21,2004,26.6,3,0,0,32,22,10,159,15,37,,,0,2025,misc,Brighton & Hove Albion
ENG-Premier League,2025/26,Brighton,Yasin Ayari,SWE,MF,21,2003,21.4,1,0,0,24,28,0,24,26,25,,,0,2025,misc,Brighton & Hove Albion
ENG-Premier League,2025/26,Burnley,Armando Broja,ALB,FW,23,2001,9.6,0,0,0,14,16,6,3,3,3,,,0,2025,misc,Burnley
ENG-Premier League,2025/26,Burnley,Ashley Barnes,ENG,"FW,MF",35,1989,0.5,2,0,0,2,2,2,0,0,0,,,0,2025,misc,Burnley
ENG-Premier League,2025/26,Burnley,Axel Tuanzebe,COD,DF,27,1997,13.3,1,0,0,13,2,1,1,12,8,,,1,2025,misc,Burnley
ENG-Premier League,2025/26,Burnley,Bashir Humphreys,ENG,"DF,MF",22,2003,17.5,6,0,0,14,10,2,17,11,17,,,0,2025,misc,Burnley
ENG-Premier League,2025/26,Burnley,Florentino Luís,POR,MF,25,1999,23.4,6,0,0,40,8,1,11,40,49,,,0,2025,misc,Burnley
ENG-Premier League,2025/26,Burnley,Hannibal Mejbri,TUN,MF,22,2003,13.7,10,0,0,23,46,3,30,7,17,,,0,2025,misc,Burnley
ENG-Premier League,2025/26,Burnley,Hjalmar Ekdal,SWE,DF,26,1998,17.1,0,0,0,5,7,2,1,12,17,,,0,2025,misc,Burnley
ENG-Premier League,2025/26,Burnley,Jacob Bruun Larsen,DEN,"MF,FW",26,1998,11.4,0,0,0,1,0,4,42,6,3,,,0,2025,misc,Burnley
ENG-Premier League,2025/26,Burnley,Jaidon Anthony,ENG,MF,25,1999,30.2,4,0,0,27,47,9,80,16,21,,,0,2025,misc,Burnley
ENG-Premier League,2025/26,Burnley,James Ward-Prowse,ENG,MF,30,1994,7.6,1,0,0,4,11,0,52,15,4,,,0,2025,misc,Burnley
ENG-Premier League,2025/26,Burnley,Jaydon Amauri Banel,NED,"FW,MF",20,2004,0.1,0,0,0,0,1,0,0,0,0,,,0,2025,misc,Burnley
ENG-Premier League,2025/26,Burnley,Joe Worrall,ENG,DF,28,1997,5.6,0,0,0,4,1,0,0,6,2,,,0,2025,misc,Burnley
ENG-Premier League,2025/26,Burnley,Josh Cullen,IRL,MF,29,1996,16.8,2,0,0,16,18,0,12,24,19,,,1,2025,misc,Burnley
ENG-Premier League,2025/26,Burnley,Josh Laurent,ENG,"DF,MF",30,1995,19.6,7,1,0,31,11,2,14,28,25,,,0,2025,misc,Burnley
ENG-Premier League,2025/26,Burnley,Kyle Walker,ENG,"DF,MF",35,1990,34.4,9,0,0,32,22,1,37,43,32,,,0,2025,misc,Burnley
ENG-Premier League,2025/26,Burnley,Lesley Ugochukwu,FRA,MF,21,2004,26.0,3,1,1,28,30,1,7,17,26,,,0,2025,misc,Burnley
ENG-Premier League,2025/26,Burnley,Loum Tchaouna,FRA,"MF,FW",21,2003,14.1,2,0,0,12,16,1,34,2,9,,,0,2025,misc,Burnley
ENG-Premier League,2025/26,Burnley,Lucas,BRA,"MF,DF",24,2001,15.7,1,1,0,15,4,5,56,19,22,,,0,2025,misc,Burnley
ENG-Premier League,2025/26,Burnley,Lyle Foster,RSA,"FW,MF",24,2000,15.2,4,0,0,22,13,11,6,4,12,,,0,2025,misc,Burnley
ENG-Premier League,2025/26,Burnley,Marcus Edwards,ENG,"MF,FW",26,1998,11.9,0,0,0,7,18,1,19,3,6,,,0,2025,misc,Burnley
ENG-Premier League,2025/26,Burnley,Martin Dúbravka,SVK,GK,36,1989,35.0,1,0,0,0,8,0,0,0,1,,,0,2025,misc,Burnley
ENG-Premier League,2025/26,Burnley,Max Weiß,GER,GK,21,2004,3.0,0,0,0,0,0,0,0,0,0,,,0,2025,misc,Burnley
ENG-Premier League,2025/26,Burnley,Maxime Estève,FRA,DF,23,2002,32.6,1,0,0,13,12,0,6,37,27,,,2,2025,misc,Burnley
ENG-Premier League,2025/26,Burnley,Mike Trésor,BEL,"FW,MF",26,1999,0.5,0,0,0,0,0,0,3,0,1,,,0,2025,misc,Burnley
ENG-Premier League,2025/26,Burnley,Oliver Sonne,PER,DF,24,2000,1.9,0,0,0,4,0,0,5,1,1,,,0,2025,misc,Burnley
ENG-Premier League,2025/26,Burnley,Quilindschy Hartman,NED,DF,23,2001,20.3,1,0,0,13,3,1,74,32,31,,,0,2025,misc,Burnley
ENG-Premier League,2025/26,Burnley,Zeki Amdouni,SUI,"FW,MF",24,2000,0.8,0,0,0,1,1,0,0,0,0,,,0,2025,misc,Burnley
ENG-Premier League,2025/26,Burnley,Zian Flemming,NED,FW,26,1998,19.7,5,0,0,51,26,3,6,6,10,,,0,2025,misc,Burnley
ENG-Premier League,2025/26,Chelsea,Alejandro Garnacho,ARG,MF,21,2004,14.1,2,0,0,9,23,2,61,4,13,,,0,2025,misc,Chelsea
ENG-Premier League,2025/26,Chelsea,Andrey Santos,BRA,MF,21,2004,14.0,4,0,0,13,22,1,2,18,21,,,0,2025,misc,Chelsea
ENG-Premier League,2025/26,Chelsea,Benoît Badiashile,FRA,DF,24,2001,5.2,2,0,0,6,2,0,0,9,5,,,0,2025,misc,Chelsea
ENG-Premier League,2025/26,Chelsea,Cole Palmer,ENG,MF,23,2002,21.7,5,0,0,13,37,2,35,13,12,,,0,2025,misc,Chelsea
ENG-Premier League,2025/26,Chelsea,Dario Essugo,POR,MF,20,2005,0.3,2,0,0,3,1,0,0,0,3,,,0,2025,misc,Chelsea
ENG-Premier League,2025/26,Chelsea,Enzo Fernández,ARG,MF,24,2001,34.6,10,0,0,36,45,1,89,20,24,,,0,2025,misc,Chelsea
ENG-Premier League,2025/26,Chelsea,Estêvão Willian,BRA,MF,18,2007,9.4,4,0,0,12,9,6,16,4,6,,,0,2025,misc,Chelsea
ENG-Premier League,2025/26,Chelsea,Facundo Buonanotte,ARG,MF,20,2004,0.5,0,0,0,0,0,0,0,0,0,,,0,2025,misc,Chelsea
ENG-Premier League,2025/26,Chelsea,Filip Jørgensen,DEN,GK,23,2002,4.2,0,0,0,0,0,0,0,1,0,,,0,2025,misc,Chelsea
ENG-Premier League,2025/26,Chelsea,Jamie Gittens,ENG,MF,20,2004,5.5,0,0,0,6,8,2,13,2,4,,,0,2025,misc,Chelsea
ENG-Premier League,2025/26,Chelsea,Jesse Derry,ENG,MF,18,2007,0.5,0,0,0,0,1,0,2,0,1,,,0,2025,misc,Chelsea
ENG-Premier League,2025/26,Chelsea,Jorrel Hato,NED,DF,19,2006,12.8,7,0,0,15,2,0,7,17,19,,,0,2025,misc,Chelsea
ENG-Premier League,2025/26,Chelsea,Joshua Acheampong,ENG,DF,19,2006,7.4,1,0,0,2,9,2,1,12,8,,,0,2025,misc,Chelsea
ENG-Premier League,2025/26,Chelsea,João Pedro,BRA,"FW,MF",23,2001,29.6,5,0,0,38,55,16,18,6,17,,,0,2025,misc,Chelsea
ENG-Premier League,2025/26,Chelsea,Levi Colwill,ENG,DF,22,2003,2.5,0,0,0,1,2,0,1,5,2,,,0,2025,misc,Chelsea
ENG-Premier League,2025/26,Chelsea,Liam Delap,ENG,FW,22,2003,12.3,4,0,0,25,19,5,6,1,3,,,0,2025,misc,Chelsea
ENG-Premier League,2025/26,Chelsea,Malo Gusto,FRA,"DF,MF",22,2003,25.1,5,1,1,20,20,1,58,30,23,,,1,2025,misc,Chelsea
ENG-Premier League,2025/26,Chelsea,Mamadou Sarr,SEN,DF,19,2005,1.1,0,0,0,0,0,0,0,1,0,,,0,2025,misc,Chelsea
ENG-Premier League,2025/26,Chelsea,Marc Cucurella,ESP,DF,27,1998,30.1,8,1,0,45,29,5,41,28,40,,,0,2025,misc,Chelsea
ENG-Premier League,2025/26,Chelsea,Marc Guiu,ESP,FW,19,2006,2.9,1,0,0,9,2,2,0,0,0,,,0,2025,misc,Chelsea
ENG-Premier League,2025/26,Chelsea,Moisés Caicedo,ECU,MF,23,2001,31.1,11,1,0,54,55,0,8,59,47,,,0,2025,misc,Chelsea
ENG-Premier League,2025/26,Chelsea,Pedro Neto,POR,"MF,FW",25,2000,29.2,4,1,1,17,25,6,184,6,11,,,0,2025,misc,Chelsea
ENG-Premier League,2025/26,Chelsea,Reece James,ENG,"DF,MF",25,1999,21.8,4,0,0,26,22,1,126,32,33,,,0,2025,misc,Chelsea
ENG-Premier League,2025/26,Chelsea,Robert Sánchez,ESP,GK,27,1997,33.8,3,1,0,2,13,0,0,1,0,,,0,2025,misc,Chelsea
ENG-Premier League,2025/26,Chelsea,Roméo Lavia,BEL,MF,21,2004,4.2,0,0,0,8,8,0,1,5,7,,,0,2025,misc,Chelsea
ENG-Premier League,2025/26,Chelsea,Shumaira Mheuka,ENG,FW,17,2007,0.0,0,0,0,0,0,0,0,0,0,,,0,2025,misc,Chelsea
ENG-Premier League,2025/26,Chelsea,Tosin Adarabioyo,ENG,DF,27,1997,8.8,2,0,0,6,0,1,0,9,6,,,0,2025,misc,Chelsea
ENG-Premier League,2025/26,Chelsea,Trevoh Chalobah,ENG,DF,26,1999,30.9,3,1,0,20,18,2,5,37,22,,,0,2025,misc,Chelsea
ENG-Premier League,2025/26,Chelsea,Tyrique George,ENG,FW,19,2006,1.6,2,0,0,6,1,2,1,0,2,,,0,2025,misc,Chelsea
ENG-Premier League,2025/26,Chelsea,Wesley Fofana,FRA,DF,24,2000,19.1,9,2,2,27,17,1,2,38,11,,,0,2025,misc,Chelsea
ENG-Premier League,2025/26,Crystal Palace,Adam Wharton,ENG,MF,21,2004,28.4,6,1,1,35,31,0,86,27,36,,,0,2025,misc,Crystal Palace
ENG-Premier League,2025/26,Crystal Palace,Borna Sosa,CRO,"DF,MF",27,1998,1.1,1,0,0,4,0,0,6,2,0,,,0,2025,misc,Crystal Palace
ENG-Premier League,2025/26,Crystal Palace,Brennan Johnson,WAL,"MF,FW",24,2001,12.4,4,0,0,18,11,6,45,2,7,,,0,2025,misc,Crystal Palace
ENG-Premier League,2025/26,Crystal Palace,Chadi Riad,MAR,DF,22,2003,6.1,2,0,0,5,3,0,6,4,5,,,0,2025,misc,Crystal Palace
ENG-Premier League,2025/26,Crystal Palace,Chris Richards,USA,DF,25,2000,31.4,4,0,0,17,5,0,14,43,35,,,0,2025,misc,Crystal Palace
ENG-Premier League,2025/26,Crystal Palace,Christantus Uche,NGA,FW,22,2003,1.9,0,0,0,4,7,3,6,0,1,,,0,2025,misc,Crystal Palace
ENG-Premier League,2025/26,Crystal Palace,Daichi Kamada,JPN,MF,28,1996,21.1,3,0,0,30,28,1,42,14,35,,,0,2025,misc,Crystal Palace
ENG-Premier League,2025/26,Crystal Palace,Daniel Muñoz,COL,MF,29,1996,26.7,7,0,0,34,18,8,62,24,48,,,0,2025,misc,Crystal Palace
ENG-Premier League,2025/26,Crystal Palace,Dean Henderson,ENG,GK,28,1997,37.0,5,0,0,2,5,0,0,1,0,,,0,2025,misc,Crystal Palace
ENG-Premier League,2025/26,Crystal Palace,Eberechi Eze,ENG,MF,27,1998,0.9,0,0,0,2,1,0,4,0,1,,,0,2025,misc,Crystal Palace
ENG-Premier League,2025/26,Crystal Palace,Eddie Nketiah,ENG,MF,26,1999,4.7,2,0,0,7,7,3,0,2,6,,,0,2025,misc,Crystal Palace
ENG-Premier League,2025/26,Crystal Palace,Evann Guessand,CIV,MF,24,2001,3.7,0,0,0,4,8,1,1,2,2,,,0,2025,misc,Crystal Palace
ENG-Premier League,2025/26,Crystal Palace,Ismaila Sarr,SEN,MF,27,1998,24.2,2,0,0,12,42,14,24,7,9,,,0,2025,misc,Crystal Palace
ENG-Premier League,2025/26,Crystal Palace,Jaydee Canvot,FRA,DF,19,2006,14.8,3,0,0,12,7,0,5,12,22,,,0,2025,misc,Crystal Palace
ENG-Premier League,2025/26,Crystal Palace,Jean-Philippe Mateta,FRA,FW,28,1997,24.6,2,0,0,21,19,18,11,6,4,,,0,2025,misc,Crystal Palace
ENG-Premier League,2025/26,Crystal Palace,Jefferson Lerma,COL,"MF,DF",30,1994,19.3,7,0,0,25,24,0,12,25,18,,,2,2025,misc,Crystal Palace
ENG-Premier League,2025/26,Crystal Palace,Joél Drakes-Thomas,ENG,MF,16,2009,0.1,0,0,0,1,0,0,0,0,1,,,0,2025,misc,Crystal Palace
ENG-Premier League,2025/26,Crystal Palace,Justin Devenny,NIR,"MF,FW",21,2003,8.8,0,0,0,11,10,1,17,1,11,,,0,2025,misc,Crystal Palace
ENG-Premier League,2025/26,Crystal Palace,Jørgen Strand Larsen,NOR,FW,25,2000,10.0,2,0,0,21,10,1,0,1,0,,,0,2025,misc,Crystal Palace
ENG-Premier League,2025/26,Crystal Palace,Kaden Rodney,ENG,"DF,MF",20,2004,0.0,0,0,0,1,0,0,0,0,0,,,0,2025,misc,Crystal Palace
ENG-Premier League,2025/26,Crystal Palace,Marc Guéhi,ENG,DF,25,2000,20.0,4,0,0,14,18,0,10,24,19,,,0,2025,misc,Crystal Palace
ENG-Premier League,2025/26,Crystal Palace,Maxence Lacroix,FRA,DF,25,2000,34.3,4,1,0,34,19,0,5,45,38,,,0,2025,misc,Crystal Palace
ENG-Premier League,2025/26,Crystal Palace,Nathaniel Clyne,ENG,"MF,DF",34,1991,6.6,1,0,0,4,2,0,15,7,9,,,0,2025,misc,Crystal Palace
ENG-Premier League,2025/26,Crystal Palace,Odsonne Édouard,FRA,FW,27,1998,0.0,0,0,0,0,1,0,0,0,1,,,0,2025,misc,Crystal Palace
ENG-Premier League,2025/26,Crystal Palace,Rio Cardines,TRI,MF,19,2006,1.0,0,0,0,0,1,0,3,0,1,,,0,2025,misc,Crystal Palace
ENG-Premier League,2025/26,Crystal Palace,Romain Esse,ENG,MF,20,2005,0.5,0,0,0,2,2,0,2,0,1,,,0,2025,misc,Crystal Palace
ENG-Premier League,2025/26,Crystal Palace,Tyrick Mitchell,ENG,MF,25,1999,36.1,6,0,0,24,28,5,104,33,65,,,0,2025,misc,Crystal Palace
ENG-Premier League,2025/26,Crystal Palace,Walter Benítez,ARG,GK,32,1993,1.0,0,0,0,0,0,0,0,0,0,,,0,2025,misc,Crystal Palace
ENG-Premier League,2025/26,Crystal Palace,Will Hughes,ENG,MF,30,1995,17.5,7,0,0,24,25,0,45,15,16,,,0,2025,misc,Crystal Palace
ENG-Premier League,2025/26,Crystal Palace,Yéremy Pino,ESP,"MF,FW",22,2002,23.1,4,0,0,30,24,10,79,8,20,,,0,2025,misc,Crystal Palace
ENG-Premier League,2025/26,Everton,Beto,GNB,FW,27,1998,17.4,3,0,0,32,12,9,2,1,5,,,0,2025,misc,Everton
ENG-Premier League,2025/26,Everton,Carlos Alcaraz,ARG,MF,22,2002,7.7,4,0,0,10,12,1,6,2,9,,,0,2025,misc,Everton
ENG-Premier League,2025/26,Everton,Dwight McNeil,ENG,MF,25,1999,13.0,1,0,0,11,7,2,40,10,16,,,0,2025,misc,Everton
ENG-Premier League,2025/26,Everton,Harrison Armstrong,ENG,MF,18,2007,5.9,0,0,0,6,15,2,3,4,10,,,0,2025,misc,Everton
ENG-Premier League,2025/26,Everton,Idrissa Gueye,SEN,MF,35,1989,23.3,1,1,0,21,31,0,19,29,21,,,0,2025,misc,Everton
ENG-Premier League,2025/26,Everton,Iliman Ndiaye,SEN,MF,25,2000,30.9,2,0,0,30,37,12,55,17,40,,,0,2025,misc,Everton
ENG-Premier League,2025/26,Everton,Jack Grealish,ENG,MF,29,1995,18.1,5,1,1,13,58,0,39,11,15,,,0,2025,misc,Everton
ENG-Premier League,2025/26,Everton,Jake O'Brien,IRL,DF,24,2001,34.7,6,1,0,23,17,4,49,13,32,,,0,2025,misc,Everton
ENG-Premier League,2025/26,Everton,James Garner,ENG,"MF,DF",24,2001,37.9,12,0,0,39,42,0,205,57,72,,,0,2025,misc,Everton
ENG-Premier League,2025/26,Everton,James Tarkowski,ENG,DF,32,1992,37.0,8,0,0,32,35,2,7,29,30,,,0,2025,misc,Everton
ENG-Premier League,2025/26,Everton,Jarrad Branthwaite,ENG,DF,23,2002,7.6,1,0,0,3,1,1,3,11,6,,,0,2025,misc,Everton
ENG-Premier League,2025/26,Everton,Jordan Pickford,ENG,GK,31,1994,38.0,4,0,0,1,6,0,0,0,1,,,0,2025,misc,Everton
ENG-Premier League,2025/26,Everton,Kiernan Dewsbury-Hall,ENG,MF,26,1998,29.2,6,0,0,32,48,2,112,14,26,,,0,2025,misc,Everton
ENG-Premier League,2025/26,Everton,Merlin Röhl,GER,MF,23,2002,7.6,0,0,0,20,7,2,5,4,13,,,0,2025,misc,Everton
ENG-Premier League,2025/26,Everton,Michael Keane,ENG,DF,32,1993,28.8,1,1,0,16,6,0,1,37,24,,,0,2025,misc,Everton
ENG-Premier League,2025/26,Everton,Nathan Patterson,SCO,DF,23,2001,2.7,0,0,0,2,2,1,6,2,4,,,0,2025,misc,Everton
ENG-Premier League,2025/26,Everton,Séamus Coleman,IRL,DF,36,1988,0.2,0,0,0,0,1,0,3,0,0,,,0,2025,misc,Everton
ENG-Premier League,2025/26,Everton,Thierno Barry,FRA,FW,22,2002,21.3,3,0,0,46,8,13,4,5,4,,,0,2025,misc,Everton
ENG-Premier League,2025/26,Everton,Tim Iroegbunam,ENG,MF,22,2003,16.5,9,0,0,29,20,0,3,22,44,,,0,2025,misc,Everton
ENG-Premier League,2025/26,Everton,Tyler Dibling,ENG,MF,19,2006,4.0,2,0,0,11,11,0,7,6,3,,,0,2025,misc,Everton
ENG-Premier League,2025/26,Everton,Tyrique George,ENG,MF,19,2006,2.4,0,0,0,3,1,2,10,2,3,,,0,2025,misc,Everton
ENG-Premier League,2025/26,Everton,Vitaliy Mykolenko,UKR,DF,26,1999,32.9,6,0,0,29,28,0,93,27,25,,,1,2025,misc,Everton
ENG-Premier League,2025/26,Fulham,Adama Traoré,ESP,MF,29,1996,3.0,0,0,0,6,8,3,15,0,1,,,0,2025,misc,Fulham
ENG-Premier League,2025/26,Fulham,Alex Iwobi,NGA,MF,29,1996,26.9,3,0,0,8,10,1,88,15,18,,,0,2025,misc,Fulham
ENG-Premier League,2025/26,Fulham,Antonee Robinson,USA,"DF,MF",27,1997,16.6,5,0,0,15,9,2,77,28,31,,,0,2025,misc,Fulham
ENG-Premier League,2025/26,Fulham,Bernd Leno,GER,GK,33,1992,38.0,3,0,0,0,6,0,0,1,1,,,1,2025,misc,Fulham
ENG-Premier League,2025/26,Fulham,Calvin Bassey,NGA,DF,25,1999,28.2,5,0,0,28,40,1,14,22,32,,,0,2025,misc,Fulham
ENG-Premier League,2025/26,Fulham,Emile Smith Rowe,ENG,MF,25,2000,21.4,1,0,0,10,17,3,13,22,22,,,0,2025,misc,Fulham
ENG-Premier League,2025/26,Fulham,Harrison Reed,ENG,MF,30,1995,1.0,0,0,0,2,1,0,4,0,0,,,0,2025,misc,Fulham
ENG-Premier League,2025/26,Fulham,Harry Wilson,WAL,MF,28,1997,29.7,7,0,0,13,37,13,115,16,19,,,0,2025,misc,Fulham
ENG-Premier League,2025/26,Fulham,Issa Diop,MAR,DF,28,1997,9.1,2,0,0,9,3,0,1,6,2,,,0,2025,misc,Fulham
ENG-Premier League,2025/26,Fulham,Joachim Andersen,DEN,DF,29,1996,31.9,7,1,0,30,13,0,15,34,26,,,0,2025,misc,Fulham
ENG-Premier League,2025/26,Fulham,Jonah Kusi-Asare,SWE,FW,18,2007,0.6,1,0,0,4,2,0,0,0,1,,,0,2025,misc,Fulham
ENG-Premier League,2025/26,Fulham,Jorge Cuenca,ESP,DF,25,1999,10.4,6,0,0,10,1,1,2,15,10,,,0,2025,misc,Fulham
ENG-Premier League,2025/26,Fulham,Joshua King,ENG,MF,18,2007,14.5,4,0,0,13,30,3,12,3,12,,,0,2025,misc,Fulham
ENG-Premier League,2025/26,Fulham,Kenny Tete,NED,DF,29,1995,19.9,2,0,0,27,31,1,34,26,38,,,0,2025,misc,Fulham
ENG-Premier League,2025/26,Fulham,Kevin,BRA,MF,22,2003,11.6,1,0,0,14,17,3,43,9,10,,,0,2025,misc,Fulham
ENG-Premier League,2025/26,Fulham,Oscar Bobb,NOR,MF,22,2003,6.3,0,0,0,4,8,0,9,6,7,,,0,2025,misc,Fulham
ENG-Premier League,2025/26,Fulham,Raúl Jiménez,MEX,FW,34,1991,24.3,5,0,0,46,34,20,7,7,20,,,0,2025,misc,Fulham
ENG-Premier League,2025/26,Fulham,Rodrigo Muniz,BRA,FW,24,2001,11.1,2,0,0,21,18,5,2,2,3,,,1,2025,misc,Fulham
ENG-Premier League,2025/26,Fulham,Ryan Sessegnon,ENG,"DF,MF",25,2000,20.3,0,0,0,33,3,4,55,23,29,,,0,2025,misc,Fulham
ENG-Premier League,2025/26,Fulham,Samuel Chukwueze,NGA,MF,26,1999,12.0,0,0,0,5,12,3,43,6,4,,,0,2025,misc,Fulham
ENG-Premier League,2025/26,Fulham,Sander Berge,NOR,MF,27,1998,32.3,5,0,0,35,14,1,13,26,41,,,1,2025,misc,Fulham
ENG-Premier League,2025/26,Fulham,Saša Lukić,SRB,MF,28,1996,19.3,9,0,0,53,25,2,68,16,28,,,0,2025,misc,Fulham
ENG-Premier League,2025/26,Fulham,Timothy Castagne,BEL,"DF,MF",29,1995,20.5,4,0,0,18,11,1,48,28,24,,,0,2025,misc,Fulham
ENG-Premier League,2025/26,Fulham,Tom Cairney,SCO,MF,34,1991,8.6,3,0,0,10,11,0,6,4,4,,,0,2025,misc,Fulham
ENG-Premier League,2025/26,Leeds United,Anton Stach,GER,MF,26,1998,26.3,3,0,0,36,24,0,155,19,35,,,0,2025,misc,Leeds United
ENG-Premier League,2025/26,Leeds United,Ao Tanaka,JPN,MF,26,1998,14.6,1,0,0,13,10,0,39,21,15,,,0,2025,misc,Leeds United
ENG-Premier League,2025/26,Leeds United,Brenden Aaronson,USA,"MF,FW",24,2000,27.2,3,0,0,20,51,5,37,17,27,,,0,2025,misc,Leeds United
ENG-Premier League,2025/26,Leeds United,Daniel James,WAL,"FW,MF",27,1997,6.2,0,0,0,1,8,1,50,1,5,,,0,2025,misc,Leeds United
ENG-Premier League,2025/26,Leeds United,Dominic Calvert-Lewin,ENG,FW,28,1997,30.2,3,0,0,45,37,26,9,5,4,,,0,2025,misc,Leeds United
ENG-Premier League,2025/26,Leeds United,Ethan Ampadu,WAL,MF,24,2000,34.7,10,0,0,50,36,0,25,50,46,,,0,2025,misc,Leeds United
ENG-Premier League,2025/26,Leeds United,Facundo Buonanotte,ARG,MF,20,2004,0.4,1,0,0,1,0,0,2,1,0,,,0,2025,misc,Leeds United
ENG-Premier League,2025/26,Leeds United,Gabriel Gudmundsson,SWE,"DF,MF",26,1999,29.2,6,1,1,31,56,3,88,28,47,,,1,2025,misc,Leeds United
ENG-Premier League,2025/26,Leeds United,Ilia Gruev,BUL,MF,25,2000,14.7,3,0,0,16,9,0,16,14,13,,,0,2025,misc,Leeds United
ENG-Premier League,2025/26,Leeds United,Jack Harrison,ENG,FW,28,1996,3.0,0,0,0,1,4,0,17,4,2,,,0,2025,misc,Leeds United
ENG-Premier League,2025/26,Leeds United,Jaka Bijol,SVN,DF,26,1999,21.0,4,0,0,19,10,0,1,22,13,,,0,2025,misc,Leeds United
ENG-Premier League,2025/26,Leeds United,James Justin,ENG,"DF,MF",27,1998,21.1,4,0,0,13,31,2,38,26,38,,,0,2025,misc,Leeds United
ENG-Premier League,2025/26,Leeds United,Jayden Bogle,ENG,"MF,DF",25,2000,31.0,6,0,0,39,29,10,67,30,43,,,0,2025,misc,Leeds United
ENG-Premier League,2025/26,Leeds United,Joe Rodon,WAL,DF,27,1997,32.8,3,0,0,17,19,1,6,30,19,,,0,2025,misc,Leeds United
ENG-Premier League,2025/26,Leeds United,Joël Piroe,SUR,FW,25,1999,2.9,0,0,0,4,0,1,4,1,1,,,0,2025,misc,Leeds United
ENG-Premier League,2025/26,Leeds United,Karl Darlow,WAL,GK,34,1990,22.0,1,0,0,0,7,0,0,0,0,,,0,2025,misc,Leeds United
ENG-Premier League,2025/26,Leeds United,Lucas Perri,BRA,GK,27,1997,16.0,2,0,0,1,3,0,0,0,0,,,0,2025,misc,Leeds United
ENG-Premier League,2025/26,Leeds United,Lukas Nmecha,GER,FW,26,1998,12.0,0,0,0,18,18,3,10,3,7,,,0,2025,misc,Leeds United
ENG-Premier League,2025/26,Leeds United,Noah Okafor,SUI,"FW,MF",25,2000,17.3,3,0,0,18,14,0,36,12,15,,,0,2025,misc,Leeds United
ENG-Premier League,2025/26,Leeds United,Pascal Struijk,NED,DF,25,1999,32.6,5,0,0,27,22,5,2,32,22,,,0,2025,misc,Leeds United
ENG-Premier League,2025/26,Leeds United,Sam Byram,ENG,"DF,MF",31,1993,0.1,0,0,0,1,0,1,0,0,1,,,0,2025,misc,Leeds United
ENG-Premier League,2025/26,Leeds United,Sean Longstaff,ENG,MF,27,1997,11.2,2,0,0,13,17,1,54,12,24,,,0,2025,misc,Leeds United
ENG-Premier League,2025/26,Leeds United,Sebastiaan Bornauw,BEL,DF,26,1999,4.8,1,0,0,7,0,1,1,7,4,,,0,2025,misc,Leeds United
ENG-Premier League,2025/26,Leeds United,Wilfried Gnonto,ITA,FW,21,2003,6.0,3,0,0,7,11,0,20,3,13,,,0,2025,misc,Leeds United
ENG-Premier League,2025/26,Liverpool,Alexander Isak,SWE,FW,25,1999,7.8,0,0,0,5,1,0,2,0,6,,,0,2025,misc,Liverpool
ENG-Premier League,2025/26,Liverpool,Alexis Mac Allister,ARG,MF,26,1998,29.5,7,0,0,35,32,0,20,18,27,,,0,2025,misc,Liverpool
ENG-Premier League,2025/26,Liverpool,Alisson,BRA,GK,32,1992,26.0,1,0,0,1,7,0,0,0,0,,,0,2025,misc,Liverpool
ENG-Premier League,2025/26,Liverpool,Andy Robertson,SCO,DF,31,1994,13.1,0,0,0,4,1,5,53,7,10,,,0,2025,misc,Liverpool
ENG-Premier League,2025/26,Liverpool,Cody Gakpo,NED,"MF,FW",26,1999,30.4,3,0,0,42,44,30,86,12,15,,,0,2025,misc,Liverpool
ENG-Premier League,2025/26,Liverpool,Conor Bradley,NIR,DF,22,2003,10.3,5,0,0,18,20,1,23,12,15,,,0,2025,misc,Liverpool
ENG-Premier League,2025/26,Liverpool,Curtis Jones,ENG,"MF,DF",24,2001,21.5,2,0,0,17,29,0,16,18,23,,,0,2025,misc,Liverpool
ENG-Premier League,2025/26,Liverpool,Dominik Szoboszlai,HUN,"MF,DF",24,2000,35.9,8,1,0,42,30,2,206,29,32,,,0,2025,misc,Liverpool
ENG-Premier League,2025/26,Liverpool,Federico Chiesa,ITA,MF,27,1997,3.8,3,0,0,11,7,2,17,4,5,,,0,2025,misc,Liverpool
ENG-Premier League,2025/26,Liverpool,Florian Wirtz,GER,MF,22,2003,26.4,1,0,0,22,19,2,32,12,26,,,0,2025,misc,Liverpool
ENG-Premier League,2025/26,Liverpool,Freddie Woodman,ENG,GK,28,1997,2.4,0,0,0,0,0,0,0,0,0,,,0,2025,misc,Liverpool
ENG-Premier League,2025/26,Liverpool,Giorgi Mamardashvili,GEO,GK,24,2000,9.6,0,0,0,1,2,0,0,1,1,,,0,2025,misc,Liverpool
ENG-Premier League,2025/26,Liverpool,Harvey Elliott,ENG,"FW,MF",22,2003,0.0,0,0,0,0,0,0,0,0,0,,,0,2025,misc,Liverpool
ENG-Premier League,2025/26,Liverpool,Hugo Ekitike,FRA,FW,23,2002,20.0,0,0,0,35,12,10,7,4,7,,,0,2025,misc,Liverpool
ENG-Premier League,2025/26,Liverpool,Ibrahima Konaté,FRA,DF,26,1999,34.3,7,0,0,33,41,0,3,28,31,,,0,2025,misc,Liverpool
ENG-Premier League,2025/26,Liverpool,Jeremie Frimpong,NED,"DF,MF",24,2000,11.6,1,0,0,8,21,4,51,6,9,,,0,2025,misc,Liverpool
ENG-Premier League,2025/26,Liverpool,Joe Gomez,ENG,DF,28,1997,6.7,4,0,0,14,0,0,16,8,7,,,0,2025,misc,Liverpool
ENG-Premier League,2025/26,Liverpool,Milos Kerkez,HUN,DF,21,2003,25.1,4,0,0,22,30,4,79,15,26,,,0,2025,misc,Liverpool
ENG-Premier League,2025/26,Liverpool,Mohamed Salah,EGY,MF,33,1992,23.8,1,0,0,10,16,14,117,3,12,,,0,2025,misc,Liverpool
ENG-Premier League,2025/26,Liverpool,Rio Ngumoha,ENG,MF,16,2008,6.2,0,0,0,4,12,0,22,3,2,,,0,2025,misc,Liverpool
ENG-Premier League,2025/26,Liverpool,Ryan Gravenberch,NED,MF,23,2002,33.2,5,0,0,38,42,0,8,44,35,,,0,2025,misc,Liverpool
ENG-Premier League,2025/26,Liverpool,Trey Nyoni,ENG,MF,18,2007,0.3,0,0,0,1,0,1,0,0,0,,,0,2025,misc,Liverpool
ENG-Premier League,2025/26,Liverpool,Virgil van Dijk,NED,DF,34,1991,38.0,4,0,0,19,18,1,1,26,15,,,0,2025,misc,Liverpool
ENG-Premier League,2025/26,Liverpool,Wataru Endo,JPN,DF,32,1993,1.9,1,0,0,2,3,0,3,0,3,,,0,2025,misc,Liverpool
ENG-Premier League,2025/26,Manchester City,Abdukodir Khusanov,UZB,DF,21,2004,15.9,2,0,0,14,6,0,3,29,20,,,0,2025,misc,Manchester City
ENG-Premier League,2025/26,Manchester City,Antoine Semenyo,GHA,"MF,FW",25,2000,15.5,1,0,0,17,7,7,21,6,11,,,0,2025,misc,Manchester City
ENG-Premier League,2025/26,Manchester City,Bernardo Silva,POR,MF,30,1994,31.9,10,0,0,36,22,5,72,21,28,,,0,2025,misc,Manchester City
ENG-Premier League,2025/26,Manchester City,Divine Mukasa,ENG,MF,17,2007,0.3,0,0,0,1,0,0,0,0,0,,,0,2025,misc,Manchester City
ENG-Premier League,2025/26,Manchester City,Erling Haaland,NOR,FW,25,2000,32.8,2,0,0,24,25,5,3,4,7,,,0,2025,misc,Manchester City
ENG-Premier League,2025/26,Manchester City,Gianluigi Donnarumma,ITA,GK,26,1999,34.0,8,0,0,0,4,0,0,1,0,,,0,2025,misc,Manchester City
ENG-Premier League,2025/26,Manchester City,James Trafford,ENG,GK,22,2002,4.0,0,0,0,0,1,0,0,0,1,,,0,2025,misc,Manchester City
ENG-Premier League,2025/26,Manchester City,Jeremy Doku,BEL,"MF,FW",23,2002,19.8,0,0,0,23,61,3,62,12,16,,,0,2025,misc,Manchester City
ENG-Premier League,2025/26,Manchester City,John Stones,ENG,DF,31,1994,4.9,0,0,0,0,0,0,4,3,1,,,0,2025,misc,Manchester City
ENG-Premier League,2025/26,Manchester City,Joško Gvardiol,CRO,DF,23,2002,15.2,2,0,0,16,7,0,2,16,13,,,0,2025,misc,Manchester City
ENG-Premier League,2025/26,Manchester City,Marc Guéhi,ENG,DF,25,2000,15.0,2,0,0,11,20,0,7,25,12,,,0,2025,misc,Manchester City
ENG-Premier League,2025/26,Manchester City,Mateo Kovačić,CRO,MF,31,1994,1.4,0,0,0,0,2,0,0,2,1,,,0,2025,misc,Manchester City
ENG-Premier League,2025/26,Manchester City,Matheus Nunes,POR,DF,26,1998,31.8,5,0,0,17,30,4,67,29,41,,,0,2025,misc,Manchester City
ENG-Premier League,2025/26,Manchester City,Max Alleyne,ENG,DF,20,2005,1.5,0,0,0,0,0,0,0,3,3,,,0,2025,misc,Manchester City
ENG-Premier League,2025/26,Manchester City,Nathan Aké,NED,DF,30,1995,7.7,1,0,0,3,8,1,4,5,6,,,0,2025,misc,Manchester City
ENG-Premier League,2025/26,Manchester City,Nico O'Reilly,ENG,"DF,MF",20,2005,29.4,5,0,0,45,18,1,38,20,36,,,0,2025,misc,Manchester City
ENG-Premier League,2025/26,Manchester City,Nicolás González,ESP,MF,23,2002,17.4,6,0,0,30,18,0,3,24,30,,,0,2025,misc,Manchester City
ENG-Premier League,2025/26,Manchester City,Omar Marmoush,EGY,"FW,MF",26,1999,7.8,3,0,0,10,21,6,12,2,8,,,0,2025,misc,Manchester City
ENG-Premier League,2025/26,Manchester City,Oscar Bobb,NOR,"MF,FW",22,2003,5.2,1,0,0,5,9,0,5,3,5,,,0,2025,misc,Manchester City
ENG-Premier League,2025/26,Manchester City,Phil Foden,ENG,MF,25,2000,23.2,4,0,0,18,31,3,119,10,16,,,0,2025,misc,Manchester City
ENG-Premier League,2025/26,Manchester City,Rayan Aït-Nouri,ALG,DF,24,2001,10.8,2,0,0,17,10,0,22,13,21,,,0,2025,misc,Manchester City
ENG-Premier League,2025/26,Manchester City,Rayan Cherki,FRA,MF,21,2003,19.8,1,0,0,18,34,1,80,7,16,,,0,2025,misc,Manchester City
ENG-Premier League,2025/26,Manchester City,Rico Lewis,ENG,DF,20,2004,4.5,2,0,0,5,9,0,2,7,4,,,0,2025,misc,Manchester City
ENG-Premier League,2025/26,Manchester City,Rodri,ESP,MF,29,1996,16.8,3,0,0,14,31,0,5,12,25,,,0,2025,misc,Manchester City
ENG-Premier League,2025/26,Manchester City,Rúben Dias,POR,DF,28,1997,23.8,3,0,0,15,9,0,9,23,6,,,0,2025,misc,Manchester City
ENG-Premier League,2025/26,Manchester City,Sávio,BRA,MF,21,2004,9.3,2,0,0,9,15,4,40,5,5,,,0,2025,misc,Manchester City
ENG-Premier League,2025/26,Manchester City,Tijjani Reijnders,NED,MF,27,1998,18.1,2,0,0,19,15,4,43,11,4,,,0,2025,misc,Manchester City
ENG-Premier League,2025/26,Manchester Utd,Altay Bayındır,TUR,GK,27,1998,6.0,0,0,0,0,3,0,0,0,0,,,0,2025,misc,Manchester United
ENG-Premier League,2025/26,Manchester Utd,Amad Diallo,CIV,MF,23,2002,26.0,2,0,0,24,38,12,46,15,23,,,0,2025,misc,Manchester United
ENG-Premier League,2025/26,Manchester Utd,Ayden Heaven,ENG,DF,18,2006,10.3,2,0,0,7,9,0,1,1,13,,,1,2025,misc,Manchester United
ENG-Premier League,2025/26,Manchester Utd,Bendito Mantato,ENG,MF,17,2008,0.2,0,0,0,0,0,0,1,0,0,,,0,2025,misc,Manchester United
ENG-Premier League,2025/26,Manchester Utd,Benjamin Šeško,SVN,FW,22,2003,18.3,2,0,0,17,6,7,2,3,3,,,0,2025,misc,Manchester United
ENG-Premier League,2025/26,Manchester Utd,Bruno Fernandes,POR,MF,30,1994,34.0,5,0,0,24,35,4,181,21,35,,,0,2025,misc,Manchester United
ENG-Premier League,2025/26,Manchester Utd,Bryan Mbeumo,CMR,"MF,FW",25,1999,29.0,4,0,0,23,28,7,105,7,11,,,0,2025,misc,Manchester United
ENG-Premier League,2025/26,Manchester Utd,Casemiro,BRA,MF,33,1992,28.6,11,1,1,46,36,5,19,30,45,,,0,2025,misc,Manchester United
ENG-Premier League,2025/26,Manchester Utd,Diogo Dalot,POR,"DF,MF",26,1999,29.0,5,0,0,25,14,4,57,26,30,,,0,2025,misc,Manchester United
ENG-Premier League,2025/26,Manchester Utd,Harry Maguire,ENG,DF,32,1993,18.4,3,1,0,16,16,0,4,12,17,,,0,2025,misc,Manchester United
ENG-Premier League,2025/26,Manchester Utd,Jack Fletcher,ENG,MF,18,2007,1.2,0,0,0,2,1,0,0,1,1,,,0,2025,misc,Manchester United
ENG-Premier League,2025/26,Manchester Utd,Joshua Zirkzee,NED,"FW,MF",24,2001,7.0,3,0,0,8,6,1,5,1,6,,,0,2025,misc,Manchester United
ENG-Premier League,2025/26,Manchester Utd,Kobbie Mainoo,ENG,MF,20,2005,18.5,2,0,0,12,22,1,13,19,20,,,0,2025,misc,Manchester United
ENG-Premier League,2025/26,Manchester Utd,Leny Yoro,FRA,DF,19,2005,19.3,1,0,0,17,5,2,3,31,20,,,0,2025,misc,Manchester United
ENG-Premier League,2025/26,Manchester Utd,Lisandro Martínez,ARG,DF,27,1998,13.7,0,1,0,9,2,0,2,12,11,,,1,2025,misc,Manchester United
ENG-Premier League,2025/26,Manchester Utd,Luke Shaw,ENG,DF,30,1995,35.8,9,0,0,48,20,0,54,43,45,,,0,2025,misc,Manchester United
ENG-Premier League,2025/26,Manchester Utd,Manuel Ugarte,URU,MF,24,2001,9.9,1,0,0,24,15,0,1,20,30,,,0,2025,misc,Manchester United
ENG-Premier League,2025/26,Manchester Utd,Mason Mount,ENG,MF,26,1999,11.3,2,0,0,17,12,0,22,9,13,,,0,2025,misc,Manchester United
ENG-Premier League,2025/26,Manchester Utd,Matheus Cunha,BRA,"MF,FW",26,1999,27.7,4,0,0,28,54,2,49,21,23,,,0,2025,misc,Manchester United
ENG-Premier League,2025/26,Manchester Utd,Matthijs de Ligt,NED,DF,25,1999,13.0,0,0,0,6,5,0,4,11,13,,,0,2025,misc,Manchester United
ENG-Premier League,2025/26,Manchester Utd,Noussair Mazraoui,MAR,"DF,MF",27,1997,10.9,3,0,0,12,14,0,13,11,15,,,0,2025,misc,Manchester United
ENG-Premier League,2025/26,Manchester Utd,Patrick Dorgu,DEN,MF,20,2004,16.1,5,0,0,23,47,7,57,16,30,,,0,2025,misc,Manchester United
ENG-Premier League,2025/26,Manchester Utd,Senne Lammens,BEL,GK,23,2002,32.0,0,0,0,0,4,0,0,0,1,,,0,2025,misc,Manchester United
ENG-Premier League,2025/26,Manchester Utd,Shea Lacey,ENG,FW,18,2007,0.5,0,0,0,2,2,0,0,0,0,,,0,2025,misc,Manchester United
ENG-Premier League,2025/26,Manchester Utd,Tyler Fletcher,SCO,MF,18,2007,0.2,0,0,0,0,0,0,0,0,0,,,0,2025,misc,Manchester United
ENG-Premier League,2025/26,Manchester Utd,Tyler Fredricson,ENG,DF,20,2005,0.0,0,0,0,0,0,0,0,0,0,,,0,2025,misc,Manchester United
ENG-Premier League,2025/26,Manchester Utd,Tyrell Malacia,NED,DF,25,1999,0.2,0,0,0,0,0,0,0,0,1,,,0,2025,misc,Manchester United
ENG-Premier League,2025/26,Newcastle,Aaron Ramsdale,ENG,GK,27,1998,11.2,2,0,0,0,1,0,0,0,0,,,0,2025,misc,Newcastle United
ENG-Premier League,2025/26,Newcastle,Alex Murphy,IRL,DF,21,2004,0.1,0,0,0,0,0,0,0,1,0,,,0,2025,misc,Newcastle United
ENG-Premier League,2025/26,Newcastle,Anthony Elanga,SWE,"FW,MF",23,2002,14.7,0,0,0,8,25,2,83,3,11,,,0,2025,misc,Newcastle United
ENG-Premier League,2025/26,Newcastle,Anthony Gordon,ENG,FW,24,2001,19.9,3,1,0,13,40,5,69,3,13,,,0,2025,misc,Newcastle United
ENG-Premier League,2025/26,Newcastle,Bruno Guimarães,BRA,MF,27,1997,27.3,6,0,0,45,75,2,82,16,41,,,0,2025,misc,Newcastle United
ENG-Premier League,2025/26,Newcastle,Dan Burn,ENG,DF,33,1992,24.4,11,1,1,36,13,3,14,20,26,,,0,2025,misc,Newcastle United
ENG-Premier League,2025/26,Newcastle,Emil Krafth,SWE,DF,30,1994,0.5,0,0,0,1,0,0,1,0,0,,,0,2025,misc,Newcastle United
ENG-Premier League,2025/26,Newcastle,Fabian Schär,SUI,DF,33,1991,12.1,1,0,0,15,7,1,4,16,9,,,0,2025,misc,Newcastle United
ENG-Premier League,2025/26,Newcastle,Harvey Barnes,ENG,"FW,MF",27,1997,21.8,1,0,0,17,23,3,74,3,5,,,0,2025,misc,Newcastle United
ENG-Premier League,2025/26,Newcastle,Jacob Murphy,ENG,"FW,MF",30,1995,18.0,2,0,0,9,13,5,125,6,12,,,0,2025,misc,Newcastle United
ENG-Premier League,2025/26,Newcastle,Jacob Ramsey,ENG,MF,24,2001,16.1,5,1,1,16,14,2,8,9,21,,,0,2025,misc,Newcastle United
ENG-Premier League,2025/26,Newcastle,Jamaal Lascelles,ENG,DF,31,1993,0.2,0,0,0,0,0,0,0,0,0,,,0,2025,misc,Newcastle United
ENG-Premier League,2025/26,Newcastle,Joe Willock,ENG,MF,25,1999,10.9,3,0,0,16,11,2,16,7,15,,,0,2025,misc,Newcastle United
ENG-Premier League,2025/26,Newcastle,Joelinton,BRA,MF,28,1996,21.7,10,0,0,46,27,1,11,28,23,,,0,2025,misc,Newcastle United
ENG-Premier League,2025/26,Newcastle,Kieran Trippier,ENG,DF,34,1990,17.6,3,0,0,22,19,1,96,7,13,,,0,2025,misc,Newcastle United
ENG-Premier League,2025/26,Newcastle,Lewis Hall,ENG,DF,20,2004,24.2,4,0,0,17,40,0,102,29,31,,,0,2025,misc,Newcastle United
ENG-Premier League,2025/26,Newcastle,Lewis Miley,ENG,"MF,DF",19,2006,16.6,0,0,0,5,4,2,42,20,18,,,0,2025,misc,Newcastle United
ENG-Premier League,2025/26,Newcastle,Malick Thiaw,GER,DF,23,2001,32.9,4,0,0,24,11,2,9,30,34,,,0,2025,misc,Newcastle United
ENG-Premier League,2025/26,Newcastle,Nick Pope,ENG,GK,33,1992,26.8,2,0,0,1,2,0,0,0,1,,,0,2025,misc,Newcastle United
ENG-Premier League,2025/26,Newcastle,Nick Woltemade,GER,"FW,MF",23,2002,21.1,0,0,0,20,20,8,3,5,13,,,1,2025,misc,Newcastle United
ENG-Premier League,2025/26,Newcastle,Sandro Tonali,ITA,MF,25,2000,28.2,4,0,0,24,42,1,95,28,25,,,0,2025,misc,Newcastle United
ENG-Premier League,2025/26,Newcastle,Sean Neave,ENG,FW,18,2007,0.2,0,0,0,0,0,0,0,0,0,,,0,2025,misc,Newcastle United
ENG-Premier League,2025/26,Newcastle,Sven Botman,NED,DF,25,2000,20.4,2,0,0,13,19,1,2,25,14,,,1,2025,misc,Newcastle United
ENG-Premier League,2025/26,Newcastle,Tino Livramento,ENG,DF,22,2002,14.8,1,0,0,7,16,2,36,2,14,,,0,2025,misc,Newcastle United
ENG-Premier League,2025/26,Newcastle,William Osula,DEN,FW,21,2003,9.1,0,0,0,24,16,2,3,1,5,,,0,2025,misc,Newcastle United
ENG-Premier League,2025/26,Newcastle,Yoane Wissa,COD,FW,28,1996,5.9,3,0,0,6,2,4,1,0,5,,,0,2025,misc,Newcastle United
ENG-Premier League,2025/26,Nottingham,Angus Gunn,SCO,GK,29,1996,0.5,0,0,0,0,0,0,0,0,0,,,0,2025,misc,Nottingham Forest
ENG-Premier League,2025/26,Nottingham,Arnaud Kalimuendo,FRA,FW,23,2002,1.1,0,0,0,2,0,1,2,0,1,,,0,2025,misc,Nottingham Forest
ENG-Premier League,2025/26,Nottingham,Callum Hudson-Odoi,ENG,MF,24,2000,20.5,0,0,0,12,12,2,91,8,7,,,0,2025,misc,Nottingham Forest
ENG-Premier League,2025/26,Nottingham,Chris Wood,NZL,FW,33,1991,10.0,0,0,0,6,6,4,1,1,1,,,0,2025,misc,Nottingham Forest
ENG-Premier League,2025/26,Nottingham,Dan Ndoye,SUI,MF,24,2000,13.0,1,0,0,16,22,9,41,10,11,,,0,2025,misc,Nottingham Forest
ENG-Premier League,2025/26,Nottingham,Dilane Bakwa,FRA,MF,22,2002,6.1,1,0,0,9,14,0,38,0,3,,,0,2025,misc,Nottingham Forest
ENG-Premier League,2025/26,Nottingham,Douglas Luiz,BRA,MF,27,1998,3.5,2,0,0,4,5,0,15,7,3,,,0,2025,misc,Nottingham Forest
ENG-Premier League,2025/26,Nottingham,Elliot Anderson,ENG,MF,22,2002,37.0,8,0,0,57,80,2,175,41,60,,,0,2025,misc,Nottingham Forest
ENG-Premier League,2025/26,Nottingham,Ibrahim Sangaré,CIV,MF,27,1997,23.1,5,0,0,42,18,0,8,22,32,,,0,2025,misc,Nottingham Forest
ENG-Premier League,2025/26,Nottingham,Igor Jesus,BRA,FW,24,2001,25.5,2,0,0,42,40,11,10,2,16,,,0,2025,misc,Nottingham Forest
ENG-Premier League,2025/26,Nottingham,Jair Cunha,BRA,DF,20,2005,5.7,0,0,0,0,6,0,2,5,5,,,0,2025,misc,Nottingham Forest
ENG-Premier League,2025/26,Nottingham,James Mcatee,ENG,MF,22,2002,3.3,1,0,0,4,5,2,9,3,4,,,0,2025,misc,Nottingham Forest
ENG-Premier League,2025/26,Nottingham,John,BRA,GK,29,1996,4.9,1,0,0,0,0,0,0,0,0,,,0,2025,misc,Nottingham Forest
ENG-Premier League,2025/26,Nottingham,Jota Silva,POR,FW,25,1999,0.1,0,0,0,0,1,0,1,0,1,,,0,2025,misc,Nottingham Forest
ENG-Premier League,2025/26,Nottingham,Lorenzo Lucca,ITA,FW,24,2000,1.4,0,0,0,1,2,2,0,1,0,,,0,2025,misc,Nottingham Forest
ENG-Premier League,2025/26,Nottingham,Luca Netz,GER,"DF,MF",22,2003,4.0,0,0,0,5,2,0,2,1,8,,,0,2025,misc,Nottingham Forest
ENG-Premier League,2025/26,Nottingham,Matz Sels,BEL,GK,33,1992,29.6,2,0,0,0,4,0,0,0,1,,,0,2025,misc,Nottingham Forest
ENG-Premier League,2025/26,Nottingham,Morato,BRA,DF,24,2001,14.9,5,0,0,16,7,1,2,11,18,,,0,2025,misc,Nottingham Forest
ENG-Premier League,2025/26,Nottingham,Morgan Gibbs-White,ENG,MF,25,2000,34.4,1,0,0,26,41,5,42,12,16,,,0,2025,misc,Nottingham Forest
ENG-Premier League,2025/26,Nottingham,Murillo,BRA,DF,23,2002,23.7,5,0,0,23,7,0,2,29,23,,,2,2025,misc,Nottingham Forest
ENG-Premier League,2025/26,Nottingham,Neco Williams,WAL,DF,24,2001,35.6,6,1,0,29,52,4,143,46,61,,,0,2025,misc,Nottingham Forest
ENG-Premier League,2025/26,Nottingham,Nicolás Domínguez,ARG,MF,27,1998,13.1,3,0,0,16,11,0,14,6,30,,,0,2025,misc,Nottingham Forest
ENG-Premier League,2025/26,Nottingham,Nicolò Savona,ITA,DF,22,2003,11.4,2,0,0,12,5,1,27,5,12,,,0,2025,misc,Nottingham Forest
ENG-Premier League,2025/26,Nottingham,Nikola Milenković,SRB,DF,27,1997,37.5,6,0,0,21,20,1,2,29,19,,,1,2025,misc,Nottingham Forest
ENG-Premier League,2025/26,Nottingham,Ola Aina,NGA,DF,28,1996,17.6,3,0,0,13,15,0,39,26,21,,,0,2025,misc,Nottingham Forest
ENG-Premier League,2025/26,Nottingham,Oleksandr Zinchenko,UKR,DF,28,1996,3.9,0,0,0,1,2,1,18,2,6,,,0,2025,misc,Nottingham Forest
ENG-Premier League,2025/26,Nottingham,Omari Hutchinson,ENG,MF,21,2003,18.8,1,0,0,23,24,8,133,11,11,,,0,2025,misc,Nottingham Forest
ENG-Premier League,2025/26,Nottingham,Ryan Yates,ENG,MF,27,1997,6.9,3,0,0,13,13,0,5,9,10,,,0,2025,misc,Nottingham Forest
ENG-Premier League,2025/26,Nottingham,Stefan Ortega,GER,GK,32,1992,3.0,0,0,0,0,0,0,0,0,0,,,0,2025,misc,Nottingham Forest
ENG-Premier League,2025/26,Nottingham,Taiwo Awoniyi,NGA,FW,27,1997,5.5,2,0,0,10,7,6,1,1,1,,,0,2025,misc,Nottingham Forest
ENG-Premier League,2025/26,Nottingham,Zach Abbott,ENG,DF,19,2006,1.8,0,0,0,3,1,0,3,2,4,,,0,2025,misc,Nottingham Forest
ENG-Premier League,2025/26,Sunderland,Arthur Masuaku,COD,DF,31,1993,1.4,1,0,0,3,0,0,8,2,2,,,0,2025,misc,Sunderland
ENG-Premier League,2025/26,Sunderland,Bertrand Traoré,BFA,"MF,FW",29,1995,7.0,1,0,0,11,12,1,13,2,4,,,0,2025,misc,Sunderland
ENG-Premier League,2025/26,Sunderland,Brian Brobbey,NED,FW,23,2002,21.4,6,0,0,33,37,8,2,0,2,,,0,2025,misc,Sunderland
ENG-Premier League,2025/26,Sunderland,Chemsdine Talbi,MAR,"MF,FW",20,2005,17.3,0,0,0,5,1,2,50,3,6,,,0,2025,misc,Sunderland
ENG-Premier League,2025/26,Sunderland,Chris Rigg,ENG,MF,18,2007,8.5,1,0,0,8,8,2,11,4,8,,,0,2025,misc,Sunderland
ENG-Premier League,2025/26,Sunderland,Dan Neil,ENG,MF,23,2001,0.2,0,0,0,0,1,0,0,1,0,,,0,2025,misc,Sunderland
ENG-Premier League,2025/26,Sunderland,Daniel Ballard,NIR,DF,25,1999,23.9,4,1,0,29,29,3,1,20,17,,,0,2025,misc,Sunderland
ENG-Premier League,2025/26,Sunderland,Dennis Cirkin,LVA,DF,23,2002,3.6,2,0,0,4,2,0,3,5,5,,,0,2025,misc,Sunderland
ENG-Premier League,2025/26,Sunderland,Eliezer Mayenda,ESP,"FW,MF",20,2005,8.4,0,0,0,6,11,3,1,1,3,,,0,2025,misc,Sunderland
ENG-Premier League,2025/26,Sunderland,Enzo Le Fée,FRA,"MF,FW",25,2000,32.6,5,0,0,31,37,4,98,28,56,,,0,2025,misc,Sunderland
ENG-Premier League,2025/26,Sunderland,Granit Xhaka,SUI,MF,32,1992,32.3,8,0,0,23,40,0,99,29,33,,,0,2025,misc,Sunderland
ENG-Premier League,2025/26,Sunderland,Habib Diarra,SEN,MF,21,2004,15.6,6,0,0,19,27,3,32,4,7,,,0,2025,misc,Sunderland
ENG-Premier League,2025/26,Sunderland,Jenson Seelt,NED,DF,22,2003,1.5,0,0,0,1,1,0,1,0,0,,,0,2025,misc,Sunderland
ENG-Premier League,2025/26,Sunderland,Jocelin Ta Bi,CIV,MF,20,2005,0.4,0,0,0,0,1,0,5,0,0,,,0,2025,misc,Sunderland
ENG-Premier League,2025/26,Sunderland,Luke O'Nien,ENG,DF,30,1994,6.3,1,1,0,7,8,0,7,6,6,,,0,2025,misc,Sunderland
ENG-Premier League,2025/26,Sunderland,Lutsharel Geertruida,NED,"DF,MF",25,2000,18.8,2,0,0,15,7,1,9,20,22,,,0,2025,misc,Sunderland
ENG-Premier League,2025/26,Sunderland,Marc Guiu,ESP,FW,19,2006,0.2,0,0,0,0,0,0,0,0,0,,,0,2025,misc,Sunderland
ENG-Premier League,2025/26,Sunderland,Melker Ellborg,SWE,GK,22,2003,3.0,0,0,0,0,1,0,0,0,0,,,0,2025,misc,Sunderland
ENG-Premier League,2025/26,Sunderland,Nilson Angulo,ECU,MF,22,2003,4.5,1,0,0,11,3,1,7,5,7,,,0,2025,misc,Sunderland
ENG-Premier League,2025/26,Sunderland,Noah Sadiki,COD,MF,20,2004,32.1,9,0,0,31,40,2,21,33,26,,,0,2025,misc,Sunderland
ENG-Premier League,2025/26,Sunderland,Nordi Mukiele,FRA,DF,27,1997,30.9,5,0,0,35,26,3,85,37,45,,,1,2025,misc,Sunderland
ENG-Premier League,2025/26,Sunderland,Omar Alderete,PAR,DF,28,1996,31.1,6,0,0,34,10,5,11,36,18,,,0,2025,misc,Sunderland
ENG-Premier League,2025/26,Sunderland,Patrick Roberts,ENG,"FW,MF",28,1997,0.3,0,0,0,0,0,0,0,0,0,,,0,2025,misc,Sunderland
ENG-Premier League,2025/26,Sunderland,Reinildo Mandava,MOZ,DF,31,1994,21.8,7,1,0,32,35,1,23,29,23,,,0,2025,misc,Sunderland
ENG-Premier League,2025/26,Sunderland,Robin Roefs,NED,GK,22,2003,35.0,4,0,0,0,14,0,0,0,0,,,0,2025,misc,Sunderland
ENG-Premier League,2025/26,Sunderland,Romaine Mundle,ENG,MF,22,2003,4.6,1,0,0,7,8,0,11,1,4,,,0,2025,misc,Sunderland
ENG-Premier League,2025/26,Sunderland,Simon Adingra,CIV,"MF,FW",23,2002,7.3,2,0,0,18,3,4,27,2,8,,,0,2025,misc,Sunderland
ENG-Premier League,2025/26,Sunderland,Trai Hume,NIR,"DF,MF",23,2002,33.7,9,0,0,30,38,3,88,25,46,,,1,2025,misc,Sunderland
ENG-Premier League,2025/26,Sunderland,Wilson Isidor,HAI,FW,24,2000,12.9,1,0,0,14,7,10,0,2,8,,,0,2025,misc,Sunderland
ENG-Premier League,2025/26,Tottenham,Antonín Kinský,CZE,GK,22,2003,7.0,1,0,0,0,1,0,0,0,0,,,0,2025,misc,Tottenham Hotspur
ENG-Premier League,2025/26,Tottenham,Archie Gray,ENG,"MF,DF",19,2006,16.4,5,0,0,12,2,0,12,17,8,,,0,2025,misc,Tottenham Hotspur
ENG-Premier League,2025/26,Tottenham,Ben Davies,WAL,DF,32,1993,1.5,1,0,0,2,0,0,3,1,4,,,0,2025,misc,Tottenham Hotspur
ENG-Premier League,2025/26,Tottenham,Brennan Johnson,WAL,"MF,FW",24,2001,6.8,2,0,0,2,4,8,23,2,9,,,0,2025,misc,Tottenham Hotspur
ENG-Premier League,2025/26,Tottenham,Callum Olusesi,ENG,MF,18,2007,0.2,0,0,0,0,0,0,0,0,0,,,0,2025,misc,Tottenham Hotspur
ENG-Premier League,2025/26,Tottenham,Conor Gallagher,ENG,MF,25,2000,13.2,2,0,0,25,23,1,23,18,14,,,0,2025,misc,Tottenham Hotspur
ENG-Premier League,2025/26,Tottenham,Cristian Romero,ARG,DF,27,1998,20.8,11,2,1,32,16,1,1,31,30,,,0,2025,misc,Tottenham Hotspur
ENG-Premier League,2025/26,Tottenham,Dane Scarlett,ENG,FW,21,2004,0.1,0,0,0,1,0,0,0,0,0,,,0,2025,misc,Tottenham Hotspur
ENG-Premier League,2025/26,Tottenham,Destiny Udogie,ITA,"DF,MF",22,2002,14.9,4,0,0,17,22,3,27,7,20,,,0,2025,misc,Tottenham Hotspur
ENG-Premier League,2025/26,Tottenham,Djed Spence,ENG,"DF,MF",24,2000,22.8,4,0,0,28,21,4,49,15,25,,,0,2025,misc,Tottenham Hotspur
ENG-Premier League,2025/26,Tottenham,Dominic Solanke,ENG,FW,27,1997,11.1,1,0,0,12,9,3,2,3,16,,,0,2025,misc,Tottenham Hotspur
ENG-Premier League,2025/26,Tottenham,Guglielmo Vicario,ITA,GK,28,1996,31.0,1,0,0,0,3,0,0,0,1,,,0,2025,misc,Tottenham Hotspur
ENG-Premier League,2025/26,Tottenham,James Maddison,ENG,"FW,MF",28,1996,0.4,0,0,0,1,1,0,6,0,1,,,0,2025,misc,Tottenham Hotspur
ENG-Premier League,2025/26,Tottenham,James Rowswell,ENG,DF,19,2006,0.0,0,0,0,0,0,0,0,0,0,,,0,2025,misc,Tottenham Hotspur
ENG-Premier League,2025/26,Tottenham,João Palhinha,POR,MF,30,1995,24.4,8,0,0,28,36,0,4,28,61,,,0,2025,misc,Tottenham Hotspur
ENG-Premier League,2025/26,Tottenham,Jun'ai Byfield,ENG,DF,16,2008,0.0,0,0,0,0,0,0,0,0,0,,,0,2025,misc,Tottenham Hotspur
ENG-Premier League,2025/26,Tottenham,Kevin Danso,AUT,DF,26,1998,16.6,8,0,0,21,13,0,7,25,13,,,0,2025,misc,Tottenham Hotspur
ENG-Premier League,2025/26,Tottenham,Lucas Bergvall,SWE,MF,19,2006,10.7,2,0,0,24,7,3,19,3,14,,,0,2025,misc,Tottenham Hotspur
ENG-Premier League,2025/26,Tottenham,Mathys Tel,FRA,"MF,FW",20,2005,15.0,1,0,0,19,23,3,92,5,12,,,0,2025,misc,Tottenham Hotspur
ENG-Premier League,2025/26,Tottenham,Micky van de Ven,NED,DF,24,2001,33.8,9,1,0,28,22,2,3,21,20,,,0,2025,misc,Tottenham Hotspur
ENG-Premier League,2025/26,Tottenham,Mohammed Kudus,GHA,"MF,FW",24,2000,17.1,3,0,0,23,15,10,122,3,17,,,0,2025,misc,Tottenham Hotspur
ENG-Premier League,2025/26,Tottenham,Pape Matar Sarr,SEN,MF,22,2002,15.5,3,0,0,29,13,3,8,14,21,,,0,2025,misc,Tottenham Hotspur
ENG-Premier League,2025/26,Tottenham,Pedro Porro,ESP,DF,25,1999,31.1,10,0,0,32,26,1,232,31,50,,,0,2025,misc,Tottenham Hotspur
ENG-Premier League,2025/26,Tottenham,Radu Drăgușin,ROU,DF,23,2002,5.7,0,0,0,9,1,0,3,16,3,,,0,2025,misc,Tottenham Hotspur
ENG-Premier League,2025/26,Tottenham,Randal Kolo Muani,FRA,"FW,MF",26,1998,18.5,3,0,0,41,17,3,18,2,16,,,0,2025,misc,Tottenham Hotspur
ENG-Premier League,2025/26,Tottenham,Richarlison,BRA,"FW,MF",28,1997,21.8,5,0,0,23,33,10,18,7,16,,,0,2025,misc,Tottenham Hotspur
ENG-Premier League,2025/26,Tottenham,Rodrigo Bentancur,URU,MF,28,1997,20.9,7,0,0,19,8,1,7,36,36,,,0,2025,misc,Tottenham Hotspur
ENG-Premier League,2025/26,Tottenham,Souza,BRA,MF,19,2006,1.6,1,0,0,3,2,0,3,2,0,,,0,2025,misc,Tottenham Hotspur
ENG-Premier League,2025/26,Tottenham,Wilson Odobert,FRA,"MF,FW",20,2004,10.9,0,0,0,2,10,2,28,0,8,,,0,2025,misc,Tottenham Hotspur
ENG-Premier League,2025/26,Tottenham,Xavi Simons,NED,"MF,FW",22,2003,19.5,5,1,0,21,44,0,51,15,20,,,0,2025,misc,Tottenham Hotspur
ENG-Premier League,2025/26,Tottenham,Yves Bissouma,MLI,MF,28,1996,6.7,4,0,0,8,6,0,1,8,11,,,0,2025,misc,Tottenham Hotspur
ENG-Premier League,2025/26,West Ham,Aaron Wan-Bissaka,COD,"DF,MF",27,1997,23.1,4,0,0,23,12,1,43,41,24,,,0,2025,misc,West Ham United
ENG-Premier League,2025/26,West Ham,Adama Traoré,ESP,"FW,MF",29,1996,1.3,1,0,0,1,0,2,12,0,1,,,0,2025,misc,West Ham United
ENG-Premier League,2025/26,West Ham,Alphonse Areola,FRA,GK,32,1993,20.0,0,0,0,1,1,0,0,1,0,,,0,2025,misc,West Ham United
ENG-Premier League,2025/26,West Ham,Andy Irving,SCO,MF,25,2000,1.8,0,0,0,1,0,0,12,1,4,,,0,2025,misc,West Ham United
ENG-Premier League,2025/26,West Ham,Axel Disasi,FRA,DF,27,1998,13.9,1,0,0,5,4,1,0,12,10,,,1,2025,misc,West Ham United
ENG-Premier League,2025/26,West Ham,Callum Marshall,NIR,FW,20,2004,0.7,0,0,0,0,0,1,0,2,0,,,0,2025,misc,West Ham United
ENG-Premier League,2025/26,West Ham,Callum Wilson,ENG,FW,33,1992,13.9,1,0,0,12,14,9,5,3,2,,,0,2025,misc,West Ham United
ENG-Premier League,2025/26,West Ham,Crysencio Summerville,NED,"MF,FW",23,2001,27.4,6,0,0,49,67,6,59,15,26,,,0,2025,misc,West Ham United
ENG-Premier League,2025/26,West Ham,El Hadji Malick Diouf,SEN,"DF,MF",20,2004,30.1,6,0,0,28,25,2,109,32,19,,,0,2025,misc,West Ham United
ENG-Premier League,2025/26,West Ham,Ezra Mayers,BRB,DF,18,2007,1.3,0,0,0,0,0,0,3,1,0,,,0,2025,misc,West Ham United
ENG-Premier League,2025/26,West Ham,Freddie Potts,ENG,MF,21,2003,13.0,1,0,0,15,14,0,34,16,18,,,0,2025,misc,West Ham United
ENG-Premier League,2025/26,West Ham,George Earthy,ENG,MF,20,2004,0.1,0,0,0,0,0,0,0,0,0,,,0,2025,misc,West Ham United
ENG-Premier League,2025/26,West Ham,Guido Rodríguez,ARG,MF,31,1994,2.0,1,0,0,2,4,0,2,2,0,,,0,2025,misc,West Ham United
ENG-Premier League,2025/26,West Ham,Igor,BRA,DF,27,1998,1.2,0,0,0,1,0,0,0,1,0,,,0,2025,misc,West Ham United
ENG-Premier League,2025/26,West Ham,James Ward-Prowse,ENG,MF,30,1994,4.6,0,0,0,4,2,0,22,6,2,,,0,2025,misc,West Ham United
ENG-Premier League,2025/26,West Ham,Jarrod Bowen,ENG,"MF,FW",28,1996,37.8,4,0,0,19,49,17,148,27,28,,,0,2025,misc,West Ham United
ENG-Premier League,2025/26,West Ham,Jean-Clair Todibo,FRA,DF,25,1999,20.2,5,1,0,9,3,1,2,16,24,,,0,2025,misc,West Ham United
ENG-Premier League,2025/26,West Ham,Konstantinos Mavropanos,GRE,DF,27,1997,28.2,2,0,0,16,9,2,4,47,24,,,2,2025,misc,West Ham United
ENG-Premier League,2025/26,West Ham,Kyle Walker-Peters,ENG,DF,28,1997,15.4,2,0,0,12,25,1,20,9,30,,,0,2025,misc,West Ham United
ENG-Premier League,2025/26,West Ham,Lucas Paquetá,BRA,"MF,FW",27,1997,16.8,7,1,1,27,30,5,36,7,22,,,0,2025,misc,West Ham United
ENG-Premier League,2025/26,West Ham,Luis Guilherme,BRA,FW,19,2006,1.4,0,0,0,0,0,0,0,0,1,,,0,2025,misc,West Ham United
ENG-Premier League,2025/26,West Ham,Mads Hermansen,DEN,GK,25,2000,18.0,0,0,0,0,2,0,0,0,0,,,0,2025,misc,West Ham United
ENG-Premier League,2025/26,West Ham,Mateus Fernandes,POR,MF,21,2004,33.5,7,0,0,49,49,0,51,36,67,,,0,2025,misc,West Ham United
ENG-Premier League,2025/26,West Ham,Max Kilman,ENG,DF,28,1997,17.3,4,0,0,16,2,0,2,6,8,,,0,2025,misc,West Ham United
ENG-Premier League,2025/26,West Ham,Mohamadou Kanté,FRA,MF,19,2005,0.8,2,0,0,4,1,0,0,0,4,,,0,2025,misc,West Ham United
ENG-Premier League,2025/26,West Ham,Nayef Aguerd,MAR,DF,29,1996,2.0,0,0,0,0,1,0,2,1,0,,,0,2025,misc,West Ham United
ENG-Premier League,2025/26,West Ham,Niclas Füllkrug,GER,FW,32,1993,4.5,0,0,0,11,1,2,0,2,1,,,0,2025,misc,West Ham United
ENG-Premier League,2025/26,West Ham,Oliver Scarles,ENG,"DF,MF",19,2005,7.3,2,0,0,7,7,1,35,13,19,,,0,2025,misc,West Ham United
ENG-Premier League,2025/26,West Ham,Pablo,BRA,"MF,FW",21,2004,9.1,0,0,0,23,8,0,5,5,14,,,0,2025,misc,West Ham United
ENG-Premier League,2025/26,West Ham,Soungoutou Magassa,FRA,MF,21,2003,10.9,4,0,0,17,17,0,9,17,23,,,0,2025,misc,West Ham United
ENG-Premier League,2025/26,West Ham,Tomáš Souček,CZE,MF,30,1995,24.4,3,1,0,37,22,5,14,16,23,,,0,2025,misc,West Ham United
ENG-Premier League,2025/26,West Ham,Valentín Castellanos,ARG,FW,26,1998,15.4,6,0,0,32,16,9,9,6,9,,,0,2025,misc,West Ham United
ENG-Premier League,2025/26,Wolves,Adam Armstrong,ENG,"FW,MF",28,1997,12.7,3,0,0,12,3,5,5,1,4,,,0,2025,misc,Wolverhampton Wanderers
ENG-Premier League,2025/26,Wolves,André,BRA,MF,24,2001,30.7,12,0,0,47,43,0,40,25,42,,,0,2025,misc,Wolverhampton Wanderers
ENG-Premier League,2025/26,Wolves,Angel Gomes,ENG,"MF,FW",24,2000,5.1,1,0,0,7,9,0,12,1,5,,,0,2025,misc,Wolverhampton Wanderers
ENG-Premier League,2025/26,Wolves,Daniel Bentley,ENG,GK,32,1993,3.0,0,0,0,0,2,0,0,0,0,,,0,2025,misc,Wolverhampton Wanderers
ENG-Premier League,2025/26,Wolves,David Møller Wolfe,NOR,"MF,DF",23,2002,11.7,1,0,0,10,4,0,32,7,5,,,0,2025,misc,Wolverhampton Wanderers
ENG-Premier League,2025/26,Wolves,Emmanuel Agbadou,CIV,DF,28,1997,12.2,1,1,0,10,5,1,13,14,21,,,0,2025,misc,Wolverhampton Wanderers
ENG-Premier League,2025/26,Wolves,Fer López,ESP,MF,21,2004,2.6,1,0,0,6,4,0,4,0,1,,,0,2025,misc,Wolverhampton Wanderers
ENG-Premier League,2025/26,Wolves,Hugo Bueno,ESP,"MF,DF",22,2002,26.3,3,0,0,17,24,3,166,33,35,,,0,2025,misc,Wolverhampton Wanderers
ENG-Premier League,2025/26,Wolves,Hwang Hee-chan,KOR,"FW,MF",29,1996,16.1,5,0,0,28,18,9,19,12,4,,,0,2025,misc,Wolverhampton Wanderers
ENG-Premier League,2025/26,Wolves,Jackson Tchatchoua,CMR,"MF,DF",23,2001,20.5,3,0,0,8,9,2,90,14,15,,,0,2025,misc,Wolverhampton Wanderers
ENG-Premier League,2025/26,Wolves,Jean-Ricner Bellegarde,HAI,"MF,FW",27,1998,13.9,5,0,0,20,41,0,25,9,15,,,0,2025,misc,Wolverhampton Wanderers
ENG-Premier League,2025/26,Wolves,Jerome Abbey,ENG,MF,15,2009,0.2,0,0,0,0,0,1,0,1,0,,,0,2025,misc,Wolverhampton Wanderers
ENG-Premier League,2025/26,Wolves,Jhon Arias,COL,"FW,MF",27,1997,12.5,1,0,0,26,9,3,30,7,27,,,0,2025,misc,Wolverhampton Wanderers
ENG-Premier League,2025/26,Wolves,José Sá,POR,GK,32,1993,23.0,2,0,0,0,6,0,0,0,0,,,0,2025,misc,Wolverhampton Wanderers
ENG-Premier League,2025/26,Wolves,João Gomes,BRA,MF,24,2001,31.4,10,0,0,69,49,1,31,36,68,,,0,2025,misc,Wolverhampton Wanderers
ENG-Premier League,2025/26,Wolves,Jørgen Strand Larsen,NOR,FW,25,2000,15.6,2,0,0,30,11,9,3,3,2,,,0,2025,misc,Wolverhampton Wanderers
ENG-Premier League,2025/26,Wolves,Ki-Jana Hoever,NED,"MF,DF",23,2002,4.7,0,0,0,3,3,1,22,5,11,,,0,2025,misc,Wolverhampton Wanderers
ENG-Premier League,2025/26,Wolves,Ladislav Krejčí,CZE,"DF,MF",26,1999,26.2,5,1,1,33,7,0,17,32,21,,,1,2025,misc,Wolverhampton Wanderers
ENG-Premier League,2025/26,Wolves,Marshall Munetsi,ZIM,"MF,FW",29,1996,9.7,2,0,0,19,10,4,14,5,13,,,0,2025,misc,Wolverhampton Wanderers
ENG-Premier League,2025/26,Wolves,Mateus Mane,POR,MF,17,2007,19.9,0,0,0,26,47,2,94,5,13,,,0,2025,misc,Wolverhampton Wanderers
ENG-Premier League,2025/26,Wolves,Matt Doherty,IRL,"DF,MF",33,1992,8.7,4,0,0,16,6,0,8,7,8,,,0,2025,misc,Wolverhampton Wanderers
ENG-Premier League,2025/26,Wolves,Pedro Lima,BRA,MF,19,2006,2.9,0,0,0,6,1,0,10,4,5,,,0,2025,misc,Wolverhampton Wanderers
ENG-Premier League,2025/26,Wolves,Rodrigo Gomes,POR,"MF,FW",22,2003,10.7,0,0,0,6,8,3,24,11,18,,,0,2025,misc,Wolverhampton Wanderers
ENG-Premier League,2025/26,Wolves,Sam Johnstone,ENG,GK,32,1993,12.0,0,0,0,0,0,0,0,0,1,,,1,2025,misc,Wolverhampton Wanderers
ENG-Premier League,2025/26,Wolves,Santiago Bueno,URU,DF,26,1998,28.4,4,0,0,29,11,2,6,27,30,,,0,2025,misc,Wolverhampton Wanderers
ENG-Premier League,2025/26,Wolves,Saša Kalajdžić,AUT,"FW,MF",28,1997,0.2,0,0,0,0,0,0,0,1,0,,,0,2025,misc,Wolverhampton Wanderers
ENG-Premier League,2025/26,Wolves,Tawanda Chirewa,ZIM,MF,21,2003,0.3,0,0,0,3,1,0,0,0,0,,,0,2025,misc,Wolverhampton Wanderers
ENG-Premier League,2025/26,Wolves,Tolu Arokodare,NGA,FW,24,2000,15.8,1,0,0,18,17,6,0,5,4,,,0,2025,misc,Wolverhampton Wanderers
ENG-Premier League,2025/26,Wolves,Tom Edozie,ENG,MF,19,2006,0.2,0,0,0,0,0,0,0,0,0,,,0,2025,misc,Wolverhampton Wanderers
ENG-Premier League,2025/26,Wolves,Toti Gomes,POR,DF,26,1999,15.8,2,1,0,11,11,0,11,13,11,,,0,2025,misc,Wolverhampton Wanderers
ENG-Premier League,2025/26,Wolves,Yerson Mosquera,COL,DF,24,2001,23.7,12,0,0,34,44,1,18,25,36,,,2,2025,misc,Wolverhampton Wanderers
